"time","biomass","schedule","regime"
500,0.0590662583531623,"Unfished reference","Oscillating (resource_decrease=0.005)"
500.2,0.0682144805346092,"Unfished reference","Oscillating (resource_decrease=0.005)"
500.4,0.0794098815652491,"Unfished reference","Oscillating (resource_decrease=0.005)"
500.6,0.0911042547414028,"Unfished reference","Oscillating (resource_decrease=0.005)"
500.8,0.101396269549822,"Unfished reference","Oscillating (resource_decrease=0.005)"
501,0.108439508587814,"Unfished reference","Oscillating (resource_decrease=0.005)"
501.2,0.110857695982632,"Unfished reference","Oscillating (resource_decrease=0.005)"
501.4,0.108761416479735,"Unfished reference","Oscillating (resource_decrease=0.005)"
501.6,0.105021179460737,"Unfished reference","Oscillating (resource_decrease=0.005)"
501.8,0.103131212107824,"Unfished reference","Oscillating (resource_decrease=0.005)"
502,0.104042492864681,"Unfished reference","Oscillating (resource_decrease=0.005)"
502.2,0.106760634660072,"Unfished reference","Oscillating (resource_decrease=0.005)"
502.4,0.109797023305179,"Unfished reference","Oscillating (resource_decrease=0.005)"
502.6,0.111819046933692,"Unfished reference","Oscillating (resource_decrease=0.005)"
502.8,0.111923448239597,"Unfished reference","Oscillating (resource_decrease=0.005)"
503,0.109651264797241,"Unfished reference","Oscillating (resource_decrease=0.005)"
503.2,0.105004804737977,"Unfished reference","Oscillating (resource_decrease=0.005)"
503.4,0.098545978707564,"Unfished reference","Oscillating (resource_decrease=0.005)"
503.6,0.0912601663599772,"Unfished reference","Oscillating (resource_decrease=0.005)"
503.8,0.0841190494707295,"Unfished reference","Oscillating (resource_decrease=0.005)"
504,0.0776561818953046,"Unfished reference","Oscillating (resource_decrease=0.005)"
504.2,0.0718669479383849,"Unfished reference","Oscillating (resource_decrease=0.005)"
504.4,0.0664798485284067,"Unfished reference","Oscillating (resource_decrease=0.005)"
504.6,0.0613385586439062,"Unfished reference","Oscillating (resource_decrease=0.005)"
504.8,0.056581017062823,"Unfished reference","Oscillating (resource_decrease=0.005)"
505,0.0526061086398732,"Unfished reference","Oscillating (resource_decrease=0.005)"
505.2,0.0499768367945755,"Unfished reference","Oscillating (resource_decrease=0.005)"
505.4,0.0493295202668585,"Unfished reference","Oscillating (resource_decrease=0.005)"
505.6,0.0512784037985359,"Unfished reference","Oscillating (resource_decrease=0.005)"
505.8,0.0562664777521419,"Unfished reference","Oscillating (resource_decrease=0.005)"
506,0.0643346066082825,"Unfished reference","Oscillating (resource_decrease=0.005)"
506.2,0.074882878760272,"Unfished reference","Oscillating (resource_decrease=0.005)"
506.4,0.0865984549280278,"Unfished reference","Oscillating (resource_decrease=0.005)"
506.6,0.097669070959433,"Unfished reference","Oscillating (resource_decrease=0.005)"
506.8,0.106181501182403,"Unfished reference","Oscillating (resource_decrease=0.005)"
507,0.110510413150165,"Unfished reference","Oscillating (resource_decrease=0.005)"
507.2,0.109993463687235,"Unfished reference","Oscillating (resource_decrease=0.005)"
507.4,0.106414384568481,"Unfished reference","Oscillating (resource_decrease=0.005)"
507.6,0.103524826333051,"Unfished reference","Oscillating (resource_decrease=0.005)"
507.8,0.103395128720995,"Unfished reference","Oscillating (resource_decrease=0.005)"
508,0.105578626078531,"Unfished reference","Oscillating (resource_decrease=0.005)"
508.2,0.108666941058239,"Unfished reference","Oscillating (resource_decrease=0.005)"
508.4,0.111218678058988,"Unfished reference","Oscillating (resource_decrease=0.005)"
508.6,0.112149393531379,"Unfished reference","Oscillating (resource_decrease=0.005)"
508.8,0.110832522526933,"Unfished reference","Oscillating (resource_decrease=0.005)"
509,0.107077787933334,"Unfished reference","Oscillating (resource_decrease=0.005)"
509.2,0.101225085498065,"Unfished reference","Oscillating (resource_decrease=0.005)"
509.4,0.0941343098076618,"Unfished reference","Oscillating (resource_decrease=0.005)"
509.6,0.0868424714836218,"Unfished reference","Oscillating (resource_decrease=0.005)"
509.8,0.0800883627445197,"Unfished reference","Oscillating (resource_decrease=0.005)"
510,0.0740628868633555,"Unfished reference","Oscillating (resource_decrease=0.005)"
510.2,0.06855076514217,"Unfished reference","Oscillating (resource_decrease=0.005)"
510.4,0.0633141255041065,"Unfished reference","Oscillating (resource_decrease=0.005)"
510.6,0.0583716745995398,"Unfished reference","Oscillating (resource_decrease=0.005)"
510.8,0.0540311678502581,"Unfished reference","Oscillating (resource_decrease=0.005)"
511,0.0508030688014331,"Unfished reference","Oscillating (resource_decrease=0.005)"
511.2,0.0493053172471222,"Unfished reference","Oscillating (resource_decrease=0.005)"
511.4,0.0501743260257694,"Unfished reference","Oscillating (resource_decrease=0.005)"
511.6,0.0539431454212835,"Unfished reference","Oscillating (resource_decrease=0.005)"
511.8,0.0608407629101469,"Unfished reference","Oscillating (resource_decrease=0.005)"
512,0.0705394113568703,"Unfished reference","Oscillating (resource_decrease=0.005)"
512.2,0.0819953588319806,"Unfished reference","Oscillating (resource_decrease=0.005)"
512.4,0.0935490934373315,"Unfished reference","Oscillating (resource_decrease=0.005)"
512.6,0.10327767749426,"Unfished reference","Oscillating (resource_decrease=0.005)"
512.8,0.109396457688312,"Unfished reference","Oscillating (resource_decrease=0.005)"
513,0.110729142293347,"Unfished reference","Oscillating (resource_decrease=0.005)"
513.2,0.107938471669914,"Unfished reference","Oscillating (resource_decrease=0.005)"
513.4,0.104369220501964,"Unfished reference","Oscillating (resource_decrease=0.005)"
513.6,0.103108690293634,"Unfished reference","Oscillating (resource_decrease=0.005)"
513.8,0.104534341731691,"Unfished reference","Oscillating (resource_decrease=0.005)"
514,0.107450831080759,"Unfished reference","Oscillating (resource_decrease=0.005)"
514.2,0.11036614328757,"Unfished reference","Oscillating (resource_decrease=0.005)"
514.4,0.112028521580011,"Unfished reference","Oscillating (resource_decrease=0.005)"
514.6,0.111636454139597,"Unfished reference","Oscillating (resource_decrease=0.005)"
514.8,0.108824913076635,"Unfished reference","Oscillating (resource_decrease=0.005)"
515,0.103713425015426,"Unfished reference","Oscillating (resource_decrease=0.005)"
515.2,0.0969813930449539,"Unfished reference","Oscillating (resource_decrease=0.005)"
515.4,0.0896543361955046,"Unfished reference","Oscillating (resource_decrease=0.005)"
515.6,0.0826363399092874,"Unfished reference","Oscillating (resource_decrease=0.005)"
515.8,0.0763370776399741,"Unfished reference","Oscillating (resource_decrease=0.005)"
516,0.0706604756689913,"Unfished reference","Oscillating (resource_decrease=0.005)"
516.2,0.0653312667140706,"Unfished reference","Oscillating (resource_decrease=0.005)"
516.4,0.0602518788337022,"Unfished reference","Oscillating (resource_decrease=0.005)"
516.6,0.0556245891374979,"Unfished reference","Oscillating (resource_decrease=0.005)"
516.8,0.0518927157915092,"Unfished reference","Oscillating (resource_decrease=0.005)"
517,0.049642727395307,"Unfished reference","Oscillating (resource_decrease=0.005)"
517.2,0.0495152641083158,"Unfished reference","Oscillating (resource_decrease=0.005)"
517.4,0.0521026628058291,"Unfished reference","Oscillating (resource_decrease=0.005)"
517.6,0.0577818243089004,"Unfished reference","Oscillating (resource_decrease=0.005)"
517.8,0.0664707422949857,"Unfished reference","Oscillating (resource_decrease=0.005)"
518,0.0774100401471323,"Unfished reference","Oscillating (resource_decrease=0.005)"
518.2,0.0891493831469865,"Unfished reference","Oscillating (resource_decrease=0.005)"
518.4,0.0998184408358993,"Unfished reference","Oscillating (resource_decrease=0.005)"
518.6,0.107534764311006,"Unfished reference","Oscillating (resource_decrease=0.005)"
518.8,0.110798865499528,"Unfished reference","Oscillating (resource_decrease=0.005)"
519,0.109348336238273,"Unfished reference","Oscillating (resource_decrease=0.005)"
519.2,0.105601809347073,"Unfished reference","Oscillating (resource_decrease=0.005)"
519.4,0.103247142986736,"Unfished reference","Oscillating (resource_decrease=0.005)"
519.6,0.103719369718081,"Unfished reference","Oscillating (resource_decrease=0.005)"
519.8,0.106231650626729,"Unfished reference","Oscillating (resource_decrease=0.005)"
520,0.109317394966713,"Unfished reference","Oscillating (resource_decrease=0.005)"
520.2,0.11159012967835,"Unfished reference","Oscillating (resource_decrease=0.005)"
520.4,0.112066642936573,"Unfished reference","Oscillating (resource_decrease=0.005)"
520.6,0.110215042422112,"Unfished reference","Oscillating (resource_decrease=0.005)"
520.8,0.105950685666484,"Unfished reference","Oscillating (resource_decrease=0.005)"
521,0.0997392802423358,"Unfished reference","Oscillating (resource_decrease=0.005)"
521.2,0.092519181246554,"Unfished reference","Oscillating (resource_decrease=0.005)"
521.4,0.0852998188608053,"Unfished reference","Oscillating (resource_decrease=0.005)"
521.6,0.0787081111430013,"Unfished reference","Oscillating (resource_decrease=0.005)"
521.8,0.0728207731348668,"Unfished reference","Oscillating (resource_decrease=0.005)"
522,0.0673829914311983,"Unfished reference","Oscillating (resource_decrease=0.005)"
522.2,0.0621983503889084,"Unfished reference","Oscillating (resource_decrease=0.005)"
522.4,0.0573529311138954,"Unfished reference","Oscillating (resource_decrease=0.005)"
522.6,0.0532075659681262,"Unfished reference","Oscillating (resource_decrease=0.005)"
522.8,0.0503039724836359,"Unfished reference","Oscillating (resource_decrease=0.005)"
523,0.0492720531549395,"Unfished reference","Oscillating (resource_decrease=0.005)"
523.2,0.0507382245963772,"Unfished reference","Oscillating (resource_decrease=0.005)"
523.4,0.0551890821686471,"Unfished reference","Oscillating (resource_decrease=0.005)"
523.6,0.062752860275892,"Unfished reference","Oscillating (resource_decrease=0.005)"
523.8,0.0729513572670231,"Unfished reference","Oscillating (resource_decrease=0.005)"
524,0.0845865594710547,"Unfished reference","Oscillating (resource_decrease=0.005)"
524.2,0.0959055712001076,"Unfished reference","Oscillating (resource_decrease=0.005)"
524.4,0.104983575357568,"Unfished reference","Oscillating (resource_decrease=0.005)"
524.6,0.110116698780525,"Unfished reference","Oscillating (resource_decrease=0.005)"
524.8,0.110388814325501,"Unfished reference","Oscillating (resource_decrease=0.005)"
525,0.107079670913103,"Unfished reference","Oscillating (resource_decrease=0.005)"
525.2,0.103841285429546,"Unfished reference","Oscillating (resource_decrease=0.005)"
525.4,0.103220864887623,"Unfished reference","Oscillating (resource_decrease=0.005)"
525.6,0.105098645626738,"Unfished reference","Oscillating (resource_decrease=0.005)"
525.8,0.108139943895984,"Unfished reference","Oscillating (resource_decrease=0.005)"
526,0.110873118872937,"Unfished reference","Oscillating (resource_decrease=0.005)"
526.2,0.112137602828979,"Unfished reference","Oscillating (resource_decrease=0.005)"
526.4,0.111231295772771,"Unfished reference","Oscillating (resource_decrease=0.005)"
526.6,0.107885618775543,"Unfished reference","Oscillating (resource_decrease=0.005)"
526.8,0.102342628710189,"Unfished reference","Oscillating (resource_decrease=0.005)"
527,0.0953887122135165,"Unfished reference","Oscillating (resource_decrease=0.005)"
527.2,0.0880654631898887,"Unfished reference","Oscillating (resource_decrease=0.005)"
527.4,0.0811903255276064,"Unfished reference","Oscillating (resource_decrease=0.005)"
527.6,0.0750486177184978,"Unfished reference","Oscillating (resource_decrease=0.005)"
527.8,0.0694698748232355,"Unfished reference","Oscillating (resource_decrease=0.005)"
528,0.0641934632727977,"Unfished reference","Oscillating (resource_decrease=0.005)"
528.2,0.0591860138819338,"Unfished reference","Oscillating (resource_decrease=0.005)"
528.4,0.0547106891760615,"Unfished reference","Oscillating (resource_decrease=0.005)"
528.6,0.051250383193195,"Unfished reference","Oscillating (resource_decrease=0.005)"
528.8,0.0494108490463434,"Unfished reference","Oscillating (resource_decrease=0.005)"
529,0.0498323509323216,"Unfished reference","Oscillating (resource_decrease=0.005)"
529.2,0.0530773730550861,"Unfished reference","Oscillating (resource_decrease=0.005)"
529.4,0.0594446195709594,"Unfished reference","Oscillating (resource_decrease=0.005)"
529.6,0.068717911980823,"Unfished reference","Oscillating (resource_decrease=0.005)"
529.8,0.0799773589100635,"Unfished reference","Oscillating (resource_decrease=0.005)"
530,0.0916488227135467,"Unfished reference","Oscillating (resource_decrease=0.005)"
530.2,0.101824483102087,"Unfished reference","Oscillating (resource_decrease=0.005)"
530.4,0.108669990458632,"Unfished reference","Oscillating (resource_decrease=0.005)"
530.6,0.110848647089671,"Unfished reference","Oscillating (resource_decrease=0.005)"
530.8,0.108585774943874,"Unfished reference","Oscillating (resource_decrease=0.005)"
531,0.1048680561003,"Unfished reference","Oscillating (resource_decrease=0.005)"
531.2,0.10311426250973,"Unfished reference","Oscillating (resource_decrease=0.005)"
531.4,0.104143700997049,"Unfished reference","Oscillating (resource_decrease=0.005)"
531.6,0.1069118273607,"Unfished reference","Oscillating (resource_decrease=0.005)"
531.8,0.109927032233915,"Unfished reference","Oscillating (resource_decrease=0.005)"
532,0.111873445799918,"Unfished reference","Oscillating (resource_decrease=0.005)"
532.2,0.111870334708691,"Unfished reference","Oscillating (resource_decrease=0.005)"
532.4,0.109479305863122,"Unfished reference","Oscillating (resource_decrease=0.005)"
532.6,0.104727930899576,"Unfished reference","Oscillating (resource_decrease=0.005)"
532.8,0.0982046627570673,"Unfished reference","Oscillating (resource_decrease=0.005)"
533,0.090905714039257,"Unfished reference","Oscillating (resource_decrease=0.005)"
533.2,0.0837896734641677,"Unfished reference","Oscillating (resource_decrease=0.005)"
533.4,0.0773631055802571,"Unfished reference","Oscillating (resource_decrease=0.005)"
533.6,0.0715999393874515,"Unfished reference","Oscillating (resource_decrease=0.005)"
533.8,0.0662261789331875,"Unfished reference","Oscillating (resource_decrease=0.005)"
534,0.0610978094995092,"Unfished reference","Oscillating (resource_decrease=0.005)"
534.2,0.0563671735254097,"Unfished reference","Oscillating (resource_decrease=0.005)"
534.4,0.0524433545357905,"Unfished reference","Oscillating (resource_decrease=0.005)"
534.6,0.0498948846213071,"Unfished reference","Oscillating (resource_decrease=0.005)"
534.8,0.049359417863805,"Unfished reference","Oscillating (resource_decrease=0.005)"
535,0.0514470110133825,"Unfished reference","Oscillating (resource_decrease=0.005)"
535.2,0.0565871151189058,"Unfished reference","Oscillating (resource_decrease=0.005)"
535.4,0.0647945795679473,"Unfished reference","Oscillating (resource_decrease=0.005)"
535.6,0.0754346466598918,"Unfished reference","Oscillating (resource_decrease=0.005)"
535.8,0.0871631909502535,"Unfished reference","Oscillating (resource_decrease=0.005)"
536,0.0981534112665781,"Unfished reference","Oscillating (resource_decrease=0.005)"
536.2,0.106497345616678,"Unfished reference","Oscillating (resource_decrease=0.005)"
536.4,0.110594704984091,"Unfished reference","Oscillating (resource_decrease=0.005)"
536.6,0.109863728143096,"Unfished reference","Oscillating (resource_decrease=0.005)"
536.8,0.106230542149389,"Unfished reference","Oscillating (resource_decrease=0.005)"
537,0.103451262860819,"Unfished reference","Oscillating (resource_decrease=0.005)"
537.2,0.103457152568411,"Unfished reference","Oscillating (resource_decrease=0.005)"
537.4,0.105719177760899,"Unfished reference","Oscillating (resource_decrease=0.005)"
537.6,0.108812916871942,"Unfished reference","Oscillating (resource_decrease=0.005)"
537.8,0.111307579085895,"Unfished reference","Oscillating (resource_decrease=0.005)"
538,0.112140742636447,"Unfished reference","Oscillating (resource_decrease=0.005)"
538.2,0.110706858364909,"Unfished reference","Oscillating (resource_decrease=0.005)"
538.4,0.106838356944618,"Unfished reference","Oscillating (resource_decrease=0.005)"
538.6,0.100902885933285,"Unfished reference","Oscillating (resource_decrease=0.005)"
538.8,0.0937792268212485,"Unfished reference","Oscillating (resource_decrease=0.005)"
539,0.0865003907983894,"Unfished reference","Oscillating (resource_decrease=0.005)"
539.2,0.0797814971548628,"Unfished reference","Oscillating (resource_decrease=0.005)"
539.4,0.0737875382764293,"Unfished reference","Oscillating (resource_decrease=0.005)"
539.6,0.0682927869303843,"Unfished reference","Oscillating (resource_decrease=0.005)"
539.8,0.0630673959260051,"Unfished reference","Oscillating (resource_decrease=0.005)"
540,0.0581449020700602,"Unfished reference","Oscillating (resource_decrease=0.005)"
540.2,0.0538451461279138,"Unfished reference","Oscillating (resource_decrease=0.005)"
540.4,0.0506858595388357,"Unfished reference","Oscillating (resource_decrease=0.005)"
540.6,0.0492879694048962,"Unfished reference","Oscillating (resource_decrease=0.005)"
540.8,0.0502861957420637,"Unfished reference","Oscillating (resource_decrease=0.005)"
541,0.0542042345570061,"Unfished reference","Oscillating (resource_decrease=0.005)"
541.2,0.0612499975836559,"Unfished reference","Oscillating (resource_decrease=0.005)"
541.4,0.071063260985971,"Unfished reference","Oscillating (resource_decrease=0.005)"
541.6,0.082565809299169,"Unfished reference","Oscillating (resource_decrease=0.005)"
541.8,0.0940759773434949,"Unfished reference","Oscillating (resource_decrease=0.005)"
542,0.103668752529581,"Unfished reference","Oscillating (resource_decrease=0.005)"
542.2,0.109575534328453,"Unfished reference","Oscillating (resource_decrease=0.005)"
542.4,0.110671612888886,"Unfished reference","Oscillating (resource_decrease=0.005)"
542.6,0.107750925174046,"Unfished reference","Oscillating (resource_decrease=0.005)"
542.8,0.104241785600965,"Unfished reference","Oscillating (resource_decrease=0.005)"
543,0.103122143190741,"Unfished reference","Oscillating (resource_decrease=0.005)"
543.2,0.104652871130773,"Unfished reference","Oscillating (resource_decrease=0.005)"
543.4,0.107603112693103,"Unfished reference","Oscillating (resource_decrease=0.005)"
543.6,0.110483425968019,"Unfished reference","Oscillating (resource_decrease=0.005)"
543.8,0.11206135060917,"Unfished reference","Oscillating (resource_decrease=0.005)"
544,0.111557488777725,"Unfished reference","Oscillating (resource_decrease=0.005)"
544.2,0.108627745432982,"Unfished reference","Oscillating (resource_decrease=0.005)"
544.4,0.103418218775179,"Unfished reference","Oscillating (resource_decrease=0.005)"
544.6,0.0966329043850706,"Unfished reference","Oscillating (resource_decrease=0.005)"
544.8,0.0893029604000698,"Unfished reference","Oscillating (resource_decrease=0.005)"
545,0.0823149318829492,"Unfished reference","Oscillating (resource_decrease=0.005)"
545.2,0.0760510074665371,"Unfished reference","Oscillating (resource_decrease=0.005)"
545.4,0.0703971914363504,"Unfished reference","Oscillating (resource_decrease=0.005)"
545.6,0.0650799254011529,"Unfished reference","Oscillating (resource_decrease=0.005)"
545.8,0.0600154002380247,"Unfished reference","Oscillating (resource_decrease=0.005)"
546,0.0554196201796631,"Unfished reference","Oscillating (resource_decrease=0.005)"
546.2,0.0517450265148955,"Unfished reference","Oscillating (resource_decrease=0.005)"
546.4,0.0495826869694821,"Unfished reference","Oscillating (resource_decrease=0.005)"
546.6,0.0495735762359135,"Unfished reference","Oscillating (resource_decrease=0.005)"
546.8,0.0523041772847821,"Unfished reference","Oscillating (resource_decrease=0.005)"
547,0.0581352426962256,"Unfished reference","Oscillating (resource_decrease=0.005)"
547.2,0.0669561669127034,"Unfished reference","Oscillating (resource_decrease=0.005)"
547.4,0.077972229190302,"Unfished reference","Oscillating (resource_decrease=0.005)"
547.6,0.0897045771166645,"Unfished reference","Oscillating (resource_decrease=0.005)"
547.8,0.100272864652147,"Unfished reference","Oscillating (resource_decrease=0.005)"
548,0.107803749386216,"Unfished reference","Oscillating (resource_decrease=0.005)"
548.2,0.110830013207083,"Unfished reference","Oscillating (resource_decrease=0.005)"
548.4,0.109189075075812,"Unfished reference","Oscillating (resource_decrease=0.005)"
548.6,0.105432440979236,"Unfished reference","Oscillating (resource_decrease=0.005)"
548.8,0.103205540060961,"Unfished reference","Oscillating (resource_decrease=0.005)"
549,0.103804680399954,"Unfished reference","Oscillating (resource_decrease=0.005)"
549.2,0.10637957143459,"Unfished reference","Oscillating (resource_decrease=0.005)"
549.4,0.109455510684485,"Unfished reference","Oscillating (resource_decrease=0.005)"
549.6,0.111660312269621,"Unfished reference","Oscillating (resource_decrease=0.005)"
549.8,0.11203330614673,"Unfished reference","Oscillating (resource_decrease=0.005)"
550,0.110063215470958,"Unfished reference","Oscillating (resource_decrease=0.005)"
550.2,0.105689519678251,"Unfished reference","Oscillating (resource_decrease=0.005)"
550.4,0.099405341979515,"Unfished reference","Oscillating (resource_decrease=0.005)"
550.6,0.0921636325491308,"Unfished reference","Oscillating (resource_decrease=0.005)"
550.8,0.084964570597482,"Unfished reference","Oscillating (resource_decrease=0.005)"
551,0.0784091631423108,"Unfished reference","Oscillating (resource_decrease=0.005)"
551.2,0.0725503963306886,"Unfished reference","Oscillating (resource_decrease=0.005)"
551.4,0.0671274987978595,"Unfished reference","Oscillating (resource_decrease=0.005)"
551.6,0.0619547574718924,"Unfished reference","Oscillating (resource_decrease=0.005)"
551.8,0.0571329901144357,"Unfished reference","Oscillating (resource_decrease=0.005)"
552,0.0530340665504418,"Unfished reference","Oscillating (resource_decrease=0.005)"
552.2,0.0502059803332067,"Unfished reference","Oscillating (resource_decrease=0.005)"
552.4,0.0492807068795722,"Unfished reference","Oscillating (resource_decrease=0.005)"
552.6,0.0508816365489652,"Unfished reference","Oscillating (resource_decrease=0.005)"
552.8,0.0554837387179935,"Unfished reference","Oscillating (resource_decrease=0.005)"
553,0.0631913668887113,"Unfished reference","Oscillating (resource_decrease=0.005)"
553.2,0.0734923030454027,"Unfished reference","Oscillating (resource_decrease=0.005)"
553.4,0.0851555622704866,"Unfished reference","Oscillating (resource_decrease=0.005)"
553.6,0.096410271510887,"Unfished reference","Oscillating (resource_decrease=0.005)"
553.8,0.105333752186212,"Unfished reference","Oscillating (resource_decrease=0.005)"
554,0.110242785247065,"Unfished reference","Oscillating (resource_decrease=0.005)"
554.2,0.110288006530332,"Unfished reference","Oscillating (resource_decrease=0.005)"
554.4,0.106890447052607,"Unfished reference","Oscillating (resource_decrease=0.005)"
554.6,0.103743285855523,"Unfished reference","Oscillating (resource_decrease=0.005)"
554.8,0.103262632510761,"Unfished reference","Oscillating (resource_decrease=0.005)"
555,0.105230950454132,"Unfished reference","Oscillating (resource_decrease=0.005)"
555.2,0.108289939941103,"Unfished reference","Oscillating (resource_decrease=0.005)"
555.4,0.110975292337035,"Unfished reference","Oscillating (resource_decrease=0.005)"
555.6,0.112147561440929,"Unfished reference","Oscillating (resource_decrease=0.005)"
555.8,0.111126136724756,"Unfished reference","Oscillating (resource_decrease=0.005)"
556,0.107664213787534,"Unfished reference","Oscillating (resource_decrease=0.005)"
556.2,0.102031323451192,"Unfished reference","Oscillating (resource_decrease=0.005)"
556.4,0.0950355731580815,"Unfished reference","Oscillating (resource_decrease=0.005)"
556.6,0.0877187852909252,"Unfished reference","Oscillating (resource_decrease=0.005)"
556.8,0.0808771025027432,"Unfished reference","Oscillating (resource_decrease=0.005)"
557,0.0747688632649617,"Unfished reference","Oscillating (resource_decrease=0.005)"
557.2,0.0692097457539863,"Unfished reference","Oscillating (resource_decrease=0.005)"
557.4,0.0639445963397436,"Unfished reference","Oscillating (resource_decrease=0.005)"
557.6,0.0589546260890536,"Unfished reference","Oscillating (resource_decrease=0.005)"
557.8,0.054515851417432,"Unfished reference","Oscillating (resource_decrease=0.005)"
558,0.0511192343636231,"Unfished reference","Oscillating (resource_decrease=0.005)"
558.2,0.0493742191602526,"Unfished reference","Oscillating (resource_decrease=0.005)"
558.4,0.0499203127289462,"Unfished reference","Oscillating (resource_decrease=0.005)"
558.6,0.0533122652664921,"Unfished reference","Oscillating (resource_decrease=0.005)"
558.8,0.0598298927379113,"Unfished reference","Oscillating (resource_decrease=0.005)"
559,0.0692261045593369,"Unfished reference","Oscillating (resource_decrease=0.005)"
559.2,0.080545862764846,"Unfished reference","Oscillating (resource_decrease=0.005)"
559.4,0.0921898890712019,"Unfished reference","Oscillating (resource_decrease=0.005)"
559.6,0.102244858368024,"Unfished reference","Oscillating (resource_decrease=0.005)"
559.8,0.108889337276852,"Unfished reference","Oscillating (resource_decrease=0.005)"
560,0.110828580906994,"Unfished reference","Oscillating (resource_decrease=0.005)"
560.2,0.108406626539905,"Unfished reference","Oscillating (resource_decrease=0.005)"
560.4,0.104720170740737,"Unfished reference","Oscillating (resource_decrease=0.005)"
560.6,0.103104145693786,"Unfished reference","Oscillating (resource_decrease=0.005)"
560.8,0.104249020436527,"Unfished reference","Oscillating (resource_decrease=0.005)"
561,0.107063556217228,"Unfished reference","Oscillating (resource_decrease=0.005)"
561.2,0.110054458158191,"Unfished reference","Oscillating (resource_decrease=0.005)"
561.4,0.11192322007856,"Unfished reference","Oscillating (resource_decrease=0.005)"
561.6,0.111811573369714,"Unfished reference","Oscillating (resource_decrease=0.005)"
561.8,0.109301732085394,"Unfished reference","Oscillating (resource_decrease=0.005)"
562,0.104446841532425,"Unfished reference","Oscillating (resource_decrease=0.005)"
562.2,0.0978615484602063,"Unfished reference","Oscillating (resource_decrease=0.005)"
562.4,0.090551785151511,"Unfished reference","Oscillating (resource_decrease=0.005)"
562.6,0.0834620174168779,"Unfished reference","Oscillating (resource_decrease=0.005)"
562.8,0.0770716253386186,"Unfished reference","Oscillating (resource_decrease=0.005)"
563,0.0713338051304615,"Unfished reference","Oscillating (resource_decrease=0.005)"
563.2,0.0659730177427944,"Unfished reference","Oscillating (resource_decrease=0.005)"
563.4,0.0608579361374534,"Unfished reference","Oscillating (resource_decrease=0.005)"
563.6,0.0561551788295677,"Unfished reference","Oscillating (resource_decrease=0.005)"
563.8,0.052283790556109,"Unfished reference","Oscillating (resource_decrease=0.005)"
564,0.049817625007439,"Unfished reference","Oscillating (resource_decrease=0.005)"
564.2,0.0493954575462336,"Unfished reference","Oscillating (resource_decrease=0.005)"
564.4,0.0516228079305415,"Unfished reference","Oscillating (resource_decrease=0.005)"
564.6,0.0569150276331951,"Unfished reference","Oscillating (resource_decrease=0.005)"
564.8,0.0652603645536295,"Unfished reference","Oscillating (resource_decrease=0.005)"
565,0.075989048582137,"Unfished reference","Oscillating (resource_decrease=0.005)"
565.2,0.0877262206285301,"Unfished reference","Oscillating (resource_decrease=0.005)"
565.4,0.0986315312033865,"Unfished reference","Oscillating (resource_decrease=0.005)"
565.6,0.106803140500941,"Unfished reference","Oscillating (resource_decrease=0.005)"
565.8,0.110667218230727,"Unfished reference","Oscillating (resource_decrease=0.005)"
566,0.109726723257574,"Unfished reference","Oscillating (resource_decrease=0.005)"
566.2,0.106049196669919,"Unfished reference","Oscillating (resource_decrease=0.005)"
566.4,0.103384712321846,"Unfished reference","Oscillating (resource_decrease=0.005)"
566.6,0.103524569664817,"Unfished reference","Oscillating (resource_decrease=0.005)"
566.8,0.105861659565387,"Unfished reference","Oscillating (resource_decrease=0.005)"
567,0.108957417666847,"Unfished reference","Oscillating (resource_decrease=0.005)"
567.2,0.11139251777823,"Unfished reference","Oscillating (resource_decrease=0.005)"
567.4,0.112126733024886,"Unfished reference","Oscillating (resource_decrease=0.005)"
567.6,0.110575416095417,"Unfished reference","Oscillating (resource_decrease=0.005)"
567.8,0.106594001457565,"Unfished reference","Oscillating (resource_decrease=0.005)"
568,0.100577885475543,"Unfished reference","Oscillating (resource_decrease=0.005)"
568.2,0.0934238512164397,"Unfished reference","Oscillating (resource_decrease=0.005)"
568.4,0.0861597323368739,"Unfished reference","Oscillating (resource_decrease=0.005)"
568.6,0.0794764028677457,"Unfished reference","Oscillating (resource_decrease=0.005)"
568.8,0.073513348751583,"Unfished reference","Oscillating (resource_decrease=0.005)"
569,0.0680353773915194,"Unfished reference","Oscillating (resource_decrease=0.005)"
569.2,0.062821314030795,"Unfished reference","Oscillating (resource_decrease=0.005)"
569.4,0.0579195419451908,"Unfished reference","Oscillating (resource_decrease=0.005)"
569.6,0.0536617611774996,"Unfished reference","Oscillating (resource_decrease=0.005)"
569.8,0.0505727494429094,"Unfished reference","Oscillating (resource_decrease=0.005)"
570,0.0492762217594218,"Unfished reference","Oscillating (resource_decrease=0.005)"
570.2,0.050404925665857,"Unfished reference","Oscillating (resource_decrease=0.005)"
570.4,0.0544727213843752,"Unfished reference","Oscillating (resource_decrease=0.005)"
570.6,0.0616658251580528,"Unfished reference","Oscillating (resource_decrease=0.005)"
570.8,0.0715911696786272,"Unfished reference","Oscillating (resource_decrease=0.005)"
571,0.0831363250423382,"Unfished reference","Oscillating (resource_decrease=0.005)"
571.2,0.0945983624627364,"Unfished reference","Oscillating (resource_decrease=0.005)"
571.4,0.104051141125154,"Unfished reference","Oscillating (resource_decrease=0.005)"
571.6,0.109743054845932,"Unfished reference","Oscillating (resource_decrease=0.005)"
571.8,0.110604045425063,"Unfished reference","Oscillating (resource_decrease=0.005)"
572,0.107562144607685,"Unfished reference","Oscillating (resource_decrease=0.005)"
572.2,0.104120570194735,"Unfished reference","Oscillating (resource_decrease=0.005)"
572.4,0.10314202978249,"Unfished reference","Oscillating (resource_decrease=0.005)"
572.6,0.104774739121642,"Unfished reference","Oscillating (resource_decrease=0.005)"
572.8,0.10775517579855,"Unfished reference","Oscillating (resource_decrease=0.005)"
573,0.110597579064113,"Unfished reference","Oscillating (resource_decrease=0.005)"
573.2,0.112089251002496,"Unfished reference","Oscillating (resource_decrease=0.005)"
573.4,0.111472779907763,"Unfished reference","Oscillating (resource_decrease=0.005)"
573.6,0.108425149459082,"Unfished reference","Oscillating (resource_decrease=0.005)"
573.8,0.103119271192895,"Unfished reference","Oscillating (resource_decrease=0.005)"
574,0.0962831787133117,"Unfished reference","Oscillating (resource_decrease=0.005)"
574.2,0.0889524894580287,"Unfished reference","Oscillating (resource_decrease=0.005)"
574.4,0.0819953164938484,"Unfished reference","Oscillating (resource_decrease=0.005)"
574.6,0.0757663893832954,"Unfished reference","Oscillating (resource_decrease=0.005)"
574.8,0.0701346461234734,"Unfished reference","Oscillating (resource_decrease=0.005)"
575,0.0648291102417434,"Unfished reference","Oscillating (resource_decrease=0.005)"
575.2,0.0597799673114144,"Unfished reference","Oscillating (resource_decrease=0.005)"
575.4,0.0552167705072834,"Unfished reference","Oscillating (resource_decrease=0.005)"
575.6,0.0516008496985214,"Unfished reference","Oscillating (resource_decrease=0.005)"
575.8,0.0495276705658529,"Unfished reference","Oscillating (resource_decrease=0.005)"
576,0.0496383109973796,"Unfished reference","Oscillating (resource_decrease=0.005)"
576.2,0.0525130051281223,"Unfished reference","Oscillating (resource_decrease=0.005)"
576.4,0.0584957636062901,"Unfished reference","Oscillating (resource_decrease=0.005)"
576.6,0.0674468455225045,"Unfished reference","Oscillating (resource_decrease=0.005)"
576.8,0.0785361679703819,"Unfished reference","Oscillating (resource_decrease=0.005)"
577,0.0902570551558855,"Unfished reference","Oscillating (resource_decrease=0.005)"
577.2,0.100720143840506,"Unfished reference","Oscillating (resource_decrease=0.005)"
577.4,0.108062031255772,"Unfished reference","Oscillating (resource_decrease=0.005)"
577.6,0.110849665841724,"Unfished reference","Oscillating (resource_decrease=0.005)"
577.8,0.109024577710131,"Unfished reference","Oscillating (resource_decrease=0.005)"
578,0.105267260512571,"Unfished reference","Oscillating (resource_decrease=0.005)"
578.2,0.103170946444978,"Unfished reference","Oscillating (resource_decrease=0.005)"
578.4,0.103894683497285,"Unfished reference","Oscillating (resource_decrease=0.005)"
578.6,0.106528633552876,"Unfished reference","Oscillating (resource_decrease=0.005)"
578.8,0.109591508407092,"Unfished reference","Oscillating (resource_decrease=0.005)"
579,0.111726140587605,"Unfished reference","Oscillating (resource_decrease=0.005)"
579.2,0.111994430322008,"Unfished reference","Oscillating (resource_decrease=0.005)"
579.4,0.109905676186648,"Unfished reference","Oscillating (resource_decrease=0.005)"
579.6,0.105423804273321,"Unfished reference","Oscillating (resource_decrease=0.005)"
579.8,0.0990691633706321,"Unfished reference","Oscillating (resource_decrease=0.005)"
580,0.091808269364655,"Unfished reference","Oscillating (resource_decrease=0.005)"
580.2,0.0846309389708662,"Unfished reference","Oscillating (resource_decrease=0.005)"
580.4,0.0781119033914785,"Unfished reference","Oscillating (resource_decrease=0.005)"
580.6,0.0722810137502223,"Unfished reference","Oscillating (resource_decrease=0.005)"
580.8,0.066872526617846,"Unfished reference","Oscillating (resource_decrease=0.005)"
581,0.061711928088539,"Unfished reference","Oscillating (resource_decrease=0.005)"
581.2,0.0569146990702241,"Unfished reference","Oscillating (resource_decrease=0.005)"
581.4,0.0528635111195734,"Unfished reference","Oscillating (resource_decrease=0.005)"
581.6,0.0501124206990653,"Unfished reference","Oscillating (resource_decrease=0.005)"
581.8,0.0492952708867824,"Unfished reference","Oscillating (resource_decrease=0.005)"
582,0.0510321094702981,"Unfished reference","Oscillating (resource_decrease=0.005)"
582.2,0.0557857519139016,"Unfished reference","Oscillating (resource_decrease=0.005)"
582.4,0.0636360614255744,"Unfished reference","Oscillating (resource_decrease=0.005)"
582.6,0.0740365328784619,"Unfished reference","Oscillating (resource_decrease=0.005)"
582.8,0.0857236415936311,"Unfished reference","Oscillating (resource_decrease=0.005)"
583,0.0969094953918787,"Unfished reference","Oscillating (resource_decrease=0.005)"
583.2,0.10567445002582,"Unfished reference","Oscillating (resource_decrease=0.005)"
583.4,0.110357091494095,"Unfished reference","Oscillating (resource_decrease=0.005)"
583.6,0.110178562826647,"Unfished reference","Oscillating (resource_decrease=0.005)"
583.8,0.106702173123791,"Unfished reference","Oscillating (resource_decrease=0.005)"
584,0.103652091021483,"Unfished reference","Oscillating (resource_decrease=0.005)"
584.2,0.103310289862261,"Unfished reference","Oscillating (resource_decrease=0.005)"
584.4,0.105365804461143,"Unfished reference","Oscillating (resource_decrease=0.005)"
584.6,0.108438995592261,"Unfished reference","Oscillating (resource_decrease=0.005)"
584.8,0.11107384649241,"Unfished reference","Oscillating (resource_decrease=0.005)"
585,0.112152332653911,"Unfished reference","Oscillating (resource_decrease=0.005)"
585.2,0.11101519198541,"Unfished reference","Oscillating (resource_decrease=0.005)"
585.4,0.107437636814585,"Unfished reference","Oscillating (resource_decrease=0.005)"
585.6,0.101716793134118,"Unfished reference","Oscillating (resource_decrease=0.005)"
585.8,0.0946817396693763,"Unfished reference","Oscillating (resource_decrease=0.005)"
586,0.0873733294826173,"Unfished reference","Oscillating (resource_decrease=0.005)"
586.2,0.0805656820976659,"Unfished reference","Oscillating (resource_decrease=0.005)"
586.4,0.0744903989634245,"Unfished reference","Oscillating (resource_decrease=0.005)"
586.6,0.0689502474424806,"Unfished reference","Oscillating (resource_decrease=0.005)"
586.8,0.0636963100297196,"Unfished reference","Oscillating (resource_decrease=0.005)"
587,0.0587244805572952,"Unfished reference","Oscillating (resource_decrease=0.005)"
587.2,0.0543234185654764,"Unfished reference","Oscillating (resource_decrease=0.005)"
587.4,0.0509919260908438,"Unfished reference","Oscillating (resource_decrease=0.005)"
587.6,0.0493429399935233,"Unfished reference","Oscillating (resource_decrease=0.005)"
587.8,0.0500149542107226,"Unfished reference","Oscillating (resource_decrease=0.005)"
588,0.0535545414508303,"Unfished reference","Oscillating (resource_decrease=0.005)"
588.2,0.0602220149220625,"Unfished reference","Oscillating (resource_decrease=0.005)"
588.4,0.0697389103658791,"Unfished reference","Oscillating (resource_decrease=0.005)"
588.6,0.0811151845336705,"Unfished reference","Oscillating (resource_decrease=0.005)"
588.8,0.0927272331149294,"Unfished reference","Oscillating (resource_decrease=0.005)"
589,0.102657204470014,"Unfished reference","Oscillating (resource_decrease=0.005)"
589.2,0.109097442270002,"Unfished reference","Oscillating (resource_decrease=0.005)"
589.4,0.110797676698364,"Unfished reference","Oscillating (resource_decrease=0.005)"
589.6,0.108224470807723,"Unfished reference","Oscillating (resource_decrease=0.005)"
589.8,0.104577774617964,"Unfished reference","Oscillating (resource_decrease=0.005)"
590,0.103100788852789,"Unfished reference","Oscillating (resource_decrease=0.005)"
590.2,0.104358283303234,"Unfished reference","Oscillating (resource_decrease=0.005)"
590.4,0.10721565281931,"Unfished reference","Oscillating (resource_decrease=0.005)"
590.6,0.110179175941424,"Unfished reference","Oscillating (resource_decrease=0.005)"
590.8,0.111968298847977,"Unfished reference","Oscillating (resource_decrease=0.005)"
591,0.11174713882204,"Unfished reference","Oscillating (resource_decrease=0.005)"
591.2,0.109118578529844,"Unfished reference","Oscillating (resource_decrease=0.005)"
591.4,0.104161636824022,"Unfished reference","Oscillating (resource_decrease=0.005)"
591.6,0.0975167602723777,"Unfished reference","Oscillating (resource_decrease=0.005)"
591.8,0.0901984688522257,"Unfished reference","Oscillating (resource_decrease=0.005)"
592,0.0831361029848805,"Unfished reference","Oscillating (resource_decrease=0.005)"
592.2,0.0767817116398584,"Unfished reference","Oscillating (resource_decrease=0.005)"
592.4,0.0710685133778896,"Unfished reference","Oscillating (resource_decrease=0.005)"
592.6,0.0657203656696127,"Unfished reference","Oscillating (resource_decrease=0.005)"
592.8,0.0606189735191212,"Unfished reference","Oscillating (resource_decrease=0.005)"
593,0.0559450910739543,"Unfished reference","Oscillating (resource_decrease=0.005)"
593.2,0.0521274870444069,"Unfished reference","Oscillating (resource_decrease=0.005)"
593.4,0.0497451311617303,"Unfished reference","Oscillating (resource_decrease=0.005)"
593.6,0.0494377028001464,"Unfished reference","Oscillating (resource_decrease=0.005)"
593.8,0.0518058259546805,"Unfished reference","Oscillating (resource_decrease=0.005)"
594,0.0572501840202296,"Unfished reference","Oscillating (resource_decrease=0.005)"
594.2,0.0657318460301372,"Unfished reference","Oscillating (resource_decrease=0.005)"
594.4,0.076545894537035,"Unfished reference","Oscillating (resource_decrease=0.005)"
594.6,0.0882873220290021,"Unfished reference","Oscillating (resource_decrease=0.005)"
594.8,0.0991032243154201,"Unfished reference","Oscillating (resource_decrease=0.005)"
595,0.10709873376142,"Unfished reference","Oscillating (resource_decrease=0.005)"
595.2,0.110727986234071,"Unfished reference","Oscillating (resource_decrease=0.005)"
595.4,0.109582872527129,"Unfished reference","Oscillating (resource_decrease=0.005)"
595.6,0.105870750996625,"Unfished reference","Oscillating (resource_decrease=0.005)"
595.8,0.10332519822306,"Unfished reference","Oscillating (resource_decrease=0.005)"
596,0.103597231130413,"Unfished reference","Oscillating (resource_decrease=0.005)"
596.2,0.106005897117495,"Unfished reference","Oscillating (resource_decrease=0.005)"
596.4,0.109100297660108,"Unfished reference","Oscillating (resource_decrease=0.005)"
596.6,0.111473403354332,"Unfished reference","Oscillating (resource_decrease=0.005)"
596.8,0.112107321186005,"Unfished reference","Oscillating (resource_decrease=0.005)"
597,0.110438204657097,"Unfished reference","Oscillating (resource_decrease=0.005)"
597.2,0.106344798598915,"Unfished reference","Oscillating (resource_decrease=0.005)"
597.4,0.100250206268195,"Unfished reference","Oscillating (resource_decrease=0.005)"
597.6,0.0930682921068286,"Unfished reference","Oscillating (resource_decrease=0.005)"
597.8,0.0858205449025044,"Unfished reference","Oscillating (resource_decrease=0.005)"
598,0.0791730654696794,"Unfished reference","Oscillating (resource_decrease=0.005)"
598.2,0.0732402813928277,"Unfished reference","Oscillating (resource_decrease=0.005)"
598.4,0.0677785228193678,"Unfished reference","Oscillating (resource_decrease=0.005)"
598.6,0.0625759024999794,"Unfished reference","Oscillating (resource_decrease=0.005)"
598.8,0.057695644708343,"Unfished reference","Oscillating (resource_decrease=0.005)"
599,0.0534810797114607,"Unfished reference","Oscillating (resource_decrease=0.005)"
599.2,0.0504638117657987,"Unfished reference","Oscillating (resource_decrease=0.005)"
599.4,0.0492701436048264,"Unfished reference","Oscillating (resource_decrease=0.005)"
599.6,0.0505305631215809,"Unfished reference","Oscillating (resource_decrease=0.005)"
599.8,0.054748602710813,"Unfished reference","Oscillating (resource_decrease=0.005)"
600,0.0620881639278673,"Unfished reference","Oscillating (resource_decrease=0.005)"
600.2,0.0721229728834296,"Unfished reference","Oscillating (resource_decrease=0.005)"
600.4,0.0837066904228247,"Unfished reference","Oscillating (resource_decrease=0.005)"
600.6,0.0951160316826569,"Unfished reference","Oscillating (resource_decrease=0.005)"
600.8,0.104424663678808,"Unfished reference","Oscillating (resource_decrease=0.005)"
601,0.109898950997358,"Unfished reference","Oscillating (resource_decrease=0.005)"
601.2,0.110526712562578,"Unfished reference","Oscillating (resource_decrease=0.005)"
601.4,0.107372623746739,"Unfished reference","Oscillating (resource_decrease=0.005)"
601.6,0.104005735962647,"Unfished reference","Oscillating (resource_decrease=0.005)"
601.8,0.103168241110864,"Unfished reference","Oscillating (resource_decrease=0.005)"
602,0.104899772934309,"Unfished reference","Oscillating (resource_decrease=0.005)"
602.2,0.107906858396983,"Unfished reference","Oscillating (resource_decrease=0.005)"
602.4,0.11070848992436,"Unfished reference","Oscillating (resource_decrease=0.005)"
602.6,0.112112162001696,"Unfished reference","Oscillating (resource_decrease=0.005)"
602.8,0.111382313477277,"Unfished reference","Oscillating (resource_decrease=0.005)"
603,0.108217175592351,"Unfished reference","Oscillating (resource_decrease=0.005)"
603.2,0.102816692674324,"Unfished reference","Oscillating (resource_decrease=0.005)"
603.4,0.0959323375135078,"Unfished reference","Oscillating (resource_decrease=0.005)"
603.6,0.0886029988762887,"Unfished reference","Oscillating (resource_decrease=0.005)"
603.8,0.0816775011117229,"Unfished reference","Oscillating (resource_decrease=0.005)"
604,0.0754831888759476,"Unfished reference","Oscillating (resource_decrease=0.005)"
604.2,0.0698728133826516,"Unfished reference","Oscillating (resource_decrease=0.005)"
604.4,0.0645788301124222,"Unfished reference","Oscillating (resource_decrease=0.005)"
604.6,0.0595456211211784,"Unfished reference","Oscillating (resource_decrease=0.005)"
604.8,0.0550161017551268,"Unfished reference","Oscillating (resource_decrease=0.005)"
605,0.0514602571215828,"Unfished reference","Oscillating (resource_decrease=0.005)"
605.2,0.0494777505930294,"Unfished reference","Oscillating (resource_decrease=0.005)"
605.4,0.049709527168023,"Unfished reference","Oscillating (resource_decrease=0.005)"
605.6,0.0527291666734268,"Unfished reference","Oscillating (resource_decrease=0.005)"
605.8,0.0588633383310496,"Unfished reference","Oscillating (resource_decrease=0.005)"
606,0.0679426440717047,"Unfished reference","Oscillating (resource_decrease=0.005)"
606.2,0.0791016551212391,"Unfished reference","Oscillating (resource_decrease=0.005)"
606.4,0.0908065951617937,"Unfished reference","Oscillating (resource_decrease=0.005)"
606.6,0.101160080078966,"Unfished reference","Oscillating (resource_decrease=0.005)"
606.8,0.108309480278921,"Unfished reference","Oscillating (resource_decrease=0.005)"
607,0.11085793403824,"Unfished reference","Oscillating (resource_decrease=0.005)"
607.2,0.108855323043716,"Unfished reference","Oscillating (resource_decrease=0.005)"
607.4,0.1051065891807,"Unfished reference","Oscillating (resource_decrease=0.005)"
607.6,0.103143326173395,"Unfished reference","Oscillating (resource_decrease=0.005)"
607.8,0.103989217540945,"Unfished reference","Oscillating (resource_decrease=0.005)"
608,0.106678665077512,"Unfished reference","Oscillating (resource_decrease=0.005)"
608.2,0.109725253576835,"Unfished reference","Oscillating (resource_decrease=0.005)"
608.4,0.111787535308623,"Unfished reference","Oscillating (resource_decrease=0.005)"
608.6,0.111949981870686,"Unfished reference","Oscillating (resource_decrease=0.005)"
608.8,0.109742447892489,"Unfished reference","Oscillating (resource_decrease=0.005)"
609,0.105153630184008,"Unfished reference","Oscillating (resource_decrease=0.005)"
609.2,0.0987308690602751,"Unfished reference","Oscillating (resource_decrease=0.005)"
609.4,0.0914531903841293,"Unfished reference","Oscillating (resource_decrease=0.005)"
609.6,0.0842989573849699,"Unfished reference","Oscillating (resource_decrease=0.005)"
609.8,0.0778163080425445,"Unfished reference","Oscillating (resource_decrease=0.005)"
610,0.0720125905501354,"Unfished reference","Oscillating (resource_decrease=0.005)"
610.2,0.0666180691993606,"Unfished reference","Oscillating (resource_decrease=0.005)"
610.4,0.0614698920331078,"Unfished reference","Oscillating (resource_decrease=0.005)"
610.6,0.0566981129562082,"Unfished reference","Oscillating (resource_decrease=0.005)"
610.8,0.0526959685986499,"Unfished reference","Oscillating (resource_decrease=0.005)"
611,0.0500233670109402,"Unfished reference","Oscillating (resource_decrease=0.005)"
611.2,0.049315811583386,"Unfished reference","Oscillating (resource_decrease=0.005)"
611.4,0.0511896823246444,"Unfished reference","Oscillating (resource_decrease=0.005)"
611.6,0.0560951033004649,"Unfished reference","Oscillating (resource_decrease=0.005)"
611.8,0.0640868431375205,"Unfished reference","Oscillating (resource_decrease=0.005)"
612,0.0745838671732848,"Unfished reference","Oscillating (resource_decrease=0.005)"
612.2,0.0862905772937105,"Unfished reference","Oscillating (resource_decrease=0.005)"
612.4,0.097403031097906,"Unfished reference","Oscillating (resource_decrease=0.005)"
612.6,0.106005503227388,"Unfished reference","Oscillating (resource_decrease=0.005)"
612.8,0.110459600662737,"Unfished reference","Oscillating (resource_decrease=0.005)"
613,0.110060846147904,"Unfished reference","Oscillating (resource_decrease=0.005)"
613.2,0.1065153027542,"Unfished reference","Oscillating (resource_decrease=0.005)"
613.4,0.103567780365021,"Unfished reference","Oscillating (resource_decrease=0.005)"
613.6,0.103363702306626,"Unfished reference","Oscillating (resource_decrease=0.005)"
613.8,0.105503032978958,"Unfished reference","Oscillating (resource_decrease=0.005)"
614,0.108586957274579,"Unfished reference","Oscillating (resource_decrease=0.005)"
614.2,0.111168681142842,"Unfished reference","Oscillating (resource_decrease=0.005)"
614.4,0.112151865434023,"Unfished reference","Oscillating (resource_decrease=0.005)"
614.6,0.110898459971996,"Unfished reference","Oscillating (resource_decrease=0.005)"
614.8,0.107205953542045,"Unfished reference","Oscillating (resource_decrease=0.005)"
615,0.101399155858435,"Unfished reference","Oscillating (resource_decrease=0.005)"
615.2,0.0943273273325861,"Unfished reference","Oscillating (resource_decrease=0.005)"
615.4,0.0870291565074883,"Unfished reference","Oscillating (resource_decrease=0.005)"
615.6,0.0802560587473153,"Unfished reference","Oscillating (resource_decrease=0.005)"
615.8,0.0742131879587568,"Unfished reference","Oscillating (resource_decrease=0.005)"
616,0.0686913602917038,"Unfished reference","Oscillating (resource_decrease=0.005)"
616.2,0.0634486211304261,"Unfished reference","Oscillating (resource_decrease=0.005)"
616.4,0.0584956238709461,"Unfished reference","Oscillating (resource_decrease=0.005)"
616.6,0.0541334552921799,"Unfished reference","Oscillating (resource_decrease=0.005)"
616.8,0.0508685311560037,"Unfished reference","Oscillating (resource_decrease=0.005)"
617,0.0493170824973816,"Unfished reference","Oscillating (resource_decrease=0.005)"
617.2,0.0501163282354727,"Unfished reference","Oscillating (resource_decrease=0.005)"
617.4,0.0538042093213914,"Unfished reference","Oscillating (resource_decrease=0.005)"
617.6,0.0606209191048454,"Unfished reference","Oscillating (resource_decrease=0.005)"
617.8,0.0702561777175641,"Unfished reference","Oscillating (resource_decrease=0.005)"
618,0.0816851138577209,"Unfished reference","Oscillating (resource_decrease=0.005)"
618.2,0.0932606347730686,"Unfished reference","Oscillating (resource_decrease=0.005)"
618.4,0.103061332831108,"Unfished reference","Oscillating (resource_decrease=0.005)"
618.6,0.109294206174909,"Unfished reference","Oscillating (resource_decrease=0.005)"
618.8,0.110756134000637,"Unfished reference","Oscillating (resource_decrease=0.005)"
619,0.108039809147545,"Unfished reference","Oscillating (resource_decrease=0.005)"
619.2,0.104441098981986,"Unfished reference","Oscillating (resource_decrease=0.005)"
619.4,0.103104110209174,"Unfished reference","Oscillating (resource_decrease=0.005)"
619.6,0.104471320349112,"Unfished reference","Oscillating (resource_decrease=0.005)"
619.8,0.107367949985099,"Unfished reference","Oscillating (resource_decrease=0.005)"
620,0.110301063171558,"Unfished reference","Oscillating (resource_decrease=0.005)"
620.2,0.11200861347616,"Unfished reference","Oscillating (resource_decrease=0.005)"
620.4,0.111677008072421,"Unfished reference","Oscillating (resource_decrease=0.005)"
620.6,0.108929883626475,"Unfished reference","Oscillating (resource_decrease=0.005)"
620.8,0.103872419404896,"Unfished reference","Oscillating (resource_decrease=0.005)"
621,0.0971704222526186,"Unfished reference","Oscillating (resource_decrease=0.005)"
621.2,0.0898458514133017,"Unfished reference","Oscillating (resource_decrease=0.005)"
621.4,0.0828119485876419,"Unfished reference","Oscillating (resource_decrease=0.005)"
621.6,0.0764933336289359,"Unfished reference","Oscillating (resource_decrease=0.005)"
621.8,0.0708040334009905,"Unfished reference","Oscillating (resource_decrease=0.005)"
622,0.0654682252326049,"Unfished reference","Oscillating (resource_decrease=0.005)"
622.2,0.0603809579984499,"Unfished reference","Oscillating (resource_decrease=0.005)"
622.4,0.0557369691782758,"Unfished reference","Oscillating (resource_decrease=0.005)"
622.6,0.051974514696069,"Unfished reference","Oscillating (resource_decrease=0.005)"
622.8,0.0496774761681986,"Unfished reference","Oscillating (resource_decrease=0.005)"
623,0.0494862161719333,"Unfished reference","Oscillating (resource_decrease=0.005)"
623.2,0.0519960941895511,"Unfished reference","Oscillating (resource_decrease=0.005)"
623.4,0.0575925492601922,"Unfished reference","Oscillating (resource_decrease=0.005)"
623.6,0.0662089043353857,"Unfished reference","Oscillating (resource_decrease=0.005)"
623.8,0.0771049918390476,"Unfished reference","Oscillating (resource_decrease=0.005)"
624,0.0888462729841003,"Unfished reference","Oscillating (resource_decrease=0.005)"
624.2,0.0995682858106522,"Unfished reference","Oscillating (resource_decrease=0.005)"
624.4,0.107383977713846,"Unfished reference","Oscillating (resource_decrease=0.005)"
624.6,0.110777058143881,"Unfished reference","Oscillating (resource_decrease=0.005)"
624.8,0.109432614086669,"Unfished reference","Oscillating (resource_decrease=0.005)"
625,0.105695591307391,"Unfished reference","Oscillating (resource_decrease=0.005)"
625.2,0.103272729780041,"Unfished reference","Oscillating (resource_decrease=0.005)"
625.4,0.103674984822364,"Unfished reference","Oscillating (resource_decrease=0.005)"
625.6,0.106151716388913,"Unfished reference","Oscillating (resource_decrease=0.005)"
625.8,0.109241413433859,"Unfished reference","Oscillating (resource_decrease=0.005)"
626,0.111550147618338,"Unfished reference","Oscillating (resource_decrease=0.005)"
626.2,0.112082465752742,"Unfished reference","Oscillating (resource_decrease=0.005)"
626.4,0.110295236073365,"Unfished reference","Oscillating (resource_decrease=0.005)"
626.6,0.106090828606629,"Unfished reference","Oscillating (resource_decrease=0.005)"
626.8,0.0999199712654,"Unfished reference","Oscillating (resource_decrease=0.005)"
627,0.0927126565037391,"Unfished reference","Oscillating (resource_decrease=0.005)"
627.2,0.0854828739003764,"Unfished reference","Oscillating (resource_decrease=0.005)"
627.4,0.0788714682747294,"Unfished reference","Oscillating (resource_decrease=0.005)"
627.6,0.0729682995592955,"Unfished reference","Oscillating (resource_decrease=0.005)"
627.8,0.067522211236258,"Unfished reference","Oscillating (resource_decrease=0.005)"
628,0.0623311856239122,"Unfished reference","Oscillating (resource_decrease=0.005)"
628.2,0.057473261878333,"Unfished reference","Oscillating (resource_decrease=0.005)"
628.4,0.0533031689661022,"Unfished reference","Oscillating (resource_decrease=0.005)"
628.6,0.0503591198402361,"Unfished reference","Oscillating (resource_decrease=0.005)"
628.8,0.0492698036766815,"Unfished reference","Oscillating (resource_decrease=0.005)"
629,0.0506631537192643,"Unfished reference","Oscillating (resource_decrease=0.005)"
629.2,0.0550318721061706,"Unfished reference","Oscillating (resource_decrease=0.005)"
629.4,0.0625169280084136,"Unfished reference","Oscillating (resource_decrease=0.005)"
629.6,0.0726585025905769,"Unfished reference","Oscillating (resource_decrease=0.005)"
629.8,0.0842766885950937,"Unfished reference","Oscillating (resource_decrease=0.005)"
630,0.0956287689293575,"Unfished reference","Oscillating (resource_decrease=0.005)"
630.2,0.104789143393579,"Unfished reference","Oscillating (resource_decrease=0.005)"
630.4,0.110043164660254,"Unfished reference","Oscillating (resource_decrease=0.005)"
630.6,0.1104399074942,"Unfished reference","Oscillating (resource_decrease=0.005)"
630.8,0.107182850307074,"Unfished reference","Oscillating (resource_decrease=0.005)"
631,0.10389742564325,"Unfished reference","Oscillating (resource_decrease=0.005)"
631.2,0.103200661749073,"Unfished reference","Oscillating (resource_decrease=0.005)"
631.4,0.10502779914526,"Unfished reference","Oscillating (resource_decrease=0.005)"
631.6,0.108058000177605,"Unfished reference","Oscillating (resource_decrease=0.005)"
631.8,0.110816048657948,"Unfished reference","Oscillating (resource_decrease=0.005)"
632,0.112130025014053,"Unfished reference","Oscillating (resource_decrease=0.005)"
632.2,0.111286078077591,"Unfished reference","Oscillating (resource_decrease=0.005)"
632.4,0.108003877654519,"Unfished reference","Oscillating (resource_decrease=0.005)"
632.6,0.102510595546159,"Unfished reference","Oscillating (resource_decrease=0.005)"
632.8,0.0955805012136597,"Unfished reference","Oscillating (resource_decrease=0.005)"
633,0.0882545609880232,"Unfished reference","Oscillating (resource_decrease=0.005)"
633.2,0.0813614901251819,"Unfished reference","Oscillating (resource_decrease=0.005)"
633.4,0.0752013706876418,"Unfished reference","Oscillating (resource_decrease=0.005)"
633.6,0.0696116682539558,"Unfished reference","Oscillating (resource_decrease=0.005)"
633.8,0.064329095657773,"Unfished reference","Oscillating (resource_decrease=0.005)"
634,0.0593124039982095,"Unfished reference","Oscillating (resource_decrease=0.005)"
634.2,0.0548176762672969,"Unfished reference","Oscillating (resource_decrease=0.005)"
634.4,0.051323320820646,"Unfished reference","Oscillating (resource_decrease=0.005)"
634.6,0.0494329991982599,"Unfished reference","Oscillating (resource_decrease=0.005)"
634.8,0.0497872823291732,"Unfished reference","Oscillating (resource_decrease=0.005)"
635,0.0529526796140635,"Unfished reference","Oscillating (resource_decrease=0.005)"
635.2,0.0592379141992427,"Unfished reference","Oscillating (resource_decrease=0.005)"
635.4,0.0684434245387004,"Unfished reference","Oscillating (resource_decrease=0.005)"
635.6,0.0796684870896054,"Unfished reference","Oscillating (resource_decrease=0.005)"
635.8,0.0913529752994294,"Unfished reference","Oscillating (resource_decrease=0.005)"
636,0.101592477044387,"Unfished reference","Oscillating (resource_decrease=0.005)"
636.2,0.108545972723456,"Unfished reference","Oscillating (resource_decrease=0.005)"
636.4,0.110854947175773,"Unfished reference","Oscillating (resource_decrease=0.005)"
636.6,0.108681797964058,"Unfished reference","Oscillating (resource_decrease=0.005)"
636.8,0.104950728755347,"Unfished reference","Oscillating (resource_decrease=0.005)"
637,0.10312263206107,"Unfished reference","Oscillating (resource_decrease=0.005)"
637.2,0.104088118987197,"Unfished reference","Oscillating (resource_decrease=0.005)"
637.4,0.106829494953667,"Unfished reference","Oscillating (resource_decrease=0.005)"
637.6,0.10985661424893,"Unfished reference","Oscillating (resource_decrease=0.005)"
637.8,0.111844419526755,"Unfished reference","Oscillating (resource_decrease=0.005)"
638,0.111899929461969,"Unfished reference","Oscillating (resource_decrease=0.005)"
638.2,0.109573557186784,"Unfished reference","Oscillating (resource_decrease=0.005)"
638.4,0.104879090924745,"Unfished reference","Oscillating (resource_decrease=0.005)"
638.6,0.0983905838281244,"Unfished reference","Oscillating (resource_decrease=0.005)"
638.8,0.0910984917195557,"Unfished reference","Oscillating (resource_decrease=0.005)"
639,0.0839686558900647,"Unfished reference","Oscillating (resource_decrease=0.005)"
639.2,0.0775223514876877,"Unfished reference","Oscillating (resource_decrease=0.005)"
639.4,0.071745092627859,"Unfished reference","Oscillating (resource_decrease=0.005)"
639.6,0.0663641226507188,"Unfished reference","Oscillating (resource_decrease=0.005)"
639.8,0.0612286805914612,"Unfished reference","Oscillating (resource_decrease=0.005)"
640,0.0564832876606499,"Unfished reference","Oscillating (resource_decrease=0.005)"
640.2,0.0525315083373444,"Unfished reference","Oscillating (resource_decrease=0.005)"
640.4,0.0499388926690503,"Unfished reference","Oscillating (resource_decrease=0.005)"
640.6,0.0493423946146854,"Unfished reference","Oscillating (resource_decrease=0.005)"
640.8,0.0513543920378769,"Unfished reference","Oscillating (resource_decrease=0.005)"
641,0.0564117708827827,"Unfished reference","Oscillating (resource_decrease=0.005)"
641.2,0.0645436070891639,"Unfished reference","Oscillating (resource_decrease=0.005)"
641.4,0.0751341232794211,"Unfished reference","Oscillating (resource_decrease=0.005)"
641.6,0.0868561485709887,"Unfished reference","Oscillating (resource_decrease=0.005)"
641.8,0.0978906682843252,"Unfished reference","Oscillating (resource_decrease=0.005)"
642,0.106326749693139,"Unfished reference","Oscillating (resource_decrease=0.005)"
642.2,0.110550309136778,"Unfished reference","Oscillating (resource_decrease=0.005)"
642.4,0.109935237697941,"Unfished reference","Oscillating (resource_decrease=0.005)"
642.6,0.106330276741016,"Unfished reference","Oscillating (resource_decrease=0.005)"
642.8,0.103490416733877,"Unfished reference","Oscillating (resource_decrease=0.005)"
643,0.103422730732204,"Unfished reference","Oscillating (resource_decrease=0.005)"
643.2,0.105642461272016,"Unfished reference","Oscillating (resource_decrease=0.005)"
643.4,0.108733673512601,"Unfished reference","Oscillating (resource_decrease=0.005)"
643.6,0.111259698784051,"Unfished reference","Oscillating (resource_decrease=0.005)"
643.8,0.112146110864623,"Unfished reference","Oscillating (resource_decrease=0.005)"
644,0.110775942000965,"Unfished reference","Oscillating (resource_decrease=0.005)"
644.2,0.106969232936967,"Unfished reference","Oscillating (resource_decrease=0.005)"
644.4,0.101078531043036,"Unfished reference","Oscillating (resource_decrease=0.005)"
644.6,0.0939724500635525,"Unfished reference","Oscillating (resource_decrease=0.005)"
644.8,0.0866863237614569,"Unfished reference","Oscillating (resource_decrease=0.005)"
645,0.0799482242677363,"Unfished reference","Oscillating (resource_decrease=0.005)"
645.2,0.0739371932287789,"Unfished reference","Oscillating (resource_decrease=0.005)"
645.4,0.0684330663208861,"Unfished reference","Oscillating (resource_decrease=0.005)"
645.6,0.0632015481191544,"Unfished reference","Oscillating (resource_decrease=0.005)"
645.8,0.0582681037489939,"Unfished reference","Oscillating (resource_decrease=0.005)"
646,0.0539460268729495,"Unfished reference","Oscillating (resource_decrease=0.005)"
646.2,0.0507491225007416,"Unfished reference","Oscillating (resource_decrease=0.005)"
646.4,0.0492967172042305,"Unfished reference","Oscillating (resource_decrease=0.005)"
646.6,0.0502244861844492,"Unfished reference","Oscillating (resource_decrease=0.005)"
646.8,0.0540612736075423,"Unfished reference","Oscillating (resource_decrease=0.005)"
647,0.0610265341523798,"Unfished reference","Oscillating (resource_decrease=0.005)"
647.2,0.0707777512140324,"Unfished reference","Oscillating (resource_decrease=0.005)"
647.4,0.0822554387347178,"Unfished reference","Oscillating (resource_decrease=0.005)"
647.6,0.0937898746948932,"Unfished reference","Oscillating (resource_decrease=0.005)"
647.8,0.103457057270329,"Unfished reference","Oscillating (resource_decrease=0.005)"
648,0.109479537759049,"Unfished reference","Oscillating (resource_decrease=0.005)"
648.2,0.110704172868911,"Unfished reference","Oscillating (resource_decrease=0.005)"
648.4,0.107853143043849,"Unfished reference","Oscillating (resource_decrease=0.005)"
648.6,0.104310355180032,"Unfished reference","Oscillating (resource_decrease=0.005)"
648.8,0.103114019607075,"Unfished reference","Oscillating (resource_decrease=0.005)"
649,0.104587961130536,"Unfished reference","Oscillating (resource_decrease=0.005)"
649.2,0.107520281865361,"Unfished reference","Oscillating (resource_decrease=0.005)"
649.4,0.110420000178922,"Unfished reference","Oscillating (resource_decrease=0.005)"
649.6,0.11204409758858,"Unfished reference","Oscillating (resource_decrease=0.005)"
649.8,0.111601160583932,"Unfished reference","Oscillating (resource_decrease=0.005)"
650,0.10873568918475,"Unfished reference","Oscillating (resource_decrease=0.005)"
650.2,0.103579294243044,"Unfished reference","Oscillating (resource_decrease=0.005)"
650.4,0.0968226579172737,"Unfished reference","Oscillating (resource_decrease=0.005)"
650.6,0.0894940161508954,"Unfished reference","Oscillating (resource_decrease=0.005)"
650.8,0.0824895694558201,"Unfished reference","Oscillating (resource_decrease=0.005)"
651,0.0762064592542662,"Unfished reference","Oscillating (resource_decrease=0.005)"
651.2,0.0705403356131306,"Unfished reference","Oscillating (resource_decrease=0.005)"
651.4,0.0652166007539126,"Unfished reference","Oscillating (resource_decrease=0.005)"
651.6,0.0601439272945864,"Unfished reference","Oscillating (resource_decrease=0.005)"
651.8,0.0555308728589533,"Unfished reference","Oscillating (resource_decrease=0.005)"
652,0.0518249445381373,"Unfished reference","Oscillating (resource_decrease=0.005)"
652.2,0.0496147329579396,"Unfished reference","Oscillating (resource_decrease=0.005)"
652.4,0.0495410592148144,"Unfished reference","Oscillating (resource_decrease=0.005)"
652.6,0.0521936393621735,"Unfished reference","Oscillating (resource_decrease=0.005)"
652.8,0.0579420845341782,"Unfished reference","Oscillating (resource_decrease=0.005)"
653,0.0666914157055656,"Unfished reference","Oscillating (resource_decrease=0.005)"
653.2,0.077666145213225,"Unfished reference","Oscillating (resource_decrease=0.005)"
653.4,0.0894028512049018,"Unfished reference","Oscillating (resource_decrease=0.005)"
653.6,0.100026512630525,"Unfished reference","Oscillating (resource_decrease=0.005)"
653.8,0.107658729350267,"Unfished reference","Oscillating (resource_decrease=0.005)"
654,0.110814499617725,"Unfished reference","Oscillating (resource_decrease=0.005)"
654.2,0.109276399414836,"Unfished reference","Oscillating (resource_decrease=0.005)"
654.4,0.105524086269205,"Unfished reference","Oscillating (resource_decrease=0.005)"
654.6,0.103227302595439,"Unfished reference","Oscillating (resource_decrease=0.005)"
654.8,0.103757675628753,"Unfished reference","Oscillating (resource_decrease=0.005)"
655,0.106298943809895,"Unfished reference","Oscillating (resource_decrease=0.005)"
655.2,0.109380623999115,"Unfished reference","Oscillating (resource_decrease=0.005)"
655.4,0.111622664924938,"Unfished reference","Oscillating (resource_decrease=0.005)"
655.6,0.112052127520054,"Unfished reference","Oscillating (resource_decrease=0.005)"
655.8,0.110146525500706,"Unfished reference","Oscillating (resource_decrease=0.005)"
656,0.105832174769057,"Unfished reference","Oscillating (resource_decrease=0.005)"
656.2,0.0995873040862468,"Unfished reference","Oscillating (resource_decrease=0.005)"
656.4,0.0923570492046784,"Unfished reference","Oscillating (resource_decrease=0.005)"
656.6,0.0851467613376895,"Unfished reference","Oscillating (resource_decrease=0.005)"
656.8,0.0785715924325152,"Unfished reference","Oscillating (resource_decrease=0.005)"
657,0.072697366979192,"Unfished reference","Oscillating (resource_decrease=0.005)"
657.2,0.0672664324162765,"Unfished reference","Oscillating (resource_decrease=0.005)"
657.4,0.0620871892779029,"Unfished reference","Oscillating (resource_decrease=0.005)"
657.6,0.0572524459827659,"Unfished reference","Oscillating (resource_decrease=0.005)"
657.8,0.0531280966804266,"Unfished reference","Oscillating (resource_decrease=0.005)"
658,0.050258747056601,"Unfished reference","Oscillating (resource_decrease=0.005)"
658.2,0.0492752701097973,"Unfished reference","Oscillating (resource_decrease=0.005)"
658.4,0.0508027412845616,"Unfished reference","Oscillating (resource_decrease=0.005)"
658.6,0.0553225198328747,"Unfished reference","Oscillating (resource_decrease=0.005)"
658.8,0.0629520273254919,"Unfished reference","Oscillating (resource_decrease=0.005)"
659,0.0731975874122012,"Unfished reference","Oscillating (resource_decrease=0.005)"
659.2,0.0848461016281203,"Unfished reference","Oscillating (resource_decrease=0.005)"
659.4,0.0961363592496518,"Unfished reference","Oscillating (resource_decrease=0.005)"
659.6,0.105144406415877,"Unfished reference","Oscillating (resource_decrease=0.005)"
659.8,0.110175648484582,"Unfished reference","Oscillating (resource_decrease=0.005)"
660,0.110343943679018,"Unfished reference","Oscillating (resource_decrease=0.005)"
660.2,0.106993304315666,"Unfished reference","Oscillating (resource_decrease=0.005)"
660.4,0.103795763464814,"Unfished reference","Oscillating (resource_decrease=0.005)"
660.6,0.103239170284524,"Unfished reference","Oscillating (resource_decrease=0.005)"
660.8,0.105158643814642,"Unfished reference","Oscillating (resource_decrease=0.005)"
661,0.108208442614369,"Unfished reference","Oscillating (resource_decrease=0.005)"
661.2,0.110920148127644,"Unfished reference","Oscillating (resource_decrease=0.005)"
661.4,0.112142783594548,"Unfished reference","Oscillating (resource_decrease=0.005)"
661.6,0.111184065000222,"Unfished reference","Oscillating (resource_decrease=0.005)"
661.8,0.107785312840688,"Unfished reference","Oscillating (resource_decrease=0.005)"
662,0.102201093930548,"Unfished reference","Oscillating (resource_decrease=0.005)"
662.2,0.095227789047143,"Unfished reference","Oscillating (resource_decrease=0.005)"
662.4,0.0879072449053314,"Unfished reference","Oscillating (resource_decrease=0.005)"
662.6,0.0810472850135275,"Unfished reference","Oscillating (resource_decrease=0.005)"
662.8,0.0749208989480946,"Unfished reference","Oscillating (resource_decrease=0.005)"
663,0.069351187224567,"Unfished reference","Oscillating (resource_decrease=0.005)"
663.2,0.0640799192766559,"Unfished reference","Oscillating (resource_decrease=0.005)"
663.4,0.0590803595090872,"Unfished reference","Oscillating (resource_decrease=0.005)"
663.6,0.0546215570739588,"Unfished reference","Oscillating (resource_decrease=0.005)"
663.8,0.0511901130690332,"Unfished reference","Oscillating (resource_decrease=0.005)"
664,0.0493934882348711,"Unfished reference","Oscillating (resource_decrease=0.005)"
664.2,0.0498716328082226,"Unfished reference","Oscillating (resource_decrease=0.005)"
664.4,0.0531835589232511,"Unfished reference","Oscillating (resource_decrease=0.005)"
664.6,0.0596194345360004,"Unfished reference","Oscillating (resource_decrease=0.005)"
664.8,0.0689490449793189,"Unfished reference","Oscillating (resource_decrease=0.005)"
665,0.0802364582511989,"Unfished reference","Oscillating (resource_decrease=0.005)"
665.2,0.091895974104779,"Unfished reference","Oscillating (resource_decrease=0.005)"
665.4,0.102017140491215,"Unfished reference","Oscillating (resource_decrease=0.005)"
665.6,0.108771391177994,"Unfished reference","Oscillating (resource_decrease=0.005)"
665.8,0.11084085389976,"Unfished reference","Oscillating (resource_decrease=0.005)"
666,0.108504495666832,"Unfished reference","Oscillating (resource_decrease=0.005)"
666.2,0.104799961262249,"Unfished reference","Oscillating (resource_decrease=0.005)"
666.4,0.103108806358876,"Unfished reference","Oscillating (resource_decrease=0.005)"
666.6,0.104191222433663,"Unfished reference","Oscillating (resource_decrease=0.005)"
666.8,0.106980953083758,"Unfished reference","Oscillating (resource_decrease=0.005)"
667,0.109985461130325,"Unfished reference","Oscillating (resource_decrease=0.005)"
667.2,0.111896718716323,"Unfished reference","Oscillating (resource_decrease=0.005)"
667.4,0.111844244063405,"Unfished reference","Oscillating (resource_decrease=0.005)"
667.6,0.109399033974726,"Unfished reference","Oscillating (resource_decrease=0.005)"
667.8,0.104600282704351,"Unfished reference","Oscillating (resource_decrease=0.005)"
668,0.0980484324398223,"Unfished reference","Oscillating (resource_decrease=0.005)"
668.2,0.0907442668128269,"Unfished reference","Oscillating (resource_decrease=0.005)"
668.4,0.0836400612095504,"Unfished reference","Oscillating (resource_decrease=0.005)"
668.6,0.0772300064805053,"Unfished reference","Oscillating (resource_decrease=0.005)"
668.8,0.0714784867183077,"Unfished reference","Oscillating (resource_decrease=0.005)"
669,0.0661106848868641,"Unfished reference","Oscillating (resource_decrease=0.005)"
669.2,0.0609883265143042,"Unfished reference","Oscillating (resource_decrease=0.005)"
669.4,0.0562702799594383,"Unfished reference","Oscillating (resource_decrease=0.005)"
669.6,0.0523702000912364,"Unfished reference","Oscillating (resource_decrease=0.005)"
669.8,0.0498590710184609,"Unfished reference","Oscillating (resource_decrease=0.005)"
670,0.0493750848159953,"Unfished reference","Oscillating (resource_decrease=0.005)"
670.2,0.0515262734236911,"Unfished reference","Oscillating (resource_decrease=0.005)"
670.4,0.0567357290651081,"Unfished reference","Oscillating (resource_decrease=0.005)"
670.6,0.0650062441684613,"Unfished reference","Oscillating (resource_decrease=0.005)"
670.8,0.0756871155856763,"Unfished reference","Oscillating (resource_decrease=0.005)"
671,0.0874201340913286,"Unfished reference","Oscillating (resource_decrease=0.005)"
671.2,0.0983721980809264,"Unfished reference","Oscillating (resource_decrease=0.005)"
671.4,0.106638031086048,"Unfished reference","Oscillating (resource_decrease=0.005)"
671.6,0.110629227267289,"Unfished reference","Oscillating (resource_decrease=0.005)"
671.8,0.109802136087586,"Unfished reference","Oscillating (resource_decrease=0.005)"
672,0.106147521820278,"Unfished reference","Oscillating (resource_decrease=0.005)"
672.2,0.103420047009636,"Unfished reference","Oscillating (resource_decrease=0.005)"
672.4,0.103487231922158,"Unfished reference","Oscillating (resource_decrease=0.005)"
672.6,0.105783914657085,"Unfished reference","Oscillating (resource_decrease=0.005)"
672.8,0.108878995010619,"Unfished reference","Oscillating (resource_decrease=0.005)"
673,0.111346804577382,"Unfished reference","Oscillating (resource_decrease=0.005)"
673.2,0.112135022148094,"Unfished reference","Oscillating (resource_decrease=0.005)"
673.4,0.110647642343052,"Unfished reference","Oscillating (resource_decrease=0.005)"
673.6,0.106727547208808,"Unfished reference","Oscillating (resource_decrease=0.005)"
673.8,0.100755039286459,"Unfished reference","Oscillating (resource_decrease=0.005)"
674,0.0936172199830173,"Unfished reference","Oscillating (resource_decrease=0.005)"
674.2,0.0863448852727092,"Unfished reference","Oscillating (resource_decrease=0.005)"
674.4,0.0796421679493843,"Unfished reference","Oscillating (resource_decrease=0.005)"
674.6,0.0736623777072193,"Unfished reference","Oscillating (resource_decrease=0.005)"
674.8,0.0681753492034172,"Unfished reference","Oscillating (resource_decrease=0.005)"
675,0.0629551111420313,"Unfished reference","Oscillating (resource_decrease=0.005)"
675.2,0.0580419690174993,"Unfished reference","Oscillating (resource_decrease=0.005)"
675.4,0.0537611991643909,"Unfished reference","Oscillating (resource_decrease=0.005)"
675.6,0.0506337732054453,"Unfished reference","Oscillating (resource_decrease=0.005)"
675.8,0.049281914189908,"Unfished reference","Oscillating (resource_decrease=0.005)"
676,0.0503394778964837,"Unfished reference","Oscillating (resource_decrease=0.005)"
676.2,0.0543257359812975,"Unfished reference","Oscillating (resource_decrease=0.005)"
676.4,0.0614387847914751,"Unfished reference","Oscillating (resource_decrease=0.005)"
676.6,0.0713034718040767,"Unfished reference","Oscillating (resource_decrease=0.005)"
676.8,0.0828259456403674,"Unfished reference","Oscillating (resource_decrease=0.005)"
677,0.0943147343423527,"Unfished reference","Oscillating (resource_decrease=0.005)"
677.2,0.103844194105986,"Unfished reference","Oscillating (resource_decrease=0.005)"
677.4,0.10965335437292,"Unfished reference","Oscillating (resource_decrease=0.005)"
677.6,0.110642034022206,"Unfished reference","Oscillating (resource_decrease=0.005)"
677.8,0.107664972295253,"Unfished reference","Oscillating (resource_decrease=0.005)"
678,0.104185734828567,"Unfished reference","Oscillating (resource_decrease=0.005)"
678.2,0.103130419081776,"Unfished reference","Oscillating (resource_decrease=0.005)"
678.4,0.104708034171358,"Unfished reference","Oscillating (resource_decrease=0.005)"
678.6,0.107672484046288,"Unfished reference","Oscillating (resource_decrease=0.005)"
678.8,0.110535870048389,"Unfished reference","Oscillating (resource_decrease=0.005)"
679,0.11207468703845,"Unfished reference","Oscillating (resource_decrease=0.005)"
679.2,0.111519578326962,"Unfished reference","Oscillating (resource_decrease=0.005)"
679.4,0.108536040402812,"Unfished reference","Oscillating (resource_decrease=0.005)"
679.6,0.103282368532805,"Unfished reference","Oscillating (resource_decrease=0.005)"
679.8,0.096473590093978,"Unfished reference","Oscillating (resource_decrease=0.005)"
680,0.0891430433577428,"Unfished reference","Oscillating (resource_decrease=0.005)"
680.2,0.0821689776837477,"Unfished reference","Oscillating (resource_decrease=0.005)"
680.4,0.075921055395951,"Unfished reference","Oscillating (resource_decrease=0.005)"
680.6,0.0702773916457922,"Unfished reference","Oscillating (resource_decrease=0.005)"
680.8,0.0649654983523668,"Unfished reference","Oscillating (resource_decrease=0.005)"
681,0.0599079204638468,"Unfished reference","Oscillating (resource_decrease=0.005)"
681.2,0.0553268626045811,"Unfished reference","Oscillating (resource_decrease=0.005)"
681.4,0.0516788479087752,"Unfished reference","Oscillating (resource_decrease=0.005)"
681.6,0.0495569742798855,"Unfished reference","Oscillating (resource_decrease=0.005)"
681.8,0.0496022924338991,"Unfished reference","Oscillating (resource_decrease=0.005)"
682,0.0523984857471003,"Unfished reference","Oscillating (resource_decrease=0.005)"
682.2,0.0582987471734904,"Unfished reference","Oscillating (resource_decrease=0.005)"
682.4,0.0671792523058353,"Unfished reference","Oscillating (resource_decrease=0.005)"
682.6,0.0782291569049054,"Unfished reference","Oscillating (resource_decrease=0.005)"
682.8,0.0899568343926447,"Unfished reference","Oscillating (resource_decrease=0.005)"
683,0.100477703522303,"Unfished reference","Oscillating (resource_decrease=0.005)"
683.2,0.107922850651616,"Unfished reference","Oscillating (resource_decrease=0.005)"
683.4,0.110840393499325,"Unfished reference","Oscillating (resource_decrease=0.005)"
683.6,0.109114691934259,"Unfished reference","Oscillating (resource_decrease=0.005)"
683.8,0.105356586335983,"Unfished reference","Oscillating (resource_decrease=0.005)"
684,0.10318889933979,"Unfished reference","Oscillating (resource_decrease=0.005)"
684.2,0.103845145743204,"Unfished reference","Oscillating (resource_decrease=0.005)"
684.4,0.106447406380584,"Unfished reference","Oscillating (resource_decrease=0.005)"
684.6,0.109517790854583,"Unfished reference","Oscillating (resource_decrease=0.005)"
684.8,0.11169087214273,"Unfished reference","Oscillating (resource_decrease=0.005)"
685,0.112016269467603,"Unfished reference","Oscillating (resource_decrease=0.005)"
685.2,0.109992091273614,"Unfished reference","Oscillating (resource_decrease=0.005)"
685.4,0.105568923357395,"Unfished reference","Oscillating (resource_decrease=0.005)"
685.6,0.0992523288669237,"Unfished reference","Oscillating (resource_decrease=0.005)"
685.8,0.092001572685281,"Unfished reference","Oscillating (resource_decrease=0.005)"
686,0.0848122458293891,"Unfished reference","Oscillating (resource_decrease=0.005)"
686.2,0.07827341703906,"Unfished reference","Oscillating (resource_decrease=0.005)"
686.4,0.0724274478598902,"Unfished reference","Oscillating (resource_decrease=0.005)"
686.6,0.0670111779040692,"Unfished reference","Oscillating (resource_decrease=0.005)"
686.8,0.0618439408971073,"Unfished reference","Oscillating (resource_decrease=0.005)"
687,0.0570332505312098,"Unfished reference","Oscillating (resource_decrease=0.005)"
687.2,0.0529559310747929,"Unfished reference","Oscillating (resource_decrease=0.005)"
687.4,0.0501627668392508,"Unfished reference","Oscillating (resource_decrease=0.005)"
687.6,0.0492866103946286,"Unfished reference","Oscillating (resource_decrease=0.005)"
687.8,0.0509493677879751,"Unfished reference","Oscillating (resource_decrease=0.005)"
688,0.0556205327779695,"Unfished reference","Oscillating (resource_decrease=0.005)"
688.2,0.0633933676100158,"Unfished reference","Oscillating (resource_decrease=0.005)"
688.4,0.0737400526673673,"Unfished reference","Oscillating (resource_decrease=0.005)"
688.6,0.0854147106273675,"Unfished reference","Oscillating (resource_decrease=0.005)"
688.8,0.0966385888918032,"Unfished reference","Oscillating (resource_decrease=0.005)"
689,0.105490281987171,"Unfished reference","Oscillating (resource_decrease=0.005)"
689.2,0.110296366567378,"Unfished reference","Oscillating (resource_decrease=0.005)"
689.4,0.11023915444777,"Unfished reference","Oscillating (resource_decrease=0.005)"
689.6,0.106804456550968,"Unfished reference","Oscillating (resource_decrease=0.005)"
689.8,0.103700855631158,"Unfished reference","Oscillating (resource_decrease=0.005)"
690,0.103283639776471,"Unfished reference","Oscillating (resource_decrease=0.005)"
690.2,0.105292132618274,"Unfished reference","Oscillating (resource_decrease=0.005)"
690.4,0.108358029058778,"Unfished reference","Oscillating (resource_decrease=0.005)"
690.6,0.111020683937901,"Unfished reference","Oscillating (resource_decrease=0.005)"
690.8,0.112150383431908,"Unfished reference","Oscillating (resource_decrease=0.005)"
691,0.111076268293527,"Unfished reference","Oscillating (resource_decrease=0.005)"
691.2,0.10756154170183,"Unfished reference","Oscillating (resource_decrease=0.005)"
691.4,0.101888303615408,"Unfished reference","Oscillating (resource_decrease=0.005)"
691.6,0.0948743189157459,"Unfished reference","Oscillating (resource_decrease=0.005)"
691.8,0.0875611164770147,"Unfished reference","Oscillating (resource_decrease=0.005)"
692,0.0807348844230796,"Unfished reference","Oscillating (resource_decrease=0.005)"
692.2,0.0746417373015561,"Unfished reference","Oscillating (resource_decrease=0.005)"
692.4,0.0690913482828969,"Unfished reference","Oscillating (resource_decrease=0.005)"
692.6,0.063831315106314,"Unfished reference","Oscillating (resource_decrease=0.005)"
692.8,0.0588495324278428,"Unfished reference","Oscillating (resource_decrease=0.005)"
693,0.0544278078680068,"Unfished reference","Oscillating (resource_decrease=0.005)"
693.2,0.0510607063558061,"Unfished reference","Oscillating (resource_decrease=0.005)"
693.4,0.0493592892285396,"Unfished reference","Oscillating (resource_decrease=0.005)"
693.6,0.0499626336173807,"Unfished reference","Oscillating (resource_decrease=0.005)"
693.8,0.0534218167786894,"Unfished reference","Oscillating (resource_decrease=0.005)"
694,0.0600078386262982,"Unfished reference","Oscillating (resource_decrease=0.005)"
694.2,0.0694593595783598,"Unfished reference","Oscillating (resource_decrease=0.005)"
694.4,0.080805361029115,"Unfished reference","Oscillating (resource_decrease=0.005)"
694.6,0.0924353705860854,"Unfished reference","Oscillating (resource_decrease=0.005)"
694.8,0.10243387833439,"Unfished reference","Oscillating (resource_decrease=0.005)"
695,0.108985624994857,"Unfished reference","Oscillating (resource_decrease=0.005)"
695.2,0.110815822577815,"Unfished reference","Oscillating (resource_decrease=0.005)"
695.4,0.108323913931332,"Unfished reference","Oscillating (resource_decrease=0.005)"
695.6,0.104654548807095,"Unfished reference","Oscillating (resource_decrease=0.005)"
695.8,0.103101781394313,"Unfished reference","Oscillating (resource_decrease=0.005)"
696,0.104298360821549,"Unfished reference","Oscillating (resource_decrease=0.005)"
696.2,0.107132870434635,"Unfished reference","Oscillating (resource_decrease=0.005)"
696.4,0.110111667612722,"Unfished reference","Oscillating (resource_decrease=0.005)"
696.6,0.111944360695248,"Unfished reference","Oscillating (resource_decrease=0.005)"
696.8,0.111782898981712,"Unfished reference","Oscillating (resource_decrease=0.005)"
697,0.109218911495467,"Unfished reference","Oscillating (resource_decrease=0.005)"
697.2,0.104317304332375,"Unfished reference","Oscillating (resource_decrease=0.005)"
697.4,0.0977045394975041,"Unfished reference","Oscillating (resource_decrease=0.005)"
697.6,0.0903906063490673,"Unfished reference","Oscillating (resource_decrease=0.005)"
697.8,0.0833131967721243,"Unfished reference","Oscillating (resource_decrease=0.005)"
698,0.0769392442590308,"Unfished reference","Oscillating (resource_decrease=0.005)"
698.2,0.0712127404859326,"Unfished reference","Oscillating (resource_decrease=0.005)"
698.4,0.065857755632394,"Unfished reference","Oscillating (resource_decrease=0.005)"
698.6,0.0607488639897333,"Unfished reference","Oscillating (resource_decrease=0.005)"
698.8,0.0560591474903765,"Unfished reference","Oscillating (resource_decrease=0.005)"
699,0.0522121140010246,"Unfished reference","Oscillating (resource_decrease=0.005)"
699.2,0.0497839753225993,"Unfished reference","Oscillating (resource_decrease=0.005)"
699.4,0.0494139461627498,"Unfished reference","Oscillating (resource_decrease=0.005)"
699.6,0.0517053591093663,"Unfished reference","Oscillating (resource_decrease=0.005)"
699.8,0.0570669485914975,"Unfished reference","Oscillating (resource_decrease=0.005)"
700,0.065474641101512,"Unfished reference","Oscillating (resource_decrease=0.005)"
700.2,0.0762426556206388,"Unfished reference","Oscillating (resource_decrease=0.005)"
700.4,0.0879823121041046,"Unfished reference","Oscillating (resource_decrease=0.005)"
700.6,0.0988474131652119,"Unfished reference","Oscillating (resource_decrease=0.005)"
700.8,0.106939193059581,"Unfished reference","Oscillating (resource_decrease=0.005)"
701,0.110696380099571,"Unfished reference","Oscillating (resource_decrease=0.005)"
701.2,0.10966195634208,"Unfished reference","Oscillating (resource_decrease=0.005)"
701.4,0.105967449545686,"Unfished reference","Oscillating (resource_decrease=0.005)"
701.6,0.103356702754324,"Unfished reference","Oscillating (resource_decrease=0.005)"
701.8,0.103557058902419,"Unfished reference","Oscillating (resource_decrease=0.005)"
702,0.105927218620032,"Unfished reference","Oscillating (resource_decrease=0.005)"
702.2,0.10902277472884,"Unfished reference","Oscillating (resource_decrease=0.005)"
702.4,0.111429906320392,"Unfished reference","Oscillating (resource_decrease=0.005)"
702.6,0.112118554612174,"Unfished reference","Oscillating (resource_decrease=0.005)"
702.8,0.110513568276654,"Unfished reference","Oscillating (resource_decrease=0.005)"
703,0.10648097176352,"Unfished reference","Oscillating (resource_decrease=0.005)"
703.2,0.100428802224405,"Unfished reference","Oscillating (resource_decrease=0.005)"
703.4,0.0932617472939829,"Unfished reference","Oscillating (resource_decrease=0.005)"
703.6,0.0860048916860615,"Unfished reference","Oscillating (resource_decrease=0.005)"
703.8,0.0793378766543492,"Unfished reference","Oscillating (resource_decrease=0.005)"
704,0.0733887044040911,"Unfished reference","Oscillating (resource_decrease=0.005)"
704.2,0.0679181943000496,"Unfished reference","Oscillating (resource_decrease=0.005)"
704.4,0.0627093319918517,"Unfished reference","Oscillating (resource_decrease=0.005)"
704.6,0.0578172695818777,"Unfished reference","Oscillating (resource_decrease=0.005)"
704.8,0.0535790385821002,"Unfished reference","Oscillating (resource_decrease=0.005)"
705,0.050522556467022,"Unfished reference","Oscillating (resource_decrease=0.005)"
705.2,0.0492727430346626,"Unfished reference","Oscillating (resource_decrease=0.005)"
705.4,0.0504613516010262,"Unfished reference","Oscillating (resource_decrease=0.005)"
705.6,0.0545975949850444,"Unfished reference","Oscillating (resource_decrease=0.005)"
705.8,0.0618575915899085,"Unfished reference","Oscillating (resource_decrease=0.005)"
706,0.0718331768569594,"Unfished reference","Oscillating (resource_decrease=0.005)"
706.2,0.0833964196508225,"Unfished reference","Oscillating (resource_decrease=0.005)"
706.4,0.0948349960797021,"Unfished reference","Oscillating (resource_decrease=0.005)"
706.6,0.104222562267645,"Unfished reference","Oscillating (resource_decrease=0.005)"
706.8,0.109815582532469,"Unfished reference","Oscillating (resource_decrease=0.005)"
707,0.110569978881577,"Unfished reference","Oscillating (resource_decrease=0.005)"
707.2,0.107475793265822,"Unfished reference","Oscillating (resource_decrease=0.005)"
707.4,0.104067410067447,"Unfished reference","Oscillating (resource_decrease=0.005)"
707.6,0.103153203405537,"Unfished reference","Oscillating (resource_decrease=0.005)"
707.8,0.104831367117459,"Unfished reference","Oscillating (resource_decrease=0.005)"
708,0.107824393650682,"Unfished reference","Oscillating (resource_decrease=0.005)"
708.2,0.110648558625918,"Unfished reference","Oscillating (resource_decrease=0.005)"
708.4,0.112100319879841,"Unfished reference","Oscillating (resource_decrease=0.005)"
708.6,0.111432245832041,"Unfished reference","Oscillating (resource_decrease=0.005)"
708.8,0.10833098587086,"Unfished reference","Oscillating (resource_decrease=0.005)"
709,0.102981751578877,"Unfished reference","Oscillating (resource_decrease=0.005)"
709.2,0.0961233407767956,"Unfished reference","Oscillating (resource_decrease=0.005)"
709.4,0.0887930102406079,"Unfished reference","Oscillating (resource_decrease=0.005)"
709.6,0.0818501822870566,"Unfished reference","Oscillating (resource_decrease=0.005)"
709.8,0.0756370879943325,"Unfished reference","Oscillating (resource_decrease=0.005)"
710,0.0700151744195557,"Unfished reference","Oscillating (resource_decrease=0.005)"
710.2,0.0647149259344182,"Unfished reference","Oscillating (resource_decrease=0.005)"
710.4,0.0596729778713522,"Unfished reference","Oscillating (resource_decrease=0.005)"
710.6,0.0551249996514711,"Unfished reference","Oscillating (resource_decrease=0.005)"
710.8,0.0515362964365425,"Unfished reference","Oscillating (resource_decrease=0.005)"
711,0.0495042726705764,"Unfished reference","Oscillating (resource_decrease=0.005)"
711.2,0.0496699752298501,"Unfished reference","Oscillating (resource_decrease=0.005)"
711.4,0.0526106550906764,"Unfished reference","Oscillating (resource_decrease=0.005)"
711.6,0.0586624906120493,"Unfished reference","Oscillating (resource_decrease=0.005)"
711.8,0.0676722822659915,"Unfished reference","Oscillating (resource_decrease=0.005)"
712,0.0787938267921116,"Unfished reference","Oscillating (resource_decrease=0.005)"
712.2,0.0905080003486146,"Unfished reference","Oscillating (resource_decrease=0.005)"
712.4,0.100921659112807,"Unfished reference","Oscillating (resource_decrease=0.005)"
712.6,0.108176208927138,"Unfished reference","Oscillating (resource_decrease=0.005)"
712.8,0.11085484046453,"Unfished reference","Oscillating (resource_decrease=0.005)"
713,0.108947965517545,"Unfished reference","Oscillating (resource_decrease=0.005)"
713.2,0.105193423166631,"Unfished reference","Oscillating (resource_decrease=0.005)"
713.4,0.10315749043021,"Unfished reference","Oscillating (resource_decrease=0.005)"
713.6,0.103937234921375,"Unfished reference","Oscillating (resource_decrease=0.005)"
713.8,0.106596931781368,"Unfished reference","Oscillating (resource_decrease=0.005)"
714,0.109652778040114,"Unfished reference","Oscillating (resource_decrease=0.005)"
714.2,0.11175468861667,"Unfished reference","Oscillating (resource_decrease=0.005)"
714.4,0.111974856786733,"Unfished reference","Oscillating (resource_decrease=0.005)"
714.6,0.109831954946036,"Unfished reference","Oscillating (resource_decrease=0.005)"
714.8,0.105301163551908,"Unfished reference","Oscillating (resource_decrease=0.005)"
715,0.098915170111696,"Unfished reference","Oscillating (resource_decrease=0.005)"
715.2,0.0916463269953879,"Unfished reference","Oscillating (resource_decrease=0.005)"
715.4,0.0844793626094309,"Unfished reference","Oscillating (resource_decrease=0.005)"
715.6,0.0779769192506035,"Unfished reference","Oscillating (resource_decrease=0.005)"
715.8,0.0721585069942345,"Unfished reference","Oscillating (resource_decrease=0.005)"
716,0.0667564410296822,"Unfished reference","Oscillating (resource_decrease=0.005)"
716.2,0.0616014694505769,"Unfished reference","Oscillating (resource_decrease=0.005)"
716.4,0.0568157299884332,"Unfished reference","Oscillating (resource_decrease=0.005)"
716.6,0.0527867408295977,"Unfished reference","Oscillating (resource_decrease=0.005)"
716.8,0.0500712526222264,"Unfished reference","Oscillating (resource_decrease=0.005)"
717,0.0493038913323072,"Unfished reference","Oscillating (resource_decrease=0.005)"
717.2,0.0511030732732458,"Unfished reference","Oscillating (resource_decrease=0.005)"
717.4,0.0559258943869509,"Unfished reference","Oscillating (resource_decrease=0.005)"
717.6,0.0638408503972394,"Unfished reference","Oscillating (resource_decrease=0.005)"
717.8,0.0742857204710951,"Unfished reference","Oscillating (resource_decrease=0.005)"
718,0.0859822958565933,"Unfished reference","Oscillating (resource_decrease=0.005)"
718.2,0.0971352453844737,"Unfished reference","Oscillating (resource_decrease=0.005)"
718.4,0.105826602610332,"Unfished reference","Oscillating (resource_decrease=0.005)"
718.6,0.11040529514708,"Unfished reference","Oscillating (resource_decrease=0.005)"
718.8,0.110125892476447,"Unfished reference","Oscillating (resource_decrease=0.005)"
719,0.106616767064031,"Unfished reference","Oscillating (resource_decrease=0.005)"
719.2,0.103612790855427,"Unfished reference","Oscillating (resource_decrease=0.005)"
719.4,0.103333938188576,"Unfished reference","Oscillating (resource_decrease=0.005)"
719.6,0.105428090975216,"Unfished reference","Oscillating (resource_decrease=0.005)"
719.8,0.108506604829657,"Unfished reference","Oscillating (resource_decrease=0.005)"
720,0.111117554418428,"Unfished reference","Oscillating (resource_decrease=0.005)"
720.2,0.112152772338817,"Unfished reference","Oscillating (resource_decrease=0.005)"
720.4,0.110962684819308,"Unfished reference","Oscillating (resource_decrease=0.005)"
720.6,0.107332628120926,"Unfished reference","Oscillating (resource_decrease=0.005)"
720.8,0.101572341921171,"Unfished reference","Oscillating (resource_decrease=0.005)"
721,0.0945202072551919,"Unfished reference","Oscillating (resource_decrease=0.005)"
721.2,0.0872162382519042,"Unfished reference","Oscillating (resource_decrease=0.005)"
721.4,0.0804242842481942,"Unfished reference","Oscillating (resource_decrease=0.005)"
721.6,0.0743638490335442,"Unfished reference","Oscillating (resource_decrease=0.005)"
721.8,0.0688321309677985,"Unfished reference","Oscillating (resource_decrease=0.005)"
722,0.0635832990047004,"Unfished reference","Oscillating (resource_decrease=0.005)"
722.2,0.058619968707645,"Unfished reference","Oscillating (resource_decrease=0.005)"
722.4,0.0542364929818675,"Unfished reference","Oscillating (resource_decrease=0.005)"
722.6,0.0509351733644571,"Unfished reference","Oscillating (resource_decrease=0.005)"
722.8,0.0493304733424208,"Unfished reference","Oscillating (resource_decrease=0.005)"
723,0.0500603383911324,"Unfished reference","Oscillating (resource_decrease=0.005)"
723.2,0.0536674624877377,"Unfished reference","Oscillating (resource_decrease=0.005)"
723.4,0.0604030616820925,"Unfished reference","Oscillating (resource_decrease=0.005)"
723.6,0.0699742187058778,"Unfished reference","Oscillating (resource_decrease=0.005)"
723.8,0.0813749860138138,"Unfished reference","Oscillating (resource_decrease=0.005)"
724,0.0929709443229143,"Unfished reference","Oscillating (resource_decrease=0.005)"
724.2,0.102842500737019,"Unfished reference","Oscillating (resource_decrease=0.005)"
724.4,0.109188570763909,"Unfished reference","Oscillating (resource_decrease=0.005)"
724.6,0.110780041679898,"Unfished reference","Oscillating (resource_decrease=0.005)"
724.8,0.108140553363318,"Unfished reference","Oscillating (resource_decrease=0.005)"
725,0.104514733506655,"Unfished reference","Oscillating (resource_decrease=0.005)"
725.2,0.10310148019448,"Unfished reference","Oscillating (resource_decrease=0.005)"
725.4,0.104409365625347,"Unfished reference","Oscillating (resource_decrease=0.005)"
725.6,0.107285079143805,"Unfished reference","Oscillating (resource_decrease=0.005)"
725.8,0.110235109799703,"Unfished reference","Oscillating (resource_decrease=0.005)"
726,0.111987275589753,"Unfished reference","Oscillating (resource_decrease=0.005)"
726.2,0.111715869906797,"Unfished reference","Oscillating (resource_decrease=0.005)"
726.4,0.109033226344268,"Unfished reference","Oscillating (resource_decrease=0.005)"
726.6,0.104030257119965,"Unfished reference","Oscillating (resource_decrease=0.005)"
726.8,0.0973590292906138,"Unfished reference","Oscillating (resource_decrease=0.005)"
727,0.0900375981748742,"Unfished reference","Oscillating (resource_decrease=0.005)"
727.2,0.0829880827494939,"Unfished reference","Oscillating (resource_decrease=0.005)"
727.4,0.0766500346704198,"Unfished reference","Oscillating (resource_decrease=0.005)"
727.6,0.0709478226121764,"Unfished reference","Oscillating (resource_decrease=0.005)"
727.8,0.0656053364214774,"Unfished reference","Oscillating (resource_decrease=0.005)"
728,0.0605103286153567,"Unfished reference","Oscillating (resource_decrease=0.005)"
728.2,0.0558499487276241,"Unfished reference","Oscillating (resource_decrease=0.005)"
728.4,0.0520573205717101,"Unfished reference","Oscillating (resource_decrease=0.005)"
728.6,0.0497136787359724,"Unfished reference","Oscillating (resource_decrease=0.005)"
728.8,0.0494590417191902,"Unfished reference","Oscillating (resource_decrease=0.005)"
729,0.0518916794610777,"Unfished reference","Oscillating (resource_decrease=0.005)"
729.2,0.0574053964889188,"Unfished reference","Oscillating (resource_decrease=0.005)"
729.4,0.0659486804721229,"Unfished reference","Oscillating (resource_decrease=0.005)"
729.6,0.076800552156402,"Unfished reference","Oscillating (resource_decrease=0.005)"
729.8,0.0885424605588985,"Unfished reference","Oscillating (resource_decrease=0.005)"
730,0.0993161078351168,"Unfished reference","Oscillating (resource_decrease=0.005)"
730.2,0.107230085509039,"Unfished reference","Oscillating (resource_decrease=0.005)"
730.4,0.110751808095916,"Unfished reference","Oscillating (resource_decrease=0.005)"
730.6,0.109515128784154,"Unfished reference","Oscillating (resource_decrease=0.005)"
730.8,0.105790455282065,"Unfished reference","Oscillating (resource_decrease=0.005)"
731,0.103300400873736,"Unfished reference","Oscillating (resource_decrease=0.005)"
731.2,0.103632061267578,"Unfished reference","Oscillating (resource_decrease=0.005)"
731.4,0.106072198930707,"Unfished reference","Oscillating (resource_decrease=0.005)"
731.6,0.109164867955054,"Unfished reference","Oscillating (resource_decrease=0.005)"
731.8,0.111508914414781,"Unfished reference","Oscillating (resource_decrease=0.005)"
732,0.112096665720901,"Unfished reference","Oscillating (resource_decrease=0.005)"
732.2,0.110373730139221,"Unfished reference","Oscillating (resource_decrease=0.005)"
732.4,0.106229585151243,"Unfished reference","Oscillating (resource_decrease=0.005)"
732.6,0.100099942385098,"Unfished reference","Oscillating (resource_decrease=0.005)"
732.8,0.0929061401626709,"Unfished reference","Oscillating (resource_decrease=0.005)"
733,0.0856663902530758,"Unfished reference","Oscillating (resource_decrease=0.005)"
733.2,0.0790353349175077,"Unfished reference","Oscillating (resource_decrease=0.005)"
733.4,0.0731161365233561,"Unfished reference","Oscillating (resource_decrease=0.005)"
733.6,0.0676615886876871,"Unfished reference","Oscillating (resource_decrease=0.005)"
733.8,0.0624642340847804,"Unfished reference","Oscillating (resource_decrease=0.005)"
734,0.0575940563992589,"Unfished reference","Oscillating (resource_decrease=0.005)"
734.2,0.0533996120785917,"Unfished reference","Oscillating (resource_decrease=0.005)"
734.4,0.0504155455762283,"Unfished reference","Oscillating (resource_decrease=0.005)"
734.6,0.0492692727828479,"Unfished reference","Oscillating (resource_decrease=0.005)"
734.8,0.0505901538500821,"Unfished reference","Oscillating (resource_decrease=0.005)"
735,0.0548768459604361,"Unfished reference","Oscillating (resource_decrease=0.005)"
735.2,0.0622828709408627,"Unfished reference","Oscillating (resource_decrease=0.005)"
735.4,0.0723667002380322,"Unfished reference","Oscillating (resource_decrease=0.005)"
735.6,0.0839666445656135,"Unfished reference","Oscillating (resource_decrease=0.005)"
735.8,0.0953504432607801,"Unfished reference","Oscillating (resource_decrease=0.005)"
736,0.104591983417808,"Unfished reference","Oscillating (resource_decrease=0.005)"
736.2,0.109966158530249,"Unfished reference","Oscillating (resource_decrease=0.005)"
736.4,0.110488289493337,"Unfished reference","Oscillating (resource_decrease=0.005)"
736.6,0.107286097172525,"Unfished reference","Oscillating (resource_decrease=0.005)"
736.8,0.103955533888972,"Unfished reference","Oscillating (resource_decrease=0.005)"
737,0.103182260608974,"Unfished reference","Oscillating (resource_decrease=0.005)"
737.2,0.104957786883798,"Unfished reference","Oscillating (resource_decrease=0.005)"
737.4,0.107975849437208,"Unfished reference","Oscillating (resource_decrease=0.005)"
737.6,0.110757954519603,"Unfished reference","Oscillating (resource_decrease=0.005)"
737.8,0.112120936344036,"Unfished reference","Oscillating (resource_decrease=0.005)"
738,0.111339150244207,"Unfished reference","Oscillating (resource_decrease=0.005)"
738.2,0.108120577568652,"Unfished reference","Oscillating (resource_decrease=0.005)"
738.4,0.102677554675937,"Unfished reference","Oscillating (resource_decrease=0.005)"
738.6,0.095772030983023,"Unfished reference","Oscillating (resource_decrease=0.005)"
738.8,0.088443990863162,"Unfished reference","Oscillating (resource_decrease=0.005)"
739,0.0815331892655374,"Unfished reference","Oscillating (resource_decrease=0.005)"
739.2,0.0753545221786812,"Unfished reference","Oscillating (resource_decrease=0.005)"
739.4,0.069753658210174,"Unfished reference","Oscillating (resource_decrease=0.005)"
739.6,0.0644648931827972,"Unfished reference","Oscillating (resource_decrease=0.005)"
739.8,0.0594391411625183,"Unfished reference","Oscillating (resource_decrease=0.005)"
740,0.0549253459593993,"Unfished reference","Oscillating (resource_decrease=0.005)"
740.2,0.051397362019542,"Unfished reference","Oscillating (resource_decrease=0.005)"
740.4,0.049456700422954,"Unfished reference","Oscillating (resource_decrease=0.005)"
740.6,0.0497441658411537,"Unfished reference","Oscillating (resource_decrease=0.005)"
740.8,0.0528301665353347,"Unfished reference","Oscillating (resource_decrease=0.005)"
741,0.0590332643419059,"Unfished reference","Oscillating (resource_decrease=0.005)"
741.2,0.0681703697208843,"Unfished reference","Oscillating (resource_decrease=0.005)"
741.4,0.0793599525001785,"Unfished reference","Oscillating (resource_decrease=0.005)"
741.6,0.0910561270820051,"Unfished reference","Oscillating (resource_decrease=0.005)"
741.8,0.101358181983968,"Unfished reference","Oscillating (resource_decrease=0.005)"
742,0.10841867718183,"Unfished reference","Oscillating (resource_decrease=0.005)"
742.2,0.110857959625793,"Unfished reference","Oscillating (resource_decrease=0.005)"
742.4,0.108776702910965,"Unfished reference","Oscillating (resource_decrease=0.005)"
742.6,0.105034909162057,"Unfished reference","Oscillating (resource_decrease=0.005)"
742.8,0.103133034702784,"Unfished reference","Oscillating (resource_decrease=0.005)"
743,0.104033780720576,"Unfished reference","Oscillating (resource_decrease=0.005)"
743.2,0.106747348482365,"Unfished reference","Oscillating (resource_decrease=0.005)"
743.4,0.109785452184566,"Unfished reference","Oscillating (resource_decrease=0.005)"
743.6,0.111814036130134,"Unfished reference","Oscillating (resource_decrease=0.005)"
743.8,0.111927856911595,"Unfished reference","Oscillating (resource_decrease=0.005)"
744,0.109666141329071,"Unfished reference","Oscillating (resource_decrease=0.005)"
744.2,0.105028987362198,"Unfished reference","Oscillating (resource_decrease=0.005)"
744.4,0.0985759525431803,"Unfished reference","Oscillating (resource_decrease=0.005)"
744.6,0.0912914096596197,"Unfished reference","Oscillating (resource_decrease=0.005)"
744.8,0.0841481435478189,"Unfished reference","Oscillating (resource_decrease=0.005)"
745,0.0776820744002471,"Unfished reference","Oscillating (resource_decrease=0.005)"
745.2,0.0718905098629477,"Unfished reference","Oscillating (resource_decrease=0.005)"
745.4,0.0665022169197259,"Unfished reference","Oscillating (resource_decrease=0.005)"
745.6,0.0613598054146712,"Unfished reference","Oscillating (resource_decrease=0.005)"
745.8,0.0565999397478221,"Unfished reference","Oscillating (resource_decrease=0.005)"
746,0.0526205950640482,"Unfished reference","Oscillating (resource_decrease=0.005)"
746.2,0.0499842778243418,"Unfished reference","Oscillating (resource_decrease=0.005)"
746.4,0.0493271789882944,"Unfished reference","Oscillating (resource_decrease=0.005)"
746.6,0.0512638957849437,"Unfished reference","Oscillating (resource_decrease=0.005)"
746.8,0.0562385845994406,"Unfished reference","Oscillating (resource_decrease=0.005)"
747,0.0642943730304814,"Unfished reference","Oscillating (resource_decrease=0.005)"
747.2,0.0748344098270438,"Unfished reference","Oscillating (resource_decrease=0.005)"
747.4,0.0865486368590439,"Unfished reference","Oscillating (resource_decrease=0.005)"
747.6,0.0976261176139061,"Unfished reference","Oscillating (resource_decrease=0.005)"
747.8,0.106153204232009,"Unfished reference","Oscillating (resource_decrease=0.005)"
748,0.110502423313519,"Unfished reference","Oscillating (resource_decrease=0.005)"
748.2,0.110004529126806,"Unfished reference","Oscillating (resource_decrease=0.005)"
748.4,0.106430683790442,"Unfished reference","Oscillating (resource_decrease=0.005)"
748.6,0.103531640934521,"Unfished reference","Oscillating (resource_decrease=0.005)"
748.8,0.103389928796759,"Unfished reference","Oscillating (resource_decrease=0.005)"
749,0.105566344171577,"Unfished reference","Oscillating (resource_decrease=0.005)"
749.2,0.108654017299527,"Unfished reference","Oscillating (resource_decrease=0.005)"
749.4,0.1112106606036,"Unfished reference","Oscillating (resource_decrease=0.005)"
749.6,0.112149900246522,"Unfished reference","Oscillating (resource_decrease=0.005)"
749.8,0.110843314308986,"Unfished reference","Oscillating (resource_decrease=0.005)"
750,0.10709863928278,"Unfished reference","Oscillating (resource_decrease=0.005)"
750.2,0.10125332756441,"Unfished reference","Oscillating (resource_decrease=0.005)"
750.4,0.0941655689035469,"Unfished reference","Oscillating (resource_decrease=0.005)"
750.6,0.0868726694479322,"Unfished reference","Oscillating (resource_decrease=0.005)"
750.8,0.0801154777169512,"Unfished reference","Oscillating (resource_decrease=0.005)"
751,0.0740871971961067,"Unfished reference","Oscillating (resource_decrease=0.005)"
751.2,0.0685735164130371,"Unfished reference","Oscillating (resource_decrease=0.005)"
751.4,0.0633358885312692,"Unfished reference","Oscillating (resource_decrease=0.005)"
751.6,0.058391715452529,"Unfished reference","Oscillating (resource_decrease=0.005)"
751.8,0.0540476773645129,"Unfished reference","Oscillating (resource_decrease=0.005)"
752,0.050813586951334,"Unfished reference","Oscillating (resource_decrease=0.005)"
752.2,0.0493071113411297,"Unfished reference","Oscillating (resource_decrease=0.005)"
752.4,0.0501647993224189,"Unfished reference","Oscillating (resource_decrease=0.005)"
752.6,0.0539205024132046,"Unfished reference","Oscillating (resource_decrease=0.005)"
752.8,0.0608050348131444,"Unfished reference","Oscillating (resource_decrease=0.005)"
753,0.0704934689779772,"Unfished reference","Oscillating (resource_decrease=0.005)"
753.2,0.0819451220842844,"Unfished reference","Oscillating (resource_decrease=0.005)"
753.4,0.0935024755627469,"Unfished reference","Oscillating (resource_decrease=0.005)"
753.6,0.103242820203653,"Unfished reference","Oscillating (resource_decrease=0.005)"
753.8,0.109380132817528,"Unfished reference","Oscillating (resource_decrease=0.005)"
754,0.110733720073235,"Unfished reference","Oscillating (resource_decrease=0.005)"
754.2,0.107954915620684,"Unfished reference","Oscillating (resource_decrease=0.005)"
754.4,0.104380737519427,"Unfished reference","Oscillating (resource_decrease=0.005)"
754.6,0.103107817089249,"Unfished reference","Oscillating (resource_decrease=0.005)"
754.8,0.104524067031204,"Unfished reference","Oscillating (resource_decrease=0.005)"
755,0.107437412624513,"Unfished reference","Oscillating (resource_decrease=0.005)"
755.2,0.110355666527975,"Unfished reference","Oscillating (resource_decrease=0.005)"
755.4,0.112025395800911,"Unfished reference","Oscillating (resource_decrease=0.005)"
755.6,0.111643134958684,"Unfished reference","Oscillating (resource_decrease=0.005)"
755.8,0.108842018489561,"Unfished reference","Oscillating (resource_decrease=0.005)"
756,0.103739244775597,"Unfished reference","Oscillating (resource_decrease=0.005)"
756.2,0.0970120256474381,"Unfished reference","Oscillating (resource_decrease=0.005)"
756.4,0.0896853272217175,"Unfished reference","Oscillating (resource_decrease=0.005)"
756.6,0.0826647360996891,"Unfished reference","Oscillating (resource_decrease=0.005)"
756.8,0.0763623462970684,"Unfished reference","Oscillating (resource_decrease=0.005)"
757,0.0706837028782983,"Unfished reference","Oscillating (resource_decrease=0.005)"
757.2,0.065353430594928,"Unfished reference","Oscillating (resource_decrease=0.005)"
757.4,0.0602727573701269,"Unfished reference","Oscillating (resource_decrease=0.005)"
757.6,0.0556427429563737,"Unfished reference","Oscillating (resource_decrease=0.005)"
757.8,0.051905890651784,"Unfished reference","Oscillating (resource_decrease=0.005)"
758,0.0496482542760788,"Unfished reference","Oscillating (resource_decrease=0.005)"
758.2,0.0495104335856342,"Unfished reference","Oscillating (resource_decrease=0.005)"
758.4,0.052085262508819,"Unfished reference","Oscillating (resource_decrease=0.005)"
758.6,0.057751036012884,"Unfished reference","Oscillating (resource_decrease=0.005)"
758.8,0.0664282407460394,"Unfished reference","Oscillating (resource_decrease=0.005)"
759,0.0773606113151385,"Unfished reference","Oscillating (resource_decrease=0.005)"
759.2,0.0891003572206414,"Unfished reference","Oscillating (resource_decrease=0.005)"
759.4,0.099778078081476,"Unfished reference","Oscillating (resource_decrease=0.005)"
759.6,0.107510562845965,"Unfished reference","Oscillating (resource_decrease=0.005)"
759.8,0.110795567847009,"Unfished reference","Oscillating (resource_decrease=0.005)"
760,0.109362097799281,"Unfished reference","Oscillating (resource_decrease=0.005)"
760.2,0.105616917316981,"Unfished reference","Oscillating (resource_decrease=0.005)"
760.4,0.103251144291675,"Unfished reference","Oscillating (resource_decrease=0.005)"
760.6,0.103712085485752,"Unfished reference","Oscillating (resource_decrease=0.005)"
760.8,0.106218681756259,"Unfished reference","Oscillating (resource_decrease=0.005)"
761,0.109305132371486,"Unfished reference","Oscillating (resource_decrease=0.005)"
761.2,0.111583741832146,"Unfished reference","Oscillating (resource_decrease=0.005)"
761.4,0.112069315090179,"Unfished reference","Oscillating (resource_decrease=0.005)"
761.6,0.110228141376266,"Unfished reference","Oscillating (resource_decrease=0.005)"
761.8,0.10597346900776,"Unfished reference","Oscillating (resource_decrease=0.005)"
762,0.0997685830429043,"Unfished reference","Oscillating (resource_decrease=0.005)"
762.2,0.0925505046033968,"Unfished reference","Oscillating (resource_decrease=0.005)"
762.4,0.085329424828048,"Unfished reference","Oscillating (resource_decrease=0.005)"
762.6,0.0787345250514714,"Unfished reference","Oscillating (resource_decrease=0.005)"
762.8,0.0728446375776553,"Unfished reference","Oscillating (resource_decrease=0.005)"
763,0.0674055211839682,"Unfished reference","Oscillating (resource_decrease=0.005)"
763.2,0.0622198424361033,"Unfished reference","Oscillating (resource_decrease=0.005)"
763.4,0.0573723814510091,"Unfished reference","Oscillating (resource_decrease=0.005)"
763.6,0.0532229871214006,"Unfished reference","Oscillating (resource_decrease=0.005)"
763.8,0.0503128138945607,"Unfished reference","Oscillating (resource_decrease=0.005)"
764,0.0492715719013241,"Unfished reference","Oscillating (resource_decrease=0.005)"
764.2,0.0507259294490889,"Unfished reference","Oscillating (resource_decrease=0.005)"
764.4,0.0551634809785479,"Unfished reference","Oscillating (resource_decrease=0.005)"
764.6,0.0627145350515283,"Unfished reference","Oscillating (resource_decrease=0.005)"
764.8,0.0729038723884249,"Unfished reference","Oscillating (resource_decrease=0.005)"
765,0.0845364030306837,"Unfished reference","Oscillating (resource_decrease=0.005)"
765.2,0.0958608603138904,"Unfished reference","Oscillating (resource_decrease=0.005)"
765.4,0.104952282084487,"Unfished reference","Oscillating (resource_decrease=0.005)"
765.6,0.110105029073485,"Unfished reference","Oscillating (resource_decrease=0.005)"
765.8,0.110397268331027,"Unfished reference","Oscillating (resource_decrease=0.005)"
766,0.107096368422793,"Unfished reference","Oscillating (resource_decrease=0.005)"
766.2,0.103850240534333,"Unfished reference","Oscillating (resource_decrease=0.005)"
766.4,0.103217472477509,"Unfished reference","Oscillating (resource_decrease=0.005)"
766.6,0.105087119794897,"Unfished reference","Oscillating (resource_decrease=0.005)"
766.8,0.10812669189739,"Unfished reference","Oscillating (resource_decrease=0.005)"
767,0.110863949095457,"Unfished reference","Oscillating (resource_decrease=0.005)"
767.2,0.112136478819447,"Unfished reference","Oscillating (resource_decrease=0.005)"
767.4,0.111240281378509,"Unfished reference","Oscillating (resource_decrease=0.005)"
767.6,0.107904870857055,"Unfished reference","Oscillating (resource_decrease=0.005)"
767.8,0.102369890984197,"Unfished reference","Oscillating (resource_decrease=0.005)"
768,0.0954197806120235,"Unfished reference","Oscillating (resource_decrease=0.005)"
768.2,0.088096056094462,"Unfished reference","Oscillating (resource_decrease=0.005)"
768.4,0.081218001671207,"Unfished reference","Oscillating (resource_decrease=0.005)"
768.6,0.0750733223957211,"Unfished reference","Oscillating (resource_decrease=0.005)"
768.8,0.0694928187097925,"Unfished reference","Oscillating (resource_decrease=0.005)"
769,0.064215411543126,"Unfished reference","Oscillating (resource_decrease=0.005)"
769.2,0.0592064532344957,"Unfished reference","Oscillating (resource_decrease=0.005)"
769.4,0.0547279641876028,"Unfished reference","Oscillating (resource_decrease=0.005)"
769.6,0.0512621168044422,"Unfished reference","Oscillating (resource_decrease=0.005)"
769.8,0.0494143295541543,"Unfished reference","Oscillating (resource_decrease=0.005)"
770,0.0498249212850102,"Unfished reference","Oscillating (resource_decrease=0.005)"
770.2,0.0530570365440175,"Unfished reference","Oscillating (resource_decrease=0.005)"
770.4,0.0594110138719364,"Unfished reference","Oscillating (resource_decrease=0.005)"
770.6,0.0686733748554607,"Unfished reference","Oscillating (resource_decrease=0.005)"
770.8,0.0799273295182884,"Unfished reference","Oscillating (resource_decrease=0.005)"
771,0.0916009929155283,"Unfished reference","Oscillating (resource_decrease=0.005)"
771.2,0.101787076750844,"Unfished reference","Oscillating (resource_decrease=0.005)"
771.4,0.10865013451295,"Unfished reference","Oscillating (resource_decrease=0.005)"
771.6,0.110849889085707,"Unfished reference","Oscillating (resource_decrease=0.005)"
771.8,0.108601394088871,"Unfished reference","Oscillating (resource_decrease=0.005)"
772,0.104881337118573,"Unfished reference","Oscillating (resource_decrease=0.005)"
772.2,0.103115480074899,"Unfished reference","Oscillating (resource_decrease=0.005)"
772.4,0.104134618723729,"Unfished reference","Oscillating (resource_decrease=0.005)"
772.6,0.106898485852058,"Unfished reference","Oscillating (resource_decrease=0.005)"
772.8,0.109915682547931,"Unfished reference","Oscillating (resource_decrease=0.005)"
773,0.111868838867102,"Unfished reference","Oscillating (resource_decrease=0.005)"
773.2,0.111875239554235,"Unfished reference","Oscillating (resource_decrease=0.005)"
773.4,0.109494678524632,"Unfished reference","Oscillating (resource_decrease=0.005)"
773.6,0.104752489541722,"Unfished reference","Oscillating (resource_decrease=0.005)"
773.8,0.0982348009523047,"Unfished reference","Oscillating (resource_decrease=0.005)"
774,0.0909369155826732,"Unfished reference","Oscillating (resource_decrease=0.005)"
774.2,0.0838186171734577,"Unfished reference","Oscillating (resource_decrease=0.005)"
774.4,0.0773888561171972,"Unfished reference","Oscillating (resource_decrease=0.005)"
774.6,0.071623422732982,"Unfished reference","Oscillating (resource_decrease=0.005)"
774.8,0.0662485025050854,"Unfished reference","Oscillating (resource_decrease=0.005)"
775,0.0611189807459583,"Unfished reference","Oscillating (resource_decrease=0.005)"
775.2,0.0563859361050274,"Unfished reference","Oscillating (resource_decrease=0.005)"
775.4,0.0524575633150389,"Unfished reference","Oscillating (resource_decrease=0.005)"
775.6,0.049901915823639,"Unfished reference","Oscillating (resource_decrease=0.005)"
775.8,0.0493565386446434,"Unfished reference","Oscillating (resource_decrease=0.005)"
776,0.0514318712953241,"Unfished reference","Oscillating (resource_decrease=0.005)"
776.2,0.0565585797868142,"Unfished reference","Oscillating (resource_decrease=0.005)"
776.4,0.0647538286693422,"Unfished reference","Oscillating (resource_decrease=0.005)"
776.6,0.0753859367236248,"Unfished reference","Oscillating (resource_decrease=0.005)"
776.8,0.0871135125777355,"Unfished reference","Oscillating (resource_decrease=0.005)"
777,0.0981109958995135,"Unfished reference","Oscillating (resource_decrease=0.005)"
777.2,0.106469926442526,"Unfished reference","Oscillating (resource_decrease=0.005)"
777.4,0.110587753728859,"Unfished reference","Oscillating (resource_decrease=0.005)"
777.6,0.109875453654093,"Unfished reference","Oscillating (resource_decrease=0.005)"
777.8,0.106246641261736,"Unfished reference","Oscillating (resource_decrease=0.005)"
778,0.103457461357068,"Unfished reference","Oscillating (resource_decrease=0.005)"
778.2,0.103451470572931,"Unfished reference","Oscillating (resource_decrease=0.005)"
778.4,0.105706717481172,"Unfished reference","Oscillating (resource_decrease=0.005)"
778.6,0.108800115977256,"Unfished reference","Oscillating (resource_decrease=0.005)"
778.8,0.111299906208079,"Unfished reference","Oscillating (resource_decrease=0.005)"
779,0.11214171920395,"Unfished reference","Oscillating (resource_decrease=0.005)"
779.2,0.110718159418948,"Unfished reference","Oscillating (resource_decrease=0.005)"
779.4,0.106859645637551,"Unfished reference","Oscillating (resource_decrease=0.005)"
779.6,0.100931380518678,"Unfished reference","Oscillating (resource_decrease=0.005)"
779.8,0.0938105169728161,"Unfished reference","Oscillating (resource_decrease=0.005)"
780,0.0865304659270476,"Unfished reference","Oscillating (resource_decrease=0.005)"
780.2,0.0798084554813936,"Unfished reference","Oscillating (resource_decrease=0.005)"
780.4,0.0738117447313101,"Unfished reference","Oscillating (resource_decrease=0.005)"
780.6,0.068315487387148,"Unfished reference","Oscillating (resource_decrease=0.005)"
780.8,0.0630891029264039,"Unfished reference","Oscillating (resource_decrease=0.005)"
781,0.0581648208892308,"Unfished reference","Oscillating (resource_decrease=0.005)"
781.2,0.0538614265587066,"Unfished reference","Oscillating (resource_decrease=0.005)"
781.4,0.0506960201237793,"Unfished reference","Oscillating (resource_decrease=0.005)"
781.6,0.0492892735535434,"Unfished reference","Oscillating (resource_decrease=0.005)"
781.8,0.0502760670975713,"Unfished reference","Oscillating (resource_decrease=0.005)"
782,0.0541809398998648,"Unfished reference","Oscillating (resource_decrease=0.005)"
782.2,0.0612136850016015,"Unfished reference","Oscillating (resource_decrease=0.005)"
782.4,0.0710169533219804,"Unfished reference","Oscillating (resource_decrease=0.005)"
782.6,0.0825155565300859,"Unfished reference","Oscillating (resource_decrease=0.005)"
782.8,0.0940297453150037,"Unfished reference","Oscillating (resource_decrease=0.005)"
783,0.103634651680167,"Unfished reference","Oscillating (resource_decrease=0.005)"
783.2,0.109560223766546,"Unfished reference","Oscillating (resource_decrease=0.005)"
783.4,0.110677087222818,"Unfished reference","Oscillating (resource_decrease=0.005)"
783.6,0.107767501637372,"Unfished reference","Oscillating (resource_decrease=0.005)"
783.8,0.104252763169415,"Unfished reference","Oscillating (resource_decrease=0.005)"
784,0.103120698292891,"Unfished reference","Oscillating (resource_decrease=0.005)"
784.2,0.104642294105095,"Unfished reference","Oscillating (resource_decrease=0.005)"
784.4,0.10758970566951,"Unfished reference","Oscillating (resource_decrease=0.005)"
784.6,0.110473219382762,"Unfished reference","Oscillating (resource_decrease=0.005)"
784.8,0.112058655973439,"Unfished reference","Oscillating (resource_decrease=0.005)"
785,0.111564674737012,"Unfished reference","Oscillating (resource_decrease=0.005)"
785.2,0.108645331284691,"Unfished reference","Oscillating (resource_decrease=0.005)"
785.4,0.1034443732959,"Unfished reference","Oscillating (resource_decrease=0.005)"
785.6,0.0966636517877031,"Unfished reference","Oscillating (resource_decrease=0.005)"
785.8,0.089333875434656,"Unfished reference","Oscillating (resource_decrease=0.005)"
786,0.0823431706159482,"Unfished reference","Oscillating (resource_decrease=0.005)"
786.2,0.0760761465838633,"Unfished reference","Oscillating (resource_decrease=0.005)"
786.4,0.0704203522435069,"Unfished reference","Oscillating (resource_decrease=0.005)"
786.6,0.0651020432946444,"Unfished reference","Oscillating (resource_decrease=0.005)"
786.8,0.0600361885859751,"Unfished reference","Oscillating (resource_decrease=0.005)"
787,0.0554375902477951,"Unfished reference","Oscillating (resource_decrease=0.005)"
787.2,0.0517578954124152,"Unfished reference","Oscillating (resource_decrease=0.005)"
787.4,0.0495877747944809,"Unfished reference","Oscillating (resource_decrease=0.005)"
787.6,0.0495681828443261,"Unfished reference","Oscillating (resource_decrease=0.005)"
787.8,0.0522861338710245,"Unfished reference","Oscillating (resource_decrease=0.005)"
788,0.0581038265957235,"Unfished reference","Oscillating (resource_decrease=0.005)"
788.2,0.0669131962998034,"Unfished reference","Oscillating (resource_decrease=0.005)"
788.4,0.0779226366782754,"Unfished reference","Oscillating (resource_decrease=0.005)"
788.6,0.0896557797829647,"Unfished reference","Oscillating (resource_decrease=0.005)"
788.8,0.100233121660678,"Unfished reference","Oscillating (resource_decrease=0.005)"
789,0.10778048429709,"Unfished reference","Oscillating (resource_decrease=0.005)"
789.2,0.110827732764147,"Unfished reference","Oscillating (resource_decrease=0.005)"
789.4,0.10920332049127,"Unfished reference","Oscillating (resource_decrease=0.005)"
789.6,0.105447196092477,"Unfished reference","Oscillating (resource_decrease=0.005)"
789.8,0.103208922629678,"Unfished reference","Oscillating (resource_decrease=0.005)"
790,0.10379697518353,"Unfished reference","Oscillating (resource_decrease=0.005)"
790.2,0.106366493773161,"Unfished reference","Oscillating (resource_decrease=0.005)"
790.4,0.109443428116577,"Unfished reference","Oscillating (resource_decrease=0.005)"
790.6,0.111654304078054,"Unfished reference","Oscillating (resource_decrease=0.005)"
790.8,0.112036464507903,"Unfished reference","Oscillating (resource_decrease=0.005)"
791,0.110076818587654,"Unfished reference","Oscillating (resource_decrease=0.005)"
791.2,0.105712707989788,"Unfished reference","Oscillating (resource_decrease=0.005)"
791.4,0.0994348480705712,"Unfished reference","Oscillating (resource_decrease=0.005)"
791.6,0.0921949443675973,"Unfished reference","Oscillating (resource_decrease=0.005)"
791.8,0.0849940358699052,"Unfished reference","Oscillating (resource_decrease=0.005)"
792,0.0784354272551304,"Unfished reference","Oscillating (resource_decrease=0.005)"
792.2,0.0725741714998515,"Unfished reference","Oscillating (resource_decrease=0.005)"
792.4,0.0671499823678243,"Unfished reference","Oscillating (resource_decrease=0.005)"
792.6,0.0619761836351669,"Unfished reference","Oscillating (resource_decrease=0.005)"
792.8,0.0571522977154587,"Unfished reference","Oscillating (resource_decrease=0.005)"
793,0.053049231671373,"Unfished reference","Oscillating (resource_decrease=0.005)"
793.2,0.0502144348306771,"Unfished reference","Oscillating (resource_decrease=0.005)"
793.4,0.0492797082365423,"Unfished reference","Oscillating (resource_decrease=0.005)"
793.6,0.0508687213867869,"Unfished reference","Oscillating (resource_decrease=0.005)"
793.8,0.0554574887714247,"Unfished reference","Oscillating (resource_decrease=0.005)"
794,0.0631524919359208,"Unfished reference","Oscillating (resource_decrease=0.005)"
794.2,0.0734445204086333,"Unfished reference","Oscillating (resource_decrease=0.005)"
794.4,0.0851054766612498,"Unfished reference","Oscillating (resource_decrease=0.005)"
794.6,0.0963660328243484,"Unfished reference","Oscillating (resource_decrease=0.005)"
794.8,0.105303285806027,"Unfished reference","Oscillating (resource_decrease=0.005)"
795,0.110232151946666,"Unfished reference","Oscillating (resource_decrease=0.005)"
795.2,0.110297237971,"Unfished reference","Oscillating (resource_decrease=0.005)"
795.4,0.106907083015152,"Unfished reference","Oscillating (resource_decrease=0.005)"
795.6,0.10375164594985,"Unfished reference","Oscillating (resource_decrease=0.005)"
795.8,0.103258715022645,"Unfished reference","Oscillating (resource_decrease=0.005)"
796,0.105219191719652,"Unfished reference","Oscillating (resource_decrease=0.005)"
796.2,0.108276763350046,"Unfished reference","Oscillating (resource_decrease=0.005)"
796.4,0.110966436468159,"Unfished reference","Oscillating (resource_decrease=0.005)"
796.6,0.112146891835389,"Unfished reference","Oscillating (resource_decrease=0.005)"
796.8,0.111135631776244,"Unfished reference","Oscillating (resource_decrease=0.005)"
797,0.107683924463532,"Unfished reference","Oscillating (resource_decrease=0.005)"
797.2,0.102058875401205,"Unfished reference","Oscillating (resource_decrease=0.005)"
797.4,0.0950667083063972,"Unfished reference","Oscillating (resource_decrease=0.005)"
797.6,0.0877492735631312,"Unfished reference","Oscillating (resource_decrease=0.005)"
797.8,0.0809046196814933,"Unfished reference","Oscillating (resource_decrease=0.005)"
798,0.0747934525376625,"Unfished reference","Oscillating (resource_decrease=0.005)"
798.2,0.0692326330833561,"Unfished reference","Oscillating (resource_decrease=0.005)"
798.4,0.0639664942086689,"Unfished reference","Oscillating (resource_decrease=0.005)"
798.6,0.0589749582076245,"Unfished reference","Oscillating (resource_decrease=0.005)"
798.8,0.0545329176710476,"Unfished reference","Oscillating (resource_decrease=0.005)"
799,0.0511306331653606,"Unfished reference","Oscillating (resource_decrease=0.005)"
799.2,0.0493772317722669,"Unfished reference","Oscillating (resource_decrease=0.005)"
799.4,0.0499122972968641,"Unfished reference","Oscillating (resource_decrease=0.005)"
799.6,0.0532912788248324,"Unfished reference","Oscillating (resource_decrease=0.005)"
799.8,0.0597956806898243,"Unfished reference","Oscillating (resource_decrease=0.005)"
800,0.0691811539543619,"Unfished reference","Oscillating (resource_decrease=0.005)"
500,0.0590662583531623,"Peaks only","Oscillating (resource_decrease=0.005)"
500.2,0.065814700829148,"Peaks only","Oscillating (resource_decrease=0.005)"
500.4,0.0736636921014194,"Peaks only","Oscillating (resource_decrease=0.005)"
500.6,0.0825235172363453,"Peaks only","Oscillating (resource_decrease=0.005)"
500.8,0.0906917942204113,"Peaks only","Oscillating (resource_decrease=0.005)"
501,0.0967290471381016,"Peaks only","Oscillating (resource_decrease=0.005)"
501.2,0.0999599039302241,"Peaks only","Oscillating (resource_decrease=0.005)"
501.4,0.100654423083934,"Peaks only","Oscillating (resource_decrease=0.005)"
501.6,0.0999859404992952,"Peaks only","Oscillating (resource_decrease=0.005)"
501.8,0.0995437120035452,"Peaks only","Oscillating (resource_decrease=0.005)"
502,0.100360079763835,"Peaks only","Oscillating (resource_decrease=0.005)"
502.2,0.102285106457479,"Peaks only","Oscillating (resource_decrease=0.005)"
502.4,0.104357272712398,"Peaks only","Oscillating (resource_decrease=0.005)"
502.6,0.105649964576,"Peaks only","Oscillating (resource_decrease=0.005)"
502.8,0.105679064690899,"Peaks only","Oscillating (resource_decrease=0.005)"
503,0.104240223651033,"Peaks only","Oscillating (resource_decrease=0.005)"
503.2,0.101270539468966,"Peaks only","Oscillating (resource_decrease=0.005)"
503.4,0.0969374516224652,"Peaks only","Oscillating (resource_decrease=0.005)"
503.6,0.0916698344847185,"Peaks only","Oscillating (resource_decrease=0.005)"
503.8,0.0859971216068089,"Peaks only","Oscillating (resource_decrease=0.005)"
504,0.0803155545118388,"Peaks only","Oscillating (resource_decrease=0.005)"
504.2,0.0747577443051124,"Peaks only","Oscillating (resource_decrease=0.005)"
504.4,0.0692661759617889,"Peaks only","Oscillating (resource_decrease=0.005)"
504.6,0.066511094279451,"Peaks only","Oscillating (resource_decrease=0.005)"
504.8,0.0642617329910362,"Peaks only","Oscillating (resource_decrease=0.005)"
505,0.0614599830506218,"Peaks only","Oscillating (resource_decrease=0.005)"
505.2,0.059018693513128,"Peaks only","Oscillating (resource_decrease=0.005)"
505.4,0.0577951215956118,"Peaks only","Oscillating (resource_decrease=0.005)"
505.6,0.0584841567265857,"Peaks only","Oscillating (resource_decrease=0.005)"
505.8,0.0593352164018753,"Peaks only","Oscillating (resource_decrease=0.005)"
506,0.0621169680330145,"Peaks only","Oscillating (resource_decrease=0.005)"
506.2,0.0678099090263145,"Peaks only","Oscillating (resource_decrease=0.005)"
506.4,0.0754621237552266,"Peaks only","Oscillating (resource_decrease=0.005)"
506.6,0.0837872673861002,"Peaks only","Oscillating (resource_decrease=0.005)"
506.8,0.0915039071587075,"Peaks only","Oscillating (resource_decrease=0.005)"
507,0.097508134147292,"Peaks only","Oscillating (resource_decrease=0.005)"
507.2,0.101056310030563,"Peaks only","Oscillating (resource_decrease=0.005)"
507.4,0.102032692318421,"Peaks only","Oscillating (resource_decrease=0.005)"
507.6,0.101173790520398,"Peaks only","Oscillating (resource_decrease=0.005)"
507.8,0.0998486128132774,"Peaks only","Oscillating (resource_decrease=0.005)"
508,0.0992398160719904,"Peaks only","Oscillating (resource_decrease=0.005)"
508.2,0.0997245240093033,"Peaks only","Oscillating (resource_decrease=0.005)"
508.4,0.10089262777194,"Peaks only","Oscillating (resource_decrease=0.005)"
508.6,0.101872413194379,"Peaks only","Oscillating (resource_decrease=0.005)"
508.8,0.10178917723027,"Peaks only","Oscillating (resource_decrease=0.005)"
509,0.100142872877458,"Peaks only","Oscillating (resource_decrease=0.005)"
509.2,0.0968817302873122,"Peaks only","Oscillating (resource_decrease=0.005)"
509.4,0.0922937512725102,"Peaks only","Oscillating (resource_decrease=0.005)"
509.6,0.0868829776299768,"Peaks only","Oscillating (resource_decrease=0.005)"
509.8,0.0812056836415981,"Peaks only","Oscillating (resource_decrease=0.005)"
510,0.0756801709541004,"Peaks only","Oscillating (resource_decrease=0.005)"
510.2,0.0705014949116679,"Peaks only","Oscillating (resource_decrease=0.005)"
510.4,0.0684861211173379,"Peaks only","Oscillating (resource_decrease=0.005)"
510.6,0.0672068389644522,"Peaks only","Oscillating (resource_decrease=0.005)"
510.8,0.0652953741889209,"Peaks only","Oscillating (resource_decrease=0.005)"
511,0.0633942684151094,"Peaks only","Oscillating (resource_decrease=0.005)"
511.2,0.0621917302849393,"Peaks only","Oscillating (resource_decrease=0.005)"
511.4,0.0623547369851016,"Peaks only","Oscillating (resource_decrease=0.005)"
511.6,0.0644660016885966,"Peaks only","Oscillating (resource_decrease=0.005)"
511.8,0.0663677883423488,"Peaks only","Oscillating (resource_decrease=0.005)"
512,0.0697722060398595,"Peaks only","Oscillating (resource_decrease=0.005)"
512.2,0.0755657070306849,"Peaks only","Oscillating (resource_decrease=0.005)"
512.4,0.0826516496762893,"Peaks only","Oscillating (resource_decrease=0.005)"
512.6,0.0897558186189694,"Peaks only","Oscillating (resource_decrease=0.005)"
512.8,0.0957083041665722,"Peaks only","Oscillating (resource_decrease=0.005)"
513,0.0996166838052155,"Peaks only","Oscillating (resource_decrease=0.005)"
513.2,0.101140250006301,"Peaks only","Oscillating (resource_decrease=0.005)"
513.4,0.100774514448574,"Peaks only","Oscillating (resource_decrease=0.005)"
513.6,0.0996975817097748,"Peaks only","Oscillating (resource_decrease=0.005)"
513.8,0.0989508806435482,"Peaks only","Oscillating (resource_decrease=0.005)"
514,0.0988597573835157,"Peaks only","Oscillating (resource_decrease=0.005)"
514.2,0.0992073111156769,"Peaks only","Oscillating (resource_decrease=0.005)"
514.4,0.0995099176864413,"Peaks only","Oscillating (resource_decrease=0.005)"
514.6,0.0991534246789964,"Peaks only","Oscillating (resource_decrease=0.005)"
514.8,0.0976105245537187,"Peaks only","Oscillating (resource_decrease=0.005)"
515,0.0946660084950345,"Peaks only","Oscillating (resource_decrease=0.005)"
515.2,0.0904715114237382,"Peaks only","Oscillating (resource_decrease=0.005)"
515.4,0.0854428701801508,"Peaks only","Oscillating (resource_decrease=0.005)"
515.6,0.0800823152116138,"Peaks only","Oscillating (resource_decrease=0.005)"
515.8,0.0748037633345591,"Peaks only","Oscillating (resource_decrease=0.005)"
516,0.0698615866395049,"Peaks only","Oscillating (resource_decrease=0.005)"
516.2,0.0681267660943417,"Peaks only","Oscillating (resource_decrease=0.005)"
516.4,0.0673236114878536,"Peaks only","Oscillating (resource_decrease=0.005)"
516.6,0.0660851812288841,"Peaks only","Oscillating (resource_decrease=0.005)"
516.8,0.0649718552891556,"Peaks only","Oscillating (resource_decrease=0.005)"
517,0.0645701215661287,"Peaks only","Oscillating (resource_decrease=0.005)"
517.2,0.0654371585529231,"Peaks only","Oscillating (resource_decrease=0.005)"
517.4,0.068052800608702,"Peaks only","Oscillating (resource_decrease=0.005)"
517.6,0.0700198869723066,"Peaks only","Oscillating (resource_decrease=0.005)"
517.8,0.0731266352859561,"Peaks only","Oscillating (resource_decrease=0.005)"
518,0.0783620393663582,"Peaks only","Oscillating (resource_decrease=0.005)"
518.2,0.0846889211586951,"Peaks only","Oscillating (resource_decrease=0.005)"
518.4,0.0909449682257805,"Peaks only","Oscillating (resource_decrease=0.005)"
518.6,0.0960899645343331,"Peaks only","Oscillating (resource_decrease=0.005)"
518.8,0.0993508718052017,"Peaks only","Oscillating (resource_decrease=0.005)"
519,0.100504168982529,"Peaks only","Oscillating (resource_decrease=0.005)"
519.2,0.100114762868102,"Peaks only","Oscillating (resource_decrease=0.005)"
519.4,0.0992368715784939,"Peaks only","Oscillating (resource_decrease=0.005)"
519.6,0.0986256830172079,"Peaks only","Oscillating (resource_decrease=0.005)"
519.8,0.0984060057438119,"Peaks only","Oscillating (resource_decrease=0.005)"
520,0.0983534127869147,"Peaks only","Oscillating (resource_decrease=0.005)"
520.2,0.0981009875914111,"Peaks only","Oscillating (resource_decrease=0.005)"
520.4,0.0971836483957066,"Peaks only","Oscillating (resource_decrease=0.005)"
520.6,0.095193532146344,"Peaks only","Oscillating (resource_decrease=0.005)"
520.8,0.0919820418539562,"Peaks only","Oscillating (resource_decrease=0.005)"
521,0.0877190629732744,"Peaks only","Oscillating (resource_decrease=0.005)"
521.2,0.0827941690858099,"Peaks only","Oscillating (resource_decrease=0.005)"
521.4,0.0776483715966404,"Peaks only","Oscillating (resource_decrease=0.005)"
521.6,0.0726394921383765,"Peaks only","Oscillating (resource_decrease=0.005)"
521.8,0.068017936525174,"Peaks only","Oscillating (resource_decrease=0.005)"
522,0.0639785557983984,"Peaks only","Oscillating (resource_decrease=0.005)"
522.2,0.0631162813082347,"Peaks only","Oscillating (resource_decrease=0.005)"
522.4,0.0636045935597782,"Peaks only","Oscillating (resource_decrease=0.005)"
522.6,0.0641810658964297,"Peaks only","Oscillating (resource_decrease=0.005)"
522.8,0.0653373346602834,"Peaks only","Oscillating (resource_decrease=0.005)"
523,0.0676436364249789,"Peaks only","Oscillating (resource_decrease=0.005)"
523.2,0.0715355559869689,"Peaks only","Oscillating (resource_decrease=0.005)"
523.4,0.0771430749391739,"Peaks only","Oscillating (resource_decrease=0.005)"
523.6,0.0810659298883236,"Peaks only","Oscillating (resource_decrease=0.005)"
523.8,0.0847554162052416,"Peaks only","Oscillating (resource_decrease=0.005)"
524,0.089182934318606,"Peaks only","Oscillating (resource_decrease=0.005)"
524.2,0.0934493163957837,"Peaks only","Oscillating (resource_decrease=0.005)"
524.4,0.0968476103592001,"Peaks only","Oscillating (resource_decrease=0.005)"
524.6,0.098960750987933,"Peaks only","Oscillating (resource_decrease=0.005)"
524.8,0.0997409894691358,"Peaks only","Oscillating (resource_decrease=0.005)"
525,0.0996540998350908,"Peaks only","Oscillating (resource_decrease=0.005)"
525.2,0.0993915392721553,"Peaks only","Oscillating (resource_decrease=0.005)"
525.4,0.0992709678699879,"Peaks only","Oscillating (resource_decrease=0.005)"
525.6,0.0990581389967767,"Peaks only","Oscillating (resource_decrease=0.005)"
525.8,0.0983397608398602,"Peaks only","Oscillating (resource_decrease=0.005)"
526,0.0968852091072841,"Peaks only","Oscillating (resource_decrease=0.005)"
526.2,0.0946358232729114,"Peaks only","Oscillating (resource_decrease=0.005)"
526.4,0.0915719048102004,"Peaks only","Oscillating (resource_decrease=0.005)"
526.6,0.0877299645810147,"Peaks only","Oscillating (resource_decrease=0.005)"
526.8,0.0832706845378039,"Peaks only","Oscillating (resource_decrease=0.005)"
527,0.0784548022805408,"Peaks only","Oscillating (resource_decrease=0.005)"
527.2,0.0735603976439092,"Peaks only","Oscillating (resource_decrease=0.005)"
527.4,0.068841905419765,"Peaks only","Oscillating (resource_decrease=0.005)"
527.6,0.064551533058798,"Peaks only","Oscillating (resource_decrease=0.005)"
527.8,0.0609546785875208,"Peaks only","Oscillating (resource_decrease=0.005)"
528,0.0605993816164924,"Peaks only","Oscillating (resource_decrease=0.005)"
528.2,0.0619342251967694,"Peaks only","Oscillating (resource_decrease=0.005)"
528.4,0.0638251712062505,"Peaks only","Oscillating (resource_decrease=0.005)"
528.6,0.0667074410173035,"Peaks only","Oscillating (resource_decrease=0.005)"
528.8,0.0709871650765532,"Peaks only","Oscillating (resource_decrease=0.005)"
529,0.0767979938348441,"Peaks only","Oscillating (resource_decrease=0.005)"
529.2,0.0838555577882184,"Peaks only","Oscillating (resource_decrease=0.005)"
529.4,0.0880541905283954,"Peaks only","Oscillating (resource_decrease=0.005)"
529.6,0.0908939996277399,"Peaks only","Oscillating (resource_decrease=0.005)"
529.8,0.0937100819116435,"Peaks only","Oscillating (resource_decrease=0.005)"
530,0.0960061808903249,"Peaks only","Oscillating (resource_decrease=0.005)"
530.2,0.097597899338304,"Peaks only","Oscillating (resource_decrease=0.005)"
530.4,0.098570380376662,"Peaks only","Oscillating (resource_decrease=0.005)"
530.6,0.0991236213287243,"Peaks only","Oscillating (resource_decrease=0.005)"
530.8,0.0994951199080111,"Peaks only","Oscillating (resource_decrease=0.005)"
531,0.0997857455948514,"Peaks only","Oscillating (resource_decrease=0.005)"
531.2,0.09979156863505,"Peaks only","Oscillating (resource_decrease=0.005)"
531.4,0.0990972589369775,"Peaks only","Oscillating (resource_decrease=0.005)"
531.6,0.0974026444801886,"Peaks only","Oscillating (resource_decrease=0.005)"
531.8,0.0947233277985682,"Peaks only","Oscillating (resource_decrease=0.005)"
532,0.0912710287017239,"Peaks only","Oscillating (resource_decrease=0.005)"
532.2,0.0872639132682304,"Peaks only","Oscillating (resource_decrease=0.005)"
532.4,0.0828797110594571,"Peaks only","Oscillating (resource_decrease=0.005)"
532.6,0.0782771476661327,"Peaks only","Oscillating (resource_decrease=0.005)"
532.8,0.0736034328280752,"Peaks only","Oscillating (resource_decrease=0.005)"
533,0.0690138863555333,"Peaks only","Oscillating (resource_decrease=0.005)"
533.2,0.0647149811683495,"Peaks only","Oscillating (resource_decrease=0.005)"
533.4,0.0609827026446361,"Peaks only","Oscillating (resource_decrease=0.005)"
533.6,0.0581376486579752,"Peaks only","Oscillating (resource_decrease=0.005)"
533.8,0.0586819985346852,"Peaks only","Oscillating (resource_decrease=0.005)"
534,0.0612952560272695,"Peaks only","Oscillating (resource_decrease=0.005)"
534.2,0.064923931755215,"Peaks only","Oscillating (resource_decrease=0.005)"
534.4,0.0698710789364075,"Peaks only","Oscillating (resource_decrease=0.005)"
534.6,0.0762606712209254,"Peaks only","Oscillating (resource_decrease=0.005)"
534.8,0.0837958345862841,"Peaks only","Oscillating (resource_decrease=0.005)"
535,0.0917012343594836,"Peaks only","Oscillating (resource_decrease=0.005)"
535.2,0.095171545031645,"Peaks only","Oscillating (resource_decrease=0.005)"
535.4,0.0960812866183569,"Peaks only","Oscillating (resource_decrease=0.005)"
535.6,0.0965411484559123,"Peaks only","Oscillating (resource_decrease=0.005)"
535.8,0.0967672810110282,"Peaks only","Oscillating (resource_decrease=0.005)"
536,0.0971627993302696,"Peaks only","Oscillating (resource_decrease=0.005)"
536.2,0.0979753528121957,"Peaks only","Oscillating (resource_decrease=0.005)"
536.4,0.0990598440939301,"Peaks only","Oscillating (resource_decrease=0.005)"
536.6,0.100035160156034,"Peaks only","Oscillating (resource_decrease=0.005)"
536.8,0.100472048588986,"Peaks only","Oscillating (resource_decrease=0.005)"
537,0.0999567800822671,"Peaks only","Oscillating (resource_decrease=0.005)"
537.2,0.0981823626423387,"Peaks only","Oscillating (resource_decrease=0.005)"
537.4,0.0951278592112537,"Peaks only","Oscillating (resource_decrease=0.005)"
537.6,0.0911178771876815,"Peaks only","Oscillating (resource_decrease=0.005)"
537.8,0.0866267057076646,"Peaks only","Oscillating (resource_decrease=0.005)"
538,0.0820258037402836,"Peaks only","Oscillating (resource_decrease=0.005)"
538.2,0.0774889056850677,"Peaks only","Oscillating (resource_decrease=0.005)"
538.4,0.0730479793110692,"Peaks only","Oscillating (resource_decrease=0.005)"
538.6,0.0687111887621209,"Peaks only","Oscillating (resource_decrease=0.005)"
538.8,0.0645708597903598,"Peaks only","Oscillating (resource_decrease=0.005)"
539,0.0608516475083203,"Peaks only","Oscillating (resource_decrease=0.005)"
539.2,0.0578953029580839,"Peaks only","Oscillating (resource_decrease=0.005)"
539.4,0.0561105334440224,"Peaks only","Oscillating (resource_decrease=0.005)"
539.6,0.0559064499721912,"Peaks only","Oscillating (resource_decrease=0.005)"
539.8,0.0597409741873569,"Peaks only","Oscillating (resource_decrease=0.005)"
540,0.0663368045722673,"Peaks only","Oscillating (resource_decrease=0.005)"
540.2,0.0742657354544452,"Peaks only","Oscillating (resource_decrease=0.005)"
540.4,0.0830739898620339,"Peaks only","Oscillating (resource_decrease=0.005)"
540.6,0.0919737568543706,"Peaks only","Oscillating (resource_decrease=0.005)"
540.8,0.0998127777957927,"Peaks only","Oscillating (resource_decrease=0.005)"
541,0.105256262628333,"Peaks only","Oscillating (resource_decrease=0.005)"
541.2,0.103157256900993,"Peaks only","Oscillating (resource_decrease=0.005)"
541.4,0.0983324360495351,"Peaks only","Oscillating (resource_decrease=0.005)"
541.6,0.0955928909456031,"Peaks only","Oscillating (resource_decrease=0.005)"
541.8,0.09533127551518,"Peaks only","Oscillating (resource_decrease=0.005)"
542,0.0968908650198263,"Peaks only","Oscillating (resource_decrease=0.005)"
542.2,0.0991814465612867,"Peaks only","Oscillating (resource_decrease=0.005)"
542.4,0.100940842073859,"Peaks only","Oscillating (resource_decrease=0.005)"
542.6,0.101202906097729,"Peaks only","Oscillating (resource_decrease=0.005)"
542.8,0.0995865219158303,"Peaks only","Oscillating (resource_decrease=0.005)"
543,0.0961712654433164,"Peaks only","Oscillating (resource_decrease=0.005)"
543.2,0.0913402344128543,"Peaks only","Oscillating (resource_decrease=0.005)"
543.4,0.0857557818930864,"Peaks only","Oscillating (resource_decrease=0.005)"
543.6,0.0801912310726948,"Peaks only","Oscillating (resource_decrease=0.005)"
543.8,0.0751864752377961,"Peaks only","Oscillating (resource_decrease=0.005)"
544,0.0708623816669401,"Peaks only","Oscillating (resource_decrease=0.005)"
544.2,0.0670502075196871,"Peaks only","Oscillating (resource_decrease=0.005)"
544.4,0.063542982667998,"Peaks only","Oscillating (resource_decrease=0.005)"
544.6,0.0602948133580641,"Peaks only","Oscillating (resource_decrease=0.005)"
544.8,0.0575213924004956,"Peaks only","Oscillating (resource_decrease=0.005)"
545,0.0556826201951803,"Peaks only","Oscillating (resource_decrease=0.005)"
545.2,0.0553620465258831,"Peaks only","Oscillating (resource_decrease=0.005)"
545.4,0.0570846385457256,"Peaks only","Oscillating (resource_decrease=0.005)"
545.6,0.063335569168899,"Peaks only","Oscillating (resource_decrease=0.005)"
545.8,0.0725640105032148,"Peaks only","Oscillating (resource_decrease=0.005)"
546,0.082754145271374,"Peaks only","Oscillating (resource_decrease=0.005)"
546.2,0.0928028283001772,"Peaks only","Oscillating (resource_decrease=0.005)"
546.4,0.101418925752161,"Peaks only","Oscillating (resource_decrease=0.005)"
546.6,0.10719016344309,"Peaks only","Oscillating (resource_decrease=0.005)"
546.8,0.10894860720611,"Peaks only","Oscillating (resource_decrease=0.005)"
547,0.102823629952057,"Peaks only","Oscillating (resource_decrease=0.005)"
547.2,0.0966064145367766,"Peaks only","Oscillating (resource_decrease=0.005)"
547.4,0.0947379129661184,"Peaks only","Oscillating (resource_decrease=0.005)"
547.6,0.0958392974703313,"Peaks only","Oscillating (resource_decrease=0.005)"
547.8,0.098376308214586,"Peaks only","Oscillating (resource_decrease=0.005)"
548,0.100830323551929,"Peaks only","Oscillating (resource_decrease=0.005)"
548.2,0.101780818367559,"Peaks only","Oscillating (resource_decrease=0.005)"
548.4,0.100463869288739,"Peaks only","Oscillating (resource_decrease=0.005)"
548.6,0.0969020522035159,"Peaks only","Oscillating (resource_decrease=0.005)"
548.8,0.0915954775846447,"Peaks only","Oscillating (resource_decrease=0.005)"
549,0.085329528784188,"Peaks only","Oscillating (resource_decrease=0.005)"
549.2,0.0790165327850324,"Peaks only","Oscillating (resource_decrease=0.005)"
549.4,0.0733854068278423,"Peaks only","Oscillating (resource_decrease=0.005)"
549.6,0.0687386626638746,"Peaks only","Oscillating (resource_decrease=0.005)"
549.8,0.0649785342759054,"Peaks only","Oscillating (resource_decrease=0.005)"
550,0.0618057777596671,"Peaks only","Oscillating (resource_decrease=0.005)"
550.2,0.0589814038221122,"Peaks only","Oscillating (resource_decrease=0.005)"
550.4,0.0565538087252445,"Peaks only","Oscillating (resource_decrease=0.005)"
550.6,0.0549250274742377,"Peaks only","Oscillating (resource_decrease=0.005)"
550.8,0.0547340864202098,"Peaks only","Oscillating (resource_decrease=0.005)"
551,0.0566195268829808,"Peaks only","Oscillating (resource_decrease=0.005)"
551.2,0.0609329207524421,"Peaks only","Oscillating (resource_decrease=0.005)"
551.4,0.0674969931425904,"Peaks only","Oscillating (resource_decrease=0.005)"
551.6,0.0782753374682266,"Peaks only","Oscillating (resource_decrease=0.005)"
551.8,0.0904549983389736,"Peaks only","Oscillating (resource_decrease=0.005)"
552,0.100907248662292,"Peaks only","Oscillating (resource_decrease=0.005)"
552.2,0.108118933977689,"Peaks only","Oscillating (resource_decrease=0.005)"
552.4,0.110880701901954,"Peaks only","Oscillating (resource_decrease=0.005)"
552.6,0.109121372041963,"Peaks only","Oscillating (resource_decrease=0.005)"
552.8,0.10543852159142,"Peaks only","Oscillating (resource_decrease=0.005)"
553,0.0989734917530674,"Peaks only","Oscillating (resource_decrease=0.005)"
553.2,0.0961067793825444,"Peaks only","Oscillating (resource_decrease=0.005)"
553.4,0.0973568093864333,"Peaks only","Oscillating (resource_decrease=0.005)"
553.6,0.0998660635218757,"Peaks only","Oscillating (resource_decrease=0.005)"
553.8,0.101731401888788,"Peaks only","Oscillating (resource_decrease=0.005)"
554,0.10159484478363,"Peaks only","Oscillating (resource_decrease=0.005)"
554.2,0.0988551495227014,"Peaks only","Oscillating (resource_decrease=0.005)"
554.4,0.0937484185727122,"Peaks only","Oscillating (resource_decrease=0.005)"
554.6,0.0870661319376023,"Peaks only","Oscillating (resource_decrease=0.005)"
554.8,0.0798211048573304,"Peaks only","Oscillating (resource_decrease=0.005)"
555,0.0729175102089609,"Peaks only","Oscillating (resource_decrease=0.005)"
555.2,0.0669434647239216,"Peaks only","Oscillating (resource_decrease=0.005)"
555.4,0.0621864921993493,"Peaks only","Oscillating (resource_decrease=0.005)"
555.6,0.0586387793219038,"Peaks only","Oscillating (resource_decrease=0.005)"
555.8,0.0560236892543029,"Peaks only","Oscillating (resource_decrease=0.005)"
556,0.0540758009812224,"Peaks only","Oscillating (resource_decrease=0.005)"
556.2,0.0528563206740626,"Peaks only","Oscillating (resource_decrease=0.005)"
556.4,0.0528252426323896,"Peaks only","Oscillating (resource_decrease=0.005)"
556.6,0.0546531594721852,"Peaks only","Oscillating (resource_decrease=0.005)"
556.8,0.0588705988199149,"Peaks only","Oscillating (resource_decrease=0.005)"
557,0.0654870522688761,"Peaks only","Oscillating (resource_decrease=0.005)"
557.2,0.073791920280901,"Peaks only","Oscillating (resource_decrease=0.005)"
557.4,0.0855287063448772,"Peaks only","Oscillating (resource_decrease=0.005)"
557.6,0.0974847822108619,"Peaks only","Oscillating (resource_decrease=0.005)"
557.8,0.106406460178919,"Peaks only","Oscillating (resource_decrease=0.005)"
558,0.111044265075164,"Peaks only","Oscillating (resource_decrease=0.005)"
558.2,0.110880443474029,"Peaks only","Oscillating (resource_decrease=0.005)"
558.4,0.107499587794234,"Peaks only","Oscillating (resource_decrease=0.005)"
558.6,0.104506202941694,"Peaks only","Oscillating (resource_decrease=0.005)"
558.8,0.0996829223949605,"Peaks only","Oscillating (resource_decrease=0.005)"
559,0.0982017359152584,"Peaks only","Oscillating (resource_decrease=0.005)"
559.2,0.10008757785992,"Peaks only","Oscillating (resource_decrease=0.005)"
559.4,0.10229329390403,"Peaks only","Oscillating (resource_decrease=0.005)"
559.6,0.103029682736363,"Peaks only","Oscillating (resource_decrease=0.005)"
559.8,0.101362374926943,"Peaks only","Oscillating (resource_decrease=0.005)"
560,0.0971341197236013,"Peaks only","Oscillating (resource_decrease=0.005)"
560.2,0.0908675818393064,"Peaks only","Oscillating (resource_decrease=0.005)"
560.4,0.0835103110153334,"Peaks only","Oscillating (resource_decrease=0.005)"
560.6,0.076055572386035,"Peaks only","Oscillating (resource_decrease=0.005)"
560.8,0.0692082796142905,"Peaks only","Oscillating (resource_decrease=0.005)"
561,0.0633561108119337,"Peaks only","Oscillating (resource_decrease=0.005)"
561.2,0.0586999961917727,"Peaks only","Oscillating (resource_decrease=0.005)"
561.4,0.0552110569406145,"Peaks only","Oscillating (resource_decrease=0.005)"
561.6,0.0526758925775501,"Peaks only","Oscillating (resource_decrease=0.005)"
561.8,0.0509919275701253,"Peaks only","Oscillating (resource_decrease=0.005)"
562,0.0504036030431695,"Peaks only","Oscillating (resource_decrease=0.005)"
562.2,0.0514741178378529,"Peaks only","Oscillating (resource_decrease=0.005)"
562.4,0.0548228532077367,"Peaks only","Oscillating (resource_decrease=0.005)"
562.6,0.0607324370903099,"Peaks only","Oscillating (resource_decrease=0.005)"
562.8,0.0688007614222933,"Peaks only","Oscillating (resource_decrease=0.005)"
563,0.0779005051223299,"Peaks only","Oscillating (resource_decrease=0.005)"
563.2,0.0897272554957757,"Peaks only","Oscillating (resource_decrease=0.005)"
563.4,0.10098280455047,"Peaks only","Oscillating (resource_decrease=0.005)"
563.6,0.108493655950454,"Peaks only","Oscillating (resource_decrease=0.005)"
563.8,0.111349855951596,"Peaks only","Oscillating (resource_decrease=0.005)"
564,0.109773193450693,"Peaks only","Oscillating (resource_decrease=0.005)"
564.2,0.106297050391474,"Peaks only","Oscillating (resource_decrease=0.005)"
564.4,0.104310113564131,"Peaks only","Oscillating (resource_decrease=0.005)"
564.6,0.100585929669308,"Peaks only","Oscillating (resource_decrease=0.005)"
564.8,0.0998579156931355,"Peaks only","Oscillating (resource_decrease=0.005)"
565,0.101976924609093,"Peaks only","Oscillating (resource_decrease=0.005)"
565.2,0.103811864674276,"Peaks only","Oscillating (resource_decrease=0.005)"
565.4,0.103759793306271,"Peaks only","Oscillating (resource_decrease=0.005)"
565.6,0.101207558933802,"Peaks only","Oscillating (resource_decrease=0.005)"
565.8,0.0962322852428643,"Peaks only","Oscillating (resource_decrease=0.005)"
566,0.0894830924397344,"Peaks only","Oscillating (resource_decrease=0.005)"
566.2,0.081943474107468,"Peaks only","Oscillating (resource_decrease=0.005)"
566.4,0.0745227179042148,"Peaks only","Oscillating (resource_decrease=0.005)"
566.6,0.0677692461193675,"Peaks only","Oscillating (resource_decrease=0.005)"
566.8,0.0619550613468402,"Peaks only","Oscillating (resource_decrease=0.005)"
567,0.0572413849900477,"Peaks only","Oscillating (resource_decrease=0.005)"
567.2,0.0536231853649464,"Peaks only","Oscillating (resource_decrease=0.005)"
567.4,0.0509802414463734,"Peaks only","Oscillating (resource_decrease=0.005)"
567.6,0.0493379622331965,"Peaks only","Oscillating (resource_decrease=0.005)"
567.8,0.0490404329845932,"Peaks only","Oscillating (resource_decrease=0.005)"
568,0.0506762134374694,"Peaks only","Oscillating (resource_decrease=0.005)"
568.2,0.0547950712822761,"Peaks only","Oscillating (resource_decrease=0.005)"
568.4,0.0615166855268308,"Peaks only","Oscillating (resource_decrease=0.005)"
568.6,0.0702244521721831,"Peaks only","Oscillating (resource_decrease=0.005)"
568.8,0.0796122186419256,"Peaks only","Oscillating (resource_decrease=0.005)"
569,0.0881507054007572,"Peaks only","Oscillating (resource_decrease=0.005)"
569.2,0.0981729787638443,"Peaks only","Oscillating (resource_decrease=0.005)"
569.4,0.106565766633839,"Peaks only","Oscillating (resource_decrease=0.005)"
569.6,0.110426999025364,"Peaks only","Oscillating (resource_decrease=0.005)"
569.8,0.109827867999271,"Peaks only","Oscillating (resource_decrease=0.005)"
570,0.106963306444376,"Peaks only","Oscillating (resource_decrease=0.005)"
570.2,0.105175158326613,"Peaks only","Oscillating (resource_decrease=0.005)"
570.4,0.10585417855476,"Peaks only","Oscillating (resource_decrease=0.005)"
570.6,0.103696431105742,"Peaks only","Oscillating (resource_decrease=0.005)"
570.8,0.103273438470679,"Peaks only","Oscillating (resource_decrease=0.005)"
571,0.10434945397871,"Peaks only","Oscillating (resource_decrease=0.005)"
571.2,0.104115280348682,"Peaks only","Oscillating (resource_decrease=0.005)"
571.4,0.101701055628103,"Peaks only","Oscillating (resource_decrease=0.005)"
571.6,0.0970785937250499,"Peaks only","Oscillating (resource_decrease=0.005)"
571.8,0.0906747309765914,"Peaks only","Oscillating (resource_decrease=0.005)"
572,0.0832877208577217,"Peaks only","Oscillating (resource_decrease=0.005)"
572.2,0.0757565893707539,"Peaks only","Oscillating (resource_decrease=0.005)"
572.4,0.0686099499604869,"Peaks only","Oscillating (resource_decrease=0.005)"
572.6,0.0621058761300837,"Peaks only","Oscillating (resource_decrease=0.005)"
572.8,0.056507353215573,"Peaks only","Oscillating (resource_decrease=0.005)"
573,0.0520799533871516,"Peaks only","Oscillating (resource_decrease=0.005)"
573.2,0.0489513348621769,"Peaks only","Oscillating (resource_decrease=0.005)"
573.4,0.0471879385529756,"Peaks only","Oscillating (resource_decrease=0.005)"
573.6,0.0469926010761619,"Peaks only","Oscillating (resource_decrease=0.005)"
573.8,0.048774160458641,"Peaks only","Oscillating (resource_decrease=0.005)"
574,0.052982885689471,"Peaks only","Oscillating (resource_decrease=0.005)"
574.2,0.0597570371234498,"Peaks only","Oscillating (resource_decrease=0.005)"
574.4,0.0685623970086295,"Peaks only","Oscillating (resource_decrease=0.005)"
574.6,0.0781279416307797,"Peaks only","Oscillating (resource_decrease=0.005)"
574.8,0.0868543427014987,"Peaks only","Oscillating (resource_decrease=0.005)"
575,0.0969266584642146,"Peaks only","Oscillating (resource_decrease=0.005)"
575.2,0.105318608864458,"Peaks only","Oscillating (resource_decrease=0.005)"
575.4,0.109382872220253,"Peaks only","Oscillating (resource_decrease=0.005)"
575.6,0.109333048980204,"Peaks only","Oscillating (resource_decrease=0.005)"
575.8,0.107005238598259,"Peaks only","Oscillating (resource_decrease=0.005)"
576,0.105360391904535,"Peaks only","Oscillating (resource_decrease=0.005)"
576.2,0.106003121631281,"Peaks only","Oscillating (resource_decrease=0.005)"
576.4,0.103934627315257,"Peaks only","Oscillating (resource_decrease=0.005)"
576.6,0.103709136888274,"Peaks only","Oscillating (resource_decrease=0.005)"
576.8,0.105107638164191,"Peaks only","Oscillating (resource_decrease=0.005)"
577,0.105255910087891,"Peaks only","Oscillating (resource_decrease=0.005)"
577.2,0.103236628375691,"Peaks only","Oscillating (resource_decrease=0.005)"
577.4,0.0989845693768511,"Peaks only","Oscillating (resource_decrease=0.005)"
577.6,0.0928658623731799,"Peaks only","Oscillating (resource_decrease=0.005)"
577.8,0.0856315606021511,"Peaks only","Oscillating (resource_decrease=0.005)"
578,0.0781293455937925,"Peaks only","Oscillating (resource_decrease=0.005)"
578.2,0.0709283896561685,"Peaks only","Oscillating (resource_decrease=0.005)"
578.4,0.0642730220549898,"Peaks only","Oscillating (resource_decrease=0.005)"
578.6,0.0583650088553608,"Peaks only","Oscillating (resource_decrease=0.005)"
578.8,0.0534671772708036,"Peaks only","Oscillating (resource_decrease=0.005)"
579,0.0497590243048132,"Peaks only","Oscillating (resource_decrease=0.005)"
579.2,0.047347421170422,"Peaks only","Oscillating (resource_decrease=0.005)"
579.4,0.0464427847406456,"Peaks only","Oscillating (resource_decrease=0.005)"
579.6,0.0474505929851748,"Peaks only","Oscillating (resource_decrease=0.005)"
579.8,0.0508555422638872,"Peaks only","Oscillating (resource_decrease=0.005)"
580,0.0569195186982323,"Peaks only","Oscillating (resource_decrease=0.005)"
580.2,0.0653150466575909,"Peaks only","Oscillating (resource_decrease=0.005)"
580.4,0.0749518931616793,"Peaks only","Oscillating (resource_decrease=0.005)"
580.6,0.0842418214766344,"Peaks only","Oscillating (resource_decrease=0.005)"
580.8,0.091711696092987,"Peaks only","Oscillating (resource_decrease=0.005)"
581,0.100154203575751,"Peaks only","Oscillating (resource_decrease=0.005)"
581.2,0.106776493765977,"Peaks only","Oscillating (resource_decrease=0.005)"
581.4,0.109172029073346,"Peaks only","Oscillating (resource_decrease=0.005)"
581.6,0.108176854361444,"Peaks only","Oscillating (resource_decrease=0.005)"
581.8,0.106282426413011,"Peaks only","Oscillating (resource_decrease=0.005)"
582,0.106001820137011,"Peaks only","Oscillating (resource_decrease=0.005)"
582.2,0.10342989175724,"Peaks only","Oscillating (resource_decrease=0.005)"
582.4,0.103212874768591,"Peaks only","Oscillating (resource_decrease=0.005)"
582.6,0.105033963915044,"Peaks only","Oscillating (resource_decrease=0.005)"
582.8,0.105804810717831,"Peaks only","Oscillating (resource_decrease=0.005)"
583,0.104532537694812,"Peaks only","Oscillating (resource_decrease=0.005)"
583.2,0.101179584819708,"Peaks only","Oscillating (resource_decrease=0.005)"
583.4,0.0959479592426281,"Peaks only","Oscillating (resource_decrease=0.005)"
583.6,0.08930229384033,"Peaks only","Oscillating (resource_decrease=0.005)"
583.8,0.0819759768194983,"Peaks only","Oscillating (resource_decrease=0.005)"
584,0.0746674133162055,"Peaks only","Oscillating (resource_decrease=0.005)"
584.2,0.0677812765877646,"Peaks only","Oscillating (resource_decrease=0.005)"
584.4,0.0615320798637299,"Peaks only","Oscillating (resource_decrease=0.005)"
584.6,0.056149266478656,"Peaks only","Oscillating (resource_decrease=0.005)"
584.8,0.0518256347804596,"Peaks only","Oscillating (resource_decrease=0.005)"
585,0.048675021967519,"Peaks only","Oscillating (resource_decrease=0.005)"
585.2,0.0468760845553689,"Peaks only","Oscillating (resource_decrease=0.005)"
585.4,0.0467882451290268,"Peaks only","Oscillating (resource_decrease=0.005)"
585.6,0.0488983063457107,"Peaks only","Oscillating (resource_decrease=0.005)"
585.8,0.0536057631749372,"Peaks only","Oscillating (resource_decrease=0.005)"
586,0.0608969703699183,"Peaks only","Oscillating (resource_decrease=0.005)"
586.2,0.0700612934706633,"Peaks only","Oscillating (resource_decrease=0.005)"
586.4,0.0797183919247541,"Peaks only","Oscillating (resource_decrease=0.005)"
586.6,0.0882719688735812,"Peaks only","Oscillating (resource_decrease=0.005)"
586.8,0.0980332790137557,"Peaks only","Oscillating (resource_decrease=0.005)"
587,0.105987519059058,"Peaks only","Oscillating (resource_decrease=0.005)"
587.2,0.109504641725144,"Peaks only","Oscillating (resource_decrease=0.005)"
587.4,0.108976414848301,"Peaks only","Oscillating (resource_decrease=0.005)"
587.6,0.106555390177088,"Peaks only","Oscillating (resource_decrease=0.005)"
587.8,0.105228402896455,"Peaks only","Oscillating (resource_decrease=0.005)"
588,0.106264972176322,"Peaks only","Oscillating (resource_decrease=0.005)"
588.2,0.104386447272927,"Peaks only","Oscillating (resource_decrease=0.005)"
588.4,0.104147166058338,"Peaks only","Oscillating (resource_decrease=0.005)"
588.6,0.105342590489973,"Peaks only","Oscillating (resource_decrease=0.005)"
588.8,0.105169749164628,"Peaks only","Oscillating (resource_decrease=0.005)"
589,0.102812322351157,"Peaks only","Oscillating (resource_decrease=0.005)"
589.2,0.0982757767913221,"Peaks only","Oscillating (resource_decrease=0.005)"
589.4,0.0919759905716647,"Peaks only","Oscillating (resource_decrease=0.005)"
589.6,0.0846825675673006,"Peaks only","Oscillating (resource_decrease=0.005)"
589.8,0.0772111512497182,"Peaks only","Oscillating (resource_decrease=0.005)"
590,0.0700686788792178,"Peaks only","Oscillating (resource_decrease=0.005)"
590.2,0.0634623539310696,"Peaks only","Oscillating (resource_decrease=0.005)"
590.4,0.0576009112175971,"Peaks only","Oscillating (resource_decrease=0.005)"
590.6,0.0527658064807653,"Peaks only","Oscillating (resource_decrease=0.005)"
590.8,0.04915660000293,"Peaks only","Oscillating (resource_decrease=0.005)"
591,0.0469052927196793,"Peaks only","Oscillating (resource_decrease=0.005)"
591.2,0.0462436478774062,"Peaks only","Oscillating (resource_decrease=0.005)"
591.4,0.0475814325618915,"Peaks only","Oscillating (resource_decrease=0.005)"
591.6,0.0513772234805689,"Peaks only","Oscillating (resource_decrease=0.005)"
591.8,0.0578252540857599,"Peaks only","Oscillating (resource_decrease=0.005)"
592,0.0664965672759803,"Peaks only","Oscillating (resource_decrease=0.005)"
592.2,0.076207884274861,"Peaks only","Oscillating (resource_decrease=0.005)"
592.4,0.0853418044626595,"Peaks only","Oscillating (resource_decrease=0.005)"
592.6,0.0958994841079475,"Peaks only","Oscillating (resource_decrease=0.005)"
592.8,0.104762764299911,"Peaks only","Oscillating (resource_decrease=0.005)"
593,0.109228279993497,"Peaks only","Oscillating (resource_decrease=0.005)"
593.2,0.109428904175374,"Peaks only","Oscillating (resource_decrease=0.005)"
593.4,0.107062288309695,"Peaks only","Oscillating (resource_decrease=0.005)"
593.6,0.105117507478141,"Peaks only","Oscillating (resource_decrease=0.005)"
593.8,0.105489804788235,"Peaks only","Oscillating (resource_decrease=0.005)"
594,0.103429015743454,"Peaks only","Oscillating (resource_decrease=0.005)"
594.2,0.103391586554555,"Peaks only","Oscillating (resource_decrease=0.005)"
594.4,0.105147357634225,"Peaks only","Oscillating (resource_decrease=0.005)"
594.6,0.105729748627069,"Peaks only","Oscillating (resource_decrease=0.005)"
594.8,0.104111991789387,"Peaks only","Oscillating (resource_decrease=0.005)"
595,0.10017611276348,"Peaks only","Oscillating (resource_decrease=0.005)"
595.2,0.0942570623807849,"Peaks only","Oscillating (resource_decrease=0.005)"
595.4,0.0871013673486518,"Peaks only","Oscillating (resource_decrease=0.005)"
595.6,0.0795992652386328,"Peaks only","Oscillating (resource_decrease=0.005)"
595.8,0.0723856652253117,"Peaks only","Oscillating (resource_decrease=0.005)"
596,0.0657263969884137,"Peaks only","Oscillating (resource_decrease=0.005)"
596.2,0.0597750142804344,"Peaks only","Oscillating (resource_decrease=0.005)"
596.4,0.054741921094472,"Peaks only","Oscillating (resource_decrease=0.005)"
596.6,0.0507883144744446,"Peaks only","Oscillating (resource_decrease=0.005)"
596.8,0.0480205761672491,"Peaks only","Oscillating (resource_decrease=0.005)"
597,0.0466542925650909,"Peaks only","Oscillating (resource_decrease=0.005)"
597.2,0.0471087777034231,"Peaks only","Oscillating (resource_decrease=0.005)"
597.4,0.0499064291392559,"Peaks only","Oscillating (resource_decrease=0.005)"
597.6,0.0553941322452956,"Peaks only","Oscillating (resource_decrease=0.005)"
597.8,0.0633816033634344,"Peaks only","Oscillating (resource_decrease=0.005)"
598,0.072918709424298,"Peaks only","Oscillating (resource_decrease=0.005)"
598.2,0.0824718336301079,"Peaks only","Oscillating (resource_decrease=0.005)"
598.4,0.0904859975127424,"Peaks only","Oscillating (resource_decrease=0.005)"
598.6,0.0995396229875631,"Peaks only","Oscillating (resource_decrease=0.005)"
598.8,0.106719549815727,"Peaks only","Oscillating (resource_decrease=0.005)"
599,0.10949330039933,"Peaks only","Oscillating (resource_decrease=0.005)"
599.2,0.108522877274741,"Peaks only","Oscillating (resource_decrease=0.005)"
599.4,0.106268175578645,"Peaks only","Oscillating (resource_decrease=0.005)"
599.6,0.105527698530119,"Peaks only","Oscillating (resource_decrease=0.005)"
599.8,0.1070573874963,"Peaks only","Oscillating (resource_decrease=0.005)"
600,0.105251049251839,"Peaks only","Oscillating (resource_decrease=0.005)"
600.2,0.10480414771663,"Peaks only","Oscillating (resource_decrease=0.005)"
600.4,0.10553626048356,"Peaks only","Oscillating (resource_decrease=0.005)"
600.6,0.104768145713922,"Peaks only","Oscillating (resource_decrease=0.005)"
600.8,0.101843981875847,"Peaks only","Oscillating (resource_decrease=0.005)"
601,0.0968682483379834,"Peaks only","Oscillating (resource_decrease=0.005)"
601.2,0.0903150372693095,"Peaks only","Oscillating (resource_decrease=0.005)"
601.4,0.0829504807631195,"Peaks only","Oscillating (resource_decrease=0.005)"
601.6,0.0755113560728224,"Peaks only","Oscillating (resource_decrease=0.005)"
601.8,0.0684066854325196,"Peaks only","Oscillating (resource_decrease=0.005)"
602,0.0618190543213829,"Peaks only","Oscillating (resource_decrease=0.005)"
602.2,0.0560082029585352,"Peaks only","Oscillating (resource_decrease=0.005)"
602.4,0.0513063545177452,"Peaks only","Oscillating (resource_decrease=0.005)"
602.6,0.0479447098552294,"Peaks only","Oscillating (resource_decrease=0.005)"
602.8,0.0460795842008198,"Peaks only","Oscillating (resource_decrease=0.005)"
603,0.0459555428762536,"Peaks only","Oscillating (resource_decrease=0.005)"
603.2,0.0479684331224265,"Peaks only","Oscillating (resource_decrease=0.005)"
603.4,0.0525130599134746,"Peaks only","Oscillating (resource_decrease=0.005)"
603.6,0.0596488162024941,"Peaks only","Oscillating (resource_decrease=0.005)"
603.8,0.0687588038686002,"Peaks only","Oscillating (resource_decrease=0.005)"
604,0.0785025409721826,"Peaks only","Oscillating (resource_decrease=0.005)"
604.2,0.0872376814147925,"Peaks only","Oscillating (resource_decrease=0.005)"
604.4,0.0971575560174675,"Peaks only","Oscillating (resource_decrease=0.005)"
604.6,0.105270619800731,"Peaks only","Oscillating (resource_decrease=0.005)"
604.8,0.10903963971352,"Peaks only","Oscillating (resource_decrease=0.005)"
605,0.108860934041895,"Peaks only","Oscillating (resource_decrease=0.005)"
605.2,0.106667811968779,"Peaks only","Oscillating (resource_decrease=0.005)"
605.4,0.105299155728118,"Peaks only","Oscillating (resource_decrease=0.005)"
605.6,0.106205219409799,"Peaks only","Oscillating (resource_decrease=0.005)"
605.8,0.104321471779481,"Peaks only","Oscillating (resource_decrease=0.005)"
606,0.104188649207109,"Peaks only","Oscillating (resource_decrease=0.005)"
606.2,0.105607387900125,"Peaks only","Oscillating (resource_decrease=0.005)"
606.4,0.105718199102458,"Peaks only","Oscillating (resource_decrease=0.005)"
606.6,0.103648447652858,"Peaks only","Oscillating (resource_decrease=0.005)"
606.8,0.0993665545045797,"Peaks only","Oscillating (resource_decrease=0.005)"
607,0.0932485982364043,"Peaks only","Oscillating (resource_decrease=0.005)"
607.2,0.0860400823725214,"Peaks only","Oscillating (resource_decrease=0.005)"
607.4,0.0785723757032346,"Peaks only","Oscillating (resource_decrease=0.005)"
607.6,0.0713925180981205,"Peaks only","Oscillating (resource_decrease=0.005)"
607.8,0.0647166683243777,"Peaks only","Oscillating (resource_decrease=0.005)"
608,0.0587200178838086,"Peaks only","Oscillating (resource_decrease=0.005)"
608.2,0.0536672735363454,"Peaks only","Oscillating (resource_decrease=0.005)"
608.4,0.0497707845742905,"Peaks only","Oscillating (resource_decrease=0.005)"
608.6,0.0471749621662422,"Peaks only","Oscillating (resource_decrease=0.005)"
608.8,0.0461121968382875,"Peaks only","Oscillating (resource_decrease=0.005)"
609,0.0469915262723094,"Peaks only","Oscillating (resource_decrease=0.005)"
609.2,0.0502934869791132,"Peaks only","Oscillating (resource_decrease=0.005)"
609.4,0.0562844597379878,"Peaks only","Oscillating (resource_decrease=0.005)"
609.6,0.0646581811763912,"Peaks only","Oscillating (resource_decrease=0.005)"
609.8,0.0743484560566129,"Peaks only","Oscillating (resource_decrease=0.005)"
610,0.08376541807749,"Peaks only","Oscillating (resource_decrease=0.005)"
610.2,0.0913960672781527,"Peaks only","Oscillating (resource_decrease=0.005)"
610.4,0.0999675660533237,"Peaks only","Oscillating (resource_decrease=0.005)"
610.6,0.106672425023625,"Peaks only","Oscillating (resource_decrease=0.005)"
610.8,0.109116642364701,"Peaks only","Oscillating (resource_decrease=0.005)"
611,0.108136452956982,"Peaks only","Oscillating (resource_decrease=0.005)"
611.2,0.106206686443288,"Peaks only","Oscillating (resource_decrease=0.005)"
611.4,0.105873900241626,"Peaks only","Oscillating (resource_decrease=0.005)"
611.6,0.103310058735483,"Peaks only","Oscillating (resource_decrease=0.005)"
611.8,0.103148585490373,"Peaks only","Oscillating (resource_decrease=0.005)"
612,0.105077775481593,"Peaks only","Oscillating (resource_decrease=0.005)"
612.2,0.105978833194463,"Peaks only","Oscillating (resource_decrease=0.005)"
612.4,0.104826736737397,"Peaks only","Oscillating (resource_decrease=0.005)"
612.6,0.101573740590824,"Peaks only","Oscillating (resource_decrease=0.005)"
612.8,0.096414368603615,"Peaks only","Oscillating (resource_decrease=0.005)"
613,0.0898077109383779,"Peaks only","Oscillating (resource_decrease=0.005)"
613.2,0.0824932170343192,"Peaks only","Oscillating (resource_decrease=0.005)"
613.4,0.0751857314423918,"Peaks only","Oscillating (resource_decrease=0.005)"
613.6,0.0683005634944875,"Peaks only","Oscillating (resource_decrease=0.005)"
613.8,0.0620400804248918,"Peaks only","Oscillating (resource_decrease=0.005)"
614,0.0566119820889152,"Peaks only","Oscillating (resource_decrease=0.005)"
614.2,0.0522010678761184,"Peaks only","Oscillating (resource_decrease=0.005)"
614.4,0.0489251328229132,"Peaks only","Oscillating (resource_decrease=0.005)"
614.6,0.0469691673039258,"Peaks only","Oscillating (resource_decrease=0.005)"
614.8,0.0466982449552156,"Peaks only","Oscillating (resource_decrease=0.005)"
615,0.0486072736722678,"Peaks only","Oscillating (resource_decrease=0.005)"
615.2,0.053114720207586,"Peaks only","Oscillating (resource_decrease=0.005)"
615.4,0.0602444130368302,"Peaks only","Oscillating (resource_decrease=0.005)"
615.6,0.0693347516247914,"Peaks only","Oscillating (resource_decrease=0.005)"
615.8,0.0790389771336088,"Peaks only","Oscillating (resource_decrease=0.005)"
616,0.0877514713028783,"Peaks only","Oscillating (resource_decrease=0.005)"
616.2,0.0977158533846152,"Peaks only","Oscillating (resource_decrease=0.005)"
616.4,0.105877853320415,"Peaks only","Oscillating (resource_decrease=0.005)"
616.6,0.109566191459227,"Peaks only","Oscillating (resource_decrease=0.005)"
616.8,0.10910902399964,"Peaks only","Oscillating (resource_decrease=0.005)"
617,0.106610306400053,"Peaks only","Oscillating (resource_decrease=0.005)"
617.2,0.105121908503802,"Peaks only","Oscillating (resource_decrease=0.005)"
617.4,0.106038054661622,"Peaks only","Oscillating (resource_decrease=0.005)"
617.6,0.104153315330847,"Peaks only","Oscillating (resource_decrease=0.005)"
617.8,0.103978080608002,"Peaks only","Oscillating (resource_decrease=0.005)"
618,0.105297078219489,"Peaks only","Oscillating (resource_decrease=0.005)"
618.2,0.105273852336377,"Peaks only","Oscillating (resource_decrease=0.005)"
618.4,0.103050879679631,"Peaks only","Oscillating (resource_decrease=0.005)"
618.6,0.0986121279143476,"Peaks only","Oscillating (resource_decrease=0.005)"
618.8,0.0923639415135617,"Peaks only","Oscillating (resource_decrease=0.005)"
619,0.0850805002381871,"Peaks only","Oscillating (resource_decrease=0.005)"
619.2,0.0775985968770313,"Peaks only","Oscillating (resource_decrease=0.005)"
619.4,0.0704499854082341,"Peaks only","Oscillating (resource_decrease=0.005)"
619.6,0.06384858095014,"Peaks only","Oscillating (resource_decrease=0.005)"
619.8,0.0579884429386288,"Peaks only","Oscillating (resource_decrease=0.005)"
620,0.0531336849252127,"Peaks only","Oscillating (resource_decrease=0.005)"
620.2,0.0494727946514173,"Peaks only","Oscillating (resource_decrease=0.005)"
620.4,0.0471318503255098,"Peaks only","Oscillating (resource_decrease=0.005)"
620.6,0.0463418364411533,"Peaks only","Oscillating (resource_decrease=0.005)"
620.8,0.0475184273430482,"Peaks only","Oscillating (resource_decrease=0.005)"
621,0.0511361174995109,"Peaks only","Oscillating (resource_decrease=0.005)"
621.2,0.0574192959009062,"Peaks only","Oscillating (resource_decrease=0.005)"
621.4,0.0659810545189763,"Peaks only","Oscillating (resource_decrease=0.005)"
621.6,0.0756755953470188,"Peaks only","Oscillating (resource_decrease=0.005)"
621.8,0.0848953581171025,"Peaks only","Oscillating (resource_decrease=0.005)"
622,0.0956005440453601,"Peaks only","Oscillating (resource_decrease=0.005)"
622.2,0.104643769324513,"Peaks only","Oscillating (resource_decrease=0.005)"
622.4,0.109279991621862,"Peaks only","Oscillating (resource_decrease=0.005)"
622.6,0.109577172825286,"Peaks only","Oscillating (resource_decrease=0.005)"
622.8,0.107173892825206,"Peaks only","Oscillating (resource_decrease=0.005)"
623,0.105091456243913,"Peaks only","Oscillating (resource_decrease=0.005)"
623.2,0.105331994101464,"Peaks only","Oscillating (resource_decrease=0.005)"
623.4,0.103221260694633,"Peaks only","Oscillating (resource_decrease=0.005)"
623.6,0.103200266396457,"Peaks only","Oscillating (resource_decrease=0.005)"
623.8,0.105031232151366,"Peaks only","Oscillating (resource_decrease=0.005)"
624,0.105722425593503,"Peaks only","Oscillating (resource_decrease=0.005)"
624.2,0.104209318537649,"Peaks only","Oscillating (resource_decrease=0.005)"
624.4,0.100352788374966,"Peaks only","Oscillating (resource_decrease=0.005)"
624.6,0.0944786609538295,"Peaks only","Oscillating (resource_decrease=0.005)"
624.8,0.0873337327832612,"Peaks only","Oscillating (resource_decrease=0.005)"
625,0.0798215971135105,"Peaks only","Oscillating (resource_decrease=0.005)"
625.2,0.0725978826758444,"Peaks only","Oscillating (resource_decrease=0.005)"
625.4,0.0659414311647901,"Peaks only","Oscillating (resource_decrease=0.005)"
625.6,0.0600024059868139,"Peaks only","Oscillating (resource_decrease=0.005)"
625.8,0.0549788130457147,"Peaks only","Oscillating (resource_decrease=0.005)"
626,0.0510188915888072,"Peaks only","Oscillating (resource_decrease=0.005)"
626.2,0.0482188511673982,"Peaks only","Oscillating (resource_decrease=0.005)"
626.4,0.0467895466192028,"Peaks only","Oscillating (resource_decrease=0.005)"
626.6,0.0471524614287894,"Peaks only","Oscillating (resource_decrease=0.005)"
626.8,0.0498395211875812,"Peaks only","Oscillating (resource_decrease=0.005)"
627,0.0552153628664254,"Peaks only","Oscillating (resource_decrease=0.005)"
627.2,0.0631148862416915,"Peaks only","Oscillating (resource_decrease=0.005)"
627.4,0.0726135024588491,"Peaks only","Oscillating (resource_decrease=0.005)"
627.6,0.0821910712427061,"Peaks only","Oscillating (resource_decrease=0.005)"
627.8,0.0902853685878794,"Peaks only","Oscillating (resource_decrease=0.005)"
628,0.0994438480884888,"Peaks only","Oscillating (resource_decrease=0.005)"
628.2,0.106730414767568,"Peaks only","Oscillating (resource_decrease=0.005)"
628.4,0.109581115232433,"Peaks only","Oscillating (resource_decrease=0.005)"
628.6,0.108617169582716,"Peaks only","Oscillating (resource_decrease=0.005)"
628.8,0.106292340372754,"Peaks only","Oscillating (resource_decrease=0.005)"
629,0.105460585540445,"Peaks only","Oscillating (resource_decrease=0.005)"
629.2,0.10693174217358,"Peaks only","Oscillating (resource_decrease=0.005)"
629.4,0.105121579930084,"Peaks only","Oscillating (resource_decrease=0.005)"
629.6,0.1047017184265,"Peaks only","Oscillating (resource_decrease=0.005)"
629.8,0.105484576249056,"Peaks only","Oscillating (resource_decrease=0.005)"
630,0.104776326280056,"Peaks only","Oscillating (resource_decrease=0.005)"
630.2,0.10190285570421,"Peaks only","Oscillating (resource_decrease=0.005)"
630.4,0.0969592282645832,"Peaks only","Oscillating (resource_decrease=0.005)"
630.6,0.0904173872259747,"Peaks only","Oscillating (resource_decrease=0.005)"
630.8,0.0830489139853754,"Peaks only","Oscillating (resource_decrease=0.005)"
631,0.0756019926111447,"Peaks only","Oscillating (resource_decrease=0.005)"
631.2,0.0684961817114045,"Peaks only","Oscillating (resource_decrease=0.005)"
631.4,0.0619167289244117,"Peaks only","Oscillating (resource_decrease=0.005)"
631.6,0.0561182561359673,"Peaks only","Oscillating (resource_decrease=0.005)"
631.8,0.0514249451606346,"Peaks only","Oscillating (resource_decrease=0.005)"
632,0.0480604853770719,"Peaks only","Oscillating (resource_decrease=0.005)"
632.2,0.0461764495886016,"Peaks only","Oscillating (resource_decrease=0.005)"
632.4,0.046016672795913,"Peaks only","Oscillating (resource_decrease=0.005)"
632.6,0.0479804395050702,"Peaks only","Oscillating (resource_decrease=0.005)"
632.8,0.052470034359233,"Peaks only","Oscillating (resource_decrease=0.005)"
633,0.0595560537758751,"Peaks only","Oscillating (resource_decrease=0.005)"
633.2,0.06863447430467,"Peaks only","Oscillating (resource_decrease=0.005)"
633.4,0.0783746101176888,"Peaks only","Oscillating (resource_decrease=0.005)"
633.6,0.0871357471002732,"Peaks only","Oscillating (resource_decrease=0.005)"
633.8,0.0971002315205003,"Peaks only","Oscillating (resource_decrease=0.005)"
634,0.105266614850247,"Peaks only","Oscillating (resource_decrease=0.005)"
634.2,0.109081647630197,"Peaks only","Oscillating (resource_decrease=0.005)"
634.4,0.108919016900126,"Peaks only","Oscillating (resource_decrease=0.005)"
634.6,0.106700640629507,"Peaks only","Oscillating (resource_decrease=0.005)"
634.8,0.105285760496362,"Peaks only","Oscillating (resource_decrease=0.005)"
635,0.10615430403541,"Peaks only","Oscillating (resource_decrease=0.005)"
635.2,0.104257034016195,"Peaks only","Oscillating (resource_decrease=0.005)"
635.4,0.104128349562502,"Peaks only","Oscillating (resource_decrease=0.005)"
635.6,0.105564983799029,"Peaks only","Oscillating (resource_decrease=0.005)"
635.8,0.105700935591222,"Peaks only","Oscillating (resource_decrease=0.005)"
636,0.103654091787055,"Peaks only","Oscillating (resource_decrease=0.005)"
636.2,0.0993875890260611,"Peaks only","Oscillating (resource_decrease=0.005)"
636.4,0.0932758388856475,"Peaks only","Oscillating (resource_decrease=0.005)"
636.6,0.0860657977021642,"Peaks only","Oscillating (resource_decrease=0.005)"
636.8,0.0785933636153287,"Peaks only","Oscillating (resource_decrease=0.005)"
637,0.0714109847973001,"Peaks only","Oscillating (resource_decrease=0.005)"
637.2,0.0647380278846961,"Peaks only","Oscillating (resource_decrease=0.005)"
637.4,0.0587493259661868,"Peaks only","Oscillating (resource_decrease=0.005)"
637.6,0.0537063637164455,"Peaks only","Oscillating (resource_decrease=0.005)"
637.8,0.0498170483892008,"Peaks only","Oscillating (resource_decrease=0.005)"
638,0.047222147330616,"Peaks only","Oscillating (resource_decrease=0.005)"
638.2,0.0461525857294976,"Peaks only","Oscillating (resource_decrease=0.005)"
638.4,0.0470182966951488,"Peaks only","Oscillating (resource_decrease=0.005)"
638.6,0.0503024985406455,"Peaks only","Oscillating (resource_decrease=0.005)"
638.8,0.056275324353652,"Peaks only","Oscillating (resource_decrease=0.005)"
639,0.0646346061661433,"Peaks only","Oscillating (resource_decrease=0.005)"
639.2,0.0743176730961616,"Peaks only","Oscillating (resource_decrease=0.005)"
639.4,0.0837365900489966,"Peaks only","Oscillating (resource_decrease=0.005)"
639.6,0.0913779051751493,"Peaks only","Oscillating (resource_decrease=0.005)"
639.8,0.0999653074702922,"Peaks only","Oscillating (resource_decrease=0.005)"
640,0.106686685163707,"Peaks only","Oscillating (resource_decrease=0.005)"
640.2,0.109140590819414,"Peaks only","Oscillating (resource_decrease=0.005)"
640.4,0.108156248673866,"Peaks only","Oscillating (resource_decrease=0.005)"
640.6,0.106211339587983,"Peaks only","Oscillating (resource_decrease=0.005)"
640.8,0.105863224520326,"Peaks only","Oscillating (resource_decrease=0.005)"
641,0.10329037255764,"Peaks only","Oscillating (resource_decrease=0.005)"
641.2,0.103126139937782,"Peaks only","Oscillating (resource_decrease=0.005)"
641.4,0.105057259820587,"Peaks only","Oscillating (resource_decrease=0.005)"
641.6,0.105963520264584,"Peaks only","Oscillating (resource_decrease=0.005)"
641.8,0.104816909729481,"Peaks only","Oscillating (resource_decrease=0.005)"
642,0.101567585642296,"Peaks only","Oscillating (resource_decrease=0.005)"
642.2,0.0964094016732229,"Peaks only","Oscillating (resource_decrease=0.005)"
642.4,0.0898017162555491,"Peaks only","Oscillating (resource_decrease=0.005)"
642.6,0.0824851198617203,"Peaks only","Oscillating (resource_decrease=0.005)"
642.8,0.0751760258620392,"Peaks only","Oscillating (resource_decrease=0.005)"
643,0.0682910801403862,"Peaks only","Oscillating (resource_decrease=0.005)"
643.2,0.062033440270728,"Peaks only","Oscillating (resource_decrease=0.005)"
643.4,0.0566106210414077,"Peaks only","Oscillating (resource_decrease=0.005)"
643.6,0.0522060132525444,"Peaks only","Oscillating (resource_decrease=0.005)"
643.8,0.0489356164113942,"Peaks only","Oscillating (resource_decrease=0.005)"
644,0.0469832803136601,"Peaks only","Oscillating (resource_decrease=0.005)"
644.2,0.0467139492519622,"Peaks only","Oscillating (resource_decrease=0.005)"
644.4,0.0486231268748012,"Peaks only","Oscillating (resource_decrease=0.005)"
644.6,0.0531300054098557,"Peaks only","Oscillating (resource_decrease=0.005)"
644.8,0.0602587312436172,"Peaks only","Oscillating (resource_decrease=0.005)"
645,0.069347541991985,"Peaks only","Oscillating (resource_decrease=0.005)"
645.2,0.0790495668620279,"Peaks only","Oscillating (resource_decrease=0.005)"
645.4,0.0877596987707565,"Peaks only","Oscillating (resource_decrease=0.005)"
645.6,0.0977227896425784,"Peaks only","Oscillating (resource_decrease=0.005)"
645.8,0.105884554418752,"Peaks only","Oscillating (resource_decrease=0.005)"
646,0.109572538343837,"Peaks only","Oscillating (resource_decrease=0.005)"
646.2,0.109113679140762,"Peaks only","Oscillating (resource_decrease=0.005)"
646.4,0.106612905289973,"Peaks only","Oscillating (resource_decrease=0.005)"
646.6,0.105123679490676,"Peaks only","Oscillating (resource_decrease=0.005)"
646.8,0.106039324107229,"Peaks only","Oscillating (resource_decrease=0.005)"
647,0.104152964194618,"Peaks only","Oscillating (resource_decrease=0.005)"
647.2,0.1039757246587,"Peaks only","Oscillating (resource_decrease=0.005)"
647.4,0.105292102051335,"Peaks only","Oscillating (resource_decrease=0.005)"
647.6,0.105266072767479,"Peaks only","Oscillating (resource_decrease=0.005)"
647.8,0.103040437332846,"Peaks only","Oscillating (resource_decrease=0.005)"
648,0.0985993043179893,"Peaks only","Oscillating (resource_decrease=0.005)"
648.2,0.0923492864937403,"Peaks only","Oscillating (resource_decrease=0.005)"
648.4,0.0850647558571963,"Peaks only","Oscillating (resource_decrease=0.005)"
648.6,0.0775823905408903,"Peaks only","Oscillating (resource_decrease=0.005)"
648.8,0.0704336874679219,"Peaks only","Oscillating (resource_decrease=0.005)"
649,0.0638327210359755,"Peaks only","Oscillating (resource_decrease=0.005)"
649.2,0.0579741387206598,"Peaks only","Oscillating (resource_decrease=0.005)"
649.4,0.0531222780937316,"Peaks only","Oscillating (resource_decrease=0.005)"
649.6,0.0494653353993927,"Peaks only","Oscillating (resource_decrease=0.005)"
649.8,0.047129028070447,"Peaks only","Oscillating (resource_decrease=0.005)"
650,0.0463441585619377,"Peaks only","Oscillating (resource_decrease=0.005)"
650.2,0.0475263345327564,"Peaks only","Oscillating (resource_decrease=0.005)"
650.4,0.0511498090959902,"Peaks only","Oscillating (resource_decrease=0.005)"
650.6,0.0574381854857298,"Peaks only","Oscillating (resource_decrease=0.005)"
650.8,0.0660031741726184,"Peaks only","Oscillating (resource_decrease=0.005)"
651,0.0756976477162372,"Peaks only","Oscillating (resource_decrease=0.005)"
651.2,0.0849137812995776,"Peaks only","Oscillating (resource_decrease=0.005)"
651.4,0.0956135482603101,"Peaks only","Oscillating (resource_decrease=0.005)"
651.6,0.104650606482362,"Peaks only","Oscillating (resource_decrease=0.005)"
651.8,0.10928099994101,"Peaks only","Oscillating (resource_decrease=0.005)"
652,0.109574358823585,"Peaks only","Oscillating (resource_decrease=0.005)"
652.2,0.107171392208626,"Peaks only","Oscillating (resource_decrease=0.005)"
652.4,0.105093109762847,"Peaks only","Oscillating (resource_decrease=0.005)"
652.6,0.105337948915991,"Peaks only","Oscillating (resource_decrease=0.005)"
652.8,0.103228429608074,"Peaks only","Oscillating (resource_decrease=0.005)"
653,0.103206262776132,"Peaks only","Oscillating (resource_decrease=0.005)"
653.2,0.105033788646228,"Peaks only","Oscillating (resource_decrease=0.005)"
653.4,0.105720282965078,"Peaks only","Oscillating (resource_decrease=0.005)"
653.6,0.104202635935925,"Peaks only","Oscillating (resource_decrease=0.005)"
653.8,0.100342470424937,"Peaks only","Oscillating (resource_decrease=0.005)"
654,0.0944660104824694,"Peaks only","Oscillating (resource_decrease=0.005)"
654.2,0.0873201582505152,"Peaks only","Oscillating (resource_decrease=0.005)"
654.4,0.0798080726875229,"Peaks only","Oscillating (resource_decrease=0.005)"
654.6,0.0725845937827011,"Peaks only","Oscillating (resource_decrease=0.005)"
654.8,0.0659281112147264,"Peaks only","Oscillating (resource_decrease=0.005)"
655,0.0599890878093653,"Peaks only","Oscillating (resource_decrease=0.005)"
655.2,0.0549660882080171,"Peaks only","Oscillating (resource_decrease=0.005)"
655.4,0.0510077228495864,"Peaks only","Oscillating (resource_decrease=0.005)"
655.6,0.0482104074044499,"Peaks only","Oscillating (resource_decrease=0.005)"
655.8,0.0467850727314704,"Peaks only","Oscillating (resource_decrease=0.005)"
656,0.0471531060259797,"Peaks only","Oscillating (resource_decrease=0.005)"
656.2,0.0498460652177085,"Peaks only","Oscillating (resource_decrease=0.005)"
656.4,0.0552277789264146,"Peaks only","Oscillating (resource_decrease=0.005)"
656.6,0.063131843241819,"Peaks only","Oscillating (resource_decrease=0.005)"
656.8,0.0726322590137114,"Peaks only","Oscillating (resource_decrease=0.005)"
657,0.0822081540619352,"Peaks only","Oscillating (resource_decrease=0.005)"
657.2,0.0902978042296326,"Peaks only","Oscillating (resource_decrease=0.005)"
657.4,0.09945054315383,"Peaks only","Oscillating (resource_decrease=0.005)"
657.6,0.106731417617009,"Peaks only","Oscillating (resource_decrease=0.005)"
657.8,0.109577843401718,"Peaks only","Oscillating (resource_decrease=0.005)"
658,0.108613051593515,"Peaks only","Oscillating (resource_decrease=0.005)"
658.2,0.106291513619249,"Peaks only","Oscillating (resource_decrease=0.005)"
658.4,0.10546450697592,"Peaks only","Oscillating (resource_decrease=0.005)"
658.6,0.106938716927748,"Peaks only","Oscillating (resource_decrease=0.005)"
658.8,0.105128462770096,"Peaks only","Oscillating (resource_decrease=0.005)"
659,0.104706785822103,"Peaks only","Oscillating (resource_decrease=0.005)"
659.2,0.10548642392569,"Peaks only","Oscillating (resource_decrease=0.005)"
659.4,0.104774405669821,"Peaks only","Oscillating (resource_decrease=0.005)"
659.6,0.101897664438945,"Peaks only","Oscillating (resource_decrease=0.005)"
659.8,0.0969518127571167,"Peaks only","Oscillating (resource_decrease=0.005)"
660,0.0904089746733155,"Peaks only","Oscillating (resource_decrease=0.005)"
660.2,0.0830404792861097,"Peaks only","Oscillating (resource_decrease=0.005)"
660.4,0.075593872525223,"Peaks only","Oscillating (resource_decrease=0.005)"
660.6,0.0684881061962564,"Peaks only","Oscillating (resource_decrease=0.005)"
660.8,0.0619083398442701,"Peaks only","Oscillating (resource_decrease=0.005)"
661,0.0561095755713728,"Peaks only","Oscillating (resource_decrease=0.005)"
661.2,0.0514164338245996,"Peaks only","Oscillating (resource_decrease=0.005)"
661.4,0.0480529346420813,"Peaks only","Oscillating (resource_decrease=0.005)"
661.6,0.0461708443926756,"Peaks only","Oscillating (resource_decrease=0.005)"
661.8,0.0460140184829227,"Peaks only","Oscillating (resource_decrease=0.005)"
662,0.0479815506073824,"Peaks only","Oscillating (resource_decrease=0.005)"
662.2,0.0524752598970014,"Peaks only","Oscillating (resource_decrease=0.005)"
662.4,0.0595649495222603,"Peaks only","Oscillating (resource_decrease=0.005)"
662.6,0.0686456055279014,"Peaks only","Oscillating (resource_decrease=0.005)"
662.8,0.0783857744607201,"Peaks only","Oscillating (resource_decrease=0.005)"
663,0.0871446676649707,"Peaks only","Oscillating (resource_decrease=0.005)"
663.2,0.0971056238766664,"Peaks only","Oscillating (resource_decrease=0.005)"
663.4,0.105267949801206,"Peaks only","Oscillating (resource_decrease=0.005)"
663.6,0.109079462887864,"Peaks only","Oscillating (resource_decrease=0.005)"
663.8,0.108915389717876,"Peaks only","Oscillating (resource_decrease=0.005)"
664,0.106698610270377,"Peaks only","Oscillating (resource_decrease=0.005)"
664.2,0.10528707375688,"Peaks only","Oscillating (resource_decrease=0.005)"
664.4,0.106158393887132,"Peaks only","Oscillating (resource_decrease=0.005)"
664.6,0.104261963629775,"Peaks only","Oscillating (resource_decrease=0.005)"
664.8,0.10413274124171,"Peaks only","Oscillating (resource_decrease=0.005)"
665,0.105567695741628,"Peaks only","Oscillating (resource_decrease=0.005)"
665.2,0.105701370594547,"Peaks only","Oscillating (resource_decrease=0.005)"
665.4,0.103652419959306,"Peaks only","Oscillating (resource_decrease=0.005)"
665.6,0.0993844011375598,"Peaks only","Oscillating (resource_decrease=0.005)"
665.8,0.0932718912802134,"Peaks only","Oscillating (resource_decrease=0.005)"
666,0.0860617731617356,"Peaks only","Oscillating (resource_decrease=0.005)"
666.2,0.0785895986454967,"Peaks only","Oscillating (resource_decrease=0.005)"
666.4,0.0714073730516781,"Peaks only","Oscillating (resource_decrease=0.005)"
666.6,0.0647342282659009,"Peaks only","Oscillating (resource_decrease=0.005)"
666.8,0.0587450979817015,"Peaks only","Oscillating (resource_decrease=0.005)"
667,0.0537017501070946,"Peaks only","Oscillating (resource_decrease=0.005)"
667.2,0.0498123945173498,"Peaks only","Oscillating (resource_decrease=0.005)"
667.4,0.047218025164156,"Peaks only","Oscillating (resource_decrease=0.005)"
667.6,0.0461496531634201,"Peaks only","Oscillating (resource_decrease=0.005)"
667.8,0.0470171386576097,"Peaks only","Oscillating (resource_decrease=0.005)"
668,0.0503034748090753,"Peaks only","Oscillating (resource_decrease=0.005)"
668.2,0.0562784192980537,"Peaks only","Oscillating (resource_decrease=0.005)"
668.4,0.0646393144937014,"Peaks only","Oscillating (resource_decrease=0.005)"
668.6,0.0743230274296412,"Peaks only","Oscillating (resource_decrease=0.005)"
668.8,0.0837414044057678,"Peaks only","Oscillating (resource_decrease=0.005)"
669,0.0947508752997991,"Peaks only","Oscillating (resource_decrease=0.005)"
669.2,0.104150644881731,"Peaks only","Oscillating (resource_decrease=0.005)"
669.4,0.109144165240436,"Peaks only","Oscillating (resource_decrease=0.005)"
669.6,0.109710004817321,"Peaks only","Oscillating (resource_decrease=0.005)"
669.8,0.107343412378744,"Peaks only","Oscillating (resource_decrease=0.005)"
670,0.105042008838212,"Peaks only","Oscillating (resource_decrease=0.005)"
670.2,0.1050221852058,"Peaks only","Oscillating (resource_decrease=0.005)"
670.4,0.102824560476669,"Peaks only","Oscillating (resource_decrease=0.005)"
670.6,0.102863684482133,"Peaks only","Oscillating (resource_decrease=0.005)"
670.8,0.104898712216009,"Peaks only","Oscillating (resource_decrease=0.005)"
671,0.105876871329613,"Peaks only","Oscillating (resource_decrease=0.005)"
671.2,0.104647100090318,"Peaks only","Oscillating (resource_decrease=0.005)"
671.4,0.101023940870854,"Peaks only","Oscillating (resource_decrease=0.005)"
671.6,0.0953060942706307,"Peaks only","Oscillating (resource_decrease=0.005)"
671.8,0.0882285653071812,"Peaks only","Oscillating (resource_decrease=0.005)"
672,0.0807167856685533,"Peaks only","Oscillating (resource_decrease=0.005)"
672.2,0.0734739452325355,"Peaks only","Oscillating (resource_decrease=0.005)"
672.4,0.0668093712116097,"Peaks only","Oscillating (resource_decrease=0.005)"
672.6,0.0608570838763968,"Peaks only","Oscillating (resource_decrease=0.005)"
672.8,0.0557820060144749,"Peaks only","Oscillating (resource_decrease=0.005)"
673,0.0517118226299192,"Peaks only","Oscillating (resource_decrease=0.005)"
673.2,0.0487318383531037,"Peaks only","Oscillating (resource_decrease=0.005)"
673.4,0.0470480130028092,"Peaks only","Oscillating (resource_decrease=0.005)"
673.6,0.0470859039522573,"Peaks only","Oscillating (resource_decrease=0.005)"
673.8,0.0493977630789801,"Peaks only","Oscillating (resource_decrease=0.005)"
674,0.0543969030395586,"Peaks only","Oscillating (resource_decrease=0.005)"
674.2,0.0620004053646258,"Peaks only","Oscillating (resource_decrease=0.005)"
674.4,0.0713755935125038,"Peaks only","Oscillating (resource_decrease=0.005)"
674.6,0.0810527184584944,"Peaks only","Oscillating (resource_decrease=0.005)"
674.8,0.0894405297727428,"Peaks only","Oscillating (resource_decrease=0.005)"
675,0.0989656136063846,"Peaks only","Oscillating (resource_decrease=0.005)"
675.2,0.106622192920677,"Peaks only","Oscillating (resource_decrease=0.005)"
675.4,0.109764023354943,"Peaks only","Oscillating (resource_decrease=0.005)"
675.6,0.108881809886289,"Peaks only","Oscillating (resource_decrease=0.005)"
675.8,0.106364952909553,"Peaks only","Oscillating (resource_decrease=0.005)"
676,0.105228244527928,"Peaks only","Oscillating (resource_decrease=0.005)"
676.2,0.106494758949931,"Peaks only","Oscillating (resource_decrease=0.005)"
676.4,0.104684450173677,"Peaks only","Oscillating (resource_decrease=0.005)"
676.6,0.104380825839973,"Peaks only","Oscillating (resource_decrease=0.005)"
676.8,0.105375712665672,"Peaks only","Oscillating (resource_decrease=0.005)"
677,0.104918596178105,"Peaks only","Oscillating (resource_decrease=0.005)"
677.2,0.102266032779916,"Peaks only","Oscillating (resource_decrease=0.005)"
677.4,0.0974761406152835,"Peaks only","Oscillating (resource_decrease=0.005)"
677.6,0.0910069484643391,"Peaks only","Oscillating (resource_decrease=0.005)"
677.8,0.083644020186711,"Peaks only","Oscillating (resource_decrease=0.005)"
678,0.0761763352263865,"Peaks only","Oscillating (resource_decrease=0.005)"
678.2,0.0690642873604341,"Peaks only","Oscillating (resource_decrease=0.005)"
678.4,0.062500091960322,"Peaks only","Oscillating (resource_decrease=0.005)"
678.6,0.0567136061248647,"Peaks only","Oscillating (resource_decrease=0.005)"
678.8,0.0520008755612773,"Peaks only","Oscillating (resource_decrease=0.005)"
679,0.0485649173457421,"Peaks only","Oscillating (resource_decrease=0.005)"
679.2,0.0465448925071344,"Peaks only","Oscillating (resource_decrease=0.005)"
679.4,0.0461827412224055,"Peaks only","Oscillating (resource_decrease=0.005)"
679.6,0.0478894139123659,"Peaks only","Oscillating (resource_decrease=0.005)"
679.8,0.0520974293800462,"Peaks only","Oscillating (resource_decrease=0.005)"
680,0.058930684980201,"Peaks only","Oscillating (resource_decrease=0.005)"
680.2,0.0678533028234449,"Peaks only","Oscillating (resource_decrease=0.005)"
680.4,0.0775885558356847,"Peaks only","Oscillating (resource_decrease=0.005)"
680.6,0.0865020778977959,"Peaks only","Oscillating (resource_decrease=0.005)"
680.8,0.0967077351074187,"Peaks only","Oscillating (resource_decrease=0.005)"
681,0.105153512327101,"Peaks only","Oscillating (resource_decrease=0.005)"
681.2,0.109215508586343,"Peaks only","Oscillating (resource_decrease=0.005)"
681.4,0.109163006739832,"Peaks only","Oscillating (resource_decrease=0.005)"
681.6,0.106845779561811,"Peaks only","Oscillating (resource_decrease=0.005)"
681.8,0.105204388698625,"Peaks only","Oscillating (resource_decrease=0.005)"
682,0.10588005683726,"Peaks only","Oscillating (resource_decrease=0.005)"
682.2,0.103922633561321,"Peaks only","Oscillating (resource_decrease=0.005)"
682.4,0.103830388300462,"Peaks only","Oscillating (resource_decrease=0.005)"
682.6,0.105384731420005,"Peaks only","Oscillating (resource_decrease=0.005)"
682.8,0.105681501499155,"Peaks only","Oscillating (resource_decrease=0.005)"
683,0.103784583239882,"Peaks only","Oscillating (resource_decrease=0.005)"
683.2,0.0996273671620374,"Peaks only","Oscillating (resource_decrease=0.005)"
683.4,0.0935720998759789,"Peaks only","Oscillating (resource_decrease=0.005)"
683.6,0.0863698349588852,"Peaks only","Oscillating (resource_decrease=0.005)"
683.8,0.0788799151688913,"Peaks only","Oscillating (resource_decrease=0.005)"
684,0.0716858076844596,"Peaks only","Oscillating (resource_decrease=0.005)"
684.2,0.0650235934459817,"Peaks only","Oscillating (resource_decrease=0.005)"
684.4,0.0590610073584997,"Peaks only","Oscillating (resource_decrease=0.005)"
684.6,0.0540399982547939,"Peaks only","Oscillating (resource_decrease=0.005)"
684.8,0.0501480706661792,"Peaks only","Oscillating (resource_decrease=0.005)"
685,0.0475106446249391,"Peaks only","Oscillating (resource_decrease=0.005)"
685.2,0.0463525872819741,"Peaks only","Oscillating (resource_decrease=0.005)"
685.4,0.0470885853937914,"Peaks only","Oscillating (resource_decrease=0.005)"
685.6,0.0502174262532298,"Peaks only","Oscillating (resource_decrease=0.005)"
685.8,0.0560360469119232,"Peaks only","Oscillating (resource_decrease=0.005)"
686,0.0642780395747937,"Peaks only","Oscillating (resource_decrease=0.005)"
686.2,0.0739148693816654,"Peaks only","Oscillating (resource_decrease=0.005)"
686.4,0.0833746620272413,"Peaks only","Oscillating (resource_decrease=0.005)"
686.6,0.0911316038191174,"Peaks only","Oscillating (resource_decrease=0.005)"
686.8,0.0998662268095975,"Peaks only","Oscillating (resource_decrease=0.005)"
687,0.106731577837626,"Peaks only","Oscillating (resource_decrease=0.005)"
687.2,0.109278689323507,"Peaks only","Oscillating (resource_decrease=0.005)"
687.4,0.108283346556785,"Peaks only","Oscillating (resource_decrease=0.005)"
687.6,0.106228857191488,"Peaks only","Oscillating (resource_decrease=0.005)"
687.8,0.105754890983946,"Peaks only","Oscillating (resource_decrease=0.005)"
688,0.103113593730857,"Peaks only","Oscillating (resource_decrease=0.005)"
688.2,0.102938927868076,"Peaks only","Oscillating (resource_decrease=0.005)"
688.4,0.104911156340904,"Peaks only","Oscillating (resource_decrease=0.005)"
688.6,0.105892158518558,"Peaks only","Oscillating (resource_decrease=0.005)"
688.8,0.104822556383619,"Peaks only","Oscillating (resource_decrease=0.005)"
689,0.101633606663587,"Peaks only","Oscillating (resource_decrease=0.005)"
689.2,0.0965111620102552,"Peaks only","Oscillating (resource_decrease=0.005)"
689.4,0.0899132651931296,"Peaks only","Oscillating (resource_decrease=0.005)"
689.6,0.0825888664896902,"Peaks only","Oscillating (resource_decrease=0.005)"
689.8,0.0752699246891941,"Peaks only","Oscillating (resource_decrease=0.005)"
690,0.0683865330668899,"Peaks only","Oscillating (resource_decrease=0.005)"
690.2,0.0621450407817977,"Peaks only","Oscillating (resource_decrease=0.005)"
690.4,0.0567459237794055,"Peaks only","Oscillating (resource_decrease=0.005)"
690.6,0.0523604870039452,"Peaks only","Oscillating (resource_decrease=0.005)"
690.8,0.0490929812082078,"Peaks only","Oscillating (resource_decrease=0.005)"
691,0.0471203891010322,"Peaks only","Oscillating (resource_decrease=0.005)"
691.2,0.0468075717275492,"Peaks only","Oscillating (resource_decrease=0.005)"
691.4,0.0486559481026775,"Peaks only","Oscillating (resource_decrease=0.005)"
691.6,0.0530951648827822,"Peaks only","Oscillating (resource_decrease=0.005)"
691.8,0.0601631203633361,"Peaks only","Oscillating (resource_decrease=0.005)"
692,0.069212694069045,"Peaks only","Oscillating (resource_decrease=0.005)"
692.2,0.078907935235202,"Peaks only","Oscillating (resource_decrease=0.005)"
692.4,0.0876460443918876,"Peaks only","Oscillating (resource_decrease=0.005)"
692.6,0.0976603844980599,"Peaks only","Oscillating (resource_decrease=0.005)"
692.8,0.105885327472257,"Peaks only","Oscillating (resource_decrease=0.005)"
693,0.10962795776104,"Peaks only","Oscillating (resource_decrease=0.005)"
693.2,0.109185775402809,"Peaks only","Oscillating (resource_decrease=0.005)"
693.4,0.106651307200706,"Peaks only","Oscillating (resource_decrease=0.005)"
693.6,0.105106109217704,"Peaks only","Oscillating (resource_decrease=0.005)"
693.8,0.105977356287575,"Peaks only","Oscillating (resource_decrease=0.005)"
694,0.104073640648203,"Peaks only","Oscillating (resource_decrease=0.005)"
694.2,0.103899025045569,"Peaks only","Oscillating (resource_decrease=0.005)"
694.4,0.105233803375666,"Peaks only","Oscillating (resource_decrease=0.005)"
694.6,0.10523485233493,"Peaks only","Oscillating (resource_decrease=0.005)"
694.8,0.103033956085041,"Peaks only","Oscillating (resource_decrease=0.005)"
695,0.0986089651052869,"Peaks only","Oscillating (resource_decrease=0.005)"
695.2,0.0923647623853531,"Peaks only","Oscillating (resource_decrease=0.005)"
695.4,0.085077718424271,"Peaks only","Oscillating (resource_decrease=0.005)"
695.6,0.0775898279911097,"Peaks only","Oscillating (resource_decrease=0.005)"
695.8,0.0704386976810305,"Peaks only","Oscillating (resource_decrease=0.005)"
696,0.063842267893396,"Peaks only","Oscillating (resource_decrease=0.005)"
696.2,0.0579953178149783,"Peaks only","Oscillating (resource_decrease=0.005)"
696.4,0.0531585697765045,"Peaks only","Oscillating (resource_decrease=0.005)"
696.6,0.0495146152129047,"Peaks only","Oscillating (resource_decrease=0.005)"
696.8,0.0471844424271258,"Peaks only","Oscillating (resource_decrease=0.005)"
697,0.0463968869699659,"Peaks only","Oscillating (resource_decrease=0.005)"
697.2,0.0475685250032722,"Peaks only","Oscillating (resource_decrease=0.005)"
697.4,0.0511765774244224,"Peaks only","Oscillating (resource_decrease=0.005)"
697.6,0.0574483967336587,"Peaks only","Oscillating (resource_decrease=0.005)"
697.8,0.065999259647768,"Peaks only","Oscillating (resource_decrease=0.005)"
698,0.0756849317971939,"Peaks only","Oscillating (resource_decrease=0.005)"
698.2,0.0848996070170455,"Peaks only","Oscillating (resource_decrease=0.005)"
698.4,0.0956054650896477,"Peaks only","Oscillating (resource_decrease=0.005)"
698.6,0.104654963584548,"Peaks only","Oscillating (resource_decrease=0.005)"
698.8,0.109299181123406,"Peaks only","Oscillating (resource_decrease=0.005)"
699,0.109598945402856,"Peaks only","Oscillating (resource_decrease=0.005)"
699.2,0.10718972249966,"Peaks only","Oscillating (resource_decrease=0.005)"
699.4,0.105098352663531,"Peaks only","Oscillating (resource_decrease=0.005)"
699.6,0.105330869763367,"Peaks only","Oscillating (resource_decrease=0.005)"
699.8,0.103212181084859,"Peaks only","Oscillating (resource_decrease=0.005)"
700,0.103185011578744,"Peaks only","Oscillating (resource_decrease=0.005)"
700.2,0.105010709010962,"Peaks only","Oscillating (resource_decrease=0.005)"
700.4,0.105698043838022,"Peaks only","Oscillating (resource_decrease=0.005)"
700.6,0.104181852998988,"Peaks only","Oscillating (resource_decrease=0.005)"
700.8,0.100322078754642,"Peaks only","Oscillating (resource_decrease=0.005)"
701,0.0944446072840468,"Peaks only","Oscillating (resource_decrease=0.005)"
701.2,0.0872967895450453,"Peaks only","Oscillating (resource_decrease=0.005)"
701.4,0.0797826004462914,"Peaks only","Oscillating (resource_decrease=0.005)"
701.6,0.0725578011186716,"Peaks only","Oscillating (resource_decrease=0.005)"
701.8,0.0659019475863755,"Peaks only","Oscillating (resource_decrease=0.005)"
702,0.0599668785268635,"Peaks only","Oscillating (resource_decrease=0.005)"
702.2,0.0549513971754198,"Peaks only","Oscillating (resource_decrease=0.005)"
702.4,0.0510026713799064,"Peaks only","Oscillating (resource_decrease=0.005)"
702.6,0.0482152209972812,"Peaks only","Oscillating (resource_decrease=0.005)"
702.8,0.0467987886960265,"Peaks only","Oscillating (resource_decrease=0.005)"
703,0.0471745373976079,"Peaks only","Oscillating (resource_decrease=0.005)"
703.2,0.0498742607303641,"Peaks only","Oscillating (resource_decrease=0.005)"
703.4,0.0552615831720414,"Peaks only","Oscillating (resource_decrease=0.005)"
703.6,0.0631688624534115,"Peaks only","Oscillating (resource_decrease=0.005)"
703.8,0.0726683888134658,"Peaks only","Oscillating (resource_decrease=0.005)"
704,0.0822387122455738,"Peaks only","Oscillating (resource_decrease=0.005)"
704.2,0.0903197346703489,"Peaks only","Oscillating (resource_decrease=0.005)"
704.4,0.0994644710048267,"Peaks only","Oscillating (resource_decrease=0.005)"
704.6,0.106739039538006,"Peaks only","Oscillating (resource_decrease=0.005)"
704.8,0.109580699167358,"Peaks only","Oscillating (resource_decrease=0.005)"
705,0.108613539440053,"Peaks only","Oscillating (resource_decrease=0.005)"
705.2,0.106293992505886,"Peaks only","Oscillating (resource_decrease=0.005)"
705.4,0.105471419257333,"Peaks only","Oscillating (resource_decrease=0.005)"
705.6,0.106947765165353,"Peaks only","Oscillating (resource_decrease=0.005)"
705.8,0.105134699474053,"Peaks only","Oscillating (resource_decrease=0.005)"
706,0.104708020551177,"Peaks only","Oscillating (resource_decrease=0.005)"
706.2,0.105480625120839,"Peaks only","Oscillating (resource_decrease=0.005)"
706.4,0.104761031750153,"Peaks only","Oscillating (resource_decrease=0.005)"
706.6,0.101877664266826,"Peaks only","Oscillating (resource_decrease=0.005)"
706.8,0.0969268901180309,"Peaks only","Oscillating (resource_decrease=0.005)"
707,0.0903812532675117,"Peaks only","Oscillating (resource_decrease=0.005)"
707.2,0.0830118407781981,"Peaks only","Oscillating (resource_decrease=0.005)"
707.4,0.0755652174760976,"Peaks only","Oscillating (resource_decrease=0.005)"
707.6,0.0684594507470837,"Peaks only","Oscillating (resource_decrease=0.005)"
707.8,0.0618800733657154,"Peaks only","Oscillating (resource_decrease=0.005)"
708,0.0560832810480638,"Peaks only","Oscillating (resource_decrease=0.005)"
708.2,0.0513942952620447,"Peaks only","Oscillating (resource_decrease=0.005)"
708.4,0.0480370576786027,"Peaks only","Oscillating (resource_decrease=0.005)"
708.6,0.0461631047828111,"Peaks only","Oscillating (resource_decrease=0.005)"
708.8,0.0460160911949722,"Peaks only","Oscillating (resource_decrease=0.005)"
709,0.0479947534182919,"Peaks only","Oscillating (resource_decrease=0.005)"
709.2,0.0524999277682816,"Peaks only","Oscillating (resource_decrease=0.005)"
709.4,0.0595993508110494,"Peaks only","Oscillating (resource_decrease=0.005)"
709.6,0.06868515096199,"Peaks only","Oscillating (resource_decrease=0.005)"
709.8,0.0784236927928369,"Peaks only","Oscillating (resource_decrease=0.005)"
710,0.0871743565677251,"Peaks only","Oscillating (resource_decrease=0.005)"
710.2,0.0971241169558851,"Peaks only","Oscillating (resource_decrease=0.005)"
710.4,0.105274612992562,"Peaks only","Oscillating (resource_decrease=0.005)"
710.6,0.109076211465472,"Peaks only","Oscillating (resource_decrease=0.005)"
710.8,0.10890773025048,"Peaks only","Oscillating (resource_decrease=0.005)"
711,0.106694799034986,"Peaks only","Oscillating (resource_decrease=0.005)"
711.2,0.105292295361577,"Peaks only","Oscillating (resource_decrease=0.005)"
711.4,0.106170980743407,"Peaks only","Oscillating (resource_decrease=0.005)"
711.6,0.104275729839671,"Peaks only","Oscillating (resource_decrease=0.005)"
711.8,0.10414360243746,"Peaks only","Oscillating (resource_decrease=0.005)"
712,0.105572120748278,"Peaks only","Oscillating (resource_decrease=0.005)"
712.2,0.105697666326878,"Peaks only","Oscillating (resource_decrease=0.005)"
712.4,0.103641263821132,"Peaks only","Oscillating (resource_decrease=0.005)"
712.6,0.0993677031658892,"Peaks only","Oscillating (resource_decrease=0.005)"
712.8,0.0932521273318445,"Peaks only","Oscillating (resource_decrease=0.005)"
713,0.0860412677082724,"Peaks only","Oscillating (resource_decrease=0.005)"
713.2,0.078569602676314,"Peaks only","Oscillating (resource_decrease=0.005)"
713.4,0.0713877289136009,"Peaks only","Oscillating (resource_decrease=0.005)"
713.6,0.064714199214605,"Peaks only","Oscillating (resource_decrease=0.005)"
713.8,0.0587246144561872,"Peaks only","Oscillating (resource_decrease=0.005)"
714,0.0536817600111497,"Peaks only","Oscillating (resource_decrease=0.005)"
714.2,0.0497945702674789,"Peaks only","Oscillating (resource_decrease=0.005)"
714.4,0.0472044441817724,"Peaks only","Oscillating (resource_decrease=0.005)"
714.6,0.0461424791763907,"Peaks only","Oscillating (resource_decrease=0.005)"
714.8,0.0470182523511124,"Peaks only","Oscillating (resource_decrease=0.005)"
715,0.0503139812781551,"Peaks only","Oscillating (resource_decrease=0.005)"
715.2,0.0562979490529792,"Peaks only","Oscillating (resource_decrease=0.005)"
715.4,0.0646653570164763,"Peaks only","Oscillating (resource_decrease=0.005)"
715.6,0.0743509823261988,"Peaks only","Oscillating (resource_decrease=0.005)"
715.8,0.0837658235796394,"Peaks only","Oscillating (resource_decrease=0.005)"
716,0.0913976789859521,"Peaks only","Oscillating (resource_decrease=0.005)"
716.2,0.0999738330178741,"Peaks only","Oscillating (resource_decrease=0.005)"
716.4,0.106684695149348,"Peaks only","Oscillating (resource_decrease=0.005)"
716.6,0.109131904954056,"Peaks only","Oscillating (resource_decrease=0.005)"
716.8,0.108148245137706,"Peaks only","Oscillating (resource_decrease=0.005)"
717,0.106211117763583,"Peaks only","Oscillating (resource_decrease=0.005)"
717.2,0.105872007039728,"Peaks only","Oscillating (resource_decrease=0.005)"
717.4,0.103303651886494,"Peaks only","Oscillating (resource_decrease=0.005)"
717.6,0.103139532197908,"Peaks only","Oscillating (resource_decrease=0.005)"
717.8,0.105066768389419,"Peaks only","Oscillating (resource_decrease=0.005)"
718,0.105966669369493,"Peaks only","Oscillating (resource_decrease=0.005)"
718.2,0.104813656242558,"Peaks only","Oscillating (resource_decrease=0.005)"
718.4,0.101559246909278,"Peaks only","Oscillating (resource_decrease=0.005)"
718.6,0.0963979079206932,"Peaks only","Oscillating (resource_decrease=0.005)"
718.8,0.0897891460516956,"Peaks only","Oscillating (resource_decrease=0.005)"
719,0.0824729288726475,"Peaks only","Oscillating (resource_decrease=0.005)"
719.2,0.0751644573368555,"Peaks only","Oscillating (resource_decrease=0.005)"
719.4,0.0682793632945609,"Peaks only","Oscillating (resource_decrease=0.005)"
719.6,0.0620207124755765,"Peaks only","Oscillating (resource_decrease=0.005)"
719.8,0.0565967229415093,"Peaks only","Oscillating (resource_decrease=0.005)"
720,0.0521916903032369,"Peaks only","Oscillating (resource_decrease=0.005)"
720.2,0.0489223654876799,"Peaks only","Oscillating (resource_decrease=0.005)"
720.4,0.0469729905415298,"Peaks only","Oscillating (resource_decrease=0.005)"
720.6,0.0467084530389571,"Peaks only","Oscillating (resource_decrease=0.005)"
720.8,0.0486237766011098,"Peaks only","Oscillating (resource_decrease=0.005)"
721,0.0531372635596784,"Peaks only","Oscillating (resource_decrease=0.005)"
721.2,0.0602717616795063,"Peaks only","Oscillating (resource_decrease=0.005)"
721.4,0.0693640240925128,"Peaks only","Oscillating (resource_decrease=0.005)"
721.6,0.0790660883817243,"Peaks only","Oscillating (resource_decrease=0.005)"
721.8,0.0877727639891741,"Peaks only","Oscillating (resource_decrease=0.005)"
722,0.0977303546151869,"Peaks only","Oscillating (resource_decrease=0.005)"
722.2,0.105885737582902,"Peaks only","Oscillating (resource_decrease=0.005)"
722.4,0.109568259829982,"Peaks only","Oscillating (resource_decrease=0.005)"
722.6,0.109107499278077,"Peaks only","Oscillating (resource_decrease=0.005)"
722.8,0.106609746686427,"Peaks only","Oscillating (resource_decrease=0.005)"
723,0.105125945715212,"Peaks only","Oscillating (resource_decrease=0.005)"
723.2,0.106045852061832,"Peaks only","Oscillating (resource_decrease=0.005)"
723.4,0.104160764826638,"Peaks only","Oscillating (resource_decrease=0.005)"
723.6,0.103982724730741,"Peaks only","Oscillating (resource_decrease=0.005)"
723.8,0.10529661649278,"Peaks only","Oscillating (resource_decrease=0.005)"
724,0.105267234115366,"Peaks only","Oscillating (resource_decrease=0.005)"
724.2,0.103038544733089,"Peaks only","Oscillating (resource_decrease=0.005)"
724.4,0.098595300680227,"Peaks only","Oscillating (resource_decrease=0.005)"
724.6,0.0923443342857262,"Peaks only","Oscillating (resource_decrease=0.005)"
724.8,0.0850598455150444,"Peaks only","Oscillating (resource_decrease=0.005)"
725,0.0775779446078311,"Peaks only","Oscillating (resource_decrease=0.005)"
725.2,0.0704294611523821,"Peaks only","Oscillating (resource_decrease=0.005)"
725.4,0.0638281314949945,"Peaks only","Oscillating (resource_decrease=0.005)"
725.6,0.0579687382846392,"Peaks only","Oscillating (resource_decrease=0.005)"
725.8,0.05311604077055,"Peaks only","Oscillating (resource_decrease=0.005)"
726,0.049458729228785,"Peaks only","Oscillating (resource_decrease=0.005)"
726.2,0.0471229036622251,"Peaks only","Oscillating (resource_decrease=0.005)"
726.4,0.046339510284183,"Peaks only","Oscillating (resource_decrease=0.005)"
726.6,0.0475240346919018,"Peaks only","Oscillating (resource_decrease=0.005)"
726.8,0.0511503721026585,"Peaks only","Oscillating (resource_decrease=0.005)"
727,0.0574415702067237,"Peaks only","Oscillating (resource_decrease=0.005)"
727.2,0.0660086710954319,"Peaks only","Oscillating (resource_decrease=0.005)"
727.4,0.0757039623819425,"Peaks only","Oscillating (resource_decrease=0.005)"
727.6,0.0849193674887146,"Peaks only","Oscillating (resource_decrease=0.005)"
727.8,0.0956172521360947,"Peaks only","Oscillating (resource_decrease=0.005)"
728,0.104651642166175,"Peaks only","Oscillating (resource_decrease=0.005)"
728.2,0.109279334806867,"Peaks only","Oscillating (resource_decrease=0.005)"
728.4,0.109571219758851,"Peaks only","Oscillating (resource_decrease=0.005)"
728.6,0.107168993915255,"Peaks only","Oscillating (resource_decrease=0.005)"
728.8,0.105092986475146,"Peaks only","Oscillating (resource_decrease=0.005)"
729,0.105340027512887,"Peaks only","Oscillating (resource_decrease=0.005)"
729.2,0.103231673944506,"Peaks only","Oscillating (resource_decrease=0.005)"
729.4,0.103209709119701,"Peaks only","Oscillating (resource_decrease=0.005)"
729.6,0.105036609228676,"Peaks only","Oscillating (resource_decrease=0.005)"
729.8,0.105721936976972,"Peaks only","Oscillating (resource_decrease=0.005)"
730,0.104203111357559,"Peaks only","Oscillating (resource_decrease=0.005)"
730.2,0.100342089745687,"Peaks only","Oscillating (resource_decrease=0.005)"
730.4,0.0944652163215785,"Peaks only","Oscillating (resource_decrease=0.005)"
730.6,0.0873193667188125,"Peaks only","Oscillating (resource_decrease=0.005)"
730.8,0.0798075141370123,"Peaks only","Oscillating (resource_decrease=0.005)"
731,0.0725842250682032,"Peaks only","Oscillating (resource_decrease=0.005)"
731.2,0.0659276725513014,"Peaks only","Oscillating (resource_decrease=0.005)"
731.4,0.0599882554002267,"Peaks only","Oscillating (resource_decrease=0.005)"
731.6,0.0549646456885959,"Peaks only","Oscillating (resource_decrease=0.005)"
731.8,0.0510056836434731,"Peaks only","Oscillating (resource_decrease=0.005)"
732,0.0482080196214356,"Peaks only","Oscillating (resource_decrease=0.005)"
732.2,0.0467827171121754,"Peaks only","Oscillating (resource_decrease=0.005)"
732.4,0.0471511600393704,"Peaks only","Oscillating (resource_decrease=0.005)"
732.6,0.0498447957915936,"Peaks only","Oscillating (resource_decrease=0.005)"
732.8,0.0552272867910283,"Peaks only","Oscillating (resource_decrease=0.005)"
733,0.0631320546633642,"Peaks only","Oscillating (resource_decrease=0.005)"
733.2,0.0726329509084501,"Peaks only","Oscillating (resource_decrease=0.005)"
733.4,0.0822089982324553,"Peaks only","Oscillating (resource_decrease=0.005)"
733.6,0.0902984298950617,"Peaks only","Oscillating (resource_decrease=0.005)"
733.8,0.0994506450305573,"Peaks only","Oscillating (resource_decrease=0.005)"
734,0.106730847922458,"Peaks only","Oscillating (resource_decrease=0.005)"
734.2,0.109576784596629,"Peaks only","Oscillating (resource_decrease=0.005)"
734.4,0.108612055099335,"Peaks only","Oscillating (resource_decrease=0.005)"
734.6,0.10629108385097,"Peaks only","Oscillating (resource_decrease=0.005)"
734.8,0.105464718636482,"Peaks only","Oscillating (resource_decrease=0.005)"
735,0.106939401908666,"Peaks only","Oscillating (resource_decrease=0.005)"
735.2,0.105129394236798,"Peaks only","Oscillating (resource_decrease=0.005)"
735.4,0.104707790394191,"Peaks only","Oscillating (resource_decrease=0.005)"
735.6,0.105487388006523,"Peaks only","Oscillating (resource_decrease=0.005)"
735.8,0.104775263972193,"Peaks only","Oscillating (resource_decrease=0.005)"
736,0.10189844106972,"Peaks only","Oscillating (resource_decrease=0.005)"
736.2,0.0969525801702725,"Peaks only","Oscillating (resource_decrease=0.005)"
736.4,0.0904098022840767,"Peaks only","Oscillating (resource_decrease=0.005)"
736.6,0.083041400306806,"Peaks only","Oscillating (resource_decrease=0.005)"
736.8,0.0755948707878329,"Peaks only","Oscillating (resource_decrease=0.005)"
737,0.0684891158396189,"Peaks only","Oscillating (resource_decrease=0.005)"
737.2,0.0619092398500939,"Peaks only","Oscillating (resource_decrease=0.005)"
737.4,0.0561102145763434,"Peaks only","Oscillating (resource_decrease=0.005)"
737.6,0.0514167013559347,"Peaks only","Oscillating (resource_decrease=0.005)"
737.8,0.0480528031511962,"Peaks only","Oscillating (resource_decrease=0.005)"
738,0.0461703523047466,"Peaks only","Oscillating (resource_decrease=0.005)"
738.2,0.0460132274170005,"Peaks only","Oscillating (resource_decrease=0.005)"
738.4,0.0479805127641586,"Peaks only","Oscillating (resource_decrease=0.005)"
738.6,0.0524740179407154,"Peaks only","Oscillating (resource_decrease=0.005)"
738.8,0.0595635703199395,"Peaks only","Oscillating (resource_decrease=0.005)"
739,0.0686442150380486,"Peaks only","Oscillating (resource_decrease=0.005)"
739.2,0.0783845427306605,"Peaks only","Oscillating (resource_decrease=0.005)"
739.4,0.087143733789685,"Peaks only","Oscillating (resource_decrease=0.005)"
739.6,0.0971049932978983,"Peaks only","Oscillating (resource_decrease=0.005)"
739.8,0.105267570003679,"Peaks only","Oscillating (resource_decrease=0.005)"
740,0.109079272129764,"Peaks only","Oscillating (resource_decrease=0.005)"
740.2,0.108915318557353,"Peaks only","Oscillating (resource_decrease=0.005)"
740.4,0.106698528956389,"Peaks only","Oscillating (resource_decrease=0.005)"
740.6,0.10528685736791,"Peaks only","Oscillating (resource_decrease=0.005)"
740.8,0.106158072699783,"Peaks only","Oscillating (resource_decrease=0.005)"
741,0.104261709690632,"Peaks only","Oscillating (resource_decrease=0.005)"
741.2,0.104132647565488,"Peaks only","Oscillating (resource_decrease=0.005)"
741.4,0.105567855762896,"Peaks only","Oscillating (resource_decrease=0.005)"
741.6,0.10570181982945,"Peaks only","Oscillating (resource_decrease=0.005)"
741.8,0.103653132432069,"Peaks only","Oscillating (resource_decrease=0.005)"
742,0.0993853233007419,"Peaks only","Oscillating (resource_decrease=0.005)"
742.2,0.0932729499810672,"Peaks only","Oscillating (resource_decrease=0.005)"
742.4,0.0860628921568024,"Peaks only","Oscillating (resource_decrease=0.005)"
742.6,0.0785907285657182,"Peaks only","Oscillating (resource_decrease=0.005)"
742.8,0.0714085037755011,"Peaks only","Oscillating (resource_decrease=0.005)"
743,0.0647353547466072,"Peaks only","Oscillating (resource_decrease=0.005)"
743.2,0.0587461728004737,"Peaks only","Oscillating (resource_decrease=0.005)"
743.4,0.0537026897074895,"Peaks only","Oscillating (resource_decrease=0.005)"
743.6,0.0498131121500442,"Peaks only","Oscillating (resource_decrease=0.005)"
743.8,0.0472184448704377,"Peaks only","Oscillating (resource_decrease=0.005)"
744,0.0461497092034227,"Peaks only","Oscillating (resource_decrease=0.005)"
744.2,0.0470167760824206,"Peaks only","Oscillating (resource_decrease=0.005)"
744.4,0.0503026639461863,"Peaks only","Oscillating (resource_decrease=0.005)"
744.6,0.0562771913002214,"Peaks only","Oscillating (resource_decrease=0.005)"
744.8,0.064637802039252,"Peaks only","Oscillating (resource_decrease=0.005)"
745,0.074321466552221,"Peaks only","Oscillating (resource_decrease=0.005)"
745.2,0.0837400669590061,"Peaks only","Oscillating (resource_decrease=0.005)"
745.4,0.0913802437251658,"Peaks only","Oscillating (resource_decrease=0.005)"
745.6,0.0999660973952511,"Peaks only","Oscillating (resource_decrease=0.005)"
745.8,0.106685914646598,"Peaks only","Oscillating (resource_decrease=0.005)"
746,0.109138837125383,"Peaks only","Oscillating (resource_decrease=0.005)"
746.2,0.108154707048508,"Peaks only","Oscillating (resource_decrease=0.005)"
746.4,0.106211073885942,"Peaks only","Oscillating (resource_decrease=0.005)"
746.6,0.105864363117407,"Peaks only","Oscillating (resource_decrease=0.005)"
746.8,0.103292309393187,"Peaks only","Oscillating (resource_decrease=0.005)"
747,0.10312826429842,"Peaks only","Oscillating (resource_decrease=0.005)"
747.2,0.10505905463764,"Peaks only","Oscillating (resource_decrease=0.005)"
747.4,0.105964635193219,"Peaks only","Oscillating (resource_decrease=0.005)"
747.6,0.104817311896799,"Peaks only","Oscillating (resource_decrease=0.005)"
747.8,0.101567444866478,"Peaks only","Oscillating (resource_decrease=0.005)"
748,0.0964089671131714,"Peaks only","Oscillating (resource_decrease=0.005)"
748.2,0.0898012392425412,"Peaks only","Oscillating (resource_decrease=0.005)"
748.4,0.082484757948849,"Peaks only","Oscillating (resource_decrease=0.005)"
748.6,0.0751757778906744,"Peaks only","Oscillating (resource_decrease=0.005)"
748.8,0.0682908060565844,"Peaks only","Oscillating (resource_decrease=0.005)"
749,0.0620329472583699,"Peaks only","Oscillating (resource_decrease=0.005)"
749.2,0.0566097676868329,"Peaks only","Oscillating (resource_decrease=0.005)"
749.4,0.052204789852827,"Peaks only","Oscillating (resource_decrease=0.005)"
749.6,0.0489341583323568,"Peaks only","Oscillating (resource_decrease=0.005)"
749.8,0.0469818121878656,"Peaks only","Oscillating (resource_decrease=0.005)"
750,0.0467127029825127,"Peaks only","Oscillating (resource_decrease=0.005)"
750.2,0.0486222751365981,"Peaks only","Oscillating (resource_decrease=0.005)"
750.4,0.0531296266207364,"Peaks only","Oscillating (resource_decrease=0.005)"
750.6,0.0602588020640053,"Peaks only","Oscillating (resource_decrease=0.005)"
750.8,0.0693479473538392,"Peaks only","Oscillating (resource_decrease=0.005)"
751,0.0790501201489413,"Peaks only","Oscillating (resource_decrease=0.005)"
751.2,0.0877601738601216,"Peaks only","Oscillating (resource_decrease=0.005)"
751.4,0.0977229874212574,"Peaks only","Oscillating (resource_decrease=0.005)"
751.6,0.105884347407598,"Peaks only","Oscillating (resource_decrease=0.005)"
751.8,0.109571975417323,"Peaks only","Oscillating (resource_decrease=0.005)"
752,0.109113051753972,"Peaks only","Oscillating (resource_decrease=0.005)"
752.2,0.106612562365789,"Peaks only","Oscillating (resource_decrease=0.005)"
752.4,0.105123736474825,"Peaks only","Oscillating (resource_decrease=0.005)"
752.6,0.106039703820043,"Peaks only","Oscillating (resource_decrease=0.005)"
752.8,0.104153531108884,"Peaks only","Oscillating (resource_decrease=0.005)"
753,0.103976360565315,"Peaks only","Oscillating (resource_decrease=0.005)"
753.2,0.105292721013274,"Peaks only","Oscillating (resource_decrease=0.005)"
753.4,0.105266617460885,"Peaks only","Oscillating (resource_decrease=0.005)"
753.6,0.103040912052797,"Peaks only","Oscillating (resource_decrease=0.005)"
753.8,0.0985997510219419,"Peaks only","Oscillating (resource_decrease=0.005)"
754,0.0923497510276815,"Peaks only","Oscillating (resource_decrease=0.005)"
754.2,0.0850652667963264,"Peaks only","Oscillating (resource_decrease=0.005)"
754.4,0.0775829477030352,"Peaks only","Oscillating (resource_decrease=0.005)"
754.6,0.0704342597810678,"Peaks only","Oscillating (resource_decrease=0.005)"
754.8,0.0638332441111041,"Peaks only","Oscillating (resource_decrease=0.005)"
755,0.0579745235299038,"Peaks only","Oscillating (resource_decrease=0.005)"
755.2,0.0531224503572763,"Peaks only","Oscillating (resource_decrease=0.005)"
755.4,0.0494652689943767,"Peaks only","Oscillating (resource_decrease=0.005)"
755.6,0.0471287426455843,"Peaks only","Oscillating (resource_decrease=0.005)"
755.8,0.0463436950908201,"Peaks only","Oscillating (resource_decrease=0.005)"
756,0.0475257316616697,"Peaks only","Oscillating (resource_decrease=0.005)"
756.2,0.0511490961330736,"Peaks only","Oscillating (resource_decrease=0.005)"
756.4,0.0574373967974573,"Peaks only","Oscillating (resource_decrease=0.005)"
756.6,0.06600237127432,"Peaks only","Oscillating (resource_decrease=0.005)"
756.8,0.075696920124488,"Peaks only","Oscillating (resource_decrease=0.005)"
757,0.0849132115295411,"Peaks only","Oscillating (resource_decrease=0.005)"
757.2,0.0956131494380602,"Peaks only","Oscillating (resource_decrease=0.005)"
757.4,0.104650358024798,"Peaks only","Oscillating (resource_decrease=0.005)"
757.6,0.109280871529427,"Peaks only","Oscillating (resource_decrease=0.005)"
757.8,0.109574317367467,"Peaks only","Oscillating (resource_decrease=0.005)"
758,0.107171367748973,"Peaks only","Oscillating (resource_decrease=0.005)"
758.2,0.105093014462574,"Peaks only","Oscillating (resource_decrease=0.005)"
758.4,0.105337781817018,"Peaks only","Oscillating (resource_decrease=0.005)"
758.6,0.103228287101332,"Peaks only","Oscillating (resource_decrease=0.005)"
758.8,0.103206205761345,"Peaks only","Oscillating (resource_decrease=0.005)"
759,0.105033877029367,"Peaks only","Oscillating (resource_decrease=0.005)"
759.2,0.105720540925324,"Peaks only","Oscillating (resource_decrease=0.005)"
759.4,0.10420304930733,"Peaks only","Oscillating (resource_decrease=0.005)"
759.6,0.100343009678739,"Peaks only","Oscillating (resource_decrease=0.005)"
759.8,0.0944666350306462,"Peaks only","Oscillating (resource_decrease=0.005)"
760,0.0873208226527677,"Peaks only","Oscillating (resource_decrease=0.005)"
760.2,0.0798087438817009,"Peaks only","Oscillating (resource_decrease=0.005)"
760.4,0.0725852621352443,"Peaks only","Oscillating (resource_decrease=0.005)"
760.6,0.0659287750418639,"Peaks only","Oscillating (resource_decrease=0.005)"
760.8,0.0599897237838524,"Peaks only","Oscillating (resource_decrease=0.005)"
761,0.0549666498464567,"Peaks only","Oscillating (resource_decrease=0.005)"
761.2,0.0510081594151216,"Peaks only","Oscillating (resource_decrease=0.005)"
761.4,0.0482106737667097,"Peaks only","Oscillating (resource_decrease=0.005)"
761.6,0.0467851299305166,"Peaks only","Oscillating (resource_decrease=0.005)"
761.8,0.0471529212985689,"Peaks only","Oscillating (resource_decrease=0.005)"
762,0.049845618745269,"Peaks only","Oscillating (resource_decrease=0.005)"
762.2,0.0552270825998704,"Peaks only","Oscillating (resource_decrease=0.005)"
762.4,0.0631309651000107,"Peaks only","Oscillating (resource_decrease=0.005)"
762.6,0.0726313293451635,"Peaks only","Oscillating (resource_decrease=0.005)"
762.8,0.0822073320162966,"Peaks only","Oscillating (resource_decrease=0.005)"
763,0.0902972175302008,"Peaks only","Oscillating (resource_decrease=0.005)"
763.2,0.0994502249581152,"Peaks only","Oscillating (resource_decrease=0.005)"
763.4,0.106731350346357,"Peaks only","Oscillating (resource_decrease=0.005)"
763.6,0.109577959233061,"Peaks only","Oscillating (resource_decrease=0.005)"
763.8,0.108613205490849,"Peaks only","Oscillating (resource_decrease=0.005)"
764,0.106291527900278,"Peaks only","Oscillating (resource_decrease=0.005)"
764.2,0.105464318713956,"Peaks only","Oscillating (resource_decrease=0.005)"
764.4,0.106938407811688,"Peaks only","Oscillating (resource_decrease=0.005)"
764.6,0.105128181103384,"Peaks only","Oscillating (resource_decrease=0.005)"
764.8,0.104706608624966,"Peaks only","Oscillating (resource_decrease=0.005)"
765,0.105486413917795,"Peaks only","Oscillating (resource_decrease=0.005)"
765.2,0.104774583607606,"Peaks only","Oscillating (resource_decrease=0.005)"
765.4,0.101898003376128,"Peaks only","Oscillating (resource_decrease=0.005)"
765.6,0.096952261452212,"Peaks only","Oscillating (resource_decrease=0.005)"
765.8,0.0904094736446682,"Peaks only","Oscillating (resource_decrease=0.005)"
766,0.0830409811817678,"Peaks only","Oscillating (resource_decrease=0.005)"
766.2,0.0755943605663327,"Peaks only","Oscillating (resource_decrease=0.005)"
766.4,0.0684885914344519,"Peaks only","Oscillating (resource_decrease=0.005)"
766.6,0.0619088332207107,"Peaks only","Oscillating (resource_decrease=0.005)"
766.8,0.056110065410703,"Peaks only","Oscillating (resource_decrease=0.005)"
767,0.0514168880766132,"Peaks only","Oscillating (resource_decrease=0.005)"
767.2,0.0480533098187522,"Peaks only","Oscillating (resource_decrease=0.005)"
767.4,0.0461710919651918,"Peaks only","Oscillating (resource_decrease=0.005)"
767.6,0.0460140912087154,"Peaks only","Oscillating (resource_decrease=0.005)"
767.8,0.0479814112801248,"Peaks only","Oscillating (resource_decrease=0.005)"
768,0.0524748953699222,"Peaks only","Oscillating (resource_decrease=0.005)"
768.2,0.0595643895316709,"Peaks only","Oscillating (resource_decrease=0.005)"
768.4,0.0686449345996495,"Peaks only","Oscillating (resource_decrease=0.005)"
768.6,0.0783851186689821,"Peaks only","Oscillating (resource_decrease=0.005)"
768.8,0.0871441533477542,"Peaks only","Oscillating (resource_decrease=0.005)"
769,0.0971053162420775,"Peaks only","Oscillating (resource_decrease=0.005)"
769.2,0.105267869880766,"Peaks only","Oscillating (resource_decrease=0.005)"
769.4,0.109079574983822,"Peaks only","Oscillating (resource_decrease=0.005)"
769.6,0.10891557870785,"Peaks only","Oscillating (resource_decrease=0.005)"
769.8,0.106698710889637,"Peaks only","Oscillating (resource_decrease=0.005)"
770,0.105286991640099,"Peaks only","Oscillating (resource_decrease=0.005)"
770.2,0.106158164155565,"Peaks only","Oscillating (resource_decrease=0.005)"
770.4,0.104261698767499,"Peaks only","Oscillating (resource_decrease=0.005)"
770.6,0.104132518479835,"Peaks only","Oscillating (resource_decrease=0.005)"
770.8,0.10556757889008,"Peaks only","Oscillating (resource_decrease=0.005)"
771,0.105701390850932,"Peaks only","Oscillating (resource_decrease=0.005)"
771.2,0.103652565066413,"Peaks only","Oscillating (resource_decrease=0.005)"
771.4,0.099384635748147,"Peaks only","Oscillating (resource_decrease=0.005)"
771.6,0.0932721708777607,"Peaks only","Oscillating (resource_decrease=0.005)"
771.8,0.0860620577238061,"Peaks only","Oscillating (resource_decrease=0.005)"
772,0.0785898684825311,"Peaks only","Oscillating (resource_decrease=0.005)"
772.2,0.0714076339933031,"Peaks only","Oscillating (resource_decrease=0.005)"
772.4,0.0647344981029635,"Peaks only","Oscillating (resource_decrease=0.005)"
772.6,0.0587453859055836,"Peaks only","Oscillating (resource_decrease=0.005)"
772.8,0.0537020479457662,"Peaks only","Oscillating (resource_decrease=0.005)"
773,0.0498126782539388,"Peaks only","Oscillating (resource_decrease=0.005)"
773.2,0.0472182600884882,"Peaks only","Oscillating (resource_decrease=0.005)"
773.4,0.0461498012710905,"Peaks only","Oscillating (resource_decrease=0.005)"
773.6,0.0470171669068385,"Peaks only","Oscillating (resource_decrease=0.005)"
773.8,0.0503033638347733,"Peaks only","Oscillating (resource_decrease=0.005)"
774,0.0562781733179,"Peaks only","Oscillating (resource_decrease=0.005)"
774.2,0.0646389695651439,"Peaks only","Oscillating (resource_decrease=0.005)"
774.4,0.0743226497317097,"Peaks only","Oscillating (resource_decrease=0.005)"
774.6,0.0837410728987104,"Peaks only","Oscillating (resource_decrease=0.005)"
774.8,0.0913809355096048,"Peaks only","Oscillating (resource_decrease=0.005)"
775,0.0999664644391122,"Peaks only","Oscillating (resource_decrease=0.005)"
775.2,0.106686004812947,"Peaks only","Oscillating (resource_decrease=0.005)"
775.4,0.109138743619079,"Peaks only","Oscillating (resource_decrease=0.005)"
775.6,0.108154594650635,"Peaks only","Oscillating (resource_decrease=0.005)"
775.8,0.106211129337227,"Peaks only","Oscillating (resource_decrease=0.005)"
776,0.105864638146475,"Peaks only","Oscillating (resource_decrease=0.005)"
776.2,0.103292671591969,"Peaks only","Oscillating (resource_decrease=0.005)"
776.4,0.103128588375825,"Peaks only","Oscillating (resource_decrease=0.005)"
776.6,0.10505921391271,"Peaks only","Oscillating (resource_decrease=0.005)"
776.8,0.105964557816491,"Peaks only","Oscillating (resource_decrease=0.005)"
777,0.104817001806932,"Peaks only","Oscillating (resource_decrease=0.005)"
777.2,0.10156694200351,"Peaks only","Oscillating (resource_decrease=0.005)"
777.4,0.0964083311594828,"Peaks only","Oscillating (resource_decrease=0.005)"
777.6,0.0898005399954463,"Peaks only","Oscillating (resource_decrease=0.005)"
777.8,0.0824840501571751,"Peaks only","Oscillating (resource_decrease=0.005)"
778,0.075175079174742,"Peaks only","Oscillating (resource_decrease=0.005)"
778.2,0.0682901039581668,"Peaks only","Oscillating (resource_decrease=0.005)"
778.4,0.0620322366938443,"Peaks only","Oscillating (resource_decrease=0.005)"
778.6,0.0566090756844082,"Peaks only","Oscillating (resource_decrease=0.005)"
778.8,0.0522041676988372,"Peaks only","Oscillating (resource_decrease=0.005)"
779,0.0489336682534443,"Peaks only","Oscillating (resource_decrease=0.005)"
779.2,0.0469815188708698,"Peaks only","Oscillating (resource_decrease=0.005)"
779.4,0.0467126659745476,"Peaks only","Oscillating (resource_decrease=0.005)"
779.6,0.0486225386192008,"Peaks only","Oscillating (resource_decrease=0.005)"
779.8,0.053130201531601,"Peaks only","Oscillating (resource_decrease=0.005)"
780,0.060259640792905,"Peaks only","Oscillating (resource_decrease=0.005)"
780.2,0.0693489283437868,"Peaks only","Oscillating (resource_decrease=0.005)"
780.4,0.0790510680506703,"Peaks only","Oscillating (resource_decrease=0.005)"
780.6,0.0877609174278561,"Peaks only","Oscillating (resource_decrease=0.005)"
780.8,0.0977234437117492,"Peaks only","Oscillating (resource_decrease=0.005)"
781,0.105884490392793,"Peaks only","Oscillating (resource_decrease=0.005)"
781.2,0.109571850400404,"Peaks only","Oscillating (resource_decrease=0.005)"
781.4,0.109112814285422,"Peaks only","Oscillating (resource_decrease=0.005)"
781.6,0.106612445358909,"Peaks only","Oscillating (resource_decrease=0.005)"
781.8,0.105123871015606,"Peaks only","Oscillating (resource_decrease=0.005)"
782,0.106040035909031,"Peaks only","Oscillating (resource_decrease=0.005)"
782.2,0.104153899659654,"Peaks only","Oscillating (resource_decrease=0.005)"
782.4,0.103976659815526,"Peaks only","Oscillating (resource_decrease=0.005)"
782.6,0.105292861504488,"Peaks only","Oscillating (resource_decrease=0.005)"
782.8,0.105266555840981,"Peaks only","Oscillating (resource_decrease=0.005)"
783,0.103040665895803,"Peaks only","Oscillating (resource_decrease=0.005)"
783.2,0.0985993707665442,"Peaks only","Oscillating (resource_decrease=0.005)"
783.4,0.0923493010745802,"Peaks only","Oscillating (resource_decrease=0.005)"
783.6,0.0850648053558307,"Peaks only","Oscillating (resource_decrease=0.005)"
783.8,0.0775825034686344,"Peaks only","Oscillating (resource_decrease=0.005)"
784,0.0704338255056416,"Peaks only","Oscillating (resource_decrease=0.005)"
784.2,0.0638327987558489,"Peaks only","Oscillating (resource_decrease=0.005)"
784.4,0.0579740612605228,"Peaks only","Oscillating (resource_decrease=0.005)"
784.6,0.053121989112744,"Peaks only","Oscillating (resource_decrease=0.005)"
784.8,0.0494648465186163,"Peaks only","Oscillating (resource_decrease=0.005)"
785,0.0471284099349599,"Peaks only","Oscillating (resource_decrease=0.005)"
785.2,0.0463435072438971,"Peaks only","Oscillating (resource_decrease=0.005)"
785.4,0.0475257366203192,"Peaks only","Oscillating (resource_decrease=0.005)"
785.6,0.0511493208602592,"Peaks only","Oscillating (resource_decrease=0.005)"
785.8,0.0574378301636657,"Peaks only","Oscillating (resource_decrease=0.005)"
786,0.0660029504196299,"Peaks only","Oscillating (resource_decrease=0.005)"
786.2,0.0756975355083321,"Peaks only","Oscillating (resource_decrease=0.005)"
786.4,0.0849137382658262,"Peaks only","Oscillating (resource_decrease=0.005)"
786.6,0.0956135069776291,"Peaks only","Oscillating (resource_decrease=0.005)"
786.8,0.104650498812689,"Peaks only","Oscillating (resource_decrease=0.005)"
787,0.109280800191614,"Peaks only","Oscillating (resource_decrease=0.005)"
787.2,0.109574122907265,"Peaks only","Oscillating (resource_decrease=0.005)"
787.4,0.107171215768453,"Peaks only","Oscillating (resource_decrease=0.005)"
787.6,0.10509303179726,"Peaks only","Oscillating (resource_decrease=0.005)"
787.8,0.105337965382153,"Peaks only","Oscillating (resource_decrease=0.005)"
788,0.103228542742833,"Peaks only","Oscillating (resource_decrease=0.005)"
788.2,0.103206453194028,"Peaks only","Oscillating (resource_decrease=0.005)"
788.4,0.105034044756402,"Peaks only","Oscillating (resource_decrease=0.005)"
788.6,0.105720585824073,"Peaks only","Oscillating (resource_decrease=0.005)"
788.8,0.104202973734267,"Peaks only","Oscillating (resource_decrease=0.005)"
789,0.100342842496066,"Peaks only","Oscillating (resource_decrease=0.005)"
789.2,0.094466416278543,"Peaks only","Oscillating (resource_decrease=0.005)"
789.4,0.0873205922343348,"Peaks only","Oscillating (resource_decrease=0.005)"
789.6,0.0798085263078592,"Peaks only","Oscillating (resource_decrease=0.005)"
789.8,0.0725850575180969,"Peaks only","Oscillating (resource_decrease=0.005)"
790,0.0659285668201989,"Peaks only","Oscillating (resource_decrease=0.005)"
790.2,0.0599894967520821,"Peaks only","Oscillating (resource_decrease=0.005)"
790.4,0.0549664020126455,"Peaks only","Oscillating (resource_decrease=0.005)"
790.6,0.0510079051536025,"Peaks only","Oscillating (resource_decrease=0.005)"
790.8,0.0482104416097378,"Peaks only","Oscillating (resource_decrease=0.005)"
791,0.0467849557207033,"Peaks only","Oscillating (resource_decrease=0.005)"
791.2,0.0471528391743446,"Peaks only","Oscillating (resource_decrease=0.005)"
791.4,0.0498456521670676,"Peaks only","Oscillating (resource_decrease=0.005)"
791.6,0.0552272355298449,"Peaks only","Oscillating (resource_decrease=0.005)"
791.8,0.0631312147571833,"Peaks only","Oscillating (resource_decrease=0.005)"
792,0.0726316260853657,"Peaks only","Oscillating (resource_decrease=0.005)"
792.2,0.0822076111490585,"Peaks only","Oscillating (resource_decrease=0.005)"
792.4,0.0902974196915067,"Peaks only","Oscillating (resource_decrease=0.005)"
792.6,0.0994503205041157,"Peaks only","Oscillating (resource_decrease=0.005)"
792.8,0.106731333547456,"Peaks only","Oscillating (resource_decrease=0.005)"
793,0.109577859715408,"Peaks only","Oscillating (resource_decrease=0.005)"
793.2,0.108613098569344,"Peaks only","Oscillating (resource_decrease=0.005)"
793.4,0.106291495501337,"Peaks only","Oscillating (resource_decrease=0.005)"
793.6,0.105464383765655,"Peaks only","Oscillating (resource_decrease=0.005)"
793.8,0.1069385377088,"Peaks only","Oscillating (resource_decrease=0.005)"
794,0.105128320752723,"Peaks only","Oscillating (resource_decrease=0.005)"
794.2,0.104706725599562,"Peaks only","Oscillating (resource_decrease=0.005)"
794.4,0.10548648340421,"Peaks only","Oscillating (resource_decrease=0.005)"
794.6,0.104774595236072,"Peaks only","Oscillating (resource_decrease=0.005)"
794.8,0.101897965678851,"Peaks only","Oscillating (resource_decrease=0.005)"
795,0.0969521928576619,"Peaks only","Oscillating (resource_decrease=0.005)"
795.2,0.0904093947758971,"Peaks only","Oscillating (resource_decrease=0.005)"
795.4,0.083040907164087,"Peaks only","Oscillating (resource_decrease=0.005)"
795.6,0.0755942950818025,"Peaks only","Oscillating (resource_decrease=0.005)"
795.8,0.0684885273039592,"Peaks only","Oscillating (resource_decrease=0.005)"
796,0.0619087595044325,"Peaks only","Oscillating (resource_decrease=0.005)"
796.2,0.0561099751519573,"Peaks only","Oscillating (resource_decrease=0.005)"
796.4,0.051416782494318,"Peaks only","Oscillating (resource_decrease=0.005)"
796.6,0.0480531987536477,"Peaks only","Oscillating (resource_decrease=0.005)"
796.8,0.0461709910789487,"Peaks only","Oscillating (resource_decrease=0.005)"
797,0.046014017458026,"Peaks only","Oscillating (resource_decrease=0.005)"
797.2,0.0479813783821103,"Peaks only","Oscillating (resource_decrease=0.005)"
797.4,0.0524749099775797,"Peaks only","Oscillating (resource_decrease=0.005)"
797.6,0.0595644483356259,"Peaks only","Oscillating (resource_decrease=0.005)"
797.8,0.0686450233473397,"Peaks only","Oscillating (resource_decrease=0.005)"
798,0.07838521466041,"Peaks only","Oscillating (resource_decrease=0.005)"
798.2,0.087144231562622,"Peaks only","Oscillating (resource_decrease=0.005)"
798.4,0.0971053592016857,"Peaks only","Oscillating (resource_decrease=0.005)"
798.6,0.105267868049746,"Peaks only","Oscillating (resource_decrease=0.005)"
798.8,0.109079533445956,"Peaks only","Oscillating (resource_decrease=0.005)"
799,0.108915523612393,"Peaks only","Oscillating (resource_decrease=0.005)"
799.2,0.106698678392633,"Peaks only","Oscillating (resource_decrease=0.005)"
799.4,0.105286999500684,"Peaks only","Oscillating (resource_decrease=0.005)"
799.6,0.106158205355247,"Peaks only","Oscillating (resource_decrease=0.005)"
799.8,0.1086846255617,"Peaks only","Oscillating (resource_decrease=0.005)"
800,0.111432566381972,"Peaks only","Oscillating (resource_decrease=0.005)"
500,0.0590662583531623,"Troughs only","Oscillating (resource_decrease=0.005)"
500.2,0.0682144805346092,"Troughs only","Oscillating (resource_decrease=0.005)"
500.4,0.0794098815652491,"Troughs only","Oscillating (resource_decrease=0.005)"
500.6,0.08784045403946,"Troughs only","Oscillating (resource_decrease=0.005)"
500.8,0.093850603345446,"Troughs only","Oscillating (resource_decrease=0.005)"
501,0.0981058501725599,"Troughs only","Oscillating (resource_decrease=0.005)"
501.2,0.0999958540436964,"Troughs only","Oscillating (resource_decrease=0.005)"
501.4,0.0997734688368671,"Troughs only","Oscillating (resource_decrease=0.005)"
501.6,0.098684128198839,"Troughs only","Oscillating (resource_decrease=0.005)"
501.8,0.0983227809957732,"Troughs only","Oscillating (resource_decrease=0.005)"
502,0.09961244908541,"Troughs only","Oscillating (resource_decrease=0.005)"
502.2,0.102259428008963,"Troughs only","Oscillating (resource_decrease=0.005)"
502.4,0.104970551186742,"Troughs only","Oscillating (resource_decrease=0.005)"
502.6,0.106317974997376,"Troughs only","Oscillating (resource_decrease=0.005)"
502.8,0.105684029257424,"Troughs only","Oscillating (resource_decrease=0.005)"
503,0.103261187968873,"Troughs only","Oscillating (resource_decrease=0.005)"
503.2,0.0994392803102088,"Troughs only","Oscillating (resource_decrease=0.005)"
503.4,0.0946088739214572,"Troughs only","Oscillating (resource_decrease=0.005)"
503.6,0.0933162578478339,"Troughs only","Oscillating (resource_decrease=0.005)"
503.8,0.0908740865525456,"Troughs only","Oscillating (resource_decrease=0.005)"
504,0.0864969856394663,"Troughs only","Oscillating (resource_decrease=0.005)"
504.2,0.0781948511085884,"Troughs only","Oscillating (resource_decrease=0.005)"
504.4,0.0703821927579889,"Troughs only","Oscillating (resource_decrease=0.005)"
504.6,0.0641325517134646,"Troughs only","Oscillating (resource_decrease=0.005)"
504.8,0.0586093268143158,"Troughs only","Oscillating (resource_decrease=0.005)"
505,0.0539691915144089,"Troughs only","Oscillating (resource_decrease=0.005)"
505.2,0.050709771860168,"Troughs only","Oscillating (resource_decrease=0.005)"
505.4,0.0492672076133077,"Troughs only","Oscillating (resource_decrease=0.005)"
505.6,0.049845953166779,"Troughs only","Oscillating (resource_decrease=0.005)"
505.8,0.0524250549881903,"Troughs only","Oscillating (resource_decrease=0.005)"
506,0.0568876409047138,"Troughs only","Oscillating (resource_decrease=0.005)"
506.2,0.0630993507332036,"Troughs only","Oscillating (resource_decrease=0.005)"
506.4,0.0707548705612559,"Troughs only","Oscillating (resource_decrease=0.005)"
506.6,0.079115435905887,"Troughs only","Oscillating (resource_decrease=0.005)"
506.8,0.0870119518981503,"Troughs only","Oscillating (resource_decrease=0.005)"
507,0.0932699183394899,"Troughs only","Oscillating (resource_decrease=0.005)"
507.2,0.0972504210977834,"Troughs only","Oscillating (resource_decrease=0.005)"
507.4,0.0990974140692234,"Troughs only","Oscillating (resource_decrease=0.005)"
507.6,0.0996018985250418,"Troughs only","Oscillating (resource_decrease=0.005)"
507.8,0.0998185744864222,"Troughs only","Oscillating (resource_decrease=0.005)"
508,0.100567002984948,"Troughs only","Oscillating (resource_decrease=0.005)"
508.2,0.102045511551318,"Troughs only","Oscillating (resource_decrease=0.005)"
508.4,0.103825279851623,"Troughs only","Oscillating (resource_decrease=0.005)"
508.6,0.10520611487024,"Troughs only","Oscillating (resource_decrease=0.005)"
508.8,0.105615957671215,"Troughs only","Oscillating (resource_decrease=0.005)"
509,0.104745420497632,"Troughs only","Oscillating (resource_decrease=0.005)"
509.2,0.102478645175354,"Troughs only","Oscillating (resource_decrease=0.005)"
509.4,0.0988781478167377,"Troughs only","Oscillating (resource_decrease=0.005)"
509.6,0.0985093188666054,"Troughs only","Oscillating (resource_decrease=0.005)"
509.8,0.0961985533217092,"Troughs only","Oscillating (resource_decrease=0.005)"
510,0.0873097392216398,"Troughs only","Oscillating (resource_decrease=0.005)"
510.2,0.0790554665321476,"Troughs only","Oscillating (resource_decrease=0.005)"
510.4,0.0727101846996073,"Troughs only","Oscillating (resource_decrease=0.005)"
510.6,0.0668725426742515,"Troughs only","Oscillating (resource_decrease=0.005)"
510.8,0.0612745157527812,"Troughs only","Oscillating (resource_decrease=0.005)"
511,0.056181425455462,"Troughs only","Oscillating (resource_decrease=0.005)"
511.2,0.0520519221679442,"Troughs only","Oscillating (resource_decrease=0.005)"
511.4,0.0493058624672626,"Troughs only","Oscillating (resource_decrease=0.005)"
511.6,0.0482203442611545,"Troughs only","Oscillating (resource_decrease=0.005)"
511.8,0.0489737138387919,"Troughs only","Oscillating (resource_decrease=0.005)"
512,0.0517824860365918,"Troughs only","Oscillating (resource_decrease=0.005)"
512.2,0.0569109517445978,"Troughs only","Oscillating (resource_decrease=0.005)"
512.4,0.0643477937825048,"Troughs only","Oscillating (resource_decrease=0.005)"
512.6,0.0733834338026586,"Troughs only","Oscillating (resource_decrease=0.005)"
512.8,0.0826163927619594,"Troughs only","Oscillating (resource_decrease=0.005)"
513,0.0904986309420266,"Troughs only","Oscillating (resource_decrease=0.005)"
513.2,0.0959777981760045,"Troughs only","Oscillating (resource_decrease=0.005)"
513.4,0.0988166642962826,"Troughs only","Oscillating (resource_decrease=0.005)"
513.6,0.0995542734184565,"Troughs only","Oscillating (resource_decrease=0.005)"
513.8,0.0992734969931818,"Troughs only","Oscillating (resource_decrease=0.005)"
514,0.0992076764957938,"Troughs only","Oscillating (resource_decrease=0.005)"
514.2,0.100187293652832,"Troughs only","Oscillating (resource_decrease=0.005)"
514.4,0.102221538387719,"Troughs only","Oscillating (resource_decrease=0.005)"
514.6,0.104543062369883,"Troughs only","Oscillating (resource_decrease=0.005)"
514.8,0.106130740613813,"Troughs only","Oscillating (resource_decrease=0.005)"
515,0.106321594780033,"Troughs only","Oscillating (resource_decrease=0.005)"
515.2,0.104940945283224,"Troughs only","Oscillating (resource_decrease=0.005)"
515.4,0.106598269507175,"Troughs only","Oscillating (resource_decrease=0.005)"
515.6,0.105400502578587,"Troughs only","Oscillating (resource_decrease=0.005)"
515.8,0.101018082737806,"Troughs only","Oscillating (resource_decrease=0.005)"
516,0.0914063927606461,"Troughs only","Oscillating (resource_decrease=0.005)"
516.2,0.0830863407640257,"Troughs only","Oscillating (resource_decrease=0.005)"
516.4,0.0768400473811872,"Troughs only","Oscillating (resource_decrease=0.005)"
516.6,0.0710944435259571,"Troughs only","Oscillating (resource_decrease=0.005)"
516.8,0.0654042062428262,"Troughs only","Oscillating (resource_decrease=0.005)"
517,0.0598026810011848,"Troughs only","Oscillating (resource_decrease=0.005)"
517.2,0.0546217620429914,"Troughs only","Oscillating (resource_decrease=0.005)"
517.4,0.0502836592868779,"Troughs only","Oscillating (resource_decrease=0.005)"
517.6,0.0471662970605857,"Troughs only","Oscillating (resource_decrease=0.005)"
517.8,0.0456648842182409,"Troughs only","Oscillating (resource_decrease=0.005)"
518,0.0463209496561961,"Troughs only","Oscillating (resource_decrease=0.005)"
518.2,0.0497375262157026,"Troughs only","Oscillating (resource_decrease=0.005)"
518.4,0.0561830604173313,"Troughs only","Oscillating (resource_decrease=0.005)"
518.6,0.0651597396883484,"Troughs only","Oscillating (resource_decrease=0.005)"
518.8,0.0753415925068849,"Troughs only","Oscillating (resource_decrease=0.005)"
519,0.0849898775789895,"Troughs only","Oscillating (resource_decrease=0.005)"
519.2,0.0925734359621465,"Troughs only","Oscillating (resource_decrease=0.005)"
519.4,0.0972442872130715,"Troughs only","Oscillating (resource_decrease=0.005)"
519.6,0.0990199686104154,"Troughs only","Oscillating (resource_decrease=0.005)"
519.8,0.0987449712898522,"Troughs only","Oscillating (resource_decrease=0.005)"
520,0.097871238606964,"Troughs only","Oscillating (resource_decrease=0.005)"
520.2,0.0979138936460634,"Troughs only","Oscillating (resource_decrease=0.005)"
520.4,0.0996841167292104,"Troughs only","Oscillating (resource_decrease=0.005)"
520.6,0.10281074687503,"Troughs only","Oscillating (resource_decrease=0.005)"
520.8,0.105941475952431,"Troughs only","Oscillating (resource_decrease=0.005)"
521,0.107687364178471,"Troughs only","Oscillating (resource_decrease=0.005)"
521.2,0.112082960148487,"Troughs only","Oscillating (resource_decrease=0.005)"
521.4,0.113200876818224,"Troughs only","Oscillating (resource_decrease=0.005)"
521.6,0.110566392744252,"Troughs only","Oscillating (resource_decrease=0.005)"
521.8,0.101693124723079,"Troughs only","Oscillating (resource_decrease=0.005)"
522,0.0939049442361352,"Troughs only","Oscillating (resource_decrease=0.005)"
522.2,0.0878747085620364,"Troughs only","Oscillating (resource_decrease=0.005)"
522.4,0.0822507292281081,"Troughs only","Oscillating (resource_decrease=0.005)"
522.6,0.0767669891494632,"Troughs only","Oscillating (resource_decrease=0.005)"
522.8,0.0711664136241336,"Troughs only","Oscillating (resource_decrease=0.005)"
523,0.0652522723663148,"Troughs only","Oscillating (resource_decrease=0.005)"
523.2,0.0590887852639022,"Troughs only","Oscillating (resource_decrease=0.005)"
523.4,0.0530704745687543,"Troughs only","Oscillating (resource_decrease=0.005)"
523.6,0.0478629297235839,"Troughs only","Oscillating (resource_decrease=0.005)"
523.8,0.0443026899874316,"Troughs only","Oscillating (resource_decrease=0.005)"
524,0.0432364048511694,"Troughs only","Oscillating (resource_decrease=0.005)"
524.2,0.0452673268191868,"Troughs only","Oscillating (resource_decrease=0.005)"
524.4,0.0505187427696187,"Troughs only","Oscillating (resource_decrease=0.005)"
524.6,0.0585424814937547,"Troughs only","Oscillating (resource_decrease=0.005)"
524.8,0.0683551123972361,"Troughs only","Oscillating (resource_decrease=0.005)"
525,0.0785511942507058,"Troughs only","Oscillating (resource_decrease=0.005)"
525.2,0.0875499455297648,"Troughs only","Oscillating (resource_decrease=0.005)"
525.4,0.0940102264645263,"Troughs only","Oscillating (resource_decrease=0.005)"
525.6,0.0972894198358475,"Troughs only","Oscillating (resource_decrease=0.005)"
525.8,0.0977506886238251,"Troughs only","Oscillating (resource_decrease=0.005)"
526,0.0967509494388774,"Troughs only","Oscillating (resource_decrease=0.005)"
526.2,0.0961411260117711,"Troughs only","Oscillating (resource_decrease=0.005)"
526.4,0.0973460145788141,"Troughs only","Oscillating (resource_decrease=0.005)"
526.6,0.100573498028167,"Troughs only","Oscillating (resource_decrease=0.005)"
526.8,0.104652493512029,"Troughs only","Oscillating (resource_decrease=0.005)"
527,0.107738684235978,"Troughs only","Oscillating (resource_decrease=0.005)"
527.2,0.113182564048758,"Troughs only","Oscillating (resource_decrease=0.005)"
527.4,0.115186640639422,"Troughs only","Oscillating (resource_decrease=0.005)"
527.6,0.108417535596022,"Troughs only","Oscillating (resource_decrease=0.005)"
527.8,0.102356692424084,"Troughs only","Oscillating (resource_decrease=0.005)"
528,0.0975112276057086,"Troughs only","Oscillating (resource_decrease=0.005)"
528.2,0.0923827249781222,"Troughs only","Oscillating (resource_decrease=0.005)"
528.4,0.0871401724912869,"Troughs only","Oscillating (resource_decrease=0.005)"
528.6,0.0819041928607788,"Troughs only","Oscillating (resource_decrease=0.005)"
528.8,0.07651714273499,"Troughs only","Oscillating (resource_decrease=0.005)"
529,0.070709971858751,"Troughs only","Oscillating (resource_decrease=0.005)"
529.2,0.064361182449924,"Troughs only","Oscillating (resource_decrease=0.005)"
529.4,0.0577322430955124,"Troughs only","Oscillating (resource_decrease=0.005)"
529.6,0.0515440803347683,"Troughs only","Oscillating (resource_decrease=0.005)"
529.8,0.0467909715621254,"Troughs only","Oscillating (resource_decrease=0.005)"
530,0.0443686601453424,"Troughs only","Oscillating (resource_decrease=0.005)"
530.2,0.0447745402298077,"Troughs only","Oscillating (resource_decrease=0.005)"
530.4,0.0480743416956004,"Troughs only","Oscillating (resource_decrease=0.005)"
530.6,0.054028552981381,"Troughs only","Oscillating (resource_decrease=0.005)"
530.8,0.0621352426057229,"Troughs only","Oscillating (resource_decrease=0.005)"
531,0.0715390043174496,"Troughs only","Oscillating (resource_decrease=0.005)"
531.2,0.0809840423682647,"Troughs only","Oscillating (resource_decrease=0.005)"
531.4,0.0890179022882516,"Troughs only","Oscillating (resource_decrease=0.005)"
531.6,0.0944680041476942,"Troughs only","Oscillating (resource_decrease=0.005)"
531.8,0.0969630826056443,"Troughs only","Oscillating (resource_decrease=0.005)"
532,0.0971821832970437,"Troughs only","Oscillating (resource_decrease=0.005)"
532.2,0.0966245920444876,"Troughs only","Oscillating (resource_decrease=0.005)"
532.4,0.0968994075286076,"Troughs only","Oscillating (resource_decrease=0.005)"
532.6,0.0988761167089666,"Troughs only","Oscillating (resource_decrease=0.005)"
532.8,0.102224038247799,"Troughs only","Oscillating (resource_decrease=0.005)"
533,0.109765438027794,"Troughs only","Oscillating (resource_decrease=0.005)"
533.2,0.114896960873869,"Troughs only","Oscillating (resource_decrease=0.005)"
533.4,0.11527621185887,"Troughs only","Oscillating (resource_decrease=0.005)"
533.6,0.109149117647773,"Troughs only","Oscillating (resource_decrease=0.005)"
533.8,0.104211154098743,"Troughs only","Oscillating (resource_decrease=0.005)"
534,0.100271751551934,"Troughs only","Oscillating (resource_decrease=0.005)"
534.2,0.0956401592088746,"Troughs only","Oscillating (resource_decrease=0.005)"
534.4,0.0905371123936591,"Troughs only","Oscillating (resource_decrease=0.005)"
534.6,0.0852580439972999,"Troughs only","Oscillating (resource_decrease=0.005)"
534.8,0.0798086389965217,"Troughs only","Oscillating (resource_decrease=0.005)"
535,0.0739636718329136,"Troughs only","Oscillating (resource_decrease=0.005)"
535.2,0.067498137975798,"Troughs only","Oscillating (resource_decrease=0.005)"
535.4,0.0605183503438273,"Troughs only","Oscillating (resource_decrease=0.005)"
535.6,0.0536906885244,"Troughs only","Oscillating (resource_decrease=0.005)"
535.8,0.0480738975654894,"Troughs only","Oscillating (resource_decrease=0.005)"
536,0.0446243703906898,"Troughs only","Oscillating (resource_decrease=0.005)"
536.2,0.0438443643551978,"Troughs only","Oscillating (resource_decrease=0.005)"
536.4,0.0458154076406498,"Troughs only","Oscillating (resource_decrease=0.005)"
536.6,0.0504033686887665,"Troughs only","Oscillating (resource_decrease=0.005)"
536.8,0.0573315727839847,"Troughs only","Oscillating (resource_decrease=0.005)"
537,0.0660503928913064,"Troughs only","Oscillating (resource_decrease=0.005)"
537.2,0.075564211042417,"Troughs only","Oscillating (resource_decrease=0.005)"
537.4,0.0844676514694318,"Troughs only","Oscillating (resource_decrease=0.005)"
537.6,0.0913401073534796,"Troughs only","Oscillating (resource_decrease=0.005)"
537.8,0.0953521630772094,"Troughs only","Oscillating (resource_decrease=0.005)"
538,0.0966984818964148,"Troughs only","Oscillating (resource_decrease=0.005)"
538.2,0.0965516053603527,"Troughs only","Oscillating (resource_decrease=0.005)"
538.4,0.0965127475363922,"Troughs only","Oscillating (resource_decrease=0.005)"
538.6,0.0978109860476151,"Troughs only","Oscillating (resource_decrease=0.005)"
538.8,0.104550292202001,"Troughs only","Oscillating (resource_decrease=0.005)"
539,0.111539724640987,"Troughs only","Oscillating (resource_decrease=0.005)"
539.2,0.114495597034668,"Troughs only","Oscillating (resource_decrease=0.005)"
539.4,0.110158264476402,"Troughs only","Oscillating (resource_decrease=0.005)"
539.6,0.107018019294247,"Troughs only","Oscillating (resource_decrease=0.005)"
539.8,0.105369319066072,"Troughs only","Oscillating (resource_decrease=0.005)"
540,0.102616038829928,"Troughs only","Oscillating (resource_decrease=0.005)"
540.2,0.0985987003560023,"Troughs only","Oscillating (resource_decrease=0.005)"
540.4,0.0937673881775792,"Troughs only","Oscillating (resource_decrease=0.005)"
540.6,0.0884921424062931,"Troughs only","Oscillating (resource_decrease=0.005)"
540.8,0.08288793695972,"Troughs only","Oscillating (resource_decrease=0.005)"
541,0.0768298544969178,"Troughs only","Oscillating (resource_decrease=0.005)"
541.2,0.0701649231701679,"Troughs only","Oscillating (resource_decrease=0.005)"
541.4,0.063040157804436,"Troughs only","Oscillating (resource_decrease=0.005)"
541.6,0.0561048279152941,"Troughs only","Oscillating (resource_decrease=0.005)"
541.8,0.0503048358116454,"Troughs only","Oscillating (resource_decrease=0.005)"
542,0.0463997007073205,"Troughs only","Oscillating (resource_decrease=0.005)"
542.2,0.0447412463741916,"Troughs only","Oscillating (resource_decrease=0.005)"
542.4,0.0454288895521464,"Troughs only","Oscillating (resource_decrease=0.005)"
542.6,0.0485031198243775,"Troughs only","Oscillating (resource_decrease=0.005)"
542.8,0.0539537084837568,"Troughs only","Oscillating (resource_decrease=0.005)"
543,0.0615479827653701,"Troughs only","Oscillating (resource_decrease=0.005)"
543.2,0.0705962216959212,"Troughs only","Oscillating (resource_decrease=0.005)"
543.4,0.0798670782101238,"Troughs only","Oscillating (resource_decrease=0.005)"
543.6,0.0878677065571138,"Troughs only","Oscillating (resource_decrease=0.005)"
543.8,0.0934392187490459,"Troughs only","Oscillating (resource_decrease=0.005)"
544,0.0962866023519073,"Troughs only","Oscillating (resource_decrease=0.005)"
544.2,0.0970844661899756,"Troughs only","Oscillating (resource_decrease=0.005)"
544.4,0.0971308327041805,"Troughs only","Oscillating (resource_decrease=0.005)"
544.6,0.0977425934756608,"Troughs only","Oscillating (resource_decrease=0.005)"
544.8,0.103467781116795,"Troughs only","Oscillating (resource_decrease=0.005)"
545,0.109925921697226,"Troughs only","Oscillating (resource_decrease=0.005)"
545.2,0.113167377254327,"Troughs only","Oscillating (resource_decrease=0.005)"
545.4,0.109471776278761,"Troughs only","Oscillating (resource_decrease=0.005)"
545.6,0.106888556322565,"Troughs only","Oscillating (resource_decrease=0.005)"
545.8,0.106012098146427,"Troughs only","Oscillating (resource_decrease=0.005)"
546,0.104063570914247,"Troughs only","Oscillating (resource_decrease=0.005)"
546.2,0.100640328883237,"Troughs only","Oscillating (resource_decrease=0.005)"
546.4,0.0961164261386834,"Troughs only","Oscillating (resource_decrease=0.005)"
546.6,0.090908607705486,"Troughs only","Oscillating (resource_decrease=0.005)"
546.8,0.0852631342944573,"Troughs only","Oscillating (resource_decrease=0.005)"
547,0.0791963582652988,"Troughs only","Oscillating (resource_decrease=0.005)"
547.2,0.0726183486775689,"Troughs only","Oscillating (resource_decrease=0.005)"
547.4,0.0656082931732666,"Troughs only","Oscillating (resource_decrease=0.005)"
547.6,0.0586484455058312,"Troughs only","Oscillating (resource_decrease=0.005)"
547.8,0.0525497829281247,"Troughs only","Oscillating (resource_decrease=0.005)"
548,0.0480519825690059,"Troughs only","Oscillating (resource_decrease=0.005)"
548.2,0.0455579181326264,"Troughs only","Oscillating (resource_decrease=0.005)"
548.4,0.0452325216494844,"Troughs only","Oscillating (resource_decrease=0.005)"
548.6,0.04719040761865,"Troughs only","Oscillating (resource_decrease=0.005)"
548.8,0.0515304425759844,"Troughs only","Oscillating (resource_decrease=0.005)"
549,0.0581933193614146,"Troughs only","Oscillating (resource_decrease=0.005)"
549.2,0.066719335661553,"Troughs only","Oscillating (resource_decrease=0.005)"
549.4,0.0760783358565748,"Troughs only","Oscillating (resource_decrease=0.005)"
549.6,0.0848111202408744,"Troughs only","Oscillating (resource_decrease=0.005)"
549.8,0.0915456716189331,"Troughs only","Oscillating (resource_decrease=0.005)"
550,0.095592585457399,"Troughs only","Oscillating (resource_decrease=0.005)"
550.2,0.0972156408099512,"Troughs only","Oscillating (resource_decrease=0.005)"
550.4,0.0974556134920863,"Troughs only","Oscillating (resource_decrease=0.005)"
550.6,0.10138052474839,"Troughs only","Oscillating (resource_decrease=0.005)"
550.8,0.106315263734069,"Troughs only","Oscillating (resource_decrease=0.005)"
551,0.109476538644472,"Troughs only","Oscillating (resource_decrease=0.005)"
551.2,0.106861990518202,"Troughs only","Oscillating (resource_decrease=0.005)"
551.4,0.105264057405155,"Troughs only","Oscillating (resource_decrease=0.005)"
551.6,0.106105906999387,"Troughs only","Oscillating (resource_decrease=0.005)"
551.8,0.106400160950485,"Troughs only","Oscillating (resource_decrease=0.005)"
552,0.105024149243989,"Troughs only","Oscillating (resource_decrease=0.005)"
552.2,0.102004294546387,"Troughs only","Oscillating (resource_decrease=0.005)"
552.4,0.0976832074968776,"Troughs only","Oscillating (resource_decrease=0.005)"
552.6,0.0924453921508895,"Troughs only","Oscillating (resource_decrease=0.005)"
552.8,0.0865846774877007,"Troughs only","Oscillating (resource_decrease=0.005)"
553,0.0802593972002434,"Troughs only","Oscillating (resource_decrease=0.005)"
553.2,0.0735976156152573,"Troughs only","Oscillating (resource_decrease=0.005)"
553.4,0.0668265325756791,"Troughs only","Oscillating (resource_decrease=0.005)"
553.6,0.0603364897767877,"Troughs only","Oscillating (resource_decrease=0.005)"
553.8,0.0546309752757609,"Troughs only","Oscillating (resource_decrease=0.005)"
554,0.0501569321610385,"Troughs only","Oscillating (resource_decrease=0.005)"
554.2,0.0472381228525012,"Troughs only","Oscillating (resource_decrease=0.005)"
554.4,0.0461549245386277,"Troughs only","Oscillating (resource_decrease=0.005)"
554.6,0.0472000771510319,"Troughs only","Oscillating (resource_decrease=0.005)"
554.8,0.0506344006070198,"Troughs only","Oscillating (resource_decrease=0.005)"
555,0.0565397647659409,"Troughs only","Oscillating (resource_decrease=0.005)"
555.2,0.0645907818063361,"Troughs only","Oscillating (resource_decrease=0.005)"
555.4,0.0738747358134905,"Troughs only","Oscillating (resource_decrease=0.005)"
555.6,0.0829873739143399,"Troughs only","Oscillating (resource_decrease=0.005)"
555.8,0.0904865560700084,"Troughs only","Oscillating (resource_decrease=0.005)"
556,0.0954560203855051,"Troughs only","Oscillating (resource_decrease=0.005)"
556.2,0.0978237200881024,"Troughs only","Oscillating (resource_decrease=0.005)"
556.4,0.0983222562146426,"Troughs only","Oscillating (resource_decrease=0.005)"
556.6,0.101942766336118,"Troughs only","Oscillating (resource_decrease=0.005)"
556.8,0.106161914288721,"Troughs only","Oscillating (resource_decrease=0.005)"
557,0.104435972080115,"Troughs only","Oscillating (resource_decrease=0.005)"
557.2,0.102826284172114,"Troughs only","Oscillating (resource_decrease=0.005)"
557.4,0.104146381567355,"Troughs only","Oscillating (resource_decrease=0.005)"
557.6,0.105963957858911,"Troughs only","Oscillating (resource_decrease=0.005)"
557.8,0.10652469693784,"Troughs only","Oscillating (resource_decrease=0.005)"
558,0.105327800297312,"Troughs only","Oscillating (resource_decrease=0.005)"
558.2,0.102484858324533,"Troughs only","Oscillating (resource_decrease=0.005)"
558.4,0.0982811132302307,"Troughs only","Oscillating (resource_decrease=0.005)"
558.6,0.0930885753694027,"Troughs only","Oscillating (resource_decrease=0.005)"
558.8,0.0872745657808885,"Troughs only","Oscillating (resource_decrease=0.005)"
559,0.0811158250236326,"Troughs only","Oscillating (resource_decrease=0.005)"
559.2,0.0748238418305304,"Troughs only","Oscillating (resource_decrease=0.005)"
559.4,0.0685859600012329,"Troughs only","Oscillating (resource_decrease=0.005)"
559.6,0.0625940516924462,"Troughs only","Oscillating (resource_decrease=0.005)"
559.8,0.0571055115912299,"Troughs only","Oscillating (resource_decrease=0.005)"
560,0.0524630944938769,"Troughs only","Oscillating (resource_decrease=0.005)"
560.2,0.0490695433569642,"Troughs only","Oscillating (resource_decrease=0.005)"
560.4,0.0473537586023102,"Troughs only","Oscillating (resource_decrease=0.005)"
560.6,0.0477256493205023,"Troughs only","Oscillating (resource_decrease=0.005)"
560.8,0.050510578219883,"Troughs only","Oscillating (resource_decrease=0.005)"
561,0.0558322585236585,"Troughs only","Oscillating (resource_decrease=0.005)"
561.2,0.0634283377099161,"Troughs only","Oscillating (resource_decrease=0.005)"
561.4,0.0724899568818917,"Troughs only","Oscillating (resource_decrease=0.005)"
561.6,0.0817139366570871,"Troughs only","Oscillating (resource_decrease=0.005)"
561.8,0.0896618358125684,"Troughs only","Oscillating (resource_decrease=0.005)"
562,0.0952634486318932,"Troughs only","Oscillating (resource_decrease=0.005)"
562.2,0.0981802565272942,"Troughs only","Oscillating (resource_decrease=0.005)"
562.4,0.102653271869062,"Troughs only","Oscillating (resource_decrease=0.005)"
562.6,0.106310261212344,"Troughs only","Oscillating (resource_decrease=0.005)"
562.8,0.107329040672438,"Troughs only","Oscillating (resource_decrease=0.005)"
563,0.103166091257973,"Troughs only","Oscillating (resource_decrease=0.005)"
563.2,0.100928320435036,"Troughs only","Oscillating (resource_decrease=0.005)"
563.4,0.102526579728502,"Troughs only","Oscillating (resource_decrease=0.005)"
563.6,0.104819548984514,"Troughs only","Oscillating (resource_decrease=0.005)"
563.8,0.105802576533367,"Troughs only","Oscillating (resource_decrease=0.005)"
564,0.104871880664744,"Troughs only","Oscillating (resource_decrease=0.005)"
564.2,0.102134439161223,"Troughs only","Oscillating (resource_decrease=0.005)"
564.4,0.0978766411530166,"Troughs only","Oscillating (resource_decrease=0.005)"
564.6,0.0924353892813815,"Troughs only","Oscillating (resource_decrease=0.005)"
564.8,0.0862034986526698,"Troughs only","Oscillating (resource_decrease=0.005)"
565,0.0796320330218608,"Troughs only","Oscillating (resource_decrease=0.005)"
565.2,0.073150786283688,"Troughs only","Oscillating (resource_decrease=0.005)"
565.4,0.0670447302230023,"Troughs only","Oscillating (resource_decrease=0.005)"
565.6,0.0614639362103686,"Troughs only","Oscillating (resource_decrease=0.005)"
565.8,0.0565305464915645,"Troughs only","Oscillating (resource_decrease=0.005)"
566,0.0524222399652034,"Troughs only","Oscillating (resource_decrease=0.005)"
566.2,0.0494366496092098,"Troughs only","Oscillating (resource_decrease=0.005)"
566.4,0.047995011768468,"Troughs only","Oscillating (resource_decrease=0.005)"
566.6,0.0485692768815331,"Troughs only","Oscillating (resource_decrease=0.005)"
566.8,0.0515618559009278,"Troughs only","Oscillating (resource_decrease=0.005)"
567,0.0571297917550082,"Troughs only","Oscillating (resource_decrease=0.005)"
567.2,0.0649623020176342,"Troughs only","Oscillating (resource_decrease=0.005)"
567.4,0.074143979407224,"Troughs only","Oscillating (resource_decrease=0.005)"
567.6,0.0832944667564395,"Troughs only","Oscillating (resource_decrease=0.005)"
567.8,0.0909984666816874,"Troughs only","Oscillating (resource_decrease=0.005)"
568,0.0962854098305389,"Troughs only","Oscillating (resource_decrease=0.005)"
568.2,0.10263931628459,"Troughs only","Oscillating (resource_decrease=0.005)"
568.4,0.107343508692666,"Troughs only","Oscillating (resource_decrease=0.005)"
568.6,0.108251934892132,"Troughs only","Oscillating (resource_decrease=0.005)"
568.8,0.102880946176551,"Troughs only","Oscillating (resource_decrease=0.005)"
569,0.0991156772871607,"Troughs only","Oscillating (resource_decrease=0.005)"
569.2,0.100000664070064,"Troughs only","Oscillating (resource_decrease=0.005)"
569.4,0.102768737084525,"Troughs only","Oscillating (resource_decrease=0.005)"
569.6,0.105031653825716,"Troughs only","Oscillating (resource_decrease=0.005)"
569.8,0.105569960595627,"Troughs only","Oscillating (resource_decrease=0.005)"
570,0.104156994316973,"Troughs only","Oscillating (resource_decrease=0.005)"
570.2,0.10096918437605,"Troughs only","Oscillating (resource_decrease=0.005)"
570.4,0.0962351721733693,"Troughs only","Oscillating (resource_decrease=0.005)"
570.6,0.0902943553517605,"Troughs only","Oscillating (resource_decrease=0.005)"
570.8,0.0837077183751516,"Troughs only","Oscillating (resource_decrease=0.005)"
571,0.077135407308116,"Troughs only","Oscillating (resource_decrease=0.005)"
571.2,0.0710348344762363,"Troughs only","Oscillating (resource_decrease=0.005)"
571.4,0.0655230223236045,"Troughs only","Oscillating (resource_decrease=0.005)"
571.6,0.0605415659796953,"Troughs only","Oscillating (resource_decrease=0.005)"
571.8,0.0560847871309625,"Troughs only","Oscillating (resource_decrease=0.005)"
572,0.0523353397417369,"Troughs only","Oscillating (resource_decrease=0.005)"
572.2,0.0496870185869256,"Troughs only","Oscillating (resource_decrease=0.005)"
572.4,0.0486657853966734,"Troughs only","Oscillating (resource_decrease=0.005)"
572.6,0.0498050589299773,"Troughs only","Oscillating (resource_decrease=0.005)"
572.8,0.0534937121079946,"Troughs only","Oscillating (resource_decrease=0.005)"
573,0.0597722302443113,"Troughs only","Oscillating (resource_decrease=0.005)"
573.2,0.0681264403134186,"Troughs only","Oscillating (resource_decrease=0.005)"
573.4,0.0774495086386511,"Troughs only","Oscillating (resource_decrease=0.005)"
573.6,0.0863021508190137,"Troughs only","Oscillating (resource_decrease=0.005)"
573.8,0.093369200491695,"Troughs only","Oscillating (resource_decrease=0.005)"
574,0.0978591149756602,"Troughs only","Oscillating (resource_decrease=0.005)"
574.2,0.103480282828048,"Troughs only","Oscillating (resource_decrease=0.005)"
574.4,0.107499912151797,"Troughs only","Oscillating (resource_decrease=0.005)"
574.6,0.103789841485757,"Troughs only","Oscillating (resource_decrease=0.005)"
574.8,0.0993367998278939,"Troughs only","Oscillating (resource_decrease=0.005)"
575,0.0989002093487358,"Troughs only","Oscillating (resource_decrease=0.005)"
575.2,0.101119745418947,"Troughs only","Oscillating (resource_decrease=0.005)"
575.4,0.103834283860939,"Troughs only","Oscillating (resource_decrease=0.005)"
575.6,0.105411842200368,"Troughs only","Oscillating (resource_decrease=0.005)"
575.8,0.105150423782293,"Troughs only","Oscillating (resource_decrease=0.005)"
576,0.103043760108128,"Troughs only","Oscillating (resource_decrease=0.005)"
576.2,0.0993096178413816,"Troughs only","Oscillating (resource_decrease=0.005)"
576.4,0.0942352674087402,"Troughs only","Oscillating (resource_decrease=0.005)"
576.6,0.0882464457313278,"Troughs only","Oscillating (resource_decrease=0.005)"
576.8,0.0819258391912196,"Troughs only","Oscillating (resource_decrease=0.005)"
577,0.0758246766519717,"Troughs only","Oscillating (resource_decrease=0.005)"
577.2,0.0701953653588735,"Troughs only","Oscillating (resource_decrease=0.005)"
577.4,0.0649909999651528,"Troughs only","Oscillating (resource_decrease=0.005)"
577.6,0.0601288980916636,"Troughs only","Oscillating (resource_decrease=0.005)"
577.8,0.0557093914222097,"Troughs only","Oscillating (resource_decrease=0.005)"
578,0.0520688618196208,"Troughs only","Oscillating (resource_decrease=0.005)"
578.2,0.0497113189287832,"Troughs only","Oscillating (resource_decrease=0.005)"
578.4,0.0491902733602737,"Troughs only","Oscillating (resource_decrease=0.005)"
578.6,0.0509870275469877,"Troughs only","Oscillating (resource_decrease=0.005)"
578.8,0.0553692435916317,"Troughs only","Oscillating (resource_decrease=0.005)"
579,0.0622078425258868,"Troughs only","Oscillating (resource_decrease=0.005)"
579.2,0.0708254421162747,"Troughs only","Oscillating (resource_decrease=0.005)"
579.4,0.0800324022055058,"Troughs only","Oscillating (resource_decrease=0.005)"
579.6,0.0884229762467332,"Troughs only","Oscillating (resource_decrease=0.005)"
579.8,0.0948042282432314,"Troughs only","Oscillating (resource_decrease=0.005)"
580,0.102250013378449,"Troughs only","Oscillating (resource_decrease=0.005)"
580.2,0.107763357205116,"Troughs only","Oscillating (resource_decrease=0.005)"
580.4,0.108899207959127,"Troughs only","Oscillating (resource_decrease=0.005)"
580.6,0.103012901131066,"Troughs only","Oscillating (resource_decrease=0.005)"
580.8,0.0983554343254741,"Troughs only","Oscillating (resource_decrease=0.005)"
581,0.0985659848871574,"Troughs only","Oscillating (resource_decrease=0.005)"
581.2,0.101169373613064,"Troughs only","Oscillating (resource_decrease=0.005)"
581.4,0.103780359943555,"Troughs only","Oscillating (resource_decrease=0.005)"
581.6,0.104937141276319,"Troughs only","Oscillating (resource_decrease=0.005)"
581.8,0.104155984539544,"Troughs only","Oscillating (resource_decrease=0.005)"
582,0.101508712532589,"Troughs only","Oscillating (resource_decrease=0.005)"
582.2,0.097178478857469,"Troughs only","Oscillating (resource_decrease=0.005)"
582.4,0.0914630713685852,"Troughs only","Oscillating (resource_decrease=0.005)"
582.6,0.0849401894975501,"Troughs only","Oscillating (resource_decrease=0.005)"
582.8,0.0783634856814385,"Troughs only","Oscillating (resource_decrease=0.005)"
583,0.0723025446132227,"Troughs only","Oscillating (resource_decrease=0.005)"
583.2,0.0669232597753288,"Troughs only","Oscillating (resource_decrease=0.005)"
583.4,0.0621240809355256,"Troughs only","Oscillating (resource_decrease=0.005)"
583.6,0.0578012650738647,"Troughs only","Oscillating (resource_decrease=0.005)"
583.8,0.0540368408043603,"Troughs only","Oscillating (resource_decrease=0.005)"
584,0.0511628823582216,"Troughs only","Oscillating (resource_decrease=0.005)"
584.2,0.0496988610178874,"Troughs only","Oscillating (resource_decrease=0.005)"
584.4,0.0502195138830974,"Troughs only","Oscillating (resource_decrease=0.005)"
584.6,0.0531929237942461,"Troughs only","Oscillating (resource_decrease=0.005)"
584.8,0.0587753291506277,"Troughs only","Oscillating (resource_decrease=0.005)"
585,0.0665960283666376,"Troughs only","Oscillating (resource_decrease=0.005)"
585.2,0.0756821835014086,"Troughs only","Oscillating (resource_decrease=0.005)"
585.4,0.0846627972243452,"Troughs only","Oscillating (resource_decrease=0.005)"
585.6,0.0921862104762481,"Troughs only","Oscillating (resource_decrease=0.005)"
585.8,0.0973196091553892,"Troughs only","Oscillating (resource_decrease=0.005)"
586,0.103549730479842,"Troughs only","Oscillating (resource_decrease=0.005)"
586.2,0.107961451713904,"Troughs only","Oscillating (resource_decrease=0.005)"
586.4,0.104218435271519,"Troughs only","Oscillating (resource_decrease=0.005)"
586.6,0.0993216260315833,"Troughs only","Oscillating (resource_decrease=0.005)"
586.8,0.0983700409193473,"Troughs only","Oscillating (resource_decrease=0.005)"
587,0.100266380326877,"Troughs only","Oscillating (resource_decrease=0.005)"
587.2,0.1029626984846,"Troughs only","Oscillating (resource_decrease=0.005)"
587.4,0.10477989787767,"Troughs only","Oscillating (resource_decrease=0.005)"
587.6,0.104855338856869,"Troughs only","Oscillating (resource_decrease=0.005)"
587.8,0.103064159397574,"Troughs only","Oscillating (resource_decrease=0.005)"
588,0.0995838370900266,"Troughs only","Oscillating (resource_decrease=0.005)"
588.2,0.0946756020036855,"Troughs only","Oscillating (resource_decrease=0.005)"
588.4,0.0887512551538699,"Troughs only","Oscillating (resource_decrease=0.005)"
588.6,0.0824213990736608,"Troughs only","Oscillating (resource_decrease=0.005)"
588.8,0.0763002920245757,"Troughs only","Oscillating (resource_decrease=0.005)"
589,0.0706982344537899,"Troughs only","Oscillating (resource_decrease=0.005)"
589.2,0.0655842845629511,"Troughs only","Oscillating (resource_decrease=0.005)"
589.4,0.0608438431954396,"Troughs only","Oscillating (resource_decrease=0.005)"
589.6,0.0565177767423464,"Troughs only","Oscillating (resource_decrease=0.005)"
589.8,0.0528858045186366,"Troughs only","Oscillating (resource_decrease=0.005)"
590,0.0504221997186793,"Troughs only","Oscillating (resource_decrease=0.005)"
590.2,0.0496838521060521,"Troughs only","Oscillating (resource_decrease=0.005)"
590.4,0.0511814361830476,"Troughs only","Oscillating (resource_decrease=0.005)"
590.6,0.0552298816407025,"Troughs only","Oscillating (resource_decrease=0.005)"
590.8,0.061760096204242,"Troughs only","Oscillating (resource_decrease=0.005)"
591,0.0701589865624786,"Troughs only","Oscillating (resource_decrease=0.005)"
591.2,0.0792891973945266,"Troughs only","Oscillating (resource_decrease=0.005)"
591.4,0.0877659265902702,"Troughs only","Oscillating (resource_decrease=0.005)"
591.6,0.0943727036730642,"Troughs only","Oscillating (resource_decrease=0.005)"
591.8,0.102104024726506,"Troughs only","Oscillating (resource_decrease=0.005)"
592,0.107887871984987,"Troughs only","Oscillating (resource_decrease=0.005)"
592.2,0.109163343157671,"Troughs only","Oscillating (resource_decrease=0.005)"
592.4,0.103180850307197,"Troughs only","Oscillating (resource_decrease=0.005)"
592.6,0.0982843524379279,"Troughs only","Oscillating (resource_decrease=0.005)"
592.8,0.0982753978767331,"Troughs only","Oscillating (resource_decrease=0.005)"
593,0.100759398815474,"Troughs only","Oscillating (resource_decrease=0.005)"
593.2,0.103383149671588,"Troughs only","Oscillating (resource_decrease=0.005)"
593.4,0.104652595429048,"Troughs only","Oscillating (resource_decrease=0.005)"
593.6,0.104014530234189,"Troughs only","Oscillating (resource_decrease=0.005)"
593.8,0.101496462827961,"Troughs only","Oscillating (resource_decrease=0.005)"
594,0.0972639987979178,"Troughs only","Oscillating (resource_decrease=0.005)"
594.2,0.0916030762940069,"Troughs only","Oscillating (resource_decrease=0.005)"
594.4,0.0850915089282533,"Troughs only","Oscillating (resource_decrease=0.005)"
594.6,0.0785028210082632,"Troughs only","Oscillating (resource_decrease=0.005)"
594.8,0.0724365171626849,"Troughs only","Oscillating (resource_decrease=0.005)"
595,0.0670804385001405,"Troughs only","Oscillating (resource_decrease=0.005)"
595.2,0.0623354568825862,"Troughs only","Oscillating (resource_decrease=0.005)"
595.4,0.0580804445887387,"Troughs only","Oscillating (resource_decrease=0.005)"
595.6,0.0543693106021639,"Troughs only","Oscillating (resource_decrease=0.005)"
595.8,0.0515094092691248,"Troughs only","Oscillating (resource_decrease=0.005)"
596,0.0500090548776287,"Troughs only","Oscillating (resource_decrease=0.005)"
596.2,0.0504468736446791,"Troughs only","Oscillating (resource_decrease=0.005)"
596.4,0.0533060299107152,"Troughs only","Oscillating (resource_decrease=0.005)"
596.6,0.058764663682265,"Troughs only","Oscillating (resource_decrease=0.005)"
596.8,0.0664769117735497,"Troughs only","Oscillating (resource_decrease=0.005)"
597,0.0754930036049249,"Troughs only","Oscillating (resource_decrease=0.005)"
597.2,0.0844577078611302,"Troughs only","Oscillating (resource_decrease=0.005)"
597.4,0.0920227472673737,"Troughs only","Oscillating (resource_decrease=0.005)"
597.6,0.100873406464791,"Troughs only","Oscillating (resource_decrease=0.005)"
597.8,0.107813427379317,"Troughs only","Oscillating (resource_decrease=0.005)"
598,0.109991051339797,"Troughs only","Oscillating (resource_decrease=0.005)"
598.2,0.104080267469404,"Troughs only","Oscillating (resource_decrease=0.005)"
598.4,0.0983543912645683,"Troughs only","Oscillating (resource_decrease=0.005)"
598.6,0.0974757721199829,"Troughs only","Oscillating (resource_decrease=0.005)"
598.8,0.0995835041148392,"Troughs only","Oscillating (resource_decrease=0.005)"
599,0.102426994072559,"Troughs only","Oscillating (resource_decrease=0.005)"
599.2,0.104334262566082,"Troughs only","Oscillating (resource_decrease=0.005)"
599.4,0.104461370749458,"Troughs only","Oscillating (resource_decrease=0.005)"
599.6,0.102658745702431,"Troughs only","Oscillating (resource_decrease=0.005)"
599.8,0.0990099853879013,"Troughs only","Oscillating (resource_decrease=0.005)"
600,0.0937173250867324,"Troughs only","Oscillating (resource_decrease=0.005)"
600.2,0.0873187749948109,"Troughs only","Oscillating (resource_decrease=0.005)"
600.4,0.0806562259509855,"Troughs only","Oscillating (resource_decrease=0.005)"
600.6,0.0744669796148544,"Troughs only","Oscillating (resource_decrease=0.005)"
600.8,0.0690337107590308,"Troughs only","Oscillating (resource_decrease=0.005)"
601,0.064249638056494,"Troughs only","Oscillating (resource_decrease=0.005)"
601.2,0.0599222822184255,"Troughs only","Oscillating (resource_decrease=0.005)"
601.4,0.0560169899786444,"Troughs only","Oscillating (resource_decrease=0.005)"
601.6,0.0527670924510656,"Troughs only","Oscillating (resource_decrease=0.005)"
601.8,0.0506473439116493,"Troughs only","Oscillating (resource_decrease=0.005)"
602,0.0502543882131114,"Troughs only","Oscillating (resource_decrease=0.005)"
602.2,0.0521475202918657,"Troughs only","Oscillating (resource_decrease=0.005)"
602.4,0.0566497782993329,"Troughs only","Oscillating (resource_decrease=0.005)"
602.6,0.0636190046448334,"Troughs only","Oscillating (resource_decrease=0.005)"
602.8,0.0723052158797696,"Troughs only","Oscillating (resource_decrease=0.005)"
603,0.0814547390641955,"Troughs only","Oscillating (resource_decrease=0.005)"
603.2,0.089667641193153,"Troughs only","Oscillating (resource_decrease=0.005)"
603.4,0.0958140701787618,"Troughs only","Oscillating (resource_decrease=0.005)"
603.6,0.103057294852831,"Troughs only","Oscillating (resource_decrease=0.005)"
603.8,0.108307361866436,"Troughs only","Oscillating (resource_decrease=0.005)"
604,0.104914240679872,"Troughs only","Oscillating (resource_decrease=0.005)"
604.2,0.0995505499489496,"Troughs only","Oscillating (resource_decrease=0.005)"
604.4,0.097800748352035,"Troughs only","Oscillating (resource_decrease=0.005)"
604.6,0.0991542091560578,"Troughs only","Oscillating (resource_decrease=0.005)"
604.8,0.101813478299343,"Troughs only","Oscillating (resource_decrease=0.005)"
605,0.104053553624147,"Troughs only","Oscillating (resource_decrease=0.005)"
605.2,0.104763708656202,"Troughs only","Oscillating (resource_decrease=0.005)"
605.4,0.103607968256047,"Troughs only","Oscillating (resource_decrease=0.005)"
605.6,0.100681485684901,"Troughs only","Oscillating (resource_decrease=0.005)"
605.8,0.0961854451338912,"Troughs only","Oscillating (resource_decrease=0.005)"
606,0.0904737045370123,"Troughs only","Oscillating (resource_decrease=0.005)"
606.2,0.0841703704744351,"Troughs only","Oscillating (resource_decrease=0.005)"
606.4,0.0779883896340084,"Troughs only","Oscillating (resource_decrease=0.005)"
606.6,0.072348756019251,"Troughs only","Oscillating (resource_decrease=0.005)"
606.8,0.0672571045393771,"Troughs only","Oscillating (resource_decrease=0.005)"
607,0.0625501200705728,"Troughs only","Oscillating (resource_decrease=0.005)"
607.2,0.0581814019780679,"Troughs only","Oscillating (resource_decrease=0.005)"
607.4,0.0543491917103913,"Troughs only","Oscillating (resource_decrease=0.005)"
607.6,0.0514814567119363,"Troughs only","Oscillating (resource_decrease=0.005)"
607.8,0.0501346911688532,"Troughs only","Oscillating (resource_decrease=0.005)"
608,0.0508633862551322,"Troughs only","Oscillating (resource_decrease=0.005)"
608.2,0.05407292620144,"Troughs only","Oscillating (resource_decrease=0.005)"
608.4,0.059835794156345,"Troughs only","Oscillating (resource_decrease=0.005)"
608.6,0.0677113249914734,"Troughs only","Oscillating (resource_decrease=0.005)"
608.8,0.0767055378496659,"Troughs only","Oscillating (resource_decrease=0.005)"
609,0.0854790019902342,"Troughs only","Oscillating (resource_decrease=0.005)"
609.2,0.0927340447985238,"Troughs only","Oscillating (resource_decrease=0.005)"
609.4,0.101236811968064,"Troughs only","Oscillating (resource_decrease=0.005)"
609.6,0.107802875164855,"Troughs only","Oscillating (resource_decrease=0.005)"
609.8,0.109656505050893,"Troughs only","Oscillating (resource_decrease=0.005)"
610,0.103679211939798,"Troughs only","Oscillating (resource_decrease=0.005)"
610.2,0.0982068871129033,"Troughs only","Oscillating (resource_decrease=0.005)"
610.4,0.0976059498664771,"Troughs only","Oscillating (resource_decrease=0.005)"
610.6,0.0998253154465234,"Troughs only","Oscillating (resource_decrease=0.005)"
610.8,0.102584115176556,"Troughs only","Oscillating (resource_decrease=0.005)"
611,0.104272713571777,"Troughs only","Oscillating (resource_decrease=0.005)"
611.2,0.104143781902441,"Troughs only","Oscillating (resource_decrease=0.005)"
611.4,0.102106435843714,"Troughs only","Oscillating (resource_decrease=0.005)"
611.6,0.0982710757152157,"Troughs only","Oscillating (resource_decrease=0.005)"
611.8,0.092868201299159,"Troughs only","Oscillating (resource_decrease=0.005)"
612,0.086450728953317,"Troughs only","Oscillating (resource_decrease=0.005)"
612.2,0.0798388188633231,"Troughs only","Oscillating (resource_decrease=0.005)"
612.4,0.073723276672115,"Troughs only","Oscillating (resource_decrease=0.005)"
612.6,0.0683544136538479,"Troughs only","Oscillating (resource_decrease=0.005)"
612.8,0.0636278503607525,"Troughs only","Oscillating (resource_decrease=0.005)"
613,0.0593724535837615,"Troughs only","Oscillating (resource_decrease=0.005)"
613.2,0.055577940011804,"Troughs only","Oscillating (resource_decrease=0.005)"
613.4,0.0524977316046493,"Troughs only","Oscillating (resource_decrease=0.005)"
613.6,0.0506157330813057,"Troughs only","Oscillating (resource_decrease=0.005)"
613.8,0.0505226944810784,"Troughs only","Oscillating (resource_decrease=0.005)"
614,0.0527531083753484,"Troughs only","Oscillating (resource_decrease=0.005)"
614.2,0.0575808951353417,"Troughs only","Oscillating (resource_decrease=0.005)"
614.4,0.0647932831135944,"Troughs only","Oscillating (resource_decrease=0.005)"
614.6,0.0735713152893845,"Troughs only","Oscillating (resource_decrease=0.005)"
614.8,0.0826291274540775,"Troughs only","Oscillating (resource_decrease=0.005)"
615,0.0905906740432763,"Troughs only","Oscillating (resource_decrease=0.005)"
615.2,0.0963950169886367,"Troughs only","Oscillating (resource_decrease=0.005)"
615.4,0.103309051441552,"Troughs only","Oscillating (resource_decrease=0.005)"
615.6,0.108271836462615,"Troughs only","Oscillating (resource_decrease=0.005)"
615.8,0.104711536580003,"Troughs only","Oscillating (resource_decrease=0.005)"
616,0.0994616277988813,"Troughs only","Oscillating (resource_decrease=0.005)"
616.2,0.0979603050296829,"Troughs only","Oscillating (resource_decrease=0.005)"
616.4,0.0994722510855181,"Troughs only","Oscillating (resource_decrease=0.005)"
616.6,0.102111235358187,"Troughs only","Oscillating (resource_decrease=0.005)"
616.8,0.104176918354817,"Troughs only","Oscillating (resource_decrease=0.005)"
617,0.104646815872752,"Troughs only","Oscillating (resource_decrease=0.005)"
617.2,0.103253783089041,"Troughs only","Oscillating (resource_decrease=0.005)"
617.4,0.100117154891504,"Troughs only","Oscillating (resource_decrease=0.005)"
617.6,0.0954593481903629,"Troughs only","Oscillating (resource_decrease=0.005)"
617.8,0.0896591674068809,"Troughs only","Oscillating (resource_decrease=0.005)"
618,0.0833408288264985,"Troughs only","Oscillating (resource_decrease=0.005)"
618.2,0.0771843412140578,"Troughs only","Oscillating (resource_decrease=0.005)"
618.4,0.0715717686666363,"Troughs only","Oscillating (resource_decrease=0.005)"
618.6,0.0664981936109583,"Troughs only","Oscillating (resource_decrease=0.005)"
618.8,0.0618206435140452,"Troughs only","Oscillating (resource_decrease=0.005)"
619,0.0575220908134187,"Troughs only","Oscillating (resource_decrease=0.005)"
619.2,0.0538238737567071,"Troughs only","Oscillating (resource_decrease=0.005)"
619.4,0.0511647199975416,"Troughs only","Oscillating (resource_decrease=0.005)"
619.6,0.05009845821091,"Troughs only","Oscillating (resource_decrease=0.005)"
619.8,0.051163465581041,"Troughs only","Oscillating (resource_decrease=0.005)"
620,0.0547312203681408,"Troughs only","Oscillating (resource_decrease=0.005)"
620.2,0.0608169249392809,"Troughs only","Oscillating (resource_decrease=0.005)"
620.4,0.0689062797009158,"Troughs only","Oscillating (resource_decrease=0.005)"
620.6,0.0779429069707432,"Troughs only","Oscillating (resource_decrease=0.005)"
620.8,0.0865694315218394,"Troughs only","Oscillating (resource_decrease=0.005)"
621,0.0935275913745257,"Troughs only","Oscillating (resource_decrease=0.005)"
621.2,0.101688095133806,"Troughs only","Oscillating (resource_decrease=0.005)"
621.4,0.107903710751033,"Troughs only","Oscillating (resource_decrease=0.005)"
621.6,0.109475849386793,"Troughs only","Oscillating (resource_decrease=0.005)"
621.8,0.103456185615179,"Troughs only","Oscillating (resource_decrease=0.005)"
622,0.0982267574401035,"Troughs only","Oscillating (resource_decrease=0.005)"
622.2,0.0978865914685008,"Troughs only","Oscillating (resource_decrease=0.005)"
622.4,0.10021104915696,"Troughs only","Oscillating (resource_decrease=0.005)"
622.6,0.102889932819627,"Troughs only","Oscillating (resource_decrease=0.005)"
622.8,0.104371412363101,"Troughs only","Oscillating (resource_decrease=0.005)"
623,0.103996526068316,"Troughs only","Oscillating (resource_decrease=0.005)"
623.2,0.101726028988808,"Troughs only","Oscillating (resource_decrease=0.005)"
623.4,0.0976946840806526,"Troughs only","Oscillating (resource_decrease=0.005)"
623.6,0.0921605497741968,"Troughs only","Oscillating (resource_decrease=0.005)"
623.8,0.0856914990842813,"Troughs only","Oscillating (resource_decrease=0.005)"
624,0.0790883233929043,"Troughs only","Oscillating (resource_decrease=0.005)"
624.2,0.0729997273645764,"Troughs only","Oscillating (resource_decrease=0.005)"
624.4,0.067647699500931,"Troughs only","Oscillating (resource_decrease=0.005)"
624.6,0.0629325452903019,"Troughs only","Oscillating (resource_decrease=0.005)"
624.8,0.0587067053960908,"Troughs only","Oscillating (resource_decrease=0.005)"
625,0.0549868333208008,"Troughs only","Oscillating (resource_decrease=0.005)"
625.2,0.0520478055697089,"Troughs only","Oscillating (resource_decrease=0.005)"
625.4,0.0503826924794583,"Troughs only","Oscillating (resource_decrease=0.005)"
625.6,0.0505760768338522,"Troughs only","Oscillating (resource_decrease=0.005)"
625.8,0.0531380884319281,"Troughs only","Oscillating (resource_decrease=0.005)"
626,0.058295000481544,"Troughs only","Oscillating (resource_decrease=0.005)"
626.2,0.0657650669504238,"Troughs only","Oscillating (resource_decrease=0.005)"
626.4,0.0746600360269037,"Troughs only","Oscillating (resource_decrease=0.005)"
626.6,0.0836576919636015,"Troughs only","Oscillating (resource_decrease=0.005)"
626.8,0.0913988748280185,"Troughs only","Oscillating (resource_decrease=0.005)"
627,0.10049954755743,"Troughs only","Oscillating (resource_decrease=0.005)"
627.2,0.107726401932,"Troughs only","Oscillating (resource_decrease=0.005)"
627.4,0.11015228474604,"Troughs only","Oscillating (resource_decrease=0.005)"
627.6,0.104302395994726,"Troughs only","Oscillating (resource_decrease=0.005)"
627.8,0.0984031179953526,"Troughs only","Oscillating (resource_decrease=0.005)"
628,0.0972971665831662,"Troughs only","Oscillating (resource_decrease=0.005)"
628.2,0.0992561498648387,"Troughs only","Oscillating (resource_decrease=0.005)"
628.4,0.102080935382427,"Troughs only","Oscillating (resource_decrease=0.005)"
628.6,0.104089568473641,"Troughs only","Oscillating (resource_decrease=0.005)"
628.8,0.104376839379869,"Troughs only","Oscillating (resource_decrease=0.005)"
629,0.102737447553369,"Troughs only","Oscillating (resource_decrease=0.005)"
629.2,0.0992287167303213,"Troughs only","Oscillating (resource_decrease=0.005)"
629.4,0.0940339903816571,"Troughs only","Oscillating (resource_decrease=0.005)"
629.6,0.087678860651242,"Troughs only","Oscillating (resource_decrease=0.005)"
629.8,0.0810145767324114,"Troughs only","Oscillating (resource_decrease=0.005)"
630,0.0748077275002474,"Troughs only","Oscillating (resource_decrease=0.005)"
630.2,0.0693690106682607,"Troughs only","Oscillating (resource_decrease=0.005)"
630.4,0.0646000521601987,"Troughs only","Oscillating (resource_decrease=0.005)"
630.6,0.0602972169773703,"Troughs only","Oscillating (resource_decrease=0.005)"
630.8,0.0564033482988734,"Troughs only","Oscillating (resource_decrease=0.005)"
631,0.0531279364943058,"Troughs only","Oscillating (resource_decrease=0.005)"
631.2,0.0509305414323091,"Troughs only","Oscillating (resource_decrease=0.005)"
631.4,0.0504061545681516,"Troughs only","Oscillating (resource_decrease=0.005)"
631.6,0.0521262893134686,"Troughs only","Oscillating (resource_decrease=0.005)"
631.8,0.056439719091907,"Troughs only","Oscillating (resource_decrease=0.005)"
632,0.0632415149870316,"Troughs only","Oscillating (resource_decrease=0.005)"
632.2,0.0718216343372041,"Troughs only","Oscillating (resource_decrease=0.005)"
632.4,0.0809540945491152,"Troughs only","Oscillating (resource_decrease=0.005)"
632.6,0.089242540547363,"Troughs only","Oscillating (resource_decrease=0.005)"
632.8,0.095534952946305,"Troughs only","Oscillating (resource_decrease=0.005)"
633,0.102945495188174,"Troughs only","Oscillating (resource_decrease=0.005)"
633.2,0.108351869911195,"Troughs only","Oscillating (resource_decrease=0.005)"
633.4,0.105042741769219,"Troughs only","Oscillating (resource_decrease=0.005)"
633.6,0.0996230836473968,"Troughs only","Oscillating (resource_decrease=0.005)"
633.8,0.097741682756492,"Troughs only","Oscillating (resource_decrease=0.005)"
634,0.0989822767934524,"Troughs only","Oscillating (resource_decrease=0.005)"
634.2,0.101598488205029,"Troughs only","Oscillating (resource_decrease=0.005)"
634.4,0.103875348015055,"Troughs only","Oscillating (resource_decrease=0.005)"
634.6,0.104672117808142,"Troughs only","Oscillating (resource_decrease=0.005)"
634.8,0.103613667680133,"Troughs only","Oscillating (resource_decrease=0.005)"
635,0.100775295017477,"Troughs only","Oscillating (resource_decrease=0.005)"
635.2,0.096347729438866,"Troughs only","Oscillating (resource_decrease=0.005)"
635.4,0.0906748715718885,"Troughs only","Oscillating (resource_decrease=0.005)"
635.6,0.0843801889265391,"Troughs only","Oscillating (resource_decrease=0.005)"
635.8,0.0781900617347845,"Troughs only","Oscillating (resource_decrease=0.005)"
636,0.072544239374839,"Troughs only","Oscillating (resource_decrease=0.005)"
636.2,0.0674590245304359,"Troughs only","Oscillating (resource_decrease=0.005)"
636.4,0.0627684005730116,"Troughs only","Oscillating (resource_decrease=0.005)"
636.6,0.0584137610373591,"Troughs only","Oscillating (resource_decrease=0.005)"
636.8,0.0545782304258002,"Troughs only","Oscillating (resource_decrease=0.005)"
637,0.0516783298915284,"Troughs only","Oscillating (resource_decrease=0.005)"
637.2,0.0502667203657612,"Troughs only","Oscillating (resource_decrease=0.005)"
637.4,0.0509021223285026,"Troughs only","Oscillating (resource_decrease=0.005)"
637.6,0.0540015313450119,"Troughs only","Oscillating (resource_decrease=0.005)"
637.8,0.0596559234751468,"Troughs only","Oscillating (resource_decrease=0.005)"
638,0.0674475286954924,"Troughs only","Oscillating (resource_decrease=0.005)"
638.2,0.0764030981777038,"Troughs only","Oscillating (resource_decrease=0.005)"
638.4,0.0851935536585168,"Troughs only","Oscillating (resource_decrease=0.005)"
638.6,0.0925164479884181,"Troughs only","Oscillating (resource_decrease=0.005)"
638.8,0.101112588029853,"Troughs only","Oscillating (resource_decrease=0.005)"
639,0.107782875115623,"Troughs only","Oscillating (resource_decrease=0.005)"
639.2,0.109721228245256,"Troughs only","Oscillating (resource_decrease=0.005)"
639.4,0.103755578907518,"Troughs only","Oscillating (resource_decrease=0.005)"
639.6,0.0982146663707666,"Troughs only","Oscillating (resource_decrease=0.005)"
639.8,0.0975325343486844,"Troughs only","Oscillating (resource_decrease=0.005)"
640,0.0997027232032472,"Troughs only","Oscillating (resource_decrease=0.005)"
640.2,0.10246026110354,"Troughs only","Oscillating (resource_decrease=0.005)"
640.4,0.104188861890271,"Troughs only","Oscillating (resource_decrease=0.005)"
640.6,0.104118241689333,"Troughs only","Oscillating (resource_decrease=0.005)"
640.8,0.102139028773577,"Troughs only","Oscillating (resource_decrease=0.005)"
641,0.0983529171415508,"Troughs only","Oscillating (resource_decrease=0.005)"
641.2,0.0929834956203286,"Troughs only","Oscillating (resource_decrease=0.005)"
641.4,0.0865797718913091,"Troughs only","Oscillating (resource_decrease=0.005)"
641.6,0.0799662718738595,"Troughs only","Oscillating (resource_decrease=0.005)"
641.8,0.0738447303471071,"Troughs only","Oscillating (resource_decrease=0.005)"
642,0.0684749386761862,"Troughs only","Oscillating (resource_decrease=0.005)"
642.2,0.0637546708792481,"Troughs only","Oscillating (resource_decrease=0.005)"
642.4,0.0595082306744214,"Troughs only","Oscillating (resource_decrease=0.005)"
642.6,0.055717012156242,"Troughs only","Oscillating (resource_decrease=0.005)"
642.8,0.0526260098455293,"Troughs only","Oscillating (resource_decrease=0.005)"
643,0.0507140933217764,"Troughs only","Oscillating (resource_decrease=0.005)"
643.2,0.050571933069095,"Troughs only","Oscillating (resource_decrease=0.005)"
643.4,0.0527389817874457,"Troughs only","Oscillating (resource_decrease=0.005)"
643.6,0.0574990466271164,"Troughs only","Oscillating (resource_decrease=0.005)"
643.8,0.0646531904612335,"Troughs only","Oscillating (resource_decrease=0.005)"
644,0.0733966375267614,"Troughs only","Oscillating (resource_decrease=0.005)"
644.2,0.082452550317664,"Troughs only","Oscillating (resource_decrease=0.005)"
644.4,0.090444908635986,"Troughs only","Oscillating (resource_decrease=0.005)"
644.6,0.0963037123127903,"Troughs only","Oscillating (resource_decrease=0.005)"
644.8,0.103277736008502,"Troughs only","Oscillating (resource_decrease=0.005)"
645,0.108293601083587,"Troughs only","Oscillating (resource_decrease=0.005)"
645.2,0.104757171183908,"Troughs only","Oscillating (resource_decrease=0.005)"
645.4,0.0994820048389114,"Troughs only","Oscillating (resource_decrease=0.005)"
645.6,0.0979327933484758,"Troughs only","Oscillating (resource_decrease=0.005)"
645.8,0.0994066852642335,"Troughs only","Oscillating (resource_decrease=0.005)"
646,0.102033834071933,"Troughs only","Oscillating (resource_decrease=0.005)"
646.2,0.104115438072758,"Troughs only","Oscillating (resource_decrease=0.005)"
646.4,0.10461709384355,"Troughs only","Oscillating (resource_decrease=0.005)"
646.6,0.103258356606184,"Troughs only","Oscillating (resource_decrease=0.005)"
646.8,0.100152262776857,"Troughs only","Oscillating (resource_decrease=0.005)"
647,0.0955175633477272,"Troughs only","Oscillating (resource_decrease=0.005)"
647.2,0.0897297910659775,"Troughs only","Oscillating (resource_decrease=0.005)"
647.4,0.0834135797104633,"Troughs only","Oscillating (resource_decrease=0.005)"
647.6,0.0772541532499113,"Troughs only","Oscillating (resource_decrease=0.005)"
647.8,0.0716400809357611,"Troughs only","Oscillating (resource_decrease=0.005)"
648,0.0665696492735823,"Troughs only","Oscillating (resource_decrease=0.005)"
648.2,0.0618984031187194,"Troughs only","Oscillating (resource_decrease=0.005)"
648.4,0.0576047260898124,"Troughs only","Oscillating (resource_decrease=0.005)"
648.6,0.0539046239078382,"Troughs only","Oscillating (resource_decrease=0.005)"
648.8,0.0512330295138808,"Troughs only","Oscillating (resource_decrease=0.005)"
649,0.0501427586892028,"Troughs only","Oscillating (resource_decrease=0.005)"
649.2,0.0511740166182101,"Troughs only","Oscillating (resource_decrease=0.005)"
649.4,0.0547027126446493,"Troughs only","Oscillating (resource_decrease=0.005)"
649.6,0.0607508670860052,"Troughs only","Oscillating (resource_decrease=0.005)"
649.8,0.0688123317920952,"Troughs only","Oscillating (resource_decrease=0.005)"
650,0.0778377281529707,"Troughs only","Oscillating (resource_decrease=0.005)"
650.2,0.0864726875122957,"Troughs only","Oscillating (resource_decrease=0.005)"
650.4,0.093456536413059,"Troughs only","Oscillating (resource_decrease=0.005)"
650.6,0.101650665652771,"Troughs only","Oscillating (resource_decrease=0.005)"
650.8,0.107902025552816,"Troughs only","Oscillating (resource_decrease=0.005)"
651,0.109500666072152,"Troughs only","Oscillating (resource_decrease=0.005)"
651.2,0.103480705603853,"Troughs only","Oscillating (resource_decrease=0.005)"
651.4,0.098225460679863,"Troughs only","Oscillating (resource_decrease=0.005)"
651.6,0.0978575844668304,"Troughs only","Oscillating (resource_decrease=0.005)"
651.8,0.100166600641857,"Troughs only","Oscillating (resource_decrease=0.005)"
652,0.102846920471798,"Troughs only","Oscillating (resource_decrease=0.005)"
652.2,0.104343403117507,"Troughs only","Oscillating (resource_decrease=0.005)"
652.4,0.103988856416286,"Troughs only","Oscillating (resource_decrease=0.005)"
652.6,0.10173809751149,"Troughs only","Oscillating (resource_decrease=0.005)"
652.8,0.0977231091785503,"Troughs only","Oscillating (resource_decrease=0.005)"
653,0.092199642451624,"Troughs only","Oscillating (resource_decrease=0.005)"
653.2,0.0857345434083283,"Troughs only","Oscillating (resource_decrease=0.005)"
653.4,0.0791304942469341,"Troughs only","Oscillating (resource_decrease=0.005)"
653.6,0.0730400725319269,"Troughs only","Oscillating (resource_decrease=0.005)"
653.8,0.0676883000042011,"Troughs only","Oscillating (resource_decrease=0.005)"
654,0.0629759061042921,"Troughs only","Oscillating (resource_decrease=0.005)"
654.2,0.0587535187062814,"Troughs only","Oscillating (resource_decrease=0.005)"
654.4,0.0550347991664029,"Troughs only","Oscillating (resource_decrease=0.005)"
654.6,0.0520917661945035,"Troughs only","Oscillating (resource_decrease=0.005)"
654.8,0.0504159330596616,"Troughs only","Oscillating (resource_decrease=0.005)"
655,0.0505920718139823,"Troughs only","Oscillating (resource_decrease=0.005)"
655.2,0.0531322258705046,"Troughs only","Oscillating (resource_decrease=0.005)"
655.4,0.0582662348599628,"Troughs only","Oscillating (resource_decrease=0.005)"
655.6,0.0657171551814882,"Troughs only","Oscillating (resource_decrease=0.005)"
655.8,0.0746014524878718,"Troughs only","Oscillating (resource_decrease=0.005)"
656,0.083599686336892,"Troughs only","Oscillating (resource_decrease=0.005)"
656.2,0.0913523506206275,"Troughs only","Oscillating (resource_decrease=0.005)"
656.4,0.100470672573839,"Troughs only","Oscillating (resource_decrease=0.005)"
656.6,0.107718730014572,"Troughs only","Oscillating (resource_decrease=0.005)"
656.8,0.110163711217049,"Troughs only","Oscillating (resource_decrease=0.005)"
657,0.104319411061077,"Troughs only","Oscillating (resource_decrease=0.005)"
657.2,0.098408102655004,"Troughs only","Oscillating (resource_decrease=0.005)"
657.4,0.0972852649707004,"Troughs only","Oscillating (resource_decrease=0.005)"
657.6,0.0992322368461733,"Troughs only","Oscillating (resource_decrease=0.005)"
657.8,0.102054109429289,"Troughs only","Oscillating (resource_decrease=0.005)"
658,0.104068895769115,"Troughs only","Oscillating (resource_decrease=0.005)"
658.2,0.104367241581165,"Troughs only","Oscillating (resource_decrease=0.005)"
658.4,0.102739559310451,"Troughs only","Oscillating (resource_decrease=0.005)"
658.6,0.0992410281286784,"Troughs only","Oscillating (resource_decrease=0.005)"
658.8,0.0940535761599062,"Troughs only","Oscillating (resource_decrease=0.005)"
659,0.0877018327779913,"Troughs only","Oscillating (resource_decrease=0.005)"
659.2,0.0810376006589923,"Troughs only","Oscillating (resource_decrease=0.005)"
659.4,0.0748295222045397,"Troughs only","Oscillating (resource_decrease=0.005)"
659.6,0.0693904209184272,"Troughs only","Oscillating (resource_decrease=0.005)"
659.8,0.064622757910264,"Troughs only","Oscillating (resource_decrease=0.005)"
660,0.0603222753964591,"Troughs only","Oscillating (resource_decrease=0.005)"
660.2,0.0564302137802319,"Troughs only","Oscillating (resource_decrease=0.005)"
660.4,0.0531542189661158,"Troughs only","Oscillating (resource_decrease=0.005)"
660.6,0.0509525741206953,"Troughs only","Oscillating (resource_decrease=0.005)"
660.8,0.0504199969767458,"Troughs only","Oscillating (resource_decrease=0.005)"
661,0.0521287679484952,"Troughs only","Oscillating (resource_decrease=0.005)"
661.2,0.0564293947904273,"Troughs only","Oscillating (resource_decrease=0.005)"
661.4,0.0632194703833938,"Troughs only","Oscillating (resource_decrease=0.005)"
661.6,0.0717916822561275,"Troughs only","Oscillating (resource_decrease=0.005)"
661.8,0.0809220297247891,"Troughs only","Oscillating (resource_decrease=0.005)"
662,0.0892146127779354,"Troughs only","Oscillating (resource_decrease=0.005)"
662.2,0.095516171025244,"Troughs only","Oscillating (resource_decrease=0.005)"
662.4,0.102937733419375,"Troughs only","Oscillating (resource_decrease=0.005)"
662.6,0.108354747901899,"Troughs only","Oscillating (resource_decrease=0.005)"
662.8,0.105051547758739,"Troughs only","Oscillating (resource_decrease=0.005)"
663,0.0996284911805451,"Troughs only","Oscillating (resource_decrease=0.005)"
663.2,0.0977383788823963,"Troughs only","Oscillating (resource_decrease=0.005)"
663.4,0.0989710365739197,"Troughs only","Oscillating (resource_decrease=0.005)"
663.6,0.101583601000164,"Troughs only","Oscillating (resource_decrease=0.005)"
663.8,0.103862113632299,"Troughs only","Oscillating (resource_decrease=0.005)"
664,0.104664114012499,"Troughs only","Oscillating (resource_decrease=0.005)"
664.2,0.103611844916589,"Troughs only","Oscillating (resource_decrease=0.005)"
664.4,0.100779153901228,"Troughs only","Oscillating (resource_decrease=0.005)"
664.6,0.0963560487722423,"Troughs only","Oscillating (resource_decrease=0.005)"
664.8,0.0906857787581888,"Troughs only","Oscillating (resource_decrease=0.005)"
665,0.0843917333107947,"Troughs only","Oscillating (resource_decrease=0.005)"
665.2,0.0782011244411394,"Troughs only","Oscillating (resource_decrease=0.005)"
665.4,0.0725549330058933,"Troughs only","Oscillating (resource_decrease=0.005)"
665.6,0.0674702493836646,"Troughs only","Oscillating (resource_decrease=0.005)"
665.8,0.0627809992883991,"Troughs only","Oscillating (resource_decrease=0.005)"
666,0.058427830269496,"Troughs only","Oscillating (resource_decrease=0.005)"
666.2,0.0545928360358877,"Troughs only","Oscillating (resource_decrease=0.005)"
666.4,0.0516916949033247,"Troughs only","Oscillating (resource_decrease=0.005)"
666.6,0.0502767263371005,"Troughs only","Oscillating (resource_decrease=0.005)"
666.8,0.0509068627724943,"Troughs only","Oscillating (resource_decrease=0.005)"
667,0.0539997976522231,"Troughs only","Oscillating (resource_decrease=0.005)"
667.2,0.0596476194966848,"Troughs only","Oscillating (resource_decrease=0.005)"
667.4,0.0674339234563434,"Troughs only","Oscillating (resource_decrease=0.005)"
667.6,0.0763867160226227,"Troughs only","Oscillating (resource_decrease=0.005)"
667.8,0.0851776159726514,"Troughs only","Oscillating (resource_decrease=0.005)"
668,0.0925040316214108,"Troughs only","Oscillating (resource_decrease=0.005)"
668.2,0.101105411680104,"Troughs only","Oscillating (resource_decrease=0.005)"
668.4,0.107781765081179,"Troughs only","Oscillating (resource_decrease=0.005)"
668.6,0.109725116261428,"Troughs only","Oscillating (resource_decrease=0.005)"
668.8,0.103760184470743,"Troughs only","Oscillating (resource_decrease=0.005)"
669,0.0982153699922642,"Troughs only","Oscillating (resource_decrease=0.005)"
669.2,0.0975284473225396,"Troughs only","Oscillating (resource_decrease=0.005)"
669.4,0.0996954319875824,"Troughs only","Oscillating (resource_decrease=0.005)"
669.6,0.102452409554915,"Troughs only","Oscillating (resource_decrease=0.005)"
669.8,0.104182912635197,"Troughs only","Oscillating (resource_decrease=0.005)"
670,0.104115401896408,"Troughs only","Oscillating (resource_decrease=0.005)"
670.2,0.102139376716453,"Troughs only","Oscillating (resource_decrease=0.005)"
670.4,0.0983559874882378,"Troughs only","Oscillating (resource_decrease=0.005)"
670.6,0.0929884354683977,"Troughs only","Oscillating (resource_decrease=0.005)"
670.8,0.086585505522127,"Troughs only","Oscillating (resource_decrease=0.005)"
671,0.0799719484457051,"Troughs only","Oscillating (resource_decrease=0.005)"
671.2,0.0738501029708872,"Troughs only","Oscillating (resource_decrease=0.005)"
671.4,0.0684803292036353,"Troughs only","Oscillating (resource_decrease=0.005)"
671.6,0.0637605945373197,"Troughs only","Oscillating (resource_decrease=0.005)"
671.8,0.0595149904438668,"Troughs only","Oscillating (resource_decrease=0.005)"
672,0.0557244268818715,"Troughs only","Oscillating (resource_decrease=0.005)"
672.2,0.05263336996348,"Troughs only","Oscillating (resource_decrease=0.005)"
672.4,0.0507203487484528,"Troughs only","Oscillating (resource_decrease=0.005)"
672.6,0.050575988391448,"Troughs only","Oscillating (resource_decrease=0.005)"
672.8,0.0527399870680932,"Troughs only","Oscillating (resource_decrease=0.005)"
673,0.0574966539899826,"Troughs only","Oscillating (resource_decrease=0.005)"
673.2,0.0646477429664225,"Troughs only","Oscillating (resource_decrease=0.005)"
673.4,0.073389189501918,"Troughs only","Oscillating (resource_decrease=0.005)"
673.6,0.0824446439832594,"Troughs only","Oscillating (resource_decrease=0.005)"
673.8,0.0904381711783696,"Troughs only","Oscillating (resource_decrease=0.005)"
674,0.0998847606648759,"Troughs only","Oscillating (resource_decrease=0.005)"
674.2,0.107512200847704,"Troughs only","Oscillating (resource_decrease=0.005)"
674.4,0.110312165045189,"Troughs only","Oscillating (resource_decrease=0.005)"
674.6,0.104605275990048,"Troughs only","Oscillating (resource_decrease=0.005)"
674.8,0.0984910152886601,"Troughs only","Oscillating (resource_decrease=0.005)"
675,0.0970702016747092,"Troughs only","Oscillating (resource_decrease=0.005)"
675.2,0.0988308116101174,"Troughs only","Oscillating (resource_decrease=0.005)"
675.4,0.101647209619408,"Troughs only","Oscillating (resource_decrease=0.005)"
675.6,0.103818269928865,"Troughs only","Oscillating (resource_decrease=0.005)"
675.8,0.104351873573021,"Troughs only","Oscillating (resource_decrease=0.005)"
676,0.102964770397323,"Troughs only","Oscillating (resource_decrease=0.005)"
676.2,0.0996769338755703,"Troughs only","Oscillating (resource_decrease=0.005)"
676.4,0.0946423516244965,"Troughs only","Oscillating (resource_decrease=0.005)"
676.6,0.0883640972236398,"Troughs only","Oscillating (resource_decrease=0.005)"
676.8,0.0817031297458249,"Troughs only","Oscillating (resource_decrease=0.005)"
677,0.0754678513289322,"Troughs only","Oscillating (resource_decrease=0.005)"
677.2,0.0700100184091112,"Troughs only","Oscillating (resource_decrease=0.005)"
677.4,0.0652416719234644,"Troughs only","Oscillating (resource_decrease=0.005)"
677.6,0.0609417650138857,"Troughs only","Oscillating (resource_decrease=0.005)"
677.8,0.0570229264312508,"Troughs only","Oscillating (resource_decrease=0.005)"
678,0.0536640218083292,"Troughs only","Oscillating (resource_decrease=0.005)"
678.2,0.0513052182175735,"Troughs only","Oscillating (resource_decrease=0.005)"
678.4,0.050539773685705,"Troughs only","Oscillating (resource_decrease=0.005)"
678.6,0.0519571210227841,"Troughs only","Oscillating (resource_decrease=0.005)"
678.8,0.0559461850540633,"Troughs only","Oscillating (resource_decrease=0.005)"
679,0.0624640041229729,"Troughs only","Oscillating (resource_decrease=0.005)"
679.2,0.0708699472889203,"Troughs only","Oscillating (resource_decrease=0.005)"
679.4,0.0799865817063665,"Troughs only","Oscillating (resource_decrease=0.005)"
679.6,0.0884217169343202,"Troughs only","Oscillating (resource_decrease=0.005)"
679.8,0.0949809615508607,"Troughs only","Oscillating (resource_decrease=0.005)"
680,0.102689388868344,"Troughs only","Oscillating (resource_decrease=0.005)"
680.2,0.108380278639614,"Troughs only","Oscillating (resource_decrease=0.005)"
680.4,0.105248697829655,"Troughs only","Oscillating (resource_decrease=0.005)"
680.6,0.0997528947113274,"Troughs only","Oscillating (resource_decrease=0.005)"
680.8,0.0976448126651586,"Troughs only","Oscillating (resource_decrease=0.005)"
681,0.0986929114343509,"Troughs only","Oscillating (resource_decrease=0.005)"
681.2,0.101247135107984,"Troughs only","Oscillating (resource_decrease=0.005)"
681.4,0.103606564672023,"Troughs only","Oscillating (resource_decrease=0.005)"
681.6,0.104574325005714,"Troughs only","Oscillating (resource_decrease=0.005)"
681.8,0.103705625498289,"Troughs only","Oscillating (resource_decrease=0.005)"
682,0.10104105720057,"Troughs only","Oscillating (resource_decrease=0.005)"
682.2,0.0967517494048149,"Troughs only","Oscillating (resource_decrease=0.005)"
682.4,0.0911607670525859,"Troughs only","Oscillating (resource_decrease=0.005)"
682.6,0.0848877021094959,"Troughs only","Oscillating (resource_decrease=0.005)"
682.8,0.0786827565935142,"Troughs only","Oscillating (resource_decrease=0.005)"
683,0.0730205401968449,"Troughs only","Oscillating (resource_decrease=0.005)"
683.2,0.0679360989042244,"Troughs only","Oscillating (resource_decrease=0.005)"
683.4,0.0632564270759306,"Troughs only","Oscillating (resource_decrease=0.005)"
683.6,0.0589003495917795,"Troughs only","Oscillating (resource_decrease=0.005)"
683.8,0.0550255059670553,"Troughs only","Oscillating (resource_decrease=0.005)"
684,0.0520300913910339,"Troughs only","Oscillating (resource_decrease=0.005)"
684.2,0.0504613057962396,"Troughs only","Oscillating (resource_decrease=0.005)"
684.4,0.0508862185679645,"Troughs only","Oscillating (resource_decrease=0.005)"
684.6,0.0537444380154517,"Troughs only","Oscillating (resource_decrease=0.005)"
684.8,0.0591651267948201,"Troughs only","Oscillating (resource_decrease=0.005)"
685,0.066780155357338,"Troughs only","Oscillating (resource_decrease=0.005)"
685.2,0.0756620846659358,"Troughs only","Oscillating (resource_decrease=0.005)"
685.4,0.0845035232317388,"Troughs only","Oscillating (resource_decrease=0.005)"
685.6,0.0919883733482477,"Troughs only","Oscillating (resource_decrease=0.005)"
685.8,0.100797106768778,"Troughs only","Oscillating (resource_decrease=0.005)"
686,0.107703654382828,"Troughs only","Oscillating (resource_decrease=0.005)"
686.2,0.109844145944798,"Troughs only","Oscillating (resource_decrease=0.005)"
686.4,0.103925302654116,"Troughs only","Oscillating (resource_decrease=0.005)"
686.6,0.0982365072312293,"Troughs only","Oscillating (resource_decrease=0.005)"
686.8,0.0973728985761855,"Troughs only","Oscillating (resource_decrease=0.005)"
687,0.0994412406921897,"Troughs only","Oscillating (resource_decrease=0.005)"
687.2,0.102210195569031,"Troughs only","Oscillating (resource_decrease=0.005)"
687.4,0.104043372286069,"Troughs only","Oscillating (resource_decrease=0.005)"
687.6,0.104117061510728,"Troughs only","Oscillating (resource_decrease=0.005)"
687.8,0.102281060951019,"Troughs only","Oscillating (resource_decrease=0.005)"
688,0.0986176722184768,"Troughs only","Oscillating (resource_decrease=0.005)"
688.2,0.0933333186375529,"Troughs only","Oscillating (resource_decrease=0.005)"
688.4,0.0869661838378695,"Troughs only","Oscillating (resource_decrease=0.005)"
688.6,0.0803501015373182,"Troughs only","Oscillating (resource_decrease=0.005)"
688.8,0.0742124615132783,"Troughs only","Oscillating (resource_decrease=0.005)"
689,0.0688346950105619,"Troughs only","Oscillating (resource_decrease=0.005)"
689.2,0.0641177078487641,"Troughs only","Oscillating (resource_decrease=0.005)"
689.4,0.0598742121542028,"Troughs only","Oscillating (resource_decrease=0.005)"
689.6,0.0560675051217177,"Troughs only","Oscillating (resource_decrease=0.005)"
689.8,0.0529251650632496,"Troughs only","Oscillating (resource_decrease=0.005)"
690,0.0509160111772012,"Troughs only","Oscillating (resource_decrease=0.005)"
690.2,0.0506313095162761,"Troughs only","Oscillating (resource_decrease=0.005)"
690.4,0.052622817719928,"Troughs only","Oscillating (resource_decrease=0.005)"
690.6,0.0571997323121157,"Troughs only","Oscillating (resource_decrease=0.005)"
690.8,0.0642002158280039,"Troughs only","Oscillating (resource_decrease=0.005)"
691,0.0728582981736269,"Troughs only","Oscillating (resource_decrease=0.005)"
691.2,0.0819210830083263,"Troughs only","Oscillating (resource_decrease=0.005)"
691.4,0.0900100511030626,"Troughs only","Oscillating (resource_decrease=0.005)"
691.6,0.0960271998174957,"Troughs only","Oscillating (resource_decrease=0.005)"
691.8,0.103169538890182,"Troughs only","Oscillating (resource_decrease=0.005)"
692,0.108335424996338,"Troughs only","Oscillating (resource_decrease=0.005)"
692.2,0.104875473234516,"Troughs only","Oscillating (resource_decrease=0.005)"
692.4,0.0995365165167581,"Troughs only","Oscillating (resource_decrease=0.005)"
692.6,0.0978560183839946,"Troughs only","Oscillating (resource_decrease=0.005)"
692.8,0.0992300538970941,"Troughs only","Oscillating (resource_decrease=0.005)"
693,0.101835251726367,"Troughs only","Oscillating (resource_decrease=0.005)"
693.2,0.103973189794186,"Troughs only","Oscillating (resource_decrease=0.005)"
693.4,0.104573609107399,"Troughs only","Oscillating (resource_decrease=0.005)"
693.6,0.103319268332134,"Troughs only","Oscillating (resource_decrease=0.005)"
693.8,0.100306525504852,"Troughs only","Oscillating (resource_decrease=0.005)"
694,0.0957434299213705,"Troughs only","Oscillating (resource_decrease=0.005)"
694.2,0.0899950478427928,"Troughs only","Oscillating (resource_decrease=0.005)"
694.4,0.0836864783524361,"Troughs only","Oscillating (resource_decrease=0.005)"
694.6,0.0775180209595386,"Troughs only","Oscillating (resource_decrease=0.005)"
694.8,0.0718970206338658,"Troughs only","Oscillating (resource_decrease=0.005)"
695,0.0668298582945617,"Troughs only","Oscillating (resource_decrease=0.005)"
695.2,0.0621662839125564,"Troughs only","Oscillating (resource_decrease=0.005)"
695.4,0.0578713658599905,"Troughs only","Oscillating (resource_decrease=0.005)"
695.6,0.054147125393529,"Troughs only","Oscillating (resource_decrease=0.005)"
695.8,0.0514192273940527,"Troughs only","Oscillating (resource_decrease=0.005)"
696,0.0502386663355219,"Troughs only","Oscillating (resource_decrease=0.005)"
696.2,0.0511515322687695,"Troughs only","Oscillating (resource_decrease=0.005)"
696.4,0.0545476099695723,"Troughs only","Oscillating (resource_decrease=0.005)"
696.6,0.0604712488158694,"Troughs only","Oscillating (resource_decrease=0.005)"
696.8,0.068443900065609,"Troughs only","Oscillating (resource_decrease=0.005)"
697,0.0774398163402356,"Troughs only","Oscillating (resource_decrease=0.005)"
697.2,0.0861134825780609,"Troughs only","Oscillating (resource_decrease=0.005)"
697.4,0.0931934847893683,"Troughs only","Oscillating (resource_decrease=0.005)"
697.6,0.101506756961197,"Troughs only","Oscillating (resource_decrease=0.005)"
697.8,0.107883075373616,"Troughs only","Oscillating (resource_decrease=0.005)"
698,0.109577993456344,"Troughs only","Oscillating (resource_decrease=0.005)"
698.2,0.103564214795864,"Troughs only","Oscillating (resource_decrease=0.005)"
698.4,0.0982205677906928,"Troughs only","Oscillating (resource_decrease=0.005)"
698.6,0.0977577374763125,"Troughs only","Oscillating (resource_decrease=0.005)"
698.8,0.100019726846529,"Troughs only","Oscillating (resource_decrease=0.005)"
699,0.102714611769438,"Troughs only","Oscillating (resource_decrease=0.005)"
699.2,0.104272151035863,"Troughs only","Oscillating (resource_decrease=0.005)"
699.4,0.103995492989425,"Troughs only","Oscillating (resource_decrease=0.005)"
699.6,0.101819625714235,"Troughs only","Oscillating (resource_decrease=0.005)"
699.8,0.0978671005835958,"Troughs only","Oscillating (resource_decrease=0.005)"
700,0.092384840705539,"Troughs only","Oscillating (resource_decrease=0.005)"
700.2,0.0859354065023574,"Troughs only","Oscillating (resource_decrease=0.005)"
700.4,0.0793282277813468,"Troughs only","Oscillating (resource_decrease=0.005)"
700.6,0.073229998928396,"Troughs only","Oscillating (resource_decrease=0.005)"
700.8,0.06787606137516,"Troughs only","Oscillating (resource_decrease=0.005)"
701,0.0631673097834421,"Troughs only","Oscillating (resource_decrease=0.005)"
701.2,0.0589472751026734,"Troughs only","Oscillating (resource_decrease=0.005)"
701.4,0.0552196138955517,"Troughs only","Oscillating (resource_decrease=0.005)"
701.6,0.0522473556740486,"Troughs only","Oscillating (resource_decrease=0.005)"
701.8,0.0505174438003035,"Troughs only","Oscillating (resource_decrease=0.005)"
702,0.0506159156185306,"Troughs only","Oscillating (resource_decrease=0.005)"
702.2,0.0530623495254235,"Troughs only","Oscillating (resource_decrease=0.005)"
702.4,0.0581010083863734,"Troughs only","Oscillating (resource_decrease=0.005)"
702.6,0.0654750540120493,"Troughs only","Oscillating (resource_decrease=0.005)"
702.8,0.074320825324882,"Troughs only","Oscillating (resource_decrease=0.005)"
703,0.0833297673060786,"Troughs only","Oscillating (resource_decrease=0.005)"
703.2,0.0911389493702707,"Troughs only","Oscillating (resource_decrease=0.005)"
703.4,0.100336958278328,"Troughs only","Oscillating (resource_decrease=0.005)"
703.6,0.107677751717635,"Troughs only","Oscillating (resource_decrease=0.005)"
703.8,0.110207219768641,"Troughs only","Oscillating (resource_decrease=0.005)"
704,0.104390906950787,"Troughs only","Oscillating (resource_decrease=0.005)"
704.2,0.0984275754288798,"Troughs only","Oscillating (resource_decrease=0.005)"
704.4,0.0972316346143916,"Troughs only","Oscillating (resource_decrease=0.005)"
704.6,0.0991310809057477,"Troughs only","Oscillating (resource_decrease=0.005)"
704.8,0.10194803115193,"Troughs only","Oscillating (resource_decrease=0.005)"
705,0.103997155931963,"Troughs only","Oscillating (resource_decrease=0.005)"
705.2,0.10434952359899,"Troughs only","Oscillating (resource_decrease=0.005)"
705.4,0.102777441624467,"Troughs only","Oscillating (resource_decrease=0.005)"
705.6,0.0993273084759176,"Troughs only","Oscillating (resource_decrease=0.005)"
705.8,0.0941745005588258,"Troughs only","Oscillating (resource_decrease=0.005)"
706,0.0878389427750881,"Troughs only","Oscillating (resource_decrease=0.005)"
706.2,0.0811749616672401,"Troughs only","Oscillating (resource_decrease=0.005)"
706.4,0.0749607098649738,"Troughs only","Oscillating (resource_decrease=0.005)"
706.6,0.0695183183641661,"Troughs only","Oscillating (resource_decrease=0.005)"
706.8,0.0647529257590096,"Troughs only","Oscillating (resource_decrease=0.005)"
707,0.0604566174002124,"Troughs only","Oscillating (resource_decrease=0.005)"
707.2,0.0565636105473599,"Troughs only","Oscillating (resource_decrease=0.005)"
707.4,0.0532741468889224,"Troughs only","Oscillating (resource_decrease=0.005)"
707.6,0.0510417087316401,"Troughs only","Oscillating (resource_decrease=0.005)"
707.8,0.0504604226924132,"Troughs only","Oscillating (resource_decrease=0.005)"
708,0.052106531437104,"Troughs only","Oscillating (resource_decrease=0.005)"
708.2,0.056339319010359,"Troughs only","Oscillating (resource_decrease=0.005)"
708.4,0.0630695738947024,"Troughs only","Oscillating (resource_decrease=0.005)"
708.6,0.0716044779194103,"Troughs only","Oscillating (resource_decrease=0.005)"
708.8,0.0807301101757334,"Troughs only","Oscillating (resource_decrease=0.005)"
709,0.0890516245498523,"Troughs only","Oscillating (resource_decrease=0.005)"
709.2,0.0954073242433106,"Troughs only","Oscillating (resource_decrease=0.005)"
709.4,0.102890110056193,"Troughs only","Oscillating (resource_decrease=0.005)"
709.6,0.108365150208569,"Troughs only","Oscillating (resource_decrease=0.005)"
709.8,0.105096046926057,"Troughs only","Oscillating (resource_decrease=0.005)"
710,0.0996552365166442,"Troughs only","Oscillating (resource_decrease=0.005)"
710.2,0.0977178390402448,"Troughs only","Oscillating (resource_decrease=0.005)"
710.4,0.0989101456098699,"Troughs only","Oscillating (resource_decrease=0.005)"
710.6,0.101508563886663,"Troughs only","Oscillating (resource_decrease=0.005)"
710.8,0.10380239052103,"Troughs only","Oscillating (resource_decrease=0.005)"
711,0.104637936011323,"Troughs only","Oscillating (resource_decrease=0.005)"
711.2,0.103623153388585,"Troughs only","Oscillating (resource_decrease=0.005)"
711.4,0.100824669629529,"Troughs only","Oscillating (resource_decrease=0.005)"
711.6,0.0964285157184514,"Troughs only","Oscillating (resource_decrease=0.005)"
711.8,0.090773929091934,"Troughs only","Oscillating (resource_decrease=0.005)"
712,0.0844837563878709,"Troughs only","Oscillating (resource_decrease=0.005)"
712.2,0.0782901206846443,"Troughs only","Oscillating (resource_decrease=0.005)"
712.4,0.0726410306664097,"Troughs only","Oscillating (resource_decrease=0.005)"
712.6,0.0675574436652907,"Troughs only","Oscillating (resource_decrease=0.005)"
712.8,0.0628720592244466,"Troughs only","Oscillating (resource_decrease=0.005)"
713,0.058520988763539,"Troughs only","Oscillating (resource_decrease=0.005)"
713.2,0.0546809705604608,"Troughs only","Oscillating (resource_decrease=0.005)"
713.4,0.0517637209782289,"Troughs only","Oscillating (resource_decrease=0.005)"
713.6,0.0503202943750662,"Troughs only","Oscillating (resource_decrease=0.005)"
713.8,0.0509112531153042,"Troughs only","Oscillating (resource_decrease=0.005)"
714,0.0539587699569902,"Troughs only","Oscillating (resource_decrease=0.005)"
714.2,0.0595623274975594,"Troughs only","Oscillating (resource_decrease=0.005)"
714.4,0.0673149322232633,"Troughs only","Oscillating (resource_decrease=0.005)"
714.6,0.0762531787046458,"Troughs only","Oscillating (resource_decrease=0.005)"
714.8,0.085052796867955,"Troughs only","Oscillating (resource_decrease=0.005)"
715,0.0924088083343319,"Troughs only","Oscillating (resource_decrease=0.005)"
715.2,0.101049644496053,"Troughs only","Oscillating (resource_decrease=0.005)"
715.4,0.107769836472505,"Troughs only","Oscillating (resource_decrease=0.005)"
715.6,0.109749837218321,"Troughs only","Oscillating (resource_decrease=0.005)"
715.8,0.103791849913782,"Troughs only","Oscillating (resource_decrease=0.005)"
716,0.098218892294113,"Troughs only","Oscillating (resource_decrease=0.005)"
716.2,0.0974981447218988,"Troughs only","Oscillating (resource_decrease=0.005)"
716.4,0.0996456547695713,"Troughs only","Oscillating (resource_decrease=0.005)"
716.6,0.102403844723026,"Troughs only","Oscillating (resource_decrease=0.005)"
716.8,0.104152818835735,"Troughs only","Oscillating (resource_decrease=0.005)"
717,0.104111218533641,"Troughs only","Oscillating (resource_decrease=0.005)"
717.2,0.102160923375798,"Troughs only","Oscillating (resource_decrease=0.005)"
717.4,0.0983994679881888,"Troughs only","Oscillating (resource_decrease=0.005)"
717.6,0.0930469736298559,"Troughs only","Oscillating (resource_decrease=0.005)"
717.8,0.0866503795420663,"Troughs only","Oscillating (resource_decrease=0.005)"
718,0.0800362366553323,"Troughs only","Oscillating (resource_decrease=0.005)"
718.2,0.0739115889855801,"Troughs only","Oscillating (resource_decrease=0.005)"
718.4,0.0685407785067219,"Troughs only","Oscillating (resource_decrease=0.005)"
718.6,0.0638224547728793,"Troughs only","Oscillating (resource_decrease=0.005)"
718.8,0.0595786402919983,"Troughs only","Oscillating (resource_decrease=0.005)"
719,0.0557868325110329,"Troughs only","Oscillating (resource_decrease=0.005)"
719.2,0.0526881501413652,"Troughs only","Oscillating (resource_decrease=0.005)"
719.4,0.0507591685033154,"Troughs only","Oscillating (resource_decrease=0.005)"
719.6,0.0505905787477609,"Troughs only","Oscillating (resource_decrease=0.005)"
719.8,0.0527243016029559,"Troughs only","Oscillating (resource_decrease=0.005)"
720,0.0574491634253441,"Troughs only","Oscillating (resource_decrease=0.005)"
720.2,0.0645734023808695,"Troughs only","Oscillating (resource_decrease=0.005)"
720.4,0.0732996634115354,"Troughs only","Oscillating (resource_decrease=0.005)"
720.6,0.0823557480428293,"Troughs only","Oscillating (resource_decrease=0.005)"
720.8,0.0903653911007871,"Troughs only","Oscillating (resource_decrease=0.005)"
721,0.0962535431829672,"Troughs only","Oscillating (resource_decrease=0.005)"
721.2,0.103259302829204,"Troughs only","Oscillating (resource_decrease=0.005)"
721.4,0.108303335280866,"Troughs only","Oscillating (resource_decrease=0.005)"
721.6,0.104780381780715,"Troughs only","Oscillating (resource_decrease=0.005)"
721.8,0.0994924660145403,"Troughs only","Oscillating (resource_decrease=0.005)"
722,0.0979181996939762,"Troughs only","Oscillating (resource_decrease=0.005)"
722.2,0.0993726341764617,"Troughs only","Oscillating (resource_decrease=0.005)"
722.4,0.101994613508251,"Troughs only","Oscillating (resource_decrease=0.005)"
722.6,0.104085757952448,"Troughs only","Oscillating (resource_decrease=0.005)"
722.8,0.104605126274724,"Troughs only","Oscillating (resource_decrease=0.005)"
723,0.103265299865923,"Troughs only","Oscillating (resource_decrease=0.005)"
723.2,0.100176081557087,"Troughs only","Oscillating (resource_decrease=0.005)"
723.4,0.095554238657075,"Troughs only","Oscillating (resource_decrease=0.005)"
723.6,0.0897734529188887,"Troughs only","Oscillating (resource_decrease=0.005)"
723.8,0.0834585198369647,"Troughs only","Oscillating (resource_decrease=0.005)"
724,0.0772974690226304,"Troughs only","Oscillating (resource_decrease=0.005)"
724.2,0.0716823569736698,"Troughs only","Oscillating (resource_decrease=0.005)"
724.4,0.0666130724730182,"Troughs only","Oscillating (resource_decrease=0.005)"
724.6,0.0619442181492463,"Troughs only","Oscillating (resource_decrease=0.005)"
724.8,0.0576517097146844,"Troughs only","Oscillating (resource_decrease=0.005)"
725,0.0539488261198655,"Troughs only","Oscillating (resource_decrease=0.005)"
725.2,0.0512686244895525,"Troughs only","Oscillating (resource_decrease=0.005)"
725.4,0.0501634821795834,"Troughs only","Oscillating (resource_decrease=0.005)"
725.6,0.051174644998696,"Troughs only","Oscillating (resource_decrease=0.005)"
725.8,0.0546805079895343,"Troughs only","Oscillating (resource_decrease=0.005)"
726,0.0607070075574491,"Troughs only","Oscillating (resource_decrease=0.005)"
726.2,0.0687527571832112,"Troughs only","Oscillating (resource_decrease=0.005)"
726.4,0.0777724509349041,"Troughs only","Oscillating (resource_decrease=0.005)"
726.6,0.0864133350153278,"Troughs only","Oscillating (resource_decrease=0.005)"
726.8,0.0934130699576431,"Troughs only","Oscillating (resource_decrease=0.005)"
727,0.101627328243366,"Troughs only","Oscillating (resource_decrease=0.005)"
727.2,0.107899893645983,"Troughs only","Oscillating (resource_decrease=0.005)"
727.4,0.109514546479215,"Troughs only","Oscillating (resource_decrease=0.005)"
727.6,0.103494998538278,"Troughs only","Oscillating (resource_decrease=0.005)"
727.8,0.098224562726202,"Troughs only","Oscillating (resource_decrease=0.005)"
728,0.0978404328093378,"Troughs only","Oscillating (resource_decrease=0.005)"
728.2,0.100140975363847,"Troughs only","Oscillating (resource_decrease=0.005)"
728.4,0.102823085109965,"Troughs only","Oscillating (resource_decrease=0.005)"
728.6,0.104329303701228,"Troughs only","Oscillating (resource_decrease=0.005)"
728.8,0.103987468756657,"Troughs only","Oscillating (resource_decrease=0.005)"
729,0.10174897200898,"Troughs only","Oscillating (resource_decrease=0.005)"
729.2,0.0977441762773475,"Troughs only","Oscillating (resource_decrease=0.005)"
729.4,0.0922273920471035,"Troughs only","Oscillating (resource_decrease=0.005)"
729.6,0.085764797590928,"Troughs only","Oscillating (resource_decrease=0.005)"
729.8,0.0791602186444107,"Troughs only","Oscillating (resource_decrease=0.005)"
730,0.0730685868954043,"Troughs only","Oscillating (resource_decrease=0.005)"
730.2,0.0677166906715351,"Troughs only","Oscillating (resource_decrease=0.005)"
730.4,0.0630053799733994,"Troughs only","Oscillating (resource_decrease=0.005)"
730.6,0.0587841317294797,"Troughs only","Oscillating (resource_decrease=0.005)"
730.8,0.0550648731580597,"Troughs only","Oscillating (resource_decrease=0.005)"
731,0.0521180225888331,"Troughs only","Oscillating (resource_decrease=0.005)"
731.2,0.05043425480034,"Troughs only","Oscillating (resource_decrease=0.005)"
731.4,0.0505985151173292,"Troughs only","Oscillating (resource_decrease=0.005)"
731.6,0.0531240669827846,"Troughs only","Oscillating (resource_decrease=0.005)"
731.8,0.0582430557142946,"Troughs only","Oscillating (resource_decrease=0.005)"
732,0.0656817023821654,"Troughs only","Oscillating (resource_decrease=0.005)"
732.2,0.0745595866173212,"Troughs only","Oscillating (resource_decrease=0.005)"
732.4,0.0835590163620855,"Troughs only","Oscillating (resource_decrease=0.005)"
732.6,0.0913200604410963,"Troughs only","Oscillating (resource_decrease=0.005)"
732.8,0.100450558709601,"Troughs only","Oscillating (resource_decrease=0.005)"
733,0.107712937029892,"Troughs only","Oscillating (resource_decrease=0.005)"
733.2,0.110170871366415,"Troughs only","Oscillating (resource_decrease=0.005)"
733.4,0.104330609356937,"Troughs only","Oscillating (resource_decrease=0.005)"
733.6,0.0984111884741818,"Troughs only","Oscillating (resource_decrease=0.005)"
733.8,0.0972770161748836,"Troughs only","Oscillating (resource_decrease=0.005)"
734,0.0992163669437274,"Troughs only","Oscillating (resource_decrease=0.005)"
734.2,0.102037034929037,"Troughs only","Oscillating (resource_decrease=0.005)"
734.4,0.104056694868751,"Troughs only","Oscillating (resource_decrease=0.005)"
734.6,0.104363048586533,"Troughs only","Oscillating (resource_decrease=0.005)"
734.8,0.102743680219487,"Troughs only","Oscillating (resource_decrease=0.005)"
735,0.0992523827042487,"Troughs only","Oscillating (resource_decrease=0.005)"
735.2,0.0940700954429512,"Troughs only","Oscillating (resource_decrease=0.005)"
735.4,0.0877207551503996,"Troughs only","Oscillating (resource_decrease=0.005)"
735.6,0.0810565540840487,"Troughs only","Oscillating (resource_decrease=0.005)"
735.8,0.0748475737261369,"Troughs only","Oscillating (resource_decrease=0.005)"
736,0.0694080710410117,"Troughs only","Oscillating (resource_decrease=0.005)"
736.2,0.0646409745115226,"Troughs only","Oscillating (resource_decrease=0.005)"
736.4,0.0603415144161308,"Troughs only","Oscillating (resource_decrease=0.005)"
736.6,0.0564498453521594,"Troughs only","Oscillating (resource_decrease=0.005)"
736.8,0.0531724300219469,"Troughs only","Oscillating (resource_decrease=0.005)"
737,0.050966765313176,"Troughs only","Oscillating (resource_decrease=0.005)"
737.2,0.0504274442374303,"Troughs only","Oscillating (resource_decrease=0.005)"
737.4,0.0521273253529502,"Troughs only","Oscillating (resource_decrease=0.005)"
737.6,0.0564182020148776,"Troughs only","Oscillating (resource_decrease=0.005)"
737.8,0.0631995743361536,"Troughs only","Oscillating (resource_decrease=0.005)"
738,0.0717662109139558,"Troughs only","Oscillating (resource_decrease=0.005)"
738.2,0.0808955765742881,"Troughs only","Oscillating (resource_decrease=0.005)"
738.4,0.0891919847309702,"Troughs only","Oscillating (resource_decrease=0.005)"
738.6,0.0955010501570447,"Troughs only","Oscillating (resource_decrease=0.005)"
738.8,0.102931269985766,"Troughs only","Oscillating (resource_decrease=0.005)"
739,0.108356524926149,"Troughs only","Oscillating (resource_decrease=0.005)"
739.2,0.105058053760356,"Troughs only","Oscillating (resource_decrease=0.005)"
739.4,0.0996324012139651,"Troughs only","Oscillating (resource_decrease=0.005)"
739.6,0.0977355429197419,"Troughs only","Oscillating (resource_decrease=0.005)"
739.8,0.0989623260290688,"Troughs only","Oscillating (resource_decrease=0.005)"
740,0.101572614304292,"Troughs only","Oscillating (resource_decrease=0.005)"
740.2,0.10385301245753,"Troughs only","Oscillating (resource_decrease=0.005)"
740.4,0.104659544505019,"Troughs only","Oscillating (resource_decrease=0.005)"
740.6,0.103612420361769,"Troughs only","Oscillating (resource_decrease=0.005)"
740.8,0.100784431691304,"Troughs only","Oscillating (resource_decrease=0.005)"
741,0.0963650238597212,"Troughs only","Oscillating (resource_decrease=0.005)"
741.2,0.0906968994773932,"Troughs only","Oscillating (resource_decrease=0.005)"
741.4,0.084403379888336,"Troughs only","Oscillating (resource_decrease=0.005)"
741.6,0.0782123597499528,"Troughs only","Oscillating (resource_decrease=0.005)"
741.8,0.07256580370944,"Troughs only","Oscillating (resource_decrease=0.005)"
742,0.0674813703162753,"Troughs only","Oscillating (resource_decrease=0.005)"
742.2,0.0627928526862502,"Troughs only","Oscillating (resource_decrease=0.005)"
742.4,0.0584402743279458,"Troughs only","Oscillating (resource_decrease=0.005)"
742.6,0.0546049539077844,"Troughs only","Oscillating (resource_decrease=0.005)"
742.8,0.0517019763560551,"Troughs only","Oscillating (resource_decrease=0.005)"
743,0.0502834538861703,"Troughs only","Oscillating (resource_decrease=0.005)"
743.2,0.0509085293884121,"Troughs only","Oscillating (resource_decrease=0.005)"
743.4,0.0539955018721705,"Troughs only","Oscillating (resource_decrease=0.005)"
743.6,0.0596374473014055,"Troughs only","Oscillating (resource_decrease=0.005)"
743.8,0.0674192026025006,"Troughs only","Oscillating (resource_decrease=0.005)"
744,0.0763699083094648,"Troughs only","Oscillating (resource_decrease=0.005)"
744.2,0.0851617496882436,"Troughs only","Oscillating (resource_decrease=0.005)"
744.4,0.0924918710542114,"Troughs only","Oscillating (resource_decrease=0.005)"
744.6,0.101098330316815,"Troughs only","Oscillating (resource_decrease=0.005)"
744.8,0.107780384302836,"Troughs only","Oscillating (resource_decrease=0.005)"
745,0.109728469406932,"Troughs only","Oscillating (resource_decrease=0.005)"
745.2,0.103764354320085,"Troughs only","Oscillating (resource_decrease=0.005)"
745.4,0.0982158663767153,"Troughs only","Oscillating (resource_decrease=0.005)"
745.6,0.0975245159046308,"Troughs only","Oscillating (resource_decrease=0.005)"
745.8,0.099688838077651,"Troughs only","Oscillating (resource_decrease=0.005)"
746,0.102445786980473,"Troughs only","Oscillating (resource_decrease=0.005)"
746.2,0.104178523044474,"Troughs only","Oscillating (resource_decrease=0.005)"
746.4,0.104114255532939,"Troughs only","Oscillating (resource_decrease=0.005)"
746.6,0.102141474890409,"Troughs only","Oscillating (resource_decrease=0.005)"
746.8,0.0983608511299021,"Troughs only","Oscillating (resource_decrease=0.005)"
747,0.0929951957758915,"Troughs only","Oscillating (resource_decrease=0.005)"
747.2,0.0865930638249152,"Troughs only","Oscillating (resource_decrease=0.005)"
747.4,0.0799794354800503,"Troughs only","Oscillating (resource_decrease=0.005)"
747.6,0.0738572493163498,"Troughs only","Oscillating (resource_decrease=0.005)"
747.8,0.0684873870065901,"Troughs only","Oscillating (resource_decrease=0.005)"
748,0.0637679297023337,"Troughs only","Oscillating (resource_decrease=0.005)"
748.2,0.0595227184689998,"Troughs only","Oscillating (resource_decrease=0.005)"
748.4,0.0557322155784311,"Troughs only","Oscillating (resource_decrease=0.005)"
748.6,0.0526404344622892,"Troughs only","Oscillating (resource_decrease=0.005)"
748.8,0.0507256321124389,"Troughs only","Oscillating (resource_decrease=0.005)"
749,0.0505784287144701,"Troughs only","Oscillating (resource_decrease=0.005)"
749.2,0.052738795796248,"Troughs only","Oscillating (resource_decrease=0.005)"
749.4,0.057491597711191,"Troughs only","Oscillating (resource_decrease=0.005)"
749.6,0.0646393762851214,"Troughs only","Oscillating (resource_decrease=0.005)"
749.8,0.0733788805010552,"Troughs only","Oscillating (resource_decrease=0.005)"
750,0.0824342758752946,"Troughs only","Oscillating (resource_decrease=0.005)"
750.2,0.0904296177875045,"Troughs only","Oscillating (resource_decrease=0.005)"
750.4,0.0962940201823997,"Troughs only","Oscillating (resource_decrease=0.005)"
750.6,0.103274374189393,"Troughs only","Oscillating (resource_decrease=0.005)"
750.8,0.108295930708965,"Troughs only","Oscillating (resource_decrease=0.005)"
751,0.104762097681038,"Troughs only","Oscillating (resource_decrease=0.005)"
751.2,0.099484321697188,"Troughs only","Oscillating (resource_decrease=0.005)"
751.4,0.0979300297322983,"Troughs only","Oscillating (resource_decrease=0.005)"
751.6,0.0993997393566346,"Troughs only","Oscillating (resource_decrease=0.005)"
751.8,0.10202537920461,"Troughs only","Oscillating (resource_decrease=0.005)"
752,0.104108419994049,"Troughs only","Oscillating (resource_decrease=0.005)"
752.2,0.10461327025804,"Troughs only","Oscillating (resource_decrease=0.005)"
752.4,0.103258062686016,"Troughs only","Oscillating (resource_decrease=0.005)"
752.6,0.100155133023895,"Troughs only","Oscillating (resource_decrease=0.005)"
752.8,0.0955228413621528,"Troughs only","Oscillating (resource_decrease=0.005)"
753,0.0897363781506928,"Troughs only","Oscillating (resource_decrease=0.005)"
753.2,0.0834204103112609,"Troughs only","Oscillating (resource_decrease=0.005)"
753.4,0.0772606952027834,"Troughs only","Oscillating (resource_decrease=0.005)"
753.6,0.071646487932177,"Troughs only","Oscillating (resource_decrease=0.005)"
753.8,0.06657644212925,"Troughs only","Oscillating (resource_decrease=0.005)"
754,0.0619059838858384,"Troughs only","Oscillating (resource_decrease=0.005)"
754.2,0.0576130268012077,"Troughs only","Oscillating (resource_decrease=0.005)"
754.4,0.0539129989361813,"Troughs only","Oscillating (resource_decrease=0.005)"
754.6,0.0512404039399557,"Troughs only","Oscillating (resource_decrease=0.005)"
754.8,0.0501479239561537,"Troughs only","Oscillating (resource_decrease=0.005)"
755,0.0511759362061422,"Troughs only","Oscillating (resource_decrease=0.005)"
755.2,0.0547007922117919,"Troughs only","Oscillating (resource_decrease=0.005)"
755.4,0.0607451891048334,"Troughs only","Oscillating (resource_decrease=0.005)"
755.6,0.0688037837137891,"Troughs only","Oscillating (resource_decrease=0.005)"
755.8,0.0778278975597905,"Troughs only","Oscillating (resource_decrease=0.005)"
756,0.0864634907797344,"Troughs only","Oscillating (resource_decrease=0.005)"
756.2,0.0934497026525498,"Troughs only","Oscillating (resource_decrease=0.005)"
756.4,0.101647053342162,"Troughs only","Oscillating (resource_decrease=0.005)"
756.6,0.107901902888173,"Troughs only","Oscillating (resource_decrease=0.005)"
756.8,0.109503140755569,"Troughs only","Oscillating (resource_decrease=0.005)"
757,0.103483146746125,"Troughs only","Oscillating (resource_decrease=0.005)"
757.2,0.098225403381182,"Troughs only","Oscillating (resource_decrease=0.005)"
757.4,0.0978547924112828,"Troughs only","Oscillating (resource_decrease=0.005)"
757.6,0.100162176393621,"Troughs only","Oscillating (resource_decrease=0.005)"
757.8,0.102842466574999,"Troughs only","Oscillating (resource_decrease=0.005)"
758,0.104340267779904,"Troughs only","Oscillating (resource_decrease=0.005)"
758.2,0.103987605887898,"Troughs only","Oscillating (resource_decrease=0.005)"
758.4,0.101738700360219,"Troughs only","Oscillating (resource_decrease=0.005)"
758.6,0.0977252540758069,"Troughs only","Oscillating (resource_decrease=0.005)"
758.8,0.0922027994830306,"Troughs only","Oscillating (resource_decrease=0.005)"
759,0.0857380836080132,"Troughs only","Oscillating (resource_decrease=0.005)"
759.2,0.079133962606555,"Troughs only","Oscillating (resource_decrease=0.005)"
759.4,0.0730433815774485,"Troughs only","Oscillating (resource_decrease=0.005)"
759.6,0.067691666425002,"Troughs only","Oscillating (resource_decrease=0.005)"
759.8,0.0629796124720498,"Troughs only","Oscillating (resource_decrease=0.005)"
760,0.0587576868405629,"Troughs only","Oscillating (resource_decrease=0.005)"
760.2,0.0550392559248766,"Troughs only","Oscillating (resource_decrease=0.005)"
760.4,0.0520960450048768,"Troughs only","Oscillating (resource_decrease=0.005)"
760.6,0.0504193993018822,"Troughs only","Oscillating (resource_decrease=0.005)"
760.8,0.0505940958657548,"Troughs only","Oscillating (resource_decrease=0.005)"
761,0.053132348832696,"Troughs only","Oscillating (resource_decrease=0.005)"
761.2,0.0582643168460374,"Troughs only","Oscillating (resource_decrease=0.005)"
761.4,0.0657134809307758,"Troughs only","Oscillating (resource_decrease=0.005)"
761.6,0.074596726089225,"Troughs only","Oscillating (resource_decrease=0.005)"
761.8,0.0835948736237507,"Troughs only","Oscillating (resource_decrease=0.005)"
762,0.091348419991199,"Troughs only","Oscillating (resource_decrease=0.005)"
762.2,0.100468214000863,"Troughs only","Oscillating (resource_decrease=0.005)"
762.4,0.107718098708836,"Troughs only","Oscillating (resource_decrease=0.005)"
762.6,0.110164737920367,"Troughs only","Oscillating (resource_decrease=0.005)"
762.8,0.104320915872721,"Troughs only","Oscillating (resource_decrease=0.005)"
763,0.0984085866944099,"Troughs only","Oscillating (resource_decrease=0.005)"
763.2,0.0972842821823535,"Troughs only","Oscillating (resource_decrease=0.005)"
763.4,0.0992301389472392,"Troughs only","Oscillating (resource_decrease=0.005)"
763.6,0.102051639230404,"Troughs only","Oscillating (resource_decrease=0.005)"
763.8,0.104066844510421,"Troughs only","Oscillating (resource_decrease=0.005)"
764,0.104366068119374,"Troughs only","Oscillating (resource_decrease=0.005)"
764.2,0.102739342392039,"Troughs only","Oscillating (resource_decrease=0.005)"
764.4,0.0992416503926981,"Troughs only","Oscillating (resource_decrease=0.005)"
764.6,0.0940548010002801,"Troughs only","Oscillating (resource_decrease=0.005)"
764.8,0.0877033436581312,"Troughs only","Oscillating (resource_decrease=0.005)"
765,0.0810391233734028,"Troughs only","Oscillating (resource_decrease=0.005)"
765.2,0.0748309510444087,"Troughs only","Oscillating (resource_decrease=0.005)"
765.4,0.069391835020284,"Troughs only","Oscillating (resource_decrease=0.005)"
765.6,0.0646243242934001,"Troughs only","Oscillating (resource_decrease=0.005)"
765.8,0.0603241222839364,"Troughs only","Oscillating (resource_decrease=0.005)"
766,0.0564323328287231,"Troughs only","Oscillating (resource_decrease=0.005)"
766.2,0.0531564337064867,"Troughs only","Oscillating (resource_decrease=0.005)"
766.4,0.0509545857740459,"Troughs only","Oscillating (resource_decrease=0.005)"
766.6,0.0504214727568885,"Troughs only","Oscillating (resource_decrease=0.005)"
766.8,0.0521294311937175,"Troughs only","Oscillating (resource_decrease=0.005)"
767,0.0564291017377674,"Troughs only","Oscillating (resource_decrease=0.005)"
767.2,0.0632182668569411,"Troughs only","Oscillating (resource_decrease=0.005)"
767.4,0.0717898183706488,"Troughs only","Oscillating (resource_decrease=0.005)"
767.6,0.0809199114313472,"Troughs only","Oscillating (resource_decrease=0.005)"
767.8,0.0892127007292551,"Troughs only","Oscillating (resource_decrease=0.005)"
768,0.0955148603870851,"Troughs only","Oscillating (resource_decrease=0.005)"
768.2,0.102937206471519,"Troughs only","Oscillating (resource_decrease=0.005)"
768.4,0.108355000406569,"Troughs only","Oscillating (resource_decrease=0.005)"
768.6,0.105052225020674,"Troughs only","Oscillating (resource_decrease=0.005)"
768.8,0.099628925950241,"Troughs only","Oscillating (resource_decrease=0.005)"
769,0.0977381810159222,"Troughs only","Oscillating (resource_decrease=0.005)"
769.2,0.098970219503322,"Troughs only","Oscillating (resource_decrease=0.005)"
769.4,0.101582436464069,"Troughs only","Oscillating (resource_decrease=0.005)"
769.6,0.103860980347264,"Troughs only","Oscillating (resource_decrease=0.005)"
769.8,0.104663292867282,"Troughs only","Oscillating (resource_decrease=0.005)"
770,0.103611425304603,"Troughs only","Oscillating (resource_decrease=0.005)"
770.2,0.10077910935191,"Troughs only","Oscillating (resource_decrease=0.005)"
770.4,0.096356299993463,"Troughs only","Oscillating (resource_decrease=0.005)"
770.6,0.0906862038172896,"Troughs only","Oscillating (resource_decrease=0.005)"
770.8,0.0843922042363013,"Troughs only","Oscillating (resource_decrease=0.005)"
771,0.0782015676274328,"Troughs only","Oscillating (resource_decrease=0.005)"
771.2,0.0725553605598769,"Troughs only","Oscillating (resource_decrease=0.005)"
771.4,0.067470737470618,"Troughs only","Oscillating (resource_decrease=0.005)"
771.6,0.0627816329646223,"Troughs only","Oscillating (resource_decrease=0.005)"
771.8,0.0584286472199003,"Troughs only","Oscillating (resource_decrease=0.005)"
772,0.054593795641688,"Troughs only","Oscillating (resource_decrease=0.005)"
772.2,0.051692686402044,"Troughs only","Oscillating (resource_decrease=0.005)"
772.4,0.0502776053894682,"Troughs only","Oscillating (resource_decrease=0.005)"
772.6,0.0509074933554058,"Troughs only","Oscillating (resource_decrease=0.005)"
772.8,0.054000085166437,"Troughs only","Oscillating (resource_decrease=0.005)"
773,0.0596475330562913,"Troughs only","Oscillating (resource_decrease=0.005)"
773.2,0.0674335067965069,"Troughs only","Oscillating (resource_decrease=0.005)"
773.4,0.076386083092953,"Troughs only","Oscillating (resource_decrease=0.005)"
773.6,0.085176929021161,"Troughs only","Oscillating (resource_decrease=0.005)"
773.8,0.0925034642700425,"Troughs only","Oscillating (resource_decrease=0.005)"
774,0.101105085297762,"Troughs only","Oscillating (resource_decrease=0.005)"
774.2,0.107781745224858,"Troughs only","Oscillating (resource_decrease=0.005)"
774.4,0.109725347284347,"Troughs only","Oscillating (resource_decrease=0.005)"
774.6,0.103760437598901,"Troughs only","Oscillating (resource_decrease=0.005)"
774.8,0.0982154294259501,"Troughs only","Oscillating (resource_decrease=0.005)"
775,0.0975282538554252,"Troughs only","Oscillating (resource_decrease=0.005)"
775.2,0.0996950265417359,"Troughs only","Oscillating (resource_decrease=0.005)"
775.4,0.102451904797955,"Troughs only","Oscillating (resource_decrease=0.005)"
775.6,0.10418244094231,"Troughs only","Oscillating (resource_decrease=0.005)"
775.8,0.104115042651382,"Troughs only","Oscillating (resource_decrease=0.005)"
776,0.102139144979887,"Troughs only","Oscillating (resource_decrease=0.005)"
776.2,0.0983558663884485,"Troughs only","Oscillating (resource_decrease=0.005)"
776.4,0.0929883917224636,"Troughs only","Oscillating (resource_decrease=0.005)"
776.6,0.086585496809795,"Troughs only","Oscillating (resource_decrease=0.005)"
776.8,0.0799719407325168,"Troughs only","Oscillating (resource_decrease=0.005)"
777,0.0738500881079419,"Troughs only","Oscillating (resource_decrease=0.005)"
777.2,0.0684803298112652,"Troughs only","Oscillating (resource_decrease=0.005)"
777.4,0.0637606527788799,"Troughs only","Oscillating (resource_decrease=0.005)"
777.6,0.0595151451092786,"Troughs only","Oscillating (resource_decrease=0.005)"
777.8,0.0557246914319997,"Troughs only","Oscillating (resource_decrease=0.005)"
778,0.0526337249987421,"Troughs only","Oscillating (resource_decrease=0.005)"
778.2,0.0507207507628698,"Troughs only","Oscillating (resource_decrease=0.005)"
778.4,0.0505763860592077,"Troughs only","Oscillating (resource_decrease=0.005)"
778.6,0.0527403353144655,"Troughs only","Oscillating (resource_decrease=0.005)"
778.8,0.0574969215307473,"Troughs only","Oscillating (resource_decrease=0.005)"
779,0.0646479144911593,"Troughs only","Oscillating (resource_decrease=0.005)"
779.2,0.0733892660973067,"Troughs only","Oscillating (resource_decrease=0.005)"
779.4,0.0824446441521008,"Troughs only","Oscillating (resource_decrease=0.005)"
779.6,0.0904381304896778,"Troughs only","Oscillating (resource_decrease=0.005)"
779.8,0.0962993813346804,"Troughs only","Oscillating (resource_decrease=0.005)"
780,0.103276327186476,"Troughs only","Oscillating (resource_decrease=0.005)"
780.2,0.108294864122234,"Troughs only","Oscillating (resource_decrease=0.005)"
780.4,0.104759599089256,"Troughs only","Oscillating (resource_decrease=0.005)"
780.6,0.099483203789624,"Troughs only","Oscillating (resource_decrease=0.005)"
780.8,0.0979316052957449,"Troughs only","Oscillating (resource_decrease=0.005)"
781,0.099403405588086,"Troughs only","Oscillating (resource_decrease=0.005)"
781.2,0.102029602750883,"Troughs only","Oscillating (resource_decrease=0.005)"
781.4,0.104111622411309,"Troughs only","Oscillating (resource_decrease=0.005)"
781.6,0.104614575397665,"Troughs only","Oscillating (resource_decrease=0.005)"
781.8,0.103257342945079,"Troughs only","Oscillating (resource_decrease=0.005)"
782,0.100152607602708,"Troughs only","Oscillating (resource_decrease=0.005)"
782.2,0.0955189418963328,"Troughs only","Oscillating (resource_decrease=0.005)"
782.4,0.0897317336801866,"Troughs only","Oscillating (resource_decrease=0.005)"
782.6,0.0834156311614411,"Troughs only","Oscillating (resource_decrease=0.005)"
782.8,0.0772560901725074,"Troughs only","Oscillating (resource_decrease=0.005)"
783,0.071641991950789,"Troughs only","Oscillating (resource_decrease=0.005)"
783.2,0.0665718182866436,"Troughs only","Oscillating (resource_decrease=0.005)"
783.4,0.0619010961464414,"Troughs only","Oscillating (resource_decrease=0.005)"
783.6,0.0576080042573029,"Troughs only","Oscillating (resource_decrease=0.005)"
783.8,0.0539082640559657,"Troughs only","Oscillating (resource_decrease=0.005)"
784,0.0512365810617298,"Troughs only","Oscillating (resource_decrease=0.005)"
784.2,0.0501456845815686,"Troughs only","Oscillating (resource_decrease=0.005)"
784.4,0.0511758400861618,"Troughs only","Oscillating (resource_decrease=0.005)"
784.6,0.0547031327541917,"Troughs only","Oscillating (resource_decrease=0.005)"
784.8,0.0607498410997327,"Troughs only","Oscillating (resource_decrease=0.005)"
785,0.0688101138396189,"Troughs only","Oscillating (resource_decrease=0.005)"
785.2,0.077834838270995,"Troughs only","Oscillating (resource_decrease=0.005)"
785.4,0.0864698021681763,"Troughs only","Oscillating (resource_decrease=0.005)"
785.6,0.0934543219182848,"Troughs only","Oscillating (resource_decrease=0.005)"
785.8,0.101649526693277,"Troughs only","Oscillating (resource_decrease=0.005)"
786,0.107902116692554,"Troughs only","Oscillating (resource_decrease=0.005)"
786.2,0.109501653366299,"Troughs only","Oscillating (resource_decrease=0.005)"
786.4,0.103481624174062,"Troughs only","Oscillating (resource_decrease=0.005)"
786.6,0.0982255029913471,"Troughs only","Oscillating (resource_decrease=0.005)"
786.8,0.0978566249014367,"Troughs only","Oscillating (resource_decrease=0.005)"
787,0.100164914111093,"Troughs only","Oscillating (resource_decrease=0.005)"
787.2,0.102845016763952,"Troughs only","Oscillating (resource_decrease=0.005)"
787.4,0.104341783814531,"Troughs only","Oscillating (resource_decrease=0.005)"
787.6,0.10398777070855,"Troughs only","Oscillating (resource_decrease=0.005)"
787.8,0.1017375620559,"Troughs only","Oscillating (resource_decrease=0.005)"
788,0.0977230332801271,"Troughs only","Oscillating (resource_decrease=0.005)"
788.2,0.0921998697778752,"Troughs only","Oscillating (resource_decrease=0.005)"
788.4,0.0857348889687614,"Troughs only","Oscillating (resource_decrease=0.005)"
788.6,0.0791308248006108,"Troughs only","Oscillating (resource_decrease=0.005)"
788.8,0.0730403717122796,"Troughs only","Oscillating (resource_decrease=0.005)"
789,0.0676886674343196,"Troughs only","Oscillating (resource_decrease=0.005)"
789.2,0.0629764940553633,"Troughs only","Oscillating (resource_decrease=0.005)"
789.4,0.0587544412156914,"Troughs only","Oscillating (resource_decrease=0.005)"
789.6,0.0550360605189982,"Troughs only","Oscillating (resource_decrease=0.005)"
789.8,0.0520932482964981,"Troughs only","Oscillating (resource_decrease=0.005)"
790,0.0504174393984791,"Troughs only","Oscillating (resource_decrease=0.005)"
790.2,0.050593392487901,"Troughs only","Oscillating (resource_decrease=0.005)"
790.4,0.0531331919287082,"Troughs only","Oscillating (resource_decrease=0.005)"
790.6,0.0582667515952888,"Troughs only","Oscillating (resource_decrease=0.005)"
790.8,0.0657172171163531,"Troughs only","Oscillating (resource_decrease=0.005)"
791,0.0746011437375647,"Troughs only","Oscillating (resource_decrease=0.005)"
791.2,0.0835991674407368,"Troughs only","Oscillating (resource_decrease=0.005)"
791.4,0.0913518290814356,"Troughs only","Oscillating (resource_decrease=0.005)"
791.6,0.100470335165663,"Troughs only","Oscillating (resource_decrease=0.005)"
791.8,0.10771870460969,"Troughs only","Oscillating (resource_decrease=0.005)"
792,0.110163975084735,"Troughs only","Oscillating (resource_decrease=0.005)"
792.2,0.104319729937196,"Troughs only","Oscillating (resource_decrease=0.005)"
792.4,0.0984082608094014,"Troughs only","Oscillating (resource_decrease=0.005)"
792.6,0.0972851559641386,"Troughs only","Oscillating (resource_decrease=0.005)"
792.8,0.0992318209178061,"Troughs only","Oscillating (resource_decrease=0.005)"
793,0.102053451605556,"Troughs only","Oscillating (resource_decrease=0.005)"
793.2,0.104068144216988,"Troughs only","Oscillating (resource_decrease=0.005)"
793.4,0.104366523172863,"Troughs only","Oscillating (resource_decrease=0.005)"
793.6,0.102738920229823,"Troughs only","Oscillating (resource_decrease=0.005)"
793.8,0.0992404652169169,"Troughs only","Oscillating (resource_decrease=0.005)"
794,0.0940530713585091,"Troughs only","Oscillating (resource_decrease=0.005)"
794.2,0.0877013609798502,"Troughs only","Oscillating (resource_decrease=0.005)"
794.4,0.0810371377149411,"Troughs only","Oscillating (resource_decrease=0.005)"
794.6,0.0748290603808461,"Troughs only","Oscillating (resource_decrease=0.005)"
794.8,0.0693899857542583,"Troughs only","Oscillating (resource_decrease=0.005)"
795,0.0646224130482847,"Troughs only","Oscillating (resource_decrease=0.005)"
795.2,0.0603220995228148,"Troughs only","Oscillating (resource_decrease=0.005)"
795.4,0.0564302639816922,"Troughs only","Oscillating (resource_decrease=0.005)"
795.6,0.0531545097191425,"Troughs only","Oscillating (resource_decrease=0.005)"
795.8,0.0509530810833231,"Troughs only","Oscillating (resource_decrease=0.005)"
796,0.0504206751756218,"Troughs only","Oscillating (resource_decrease=0.005)"
796.2,0.0521295675641478,"Troughs only","Oscillating (resource_decrease=0.005)"
796.4,0.0564302634213537,"Troughs only","Oscillating (resource_decrease=0.005)"
796.6,0.0632203445309016,"Troughs only","Oscillating (resource_decrease=0.005)"
796.8,0.0717924839223998,"Troughs only","Oscillating (resource_decrease=0.005)"
797,0.0809226825684665,"Troughs only","Oscillating (resource_decrease=0.005)"
797.2,0.0892150722573467,"Troughs only","Oscillating (resource_decrease=0.005)"
797.4,0.0955164447047964,"Troughs only","Oscillating (resource_decrease=0.005)"
797.6,0.102937881609841,"Troughs only","Oscillating (resource_decrease=0.005)"
797.8,0.108354810153707,"Troughs only","Oscillating (resource_decrease=0.005)"
798,0.105051539679792,"Troughs only","Oscillating (resource_decrease=0.005)"
798.2,0.099628514547889,"Troughs only","Oscillating (resource_decrease=0.005)"
798.4,0.0977384786892144,"Troughs only","Oscillating (resource_decrease=0.005)"
798.6,0.0989711354702843,"Troughs only","Oscillating (resource_decrease=0.005)"
798.8,0.101583593710474,"Troughs only","Oscillating (resource_decrease=0.005)"
799,0.10386194192258,"Troughs only","Oscillating (resource_decrease=0.005)"
799.2,0.104663780436945,"Troughs only","Oscillating (resource_decrease=0.005)"
799.4,0.10361137410887,"Troughs only","Oscillating (resource_decrease=0.005)"
799.6,0.100778565756854,"Troughs only","Oscillating (resource_decrease=0.005)"
799.8,0.0963553693896588,"Troughs only","Oscillating (resource_decrease=0.005)"
800,0.0906850487628176,"Troughs only","Oscillating (resource_decrease=0.005)"
500,0.0590662583531623,"Constant","Oscillating (resource_decrease=0.005)"
500.2,0.065814700829148,"Constant","Oscillating (resource_decrease=0.005)"
500.4,0.0736636921014194,"Constant","Oscillating (resource_decrease=0.005)"
500.6,0.0825235172363453,"Constant","Oscillating (resource_decrease=0.005)"
500.8,0.0906917942204113,"Constant","Oscillating (resource_decrease=0.005)"
501,0.0967290471381016,"Constant","Oscillating (resource_decrease=0.005)"
501.2,0.0999599039302241,"Constant","Oscillating (resource_decrease=0.005)"
501.4,0.100654423083934,"Constant","Oscillating (resource_decrease=0.005)"
501.6,0.0999859404992952,"Constant","Oscillating (resource_decrease=0.005)"
501.8,0.0995437120035452,"Constant","Oscillating (resource_decrease=0.005)"
502,0.100360079763835,"Constant","Oscillating (resource_decrease=0.005)"
502.2,0.102285106457479,"Constant","Oscillating (resource_decrease=0.005)"
502.4,0.104357272712398,"Constant","Oscillating (resource_decrease=0.005)"
502.6,0.105649964576,"Constant","Oscillating (resource_decrease=0.005)"
502.8,0.105679064690899,"Constant","Oscillating (resource_decrease=0.005)"
503,0.104240223651033,"Constant","Oscillating (resource_decrease=0.005)"
503.2,0.101270539468966,"Constant","Oscillating (resource_decrease=0.005)"
503.4,0.0969374516224652,"Constant","Oscillating (resource_decrease=0.005)"
503.6,0.0916698344847185,"Constant","Oscillating (resource_decrease=0.005)"
503.8,0.0859971216068089,"Constant","Oscillating (resource_decrease=0.005)"
504,0.0803155545118388,"Constant","Oscillating (resource_decrease=0.005)"
504.2,0.0747577443051124,"Constant","Oscillating (resource_decrease=0.005)"
504.4,0.0692661759617889,"Constant","Oscillating (resource_decrease=0.005)"
504.6,0.0638193547094313,"Constant","Oscillating (resource_decrease=0.005)"
504.8,0.0586166236179086,"Constant","Oscillating (resource_decrease=0.005)"
505,0.0540813211888225,"Constant","Oscillating (resource_decrease=0.005)"
505.2,0.0507417900247751,"Constant","Oscillating (resource_decrease=0.005)"
505.4,0.0491160545362543,"Constant","Oscillating (resource_decrease=0.005)"
505.6,0.0496425415034532,"Constant","Oscillating (resource_decrease=0.005)"
505.8,0.0526177060985981,"Constant","Oscillating (resource_decrease=0.005)"
506,0.0580881310395624,"Constant","Oscillating (resource_decrease=0.005)"
506.2,0.0657004187911426,"Constant","Oscillating (resource_decrease=0.005)"
506.4,0.0746034305561068,"Constant","Oscillating (resource_decrease=0.005)"
506.6,0.08353835854447,"Constant","Oscillating (resource_decrease=0.005)"
506.8,0.0911600837932272,"Constant","Oscillating (resource_decrease=0.005)"
507,0.0964618874881433,"Constant","Oscillating (resource_decrease=0.005)"
507.2,0.0991050715495415,"Constant","Oscillating (resource_decrease=0.005)"
507.4,0.0995526215723699,"Constant","Oscillating (resource_decrease=0.005)"
507.6,0.09896786274064,"Constant","Oscillating (resource_decrease=0.005)"
507.8,0.098745351439252,"Constant","Oscillating (resource_decrease=0.005)"
508,0.0997584149244263,"Constant","Oscillating (resource_decrease=0.005)"
508.2,0.10188899861525,"Constant","Oscillating (resource_decrease=0.005)"
508.4,0.104210473108376,"Constant","Oscillating (resource_decrease=0.005)"
508.6,0.105655133110671,"Constant","Oscillating (resource_decrease=0.005)"
508.8,0.105625647480453,"Constant","Oscillating (resource_decrease=0.005)"
509,0.104020037440209,"Constant","Oscillating (resource_decrease=0.005)"
509.2,0.100943240922714,"Constant","Oscillating (resource_decrease=0.005)"
509.4,0.0966405957538865,"Constant","Oscillating (resource_decrease=0.005)"
509.6,0.0915289540398533,"Constant","Oscillating (resource_decrease=0.005)"
509.8,0.0860799836522029,"Constant","Oscillating (resource_decrease=0.005)"
510,0.0806248912346176,"Constant","Oscillating (resource_decrease=0.005)"
510.2,0.0752506921551116,"Constant","Oscillating (resource_decrease=0.005)"
510.4,0.0698773333395523,"Constant","Oscillating (resource_decrease=0.005)"
510.6,0.064471012166662,"Constant","Oscillating (resource_decrease=0.005)"
510.8,0.0592281490331696,"Constant","Oscillating (resource_decrease=0.005)"
511,0.054590916562039,"Constant","Oscillating (resource_decrease=0.005)"
511.2,0.0511239763415938,"Constant","Oscillating (resource_decrease=0.005)"
511.4,0.0493749521176355,"Constant","Oscillating (resource_decrease=0.005)"
511.6,0.0497857342293182,"Constant","Oscillating (resource_decrease=0.005)"
511.8,0.052632495447013,"Constant","Oscillating (resource_decrease=0.005)"
512,0.0579401554528568,"Constant","Oscillating (resource_decrease=0.005)"
512.2,0.065359473097275,"Constant","Oscillating (resource_decrease=0.005)"
512.4,0.0740797677372249,"Constant","Oscillating (resource_decrease=0.005)"
512.6,0.0828993950587122,"Constant","Oscillating (resource_decrease=0.005)"
512.8,0.090510319412044,"Constant","Oscillating (resource_decrease=0.005)"
513,0.0959006794931601,"Constant","Oscillating (resource_decrease=0.005)"
513.2,0.0986919648804221,"Constant","Oscillating (resource_decrease=0.005)"
513.4,0.09929195205796,"Constant","Oscillating (resource_decrease=0.005)"
513.6,0.0988080647595916,"Constant","Oscillating (resource_decrease=0.005)"
513.8,0.098602048662403,"Constant","Oscillating (resource_decrease=0.005)"
514,0.0995618661330877,"Constant","Oscillating (resource_decrease=0.005)"
514.2,0.101620711860282,"Constant","Oscillating (resource_decrease=0.005)"
514.4,0.103904003399798,"Constant","Oscillating (resource_decrease=0.005)"
514.6,0.10536556874987,"Constant","Oscillating (resource_decrease=0.005)"
514.8,0.105398541499726,"Constant","Oscillating (resource_decrease=0.005)"
515,0.103888371385119,"Constant","Oscillating (resource_decrease=0.005)"
515.2,0.100931618081487,"Constant","Oscillating (resource_decrease=0.005)"
515.4,0.0967563939481687,"Constant","Oscillating (resource_decrease=0.005)"
515.6,0.0917566378734696,"Constant","Oscillating (resource_decrease=0.005)"
515.8,0.0863899672635989,"Constant","Oscillating (resource_decrease=0.005)"
516,0.080989729083317,"Constant","Oscillating (resource_decrease=0.005)"
516.2,0.0756562019860715,"Constant","Oscillating (resource_decrease=0.005)"
516.4,0.0703204164385875,"Constant","Oscillating (resource_decrease=0.005)"
516.6,0.0649463850577449,"Constant","Oscillating (resource_decrease=0.005)"
516.8,0.0597167017360912,"Constant","Oscillating (resource_decrease=0.005)"
517,0.0550587987108788,"Constant","Oscillating (resource_decrease=0.005)"
517.2,0.0515288419001945,"Constant","Oscillating (resource_decrease=0.005)"
517.4,0.0496720872881799,"Constant","Oscillating (resource_decrease=0.005)"
517.6,0.0499320544557841,"Constant","Oscillating (resource_decrease=0.005)"
517.8,0.0525916547170909,"Constant","Oscillating (resource_decrease=0.005)"
518,0.0576928263410698,"Constant","Oscillating (resource_decrease=0.005)"
518.2,0.064918212620774,"Constant","Oscillating (resource_decrease=0.005)"
518.4,0.0735001585431836,"Constant","Oscillating (resource_decrease=0.005)"
518.6,0.0822757296361479,"Constant","Oscillating (resource_decrease=0.005)"
518.8,0.0899516154113306,"Constant","Oscillating (resource_decrease=0.005)"
519,0.0954962567965458,"Constant","Oscillating (resource_decrease=0.005)"
519.2,0.0984810262798538,"Constant","Oscillating (resource_decrease=0.005)"
519.4,0.0992457318041842,"Constant","Oscillating (resource_decrease=0.005)"
519.6,0.0988342525840137,"Constant","Oscillating (resource_decrease=0.005)"
519.8,0.0985873739125611,"Constant","Oscillating (resource_decrease=0.005)"
520,0.0994357321013366,"Constant","Oscillating (resource_decrease=0.005)"
520.2,0.101390000249396,"Constant","Oscillating (resource_decrease=0.005)"
520.4,0.103638137080609,"Constant","Oscillating (resource_decrease=0.005)"
520.6,0.105144914733057,"Constant","Oscillating (resource_decrease=0.005)"
520.8,0.105269711311107,"Constant","Oscillating (resource_decrease=0.005)"
521,0.103865794028839,"Constant","Oscillating (resource_decrease=0.005)"
521.2,0.101015666844987,"Constant","Oscillating (resource_decrease=0.005)"
521.4,0.0969340239479646,"Constant","Oscillating (resource_decrease=0.005)"
521.6,0.0920001144476751,"Constant","Oscillating (resource_decrease=0.005)"
521.8,0.08666759985054,"Constant","Oscillating (resource_decrease=0.005)"
522,0.0812808736023027,"Constant","Oscillating (resource_decrease=0.005)"
522.2,0.0759583174902775,"Constant","Oscillating (resource_decrease=0.005)"
522.4,0.0706426141944109,"Constant","Oscillating (resource_decrease=0.005)"
522.6,0.0652940998113269,"Constant","Oscillating (resource_decrease=0.005)"
522.8,0.0600792199846339,"Constant","Oscillating (resource_decrease=0.005)"
523,0.0554075750340128,"Constant","Oscillating (resource_decrease=0.005)"
523.2,0.0518245157141239,"Constant","Oscillating (resource_decrease=0.005)"
523.4,0.0498734849995994,"Constant","Oscillating (resource_decrease=0.005)"
523.6,0.0500032088373571,"Constant","Oscillating (resource_decrease=0.005)"
523.8,0.0525076209122838,"Constant","Oscillating (resource_decrease=0.005)"
524,0.0574468681736049,"Constant","Oscillating (resource_decrease=0.005)"
524.2,0.0645302432297584,"Constant","Oscillating (resource_decrease=0.005)"
524.4,0.073021438496537,"Constant","Oscillating (resource_decrease=0.005)"
524.6,0.0817828717869711,"Constant","Oscillating (resource_decrease=0.005)"
524.8,0.0895277468472518,"Constant","Oscillating (resource_decrease=0.005)"
525,0.0952055873685444,"Constant","Oscillating (resource_decrease=0.005)"
525.2,0.0983466413408945,"Constant","Oscillating (resource_decrease=0.005)"
525.4,0.0992373747722601,"Constant","Oscillating (resource_decrease=0.005)"
525.6,0.0988743910382102,"Constant","Oscillating (resource_decrease=0.005)"
525.8,0.0985869818237329,"Constant","Oscillating (resource_decrease=0.005)"
526,0.0993444213710628,"Constant","Oscillating (resource_decrease=0.005)"
526.2,0.101220525732973,"Constant","Oscillating (resource_decrease=0.005)"
526.4,0.103450431639349,"Constant","Oscillating (resource_decrease=0.005)"
526.6,0.105003127422309,"Constant","Oscillating (resource_decrease=0.005)"
526.8,0.105207652890308,"Constant","Oscillating (resource_decrease=0.005)"
527,0.103890155208752,"Constant","Oscillating (resource_decrease=0.005)"
527.2,0.101122104020232,"Constant","Oscillating (resource_decrease=0.005)"
527.4,0.0971087316586964,"Constant","Oscillating (resource_decrease=0.005)"
527.6,0.0922193399004353,"Constant","Oscillating (resource_decrease=0.005)"
527.8,0.0869062039351115,"Constant","Oscillating (resource_decrease=0.005)"
528,0.0815236735478805,"Constant","Oscillating (resource_decrease=0.005)"
528.2,0.0762047066823241,"Constant","Oscillating (resource_decrease=0.005)"
528.4,0.0709005488657444,"Constant","Oscillating (resource_decrease=0.005)"
528.6,0.0655675698721318,"Constant","Oscillating (resource_decrease=0.005)"
528.8,0.0603586566866671,"Constant","Oscillating (resource_decrease=0.005)"
529,0.0556692620060026,"Constant","Oscillating (resource_decrease=0.005)"
529.2,0.0520368893927036,"Constant","Oscillating (resource_decrease=0.005)"
529.4,0.0500046661322652,"Constant","Oscillating (resource_decrease=0.005)"
529.6,0.0500265842904212,"Constant","Oscillating (resource_decrease=0.005)"
529.8,0.0524062134779542,"Constant","Oscillating (resource_decrease=0.005)"
530,0.0572186248739199,"Constant","Oscillating (resource_decrease=0.005)"
530.2,0.0641941709759452,"Constant","Oscillating (resource_decrease=0.005)"
530.4,0.0726206547029644,"Constant","Oscillating (resource_decrease=0.005)"
530.6,0.0813791887365781,"Constant","Oscillating (resource_decrease=0.005)"
530.8,0.0891863423418803,"Constant","Oscillating (resource_decrease=0.005)"
531,0.094975021412781,"Constant","Oscillating (resource_decrease=0.005)"
531.2,0.0982421726603027,"Constant","Oscillating (resource_decrease=0.005)"
531.4,0.0992326847194938,"Constant","Oscillating (resource_decrease=0.005)"
531.6,0.0989073647170729,"Constant","Oscillating (resource_decrease=0.005)"
531.8,0.0985879510517137,"Constant","Oscillating (resource_decrease=0.005)"
532,0.0992753769346868,"Constant","Oscillating (resource_decrease=0.005)"
532.2,0.101093753261655,"Constant","Oscillating (resource_decrease=0.005)"
532.4,0.103314667640761,"Constant","Oscillating (resource_decrease=0.005)"
532.6,0.104909037652988,"Constant","Oscillating (resource_decrease=0.005)"
532.8,0.105180963307159,"Constant","Oscillating (resource_decrease=0.005)"
533,0.103934804308124,"Constant","Oscillating (resource_decrease=0.005)"
533.2,0.101233337738006,"Constant","Oscillating (resource_decrease=0.005)"
533.4,0.0972744360569029,"Constant","Oscillating (resource_decrease=0.005)"
533.6,0.0924196776894881,"Constant","Oscillating (resource_decrease=0.005)"
533.8,0.087120494175499,"Constant","Oscillating (resource_decrease=0.005)"
534,0.0817394191144434,"Constant","Oscillating (resource_decrease=0.005)"
534.2,0.0764211208392883,"Constant","Oscillating (resource_decrease=0.005)"
534.4,0.0711234597517729,"Constant","Oscillating (resource_decrease=0.005)"
534.6,0.0657991230765528,"Constant","Oscillating (resource_decrease=0.005)"
534.8,0.060589727185634,"Constant","Oscillating (resource_decrease=0.005)"
535,0.0558795071645622,"Constant","Oscillating (resource_decrease=0.005)"
535.2,0.0522002818007474,"Constant","Oscillating (resource_decrease=0.005)"
535.4,0.0500956224406504,"Constant","Oscillating (resource_decrease=0.005)"
535.6,0.0500242639594384,"Constant","Oscillating (resource_decrease=0.005)"
535.8,0.0522978886316142,"Constant","Oscillating (resource_decrease=0.005)"
536,0.0570040256023747,"Constant","Oscillating (resource_decrease=0.005)"
536.2,0.06389068284747,"Constant","Oscillating (resource_decrease=0.005)"
536.4,0.0722658614820291,"Constant","Oscillating (resource_decrease=0.005)"
536.6,0.081026048207858,"Constant","Oscillating (resource_decrease=0.005)"
536.8,0.0888898655970994,"Constant","Oscillating (resource_decrease=0.005)"
537,0.0947752931153268,"Constant","Oscillating (resource_decrease=0.005)"
537.2,0.0981507619873671,"Constant","Oscillating (resource_decrease=0.005)"
537.4,0.0992265330700203,"Constant","Oscillating (resource_decrease=0.005)"
537.6,0.0989340584587747,"Constant","Oscillating (resource_decrease=0.005)"
537.8,0.0985891159611585,"Constant","Oscillating (resource_decrease=0.005)"
538,0.0992194646886684,"Constant","Oscillating (resource_decrease=0.005)"
538.2,0.100991762471341,"Constant","Oscillating (resource_decrease=0.005)"
538.4,0.10320815567302,"Constant","Oscillating (resource_decrease=0.005)"
538.6,0.104840777842492,"Constant","Oscillating (resource_decrease=0.005)"
538.8,0.105172361496817,"Constant","Oscillating (resource_decrease=0.005)"
539,0.103988710555107,"Constant","Oscillating (resource_decrease=0.005)"
539.2,0.10134524847001,"Constant","Oscillating (resource_decrease=0.005)"
539.4,0.0974335906298099,"Constant","Oscillating (resource_decrease=0.005)"
539.6,0.0926086635252327,"Constant","Oscillating (resource_decrease=0.005)"
539.8,0.0873211157926686,"Constant","Oscillating (resource_decrease=0.005)"
540,0.0819404611914886,"Constant","Oscillating (resource_decrease=0.005)"
540.2,0.076621397503902,"Constant","Oscillating (resource_decrease=0.005)"
540.4,0.0713273920851622,"Constant","Oscillating (resource_decrease=0.005)"
540.6,0.0660077679112169,"Constant","Oscillating (resource_decrease=0.005)"
540.8,0.0607942790576732,"Constant","Oscillating (resource_decrease=0.005)"
541,0.0560616388704921,"Constant","Oscillating (resource_decrease=0.005)"
541.2,0.0523371809925596,"Constant","Oscillating (resource_decrease=0.005)"
541.4,0.0501652758982105,"Constant","Oscillating (resource_decrease=0.005)"
541.6,0.0500089929763274,"Constant","Oscillating (resource_decrease=0.005)"
541.8,0.0521871422437768,"Constant","Oscillating (resource_decrease=0.005)"
542,0.0567982248853886,"Constant","Oscillating (resource_decrease=0.005)"
542.2,0.0636059769942855,"Constant","Oscillating (resource_decrease=0.005)"
542.4,0.0719365136086826,"Constant","Oscillating (resource_decrease=0.005)"
542.6,0.0807000541113337,"Constant","Oscillating (resource_decrease=0.005)"
542.8,0.0886167821382432,"Constant","Oscillating (resource_decrease=0.005)"
543,0.0945908632120704,"Constant","Oscillating (resource_decrease=0.005)"
543.2,0.0980649366401277,"Constant","Oscillating (resource_decrease=0.005)"
543.4,0.0992184526437663,"Constant","Oscillating (resource_decrease=0.005)"
543.6,0.0989568946568052,"Constant","Oscillating (resource_decrease=0.005)"
543.8,0.0985906015968197,"Constant","Oscillating (resource_decrease=0.005)"
544,0.099171158805468,"Constant","Oscillating (resource_decrease=0.005)"
544.2,0.100903471403545,"Constant","Oscillating (resource_decrease=0.005)"
544.4,0.103117271653383,"Constant","Oscillating (resource_decrease=0.005)"
544.6,0.104785857813906,"Constant","Oscillating (resource_decrease=0.005)"
544.8,0.105172688288817,"Constant","Oscillating (resource_decrease=0.005)"
545,0.104046710365159,"Constant","Oscillating (resource_decrease=0.005)"
545.2,0.101456685893031,"Constant","Oscillating (resource_decrease=0.005)"
545.4,0.0975885788906161,"Constant","Oscillating (resource_decrease=0.005)"
545.6,0.0927911872816021,"Constant","Oscillating (resource_decrease=0.005)"
545.8,0.0875142962879245,"Constant","Oscillating (resource_decrease=0.005)"
546,0.0821336568087033,"Constant","Oscillating (resource_decrease=0.005)"
546.2,0.0768130784437159,"Constant","Oscillating (resource_decrease=0.005)"
546.4,0.0715211724921326,"Constant","Oscillating (resource_decrease=0.005)"
546.6,0.0662041760839511,"Constant","Oscillating (resource_decrease=0.005)"
546.8,0.0609847863378227,"Constant","Oscillating (resource_decrease=0.005)"
547,0.0562290826521833,"Constant","Oscillating (resource_decrease=0.005)"
547.2,0.0524605095761594,"Constant","Oscillating (resource_decrease=0.005)"
547.4,0.0502243850903987,"Constant","Oscillating (resource_decrease=0.005)"
547.6,0.0499878536854864,"Constant","Oscillating (resource_decrease=0.005)"
547.8,0.0520762688842935,"Constant","Oscillating (resource_decrease=0.005)"
548,0.0565982322363796,"Constant","Oscillating (resource_decrease=0.005)"
548.2,0.0633321127324138,"Constant","Oscillating (resource_decrease=0.005)"
548.4,0.0716210328431109,"Constant","Oscillating (resource_decrease=0.005)"
548.6,0.0803881860136356,"Constant","Oscillating (resource_decrease=0.005)"
548.8,0.0883552484723048,"Constant","Oscillating (resource_decrease=0.005)"
549,0.0944133458072191,"Constant","Oscillating (resource_decrease=0.005)"
549.2,0.0979808793662189,"Constant","Oscillating (resource_decrease=0.005)"
549.4,0.099208536465803,"Constant","Oscillating (resource_decrease=0.005)"
549.6,0.098977513579018,"Constant","Oscillating (resource_decrease=0.005)"
549.8,0.098592665067341,"Constant","Oscillating (resource_decrease=0.005)"
550,0.0991274739135498,"Constant","Oscillating (resource_decrease=0.005)"
550.2,0.100822753388727,"Constant","Oscillating (resource_decrease=0.005)"
550.4,0.103034482835934,"Constant","Oscillating (resource_decrease=0.005)"
550.6,0.104737433871768,"Constant","Oscillating (resource_decrease=0.005)"
550.8,0.105177030093991,"Constant","Oscillating (resource_decrease=0.005)"
551,0.104106152151575,"Constant","Oscillating (resource_decrease=0.005)"
551.2,0.101567206775603,"Constant","Oscillating (resource_decrease=0.005)"
551.4,0.097740856021817,"Constant","Oscillating (resource_decrease=0.005)"
551.6,0.0929700164498785,"Constant","Oscillating (resource_decrease=0.005)"
551.8,0.0877034704636535,"Constant","Oscillating (resource_decrease=0.005)"
552,0.0823227305659993,"Constant","Oscillating (resource_decrease=0.005)"
552.2,0.0770002293916349,"Constant","Oscillating (resource_decrease=0.005)"
552.4,0.0717095622930322,"Constant","Oscillating (resource_decrease=0.005)"
552.6,0.0663941359666367,"Constant","Oscillating (resource_decrease=0.005)"
552.8,0.0611680568767762,"Constant","Oscillating (resource_decrease=0.005)"
553,0.0563891994731147,"Constant","Oscillating (resource_decrease=0.005)"
553.2,0.0525773704687152,"Constant","Oscillating (resource_decrease=0.005)"
553.4,0.0502788685951418,"Constant","Oscillating (resource_decrease=0.005)"
553.6,0.0499647463251652,"Constant","Oscillating (resource_decrease=0.005)"
553.8,0.0519665505256431,"Constant","Oscillating (resource_decrease=0.005)"
554,0.0564024553076939,"Constant","Oscillating (resource_decrease=0.005)"
554.2,0.0630648169666433,"Constant","Oscillating (resource_decrease=0.005)"
554.4,0.0713131778940749,"Constant","Oscillating (resource_decrease=0.005)"
554.6,0.0800834155521287,"Constant","Oscillating (resource_decrease=0.005)"
554.8,0.0880988605899726,"Constant","Oscillating (resource_decrease=0.005)"
555,0.0942381988182375,"Constant","Oscillating (resource_decrease=0.005)"
555.2,0.097896522937222,"Constant","Oscillating (resource_decrease=0.005)"
555.4,0.0991968498830373,"Constant","Oscillating (resource_decrease=0.005)"
555.6,0.0989968448865207,"Constant","Oscillating (resource_decrease=0.005)"
555.8,0.0985955126664091,"Constant","Oscillating (resource_decrease=0.005)"
556,0.099086869221396,"Constant","Oscillating (resource_decrease=0.005)"
556.2,0.100746352306691,"Constant","Oscillating (resource_decrease=0.005)"
556.4,0.102955741800278,"Constant","Oscillating (resource_decrease=0.005)"
556.6,0.104691808023662,"Constant","Oscillating (resource_decrease=0.005)"
556.8,0.105182732213597,"Constant","Oscillating (resource_decrease=0.005)"
557,0.104165611388517,"Constant","Oscillating (resource_decrease=0.005)"
557.2,0.101676577901757,"Constant","Oscillating (resource_decrease=0.005)"
557.4,0.0978912060982112,"Constant","Oscillating (resource_decrease=0.005)"
557.6,0.0931466366611674,"Constant","Oscillating (resource_decrease=0.005)"
557.8,0.0878904787195995,"Constant","Oscillating (resource_decrease=0.005)"
558,0.0825096725221374,"Constant","Oscillating (resource_decrease=0.005)"
558.2,0.0771850148946614,"Constant","Oscillating (resource_decrease=0.005)"
558.4,0.0718950910907326,"Constant","Oscillating (resource_decrease=0.005)"
558.6,0.0665807262561253,"Constant","Oscillating (resource_decrease=0.005)"
558.8,0.0613477247098027,"Constant","Oscillating (resource_decrease=0.005)"
559,0.0565459366010765,"Constant","Oscillating (resource_decrease=0.005)"
559.2,0.0526915905202631,"Constant","Oscillating (resource_decrease=0.005)"
559.4,0.0503319323441546,"Constant","Oscillating (resource_decrease=0.005)"
559.6,0.0499418043257171,"Constant","Oscillating (resource_decrease=0.005)"
559.8,0.0518587244012444,"Constant","Oscillating (resource_decrease=0.005)"
560,0.0562100972722123,"Constant","Oscillating (resource_decrease=0.005)"
560.2,0.0628018595428332,"Constant","Oscillating (resource_decrease=0.005)"
560.4,0.071009658471783,"Constant","Oscillating (resource_decrease=0.005)"
560.6,0.0797820125063851,"Constant","Oscillating (resource_decrease=0.005)"
560.8,0.0878441947532181,"Constant","Oscillating (resource_decrease=0.005)"
561,0.0940629679451396,"Constant","Oscillating (resource_decrease=0.005)"
561.2,0.0978107217875986,"Constant","Oscillating (resource_decrease=0.005)"
561.4,0.099183391119969,"Constant","Oscillating (resource_decrease=0.005)"
561.6,0.099015371736996,"Constant","Oscillating (resource_decrease=0.005)"
561.8,0.0985992736522181,"Constant","Oscillating (resource_decrease=0.005)"
562,0.0990485635474336,"Constant","Oscillating (resource_decrease=0.005)"
562.2,0.100672570507275,"Constant","Oscillating (resource_decrease=0.005)"
562.4,0.102878906286387,"Constant","Oscillating (resource_decrease=0.005)"
562.6,0.104646997821635,"Constant","Oscillating (resource_decrease=0.005)"
562.8,0.10518835669665,"Constant","Oscillating (resource_decrease=0.005)"
563,0.104224306071923,"Constant","Oscillating (resource_decrease=0.005)"
563.2,0.101784652483161,"Constant","Oscillating (resource_decrease=0.005)"
563.4,0.098040024564579,"Constant","Oscillating (resource_decrease=0.005)"
563.6,0.0933218207382806,"Constant","Oscillating (resource_decrease=0.005)"
563.8,0.0880762887940493,"Constant","Oscillating (resource_decrease=0.005)"
564,0.0826955343235385,"Constant","Oscillating (resource_decrease=0.005)"
564.2,0.0773685788817176,"Constant","Oscillating (resource_decrease=0.005)"
564.4,0.0720790921399867,"Constant","Oscillating (resource_decrease=0.005)"
564.6,0.0667655677021043,"Constant","Oscillating (resource_decrease=0.005)"
564.8,0.061525707060995,"Constant","Oscillating (resource_decrease=0.005)"
565,0.0567013858858318,"Constant","Oscillating (resource_decrease=0.005)"
565.2,0.0528052093926111,"Constant","Oscillating (resource_decrease=0.005)"
565.4,0.0503852976238346,"Constant","Oscillating (resource_decrease=0.005)"
565.6,0.0499201886296318,"Constant","Oscillating (resource_decrease=0.005)"
565.8,0.0517532173711973,"Constant","Oscillating (resource_decrease=0.005)"
566,0.0560207762785542,"Constant","Oscillating (resource_decrease=0.005)"
566.2,0.0625421003888866,"Constant","Oscillating (resource_decrease=0.005)"
566.4,0.070708767682489,"Constant","Oscillating (resource_decrease=0.005)"
566.6,0.0794820226787531,"Constant","Oscillating (resource_decrease=0.005)"
566.8,0.0875894375818384,"Constant","Oscillating (resource_decrease=0.005)"
567,0.0938863312022449,"Constant","Oscillating (resource_decrease=0.005)"
567.2,0.097722832124002,"Constant","Oscillating (resource_decrease=0.005)"
567.4,0.0991681195453628,"Constant","Oscillating (resource_decrease=0.005)"
567.6,0.0990333231554775,"Constant","Oscillating (resource_decrease=0.005)"
567.8,0.0986040145947474,"Constant","Oscillating (resource_decrease=0.005)"
568,0.0990121640027909,"Constant","Oscillating (resource_decrease=0.005)"
568.2,0.100600536381631,"Constant","Oscillating (resource_decrease=0.005)"
568.4,0.102802856779948,"Constant","Oscillating (resource_decrease=0.005)"
568.6,0.104601947336085,"Constant","Oscillating (resource_decrease=0.005)"
568.8,0.105193123280396,"Constant","Oscillating (resource_decrease=0.005)"
569,0.104281801138592,"Constant","Oscillating (resource_decrease=0.005)"
569.2,0.101891331322625,"Constant","Oscillating (resource_decrease=0.005)"
569.4,0.0981874993250359,"Constant","Oscillating (resource_decrease=0.005)"
569.6,0.0934959599476017,"Constant","Oscillating (resource_decrease=0.005)"
569.8,0.0882614018485802,"Constant","Oscillating (resource_decrease=0.005)"
570,0.0828808678959347,"Constant","Oscillating (resource_decrease=0.005)"
570.2,0.0775515245388106,"Constant","Oscillating (resource_decrease=0.005)"
570.4,0.0722622662841834,"Constant","Oscillating (resource_decrease=0.005)"
570.6,0.0669495088123926,"Constant","Oscillating (resource_decrease=0.005)"
570.8,0.0617030077544086,"Constant","Oscillating (resource_decrease=0.005)"
571,0.0568566470427411,"Constant","Oscillating (resource_decrease=0.005)"
571.2,0.0529193061918898,"Constant","Oscillating (resource_decrease=0.005)"
571.4,0.0504398829168711,"Constant","Oscillating (resource_decrease=0.005)"
571.6,0.0499005284086248,"Constant","Oscillating (resource_decrease=0.005)"
571.8,0.0516502767976378,"Constant","Oscillating (resource_decrease=0.005)"
572,0.0558343181758592,"Constant","Oscillating (resource_decrease=0.005)"
572.2,0.0622849691238853,"Constant","Oscillating (resource_decrease=0.005)"
572.4,0.0704096354081771,"Constant","Oscillating (resource_decrease=0.005)"
572.6,0.07918243715737,"Constant","Oscillating (resource_decrease=0.005)"
572.8,0.0873336387618421,"Constant","Oscillating (resource_decrease=0.005)"
573,0.0937075790406375,"Constant","Oscillating (resource_decrease=0.005)"
573.2,0.0976324868737128,"Constant","Oscillating (resource_decrease=0.005)"
573.4,0.0991509788221385,"Constant","Oscillating (resource_decrease=0.005)"
573.6,0.0990507901978255,"Constant","Oscillating (resource_decrease=0.005)"
573.8,0.0986097596262951,"Constant","Oscillating (resource_decrease=0.005)"
574,0.0989774740277309,"Constant","Oscillating (resource_decrease=0.005)"
574.2,0.10052981166412,"Constant","Oscillating (resource_decrease=0.005)"
574.4,0.102727018341018,"Constant","Oscillating (resource_decrease=0.005)"
574.6,0.104556098710296,"Constant","Oscillating (resource_decrease=0.005)"
574.8,0.105196607725119,"Constant","Oscillating (resource_decrease=0.005)"
575,0.104337851741874,"Constant","Oscillating (resource_decrease=0.005)"
575.2,0.101996545750215,"Constant","Oscillating (resource_decrease=0.005)"
575.4,0.0983337122396382,"Constant","Oscillating (resource_decrease=0.005)"
575.6,0.0936692456493532,"Constant","Oscillating (resource_decrease=0.005)"
575.8,0.0884460729422209,"Constant","Oscillating (resource_decrease=0.005)"
576,0.0830659614713977,"Constant","Oscillating (resource_decrease=0.005)"
576.2,0.0777341705676975,"Constant","Oscillating (resource_decrease=0.005)"
576.4,0.0724449823530084,"Constant","Oscillating (resource_decrease=0.005)"
576.6,0.0671329920523897,"Constant","Oscillating (resource_decrease=0.005)"
576.8,0.0618801483442865,"Constant","Oscillating (resource_decrease=0.005)"
577,0.0570122932168975,"Constant","Oscillating (resource_decrease=0.005)"
577.2,0.0530344472746244,"Constant","Oscillating (resource_decrease=0.005)"
577.4,0.0504961750149456,"Constant","Oscillating (resource_decrease=0.005)"
577.6,0.0498831629568714,"Constant","Oscillating (resource_decrease=0.005)"
577.8,0.0515500458782285,"Constant","Oscillating (resource_decrease=0.005)"
578,0.0556506498847067,"Constant","Oscillating (resource_decrease=0.005)"
578.2,0.0620301896274723,"Constant","Oscillating (resource_decrease=0.005)"
578.4,0.0701118301916859,"Constant","Oscillating (resource_decrease=0.005)"
578.6,0.0788827472433757,"Constant","Oscillating (resource_decrease=0.005)"
578.8,0.0870763088481871,"Constant","Oscillating (resource_decrease=0.005)"
579,0.0935263329928294,"Constant","Oscillating (resource_decrease=0.005)"
579.2,0.0975394727876665,"Constant","Oscillating (resource_decrease=0.005)"
579.4,0.0991319091648136,"Constant","Oscillating (resource_decrease=0.005)"
579.6,0.0990677911005622,"Constant","Oscillating (resource_decrease=0.005)"
579.8,0.0986165064049275,"Constant","Oscillating (resource_decrease=0.005)"
580,0.0989443957593835,"Constant","Oscillating (resource_decrease=0.005)"
580.2,0.100460184388539,"Constant","Oscillating (resource_decrease=0.005)"
580.4,0.102651105133299,"Constant","Oscillating (resource_decrease=0.005)"
580.6,0.104509161626122,"Constant","Oscillating (resource_decrease=0.005)"
580.8,0.105198578995116,"Constant","Oscillating (resource_decrease=0.005)"
581,0.104392318359854,"Constant","Oscillating (resource_decrease=0.005)"
581.2,0.102100247626144,"Constant","Oscillating (resource_decrease=0.005)"
581.4,0.0984786926635522,"Constant","Oscillating (resource_decrease=0.005)"
581.6,0.0938417658381474,"Constant","Oscillating (resource_decrease=0.005)"
581.8,0.0886304282739557,"Constant","Oscillating (resource_decrease=0.005)"
582,0.0832509647143779,"Constant","Oscillating (resource_decrease=0.005)"
582.2,0.0779166864068707,"Constant","Oscillating (resource_decrease=0.005)"
582.4,0.0726274353171482,"Constant","Oscillating (resource_decrease=0.005)"
582.6,0.0673162469837554,"Constant","Oscillating (resource_decrease=0.005)"
582.8,0.0620573964562543,"Constant","Oscillating (resource_decrease=0.005)"
583,0.0571686187933148,"Constant","Oscillating (resource_decrease=0.005)"
583.2,0.0531509258677162,"Constant","Oscillating (resource_decrease=0.005)"
583.4,0.0505544288867945,"Constant","Oscillating (resource_decrease=0.005)"
583.6,0.0498682735318659,"Constant","Oscillating (resource_decrease=0.005)"
583.8,0.0514526072606593,"Constant","Oscillating (resource_decrease=0.005)"
584,0.0554697462375328,"Constant","Oscillating (resource_decrease=0.005)"
584.2,0.0617776366575659,"Constant","Oscillating (resource_decrease=0.005)"
584.4,0.0698151496190645,"Constant","Oscillating (resource_decrease=0.005)"
584.6,0.0785827084072377,"Constant","Oscillating (resource_decrease=0.005)"
584.8,0.0868172044514354,"Constant","Oscillating (resource_decrease=0.005)"
585,0.0933423939691007,"Constant","Oscillating (resource_decrease=0.005)"
585.2,0.0974436627810508,"Constant","Oscillating (resource_decrease=0.005)"
585.4,0.0991108525162452,"Constant","Oscillating (resource_decrease=0.005)"
585.6,0.0990843063822432,"Constant","Oscillating (resource_decrease=0.005)"
585.8,0.0986242366543609,"Constant","Oscillating (resource_decrease=0.005)"
586,0.0989128806458405,"Constant","Oscillating (resource_decrease=0.005)"
586.2,0.100391560544344,"Constant","Oscillating (resource_decrease=0.005)"
586.4,0.102574984864343,"Constant","Oscillating (resource_decrease=0.005)"
586.6,0.104460989824764,"Constant","Oscillating (resource_decrease=0.005)"
586.8,0.105198911352979,"Constant","Oscillating (resource_decrease=0.005)"
587,0.104445120265169,"Constant","Oscillating (resource_decrease=0.005)"
587.2,0.102202402650722,"Constant","Oscillating (resource_decrease=0.005)"
587.4,0.0986224446869682,"Constant","Oscillating (resource_decrease=0.005)"
587.6,0.0940135555163026,"Constant","Oscillating (resource_decrease=0.005)"
587.8,0.0888145267824333,"Constant","Oscillating (resource_decrease=0.005)"
588,0.0834359545128948,"Constant","Oscillating (resource_decrease=0.005)"
588.2,0.0780991631571255,"Constant","Oscillating (resource_decrease=0.005)"
588.4,0.0728097291077769,"Constant","Oscillating (resource_decrease=0.005)"
588.6,0.0674993915593426,"Constant","Oscillating (resource_decrease=0.005)"
588.8,0.0622348860110318,"Constant","Oscillating (resource_decrease=0.005)"
589,0.0573257705156204,"Constant","Oscillating (resource_decrease=0.005)"
589.2,0.0532688895681698,"Constant","Oscillating (resource_decrease=0.005)"
589.4,0.05061477480757,"Constant","Oscillating (resource_decrease=0.005)"
589.6,0.0498559549963448,"Constant","Oscillating (resource_decrease=0.005)"
589.8,0.0513580082997149,"Constant","Oscillating (resource_decrease=0.005)"
590,0.0552916040661782,"Constant","Oscillating (resource_decrease=0.005)"
590.2,0.0615272619067064,"Constant","Oscillating (resource_decrease=0.005)"
590.4,0.0695195106743306,"Constant","Oscillating (resource_decrease=0.005)"
590.6,0.0782822157181086,"Constant","Oscillating (resource_decrease=0.005)"
590.8,0.0865562138916677,"Constant","Oscillating (resource_decrease=0.005)"
591,0.0931556605459177,"Constant","Oscillating (resource_decrease=0.005)"
591.2,0.0973449784848758,"Constant","Oscillating (resource_decrease=0.005)"
591.4,0.0990877541411934,"Constant","Oscillating (resource_decrease=0.005)"
591.6,0.0991002972966019,"Constant","Oscillating (resource_decrease=0.005)"
591.8,0.0986329225755059,"Constant","Oscillating (resource_decrease=0.005)"
592,0.0988829044889557,"Constant","Oscillating (resource_decrease=0.005)"
592.2,0.100323907534738,"Constant","Oscillating (resource_decrease=0.005)"
592.4,0.102498607028386,"Constant","Oscillating (resource_decrease=0.005)"
592.6,0.104411515044323,"Constant","Oscillating (resource_decrease=0.005)"
592.8,0.10519753681707,"Constant","Oscillating (resource_decrease=0.005)"
593,0.104496209806649,"Constant","Oscillating (resource_decrease=0.005)"
593.2,0.1023029857601,"Constant","Oscillating (resource_decrease=0.005)"
593.4,0.0987649606370233,"Constant","Oscillating (resource_decrease=0.005)"
593.6,0.0941846226805931,"Constant","Oscillating (resource_decrease=0.005)"
593.8,0.0889983922945449,"Constant","Oscillating (resource_decrease=0.005)"
594,0.0836209694360823,"Constant","Oscillating (resource_decrease=0.005)"
594.2,0.0782816507003006,"Constant","Oscillating (resource_decrease=0.005)"
594.4,0.0729919199161818,"Constant","Oscillating (resource_decrease=0.005)"
594.6,0.0676824851629671,"Constant","Oscillating (resource_decrease=0.005)"
594.8,0.062412680411734,"Constant","Oscillating (resource_decrease=0.005)"
595,0.0574838167389959,"Constant","Oscillating (resource_decrease=0.005)"
595.2,0.0533884080796017,"Constant","Oscillating (resource_decrease=0.005)"
595.4,0.0506772757232554,"Constant","Oscillating (resource_decrease=0.005)"
595.6,0.0498462547503487,"Constant","Oscillating (resource_decrease=0.005)"
595.8,0.0512662756792512,"Constant","Oscillating (resource_decrease=0.005)"
596,0.0551162298214629,"Constant","Oscillating (resource_decrease=0.005)"
596.2,0.0612790560698038,"Constant","Oscillating (resource_decrease=0.005)"
596.4,0.069224892547485,"Constant","Oscillating (resource_decrease=0.005)"
596.6,0.077981238199341,"Constant","Oscillating (resource_decrease=0.005)"
596.8,0.0862932963523454,"Constant","Oscillating (resource_decrease=0.005)"
597,0.0929660849020348,"Constant","Oscillating (resource_decrease=0.005)"
597.2,0.0972433694223435,"Constant","Oscillating (resource_decrease=0.005)"
597.4,0.0990625626926107,"Constant","Oscillating (resource_decrease=0.005)"
597.6,0.0991157153797841,"Constant","Oscillating (resource_decrease=0.005)"
597.8,0.0986425305790793,"Constant","Oscillating (resource_decrease=0.005)"
598,0.0988544548130093,"Constant","Oscillating (resource_decrease=0.005)"
598.2,0.100257224658116,"Constant","Oscillating (resource_decrease=0.005)"
598.4,0.102421964900831,"Constant","Oscillating (resource_decrease=0.005)"
598.6,0.104360711627907,"Constant","Oscillating (resource_decrease=0.005)"
598.8,0.10519441936801,"Constant","Oscillating (resource_decrease=0.005)"
599,0.104545558093673,"Constant","Oscillating (resource_decrease=0.005)"
599.2,0.102401977991951,"Constant","Oscillating (resource_decrease=0.005)"
599.4,0.0989062276203767,"Constant","Oscillating (resource_decrease=0.005)"
599.6,0.0943549616304364,"Constant","Oscillating (resource_decrease=0.005)"
599.8,0.0891820302477524,"Constant","Oscillating (resource_decrease=0.005)"
600,0.0838060277603089,"Constant","Oscillating (resource_decrease=0.005)"
600.2,0.0784641771288688,"Constant","Oscillating (resource_decrease=0.005)"
600.4,0.0731740388490959,"Constant","Oscillating (resource_decrease=0.005)"
600.6,0.0678655564071516,"Constant","Oscillating (resource_decrease=0.005)"
600.8,0.0625908057840199,"Constant","Oscillating (resource_decrease=0.005)"
601,0.0576427840423776,"Constant","Oscillating (resource_decrease=0.005)"
601.2,0.0535095092399588,"Constant","Oscillating (resource_decrease=0.005)"
601.4,0.0507419580158172,"Constant","Oscillating (resource_decrease=0.005)"
601.6,0.0498391939357551,"Constant","Oscillating (resource_decrease=0.005)"
601.8,0.0511774238803026,"Constant","Oscillating (resource_decrease=0.005)"
602,0.0549436337833712,"Constant","Oscillating (resource_decrease=0.005)"
602.2,0.0610330294391421,"Constant","Oscillating (resource_decrease=0.005)"
602.4,0.0689313068109959,"Constant","Oscillating (resource_decrease=0.005)"
602.6,0.0776797842045884,"Constant","Oscillating (resource_decrease=0.005)"
602.8,0.0860284494438954,"Constant","Oscillating (resource_decrease=0.005)"
603,0.0927736489884835,"Constant","Oscillating (resource_decrease=0.005)"
603.2,0.0971388013762933,"Constant","Oscillating (resource_decrease=0.005)"
603.4,0.0990352297649641,"Constant","Oscillating (resource_decrease=0.005)"
603.6,0.0991305073370821,"Constant","Oscillating (resource_decrease=0.005)"
603.8,0.0986530234051032,"Constant","Oscillating (resource_decrease=0.005)"
604,0.0988275244503734,"Constant","Oscillating (resource_decrease=0.005)"
604.2,0.100191527656644,"Constant","Oscillating (resource_decrease=0.005)"
604.4,0.102345075352342,"Constant","Oscillating (resource_decrease=0.005)"
604.6,0.104308577502124,"Constant","Oscillating (resource_decrease=0.005)"
604.8,0.105189540895573,"Constant","Oscillating (resource_decrease=0.005)"
605,0.104593146975378,"Constant","Oscillating (resource_decrease=0.005)"
605.2,0.102499364393106,"Constant","Oscillating (resource_decrease=0.005)"
605.4,0.0990462306199552,"Constant","Oscillating (resource_decrease=0.005)"
605.6,0.0945245597495421,"Constant","Oscillating (resource_decrease=0.005)"
605.8,0.0893654363784317,"Constant","Oscillating (resource_decrease=0.005)"
606,0.083991136905843,"Constant","Oscillating (resource_decrease=0.005)"
606.2,0.0786467589342051,"Constant","Oscillating (resource_decrease=0.005)"
606.4,0.0733561038103862,"Constant","Oscillating (resource_decrease=0.005)"
606.6,0.0680486177403967,"Constant","Oscillating (resource_decrease=0.005)"
606.8,0.0627692685110916,"Constant","Oscillating (resource_decrease=0.005)"
607,0.0578026766402185,"Constant","Oscillating (resource_decrease=0.005)"
607.2,0.0536321982426968,"Constant","Oscillating (resource_decrease=0.005)"
607.4,0.0508088280590054,"Constant","Oscillating (resource_decrease=0.005)"
607.6,0.0498347790302392,"Constant","Oscillating (resource_decrease=0.005)"
607.8,0.0510914600918073,"Constant","Oscillating (resource_decrease=0.005)"
608,0.0547738274249305,"Constant","Oscillating (resource_decrease=0.005)"
608.2,0.06078920198908,"Constant","Oscillating (resource_decrease=0.005)"
608.4,0.0686387818443973,"Constant","Oscillating (resource_decrease=0.005)"
608.6,0.0773778831066865,"Constant","Oscillating (resource_decrease=0.005)"
608.8,0.0857616918526104,"Constant","Oscillating (resource_decrease=0.005)"
609,0.0925783515873686,"Constant","Oscillating (resource_decrease=0.005)"
609.2,0.0970312498596812,"Constant","Oscillating (resource_decrease=0.005)"
609.4,0.0990057093706545,"Constant","Oscillating (resource_decrease=0.005)"
609.6,0.0991446175270101,"Constant","Oscillating (resource_decrease=0.005)"
609.8,0.0986643613107058,"Constant","Oscillating (resource_decrease=0.005)"
610,0.0988021082682897,"Constant","Oscillating (resource_decrease=0.005)"
610.2,0.100126840591048,"Constant","Oscillating (resource_decrease=0.005)"
610.4,0.102267968077139,"Constant","Oscillating (resource_decrease=0.005)"
610.6,0.104255123906342,"Constant","Oscillating (resource_decrease=0.005)"
610.8,0.105182893504071,"Constant","Oscillating (resource_decrease=0.005)"
611,0.104638964518067,"Constant","Oscillating (resource_decrease=0.005)"
611.2,0.102595132647848,"Constant","Oscillating (resource_decrease=0.005)"
611.4,0.0991849539194736,"Constant","Oscillating (resource_decrease=0.005)"
611.6,0.0946934009495808,"Constant","Oscillating (resource_decrease=0.005)"
611.8,0.0895486012377779,"Constant","Oscillating (resource_decrease=0.005)"
612,0.0841762983865091,"Constant","Oscillating (resource_decrease=0.005)"
612.2,0.0788294063638496,"Constant","Oscillating (resource_decrease=0.005)"
612.4,0.0735381257536689,"Constant","Oscillating (resource_decrease=0.005)"
612.6,0.0682316731532299,"Constant","Oscillating (resource_decrease=0.005)"
612.8,0.0629480645229199,"Constant","Oscillating (resource_decrease=0.005)"
613,0.0579634867194764,"Constant","Oscillating (resource_decrease=0.005)"
613.2,0.0537564679377397,"Constant","Oscillating (resource_decrease=0.005)"
613.4,0.0508778811701707,"Constant","Oscillating (resource_decrease=0.005)"
613.6,0.0498330082189856,"Constant","Oscillating (resource_decrease=0.005)"
613.8,0.0510083870652395,"Constant","Oscillating (resource_decrease=0.005)"
614,0.0546068222571215,"Constant","Oscillating (resource_decrease=0.005)"
614.2,0.0605475983106859,"Constant","Oscillating (resource_decrease=0.005)"
614.4,0.0683473546764305,"Constant","Oscillating (resource_decrease=0.005)"
614.6,0.0770755755738095,"Constant","Oscillating (resource_decrease=0.005)"
614.8,0.0854930540145741,"Constant","Oscillating (resource_decrease=0.005)"
615,0.0923802012469503,"Constant","Oscillating (resource_decrease=0.005)"
615.2,0.0969206964315587,"Constant","Oscillating (resource_decrease=0.005)"
615.4,0.0989739574949563,"Constant","Oscillating (resource_decrease=0.005)"
615.6,0.0991579892204903,"Constant","Oscillating (resource_decrease=0.005)"
615.8,0.0986765027336303,"Constant","Oscillating (resource_decrease=0.005)"
616,0.0987782014880272,"Constant","Oscillating (resource_decrease=0.005)"
616.2,0.100063191539963,"Constant","Oscillating (resource_decrease=0.005)"
616.4,0.102190679807362,"Constant","Oscillating (resource_decrease=0.005)"
616.6,0.104200369814343,"Constant","Oscillating (resource_decrease=0.005)"
616.8,0.105174475276716,"Constant","Oscillating (resource_decrease=0.005)"
617,0.104683002438971,"Constant","Oscillating (resource_decrease=0.005)"
617.2,0.102689272191248,"Constant","Oscillating (resource_decrease=0.005)"
617.4,0.0993223817332545,"Constant","Oscillating (resource_decrease=0.005)"
617.6,0.0948614674143757,"Constant","Oscillating (resource_decrease=0.005)"
617.8,0.0897315125427477,"Constant","Oscillating (resource_decrease=0.005)"
618,0.0843615104131125,"Constant","Oscillating (resource_decrease=0.005)"
618.2,0.0790121262478558,"Constant","Oscillating (resource_decrease=0.005)"
618.4,0.0737201119858473,"Constant","Oscillating (resource_decrease=0.005)"
618.6,0.0684147222633407,"Constant","Oscillating (resource_decrease=0.005)"
618.8,0.0631271842438594,"Constant","Oscillating (resource_decrease=0.005)"
619,0.058125199974914,"Constant","Oscillating (resource_decrease=0.005)"
619.2,0.0538823043832844,"Constant","Oscillating (resource_decrease=0.005)"
619.4,0.0509491064789945,"Constant","Oscillating (resource_decrease=0.005)"
619.6,0.0498338749179285,"Constant","Oscillating (resource_decrease=0.005)"
619.8,0.0509282047799119,"Constant","Oscillating (resource_decrease=0.005)"
620,0.0544426293535184,"Constant","Oscillating (resource_decrease=0.005)"
620.2,0.0603082450231658,"Constant","Oscillating (resource_decrease=0.005)"
620.4,0.0680570666947629,"Constant","Oscillating (resource_decrease=0.005)"
620.6,0.0767729083776196,"Constant","Oscillating (resource_decrease=0.005)"
620.8,0.0852225730726061,"Constant","Oscillating (resource_decrease=0.005)"
621,0.092179212400517,"Constant","Oscillating (resource_decrease=0.005)"
621.2,0.0968071266069378,"Constant","Oscillating (resource_decrease=0.005)"
621.4,0.0989399317633706,"Constant","Oscillating (resource_decrease=0.005)"
621.6,0.0991705652414007,"Constant","Oscillating (resource_decrease=0.005)"
621.8,0.0986894046659749,"Constant","Oscillating (resource_decrease=0.005)"
622,0.09875579881525,"Constant","Oscillating (resource_decrease=0.005)"
622.2,0.100000610303531,"Constant","Oscillating (resource_decrease=0.005)"
622.4,0.10211325117858,"Constant","Oscillating (resource_decrease=0.005)"
622.6,0.104144338883165,"Constant","Oscillating (resource_decrease=0.005)"
622.8,0.105164287931797,"Constant","Oscillating (resource_decrease=0.005)"
623,0.104725254641122,"Constant","Oscillating (resource_decrease=0.005)"
623.2,0.102781773641584,"Constant","Oscillating (resource_decrease=0.005)"
623.4,0.0994584984678415,"Constant","Oscillating (resource_decrease=0.005)"
623.6,0.0950287404819085,"Constant","Oscillating (resource_decrease=0.005)"
623.8,0.0899141564033336,"Constant","Oscillating (resource_decrease=0.005)"
624,0.0845467692674346,"Constant","Oscillating (resource_decrease=0.005)"
624.2,0.0791949234948894,"Constant","Oscillating (resource_decrease=0.005)"
624.4,0.0739020679196529,"Constant","Oscillating (resource_decrease=0.005)"
624.6,0.0685977624931966,"Constant","Oscillating (resource_decrease=0.005)"
624.8,0.0633066152449018,"Constant","Oscillating (resource_decrease=0.005)"
625,0.0582877985930235,"Constant","Oscillating (resource_decrease=0.005)"
625.2,0.0540096898580353,"Constant","Oscillating (resource_decrease=0.005)"
625.4,0.0510224895934939,"Constant","Oscillating (resource_decrease=0.005)"
625.6,0.0498373697356428,"Constant","Oscillating (resource_decrease=0.005)"
625.8,0.0508509114190999,"Constant","Oscillating (resource_decrease=0.005)"
626,0.0542812591771718,"Constant","Oscillating (resource_decrease=0.005)"
626.2,0.0600711694503674,"Constant","Oscillating (resource_decrease=0.005)"
626.4,0.0677679613777586,"Constant","Oscillating (resource_decrease=0.005)"
626.6,0.0764699316020413,"Constant","Oscillating (resource_decrease=0.005)"
626.8,0.0849502901289702,"Constant","Oscillating (resource_decrease=0.005)"
627,0.0919754032186484,"Constant","Oscillating (resource_decrease=0.005)"
627.2,0.0966905286638097,"Constant","Oscillating (resource_decrease=0.005)"
627.4,0.0989035912101148,"Constant","Oscillating (resource_decrease=0.005)"
627.6,0.0991822882974334,"Constant","Oscillating (resource_decrease=0.005)"
627.8,0.0987030228699705,"Constant","Oscillating (resource_decrease=0.005)"
628,0.0987348939863077,"Constant","Oscillating (resource_decrease=0.005)"
628.2,0.0999391271626268,"Constant","Oscillating (resource_decrease=0.005)"
628.4,0.102035725011989,"Constant","Oscillating (resource_decrease=0.005)"
628.6,0.104087057770172,"Constant","Oscillating (resource_decrease=0.005)"
628.8,0.10515233551983,"Constant","Oscillating (resource_decrease=0.005)"
629,0.104765716372081,"Constant","Oscillating (resource_decrease=0.005)"
629.2,0.102872628439061,"Constant","Oscillating (resource_decrease=0.005)"
629.4,0.0995932888188751,"Constant","Oscillating (resource_decrease=0.005)"
629.6,0.0951952010903603,"Constant","Oscillating (resource_decrease=0.005)"
629.8,0.0900965179660321,"Constant","Oscillating (resource_decrease=0.005)"
630,0.0847320700301333,"Constant","Oscillating (resource_decrease=0.005)"
630.2,0.0793778018862962,"Constant","Oscillating (resource_decrease=0.005)"
630.4,0.074083998006587,"Constant","Oscillating (resource_decrease=0.005)"
630.6,0.0687807902377067,"Constant","Oscillating (resource_decrease=0.005)"
630.8,0.0634863436761842,"Constant","Oscillating (resource_decrease=0.005)"
631,0.0584512628732071,"Constant","Oscillating (resource_decrease=0.005)"
631.2,0.0541386045080934,"Constant","Oscillating (resource_decrease=0.005)"
631.4,0.051098014070998,"Constant","Oscillating (resource_decrease=0.005)"
631.6,0.0498434815744183,"Constant","Oscillating (resource_decrease=0.005)"
631.8,0.0507765039457297,"Constant","Oscillating (resource_decrease=0.005)"
632,0.0541227215354888,"Constant","Oscillating (resource_decrease=0.005)"
632.2,0.0598363989439194,"Constant","Oscillating (resource_decrease=0.005)"
632.4,0.0674800830872273,"Constant","Oscillating (resource_decrease=0.005)"
632.6,0.0761666971295009,"Constant","Oscillating (resource_decrease=0.005)"
632.8,0.0846762487350047,"Constant","Oscillating (resource_decrease=0.005)"
633,0.0917687944104807,"Constant","Oscillating (resource_decrease=0.005)"
633.2,0.0965708929577866,"Constant","Oscillating (resource_decrease=0.005)"
633.4,0.0988648961245719,"Constant","Oscillating (resource_decrease=0.005)"
633.6,0.0991931011573651,"Constant","Oscillating (resource_decrease=0.005)"
633.8,0.0987173120086861,"Constant","Oscillating (resource_decrease=0.005)"
634,0.0987154795295253,"Constant","Oscillating (resource_decrease=0.005)"
634.2,0.0998787721974983,"Constant","Oscillating (resource_decrease=0.005)"
634.4,0.101958145358115,"Constant","Oscillating (resource_decrease=0.005)"
634.6,0.104028555195269,"Constant","Oscillating (resource_decrease=0.005)"
634.8,0.105138623697371,"Constant","Oscillating (resource_decrease=0.005)"
635,0.104804383738641,"Constant","Oscillating (resource_decrease=0.005)"
635.2,0.102961828616233,"Constant","Oscillating (resource_decrease=0.005)"
635.4,0.0997267377981421,"Constant","Oscillating (resource_decrease=0.005)"
635.6,0.095360830004512,"Constant","Oscillating (resource_decrease=0.005)"
635.8,0.090278581753556,"Constant","Oscillating (resource_decrease=0.005)"
636,0.0849174069679404,"Constant","Oscillating (resource_decrease=0.005)"
636.2,0.0795607644979427,"Constant","Oscillating (resource_decrease=0.005)"
636.4,0.0742659062343653,"Constant","Oscillating (resource_decrease=0.005)"
636.6,0.0689638014940077,"Constant","Oscillating (resource_decrease=0.005)"
636.8,0.0636663550474695,"Constant","Oscillating (resource_decrease=0.005)"
637,0.0586155721166867,"Constant","Oscillating (resource_decrease=0.005)"
637.2,0.0542690272552328,"Constant","Oscillating (resource_decrease=0.005)"
637.4,0.0511756622366095,"Constant","Oscillating (resource_decrease=0.005)"
637.6,0.0498521982536257,"Constant","Oscillating (resource_decrease=0.005)"
637.8,0.0507049784445713,"Constant","Oscillating (resource_decrease=0.005)"
638,0.0539670255848763,"Constant","Oscillating (resource_decrease=0.005)"
638.2,0.0596039605372353,"Constant","Oscillating (resource_decrease=0.005)"
638.4,0.0671934764202737,"Constant","Oscillating (resource_decrease=0.005)"
638.6,0.0758632578105781,"Constant","Oscillating (resource_decrease=0.005)"
638.8,0.0844004940510779,"Constant","Oscillating (resource_decrease=0.005)"
639,0.0915594085477343,"Constant","Oscillating (resource_decrease=0.005)"
639.2,0.096448211525561,"Constant","Oscillating (resource_decrease=0.005)"
639.4,0.0988238079533709,"Constant","Oscillating (resource_decrease=0.005)"
639.6,0.0992029467529627,"Constant","Oscillating (resource_decrease=0.005)"
639.8,0.0987322257314811,"Constant","Oscillating (resource_decrease=0.005)"
640,0.0986975466387976,"Constant","Oscillating (resource_decrease=0.005)"
640.2,0.0998195749049894,"Constant","Oscillating (resource_decrease=0.005)"
640.4,0.101880556952524,"Constant","Oscillating (resource_decrease=0.005)"
640.6,0.103968861411463,"Constant","Oscillating (resource_decrease=0.005)"
640.8,0.105123159322538,"Constant","Oscillating (resource_decrease=0.005)"
641,0.104841253426174,"Constant","Oscillating (resource_decrease=0.005)"
641.2,0.103049366651777,"Constant","Oscillating (resource_decrease=0.005)"
641.4,0.0998588307337411,"Constant","Oscillating (resource_decrease=0.005)"
641.6,0.0955256079319968,"Constant","Oscillating (resource_decrease=0.005)"
641.8,0.0904603318462652,"Constant","Oscillating (resource_decrease=0.005)"
642,0.0851027737405363,"Constant","Oscillating (resource_decrease=0.005)"
642.2,0.0797438139236925,"Constant","Oscillating (resource_decrease=0.005)"
642.4,0.0744477963915383,"Constant","Oscillating (resource_decrease=0.005)"
642.6,0.0691467922028881,"Constant","Oscillating (resource_decrease=0.005)"
642.8,0.0638466346577453,"Constant","Oscillating (resource_decrease=0.005)"
643,0.0587807051192826,"Constant","Oscillating (resource_decrease=0.005)"
643.2,0.0544009363028609,"Constant","Oscillating (resource_decrease=0.005)"
643.4,0.0512554156428481,"Constant","Oscillating (resource_decrease=0.005)"
643.6,0.0498635068660718,"Constant","Oscillating (resource_decrease=0.005)"
643.8,0.0506363303276876,"Constant","Oscillating (resource_decrease=0.005)"
644,0.0538141798514502,"Constant","Oscillating (resource_decrease=0.005)"
644.2,0.0593738807690072,"Constant","Oscillating (resource_decrease=0.005)"
644.4,0.0669081858572376,"Constant","Oscillating (resource_decrease=0.005)"
644.6,0.0755596670014458,"Constant","Oscillating (resource_decrease=0.005)"
644.8,0.0841230723721294,"Constant","Oscillating (resource_decrease=0.005)"
645,0.0913472696786044,"Constant","Oscillating (resource_decrease=0.005)"
645.2,0.0963224778536425,"Constant","Oscillating (resource_decrease=0.005)"
645.4,0.0987802892403889,"Constant","Oscillating (resource_decrease=0.005)"
645.6,0.0992117682443545,"Constant","Oscillating (resource_decrease=0.005)"
645.8,0.098747716735751,"Constant","Oscillating (resource_decrease=0.005)"
646,0.0986810851066363,"Constant","Oscillating (resource_decrease=0.005)"
646.2,0.0997615639764616,"Constant","Oscillating (resource_decrease=0.005)"
646.4,0.101803004896081,"Constant","Oscillating (resource_decrease=0.005)"
646.6,0.103908007900609,"Constant","Oscillating (resource_decrease=0.005)"
646.8,0.105105950231329,"Constant","Oscillating (resource_decrease=0.005)"
647,0.104876322536628,"Constant","Oscillating (resource_decrease=0.005)"
647.2,0.10313523537671,"Constant","Oscillating (resource_decrease=0.005)"
647.4,0.0999895532619082,"Constant","Oscillating (resource_decrease=0.005)"
647.6,0.0956895155846509,"Constant","Oscillating (resource_decrease=0.005)"
647.8,0.0906417519810168,"Constant","Oscillating (resource_decrease=0.005)"
648,0.085288163511636,"Constant","Oscillating (resource_decrease=0.005)"
648.2,0.0799269523926185,"Constant","Oscillating (resource_decrease=0.005)"
648.4,0.0746296722068052,"Constant","Oscillating (resource_decrease=0.005)"
648.6,0.0693297584344759,"Constant","Oscillating (resource_decrease=0.005)"
648.8,0.064027167834612,"Constant","Oscillating (resource_decrease=0.005)"
649,0.0589466404483454,"Constant","Oscillating (resource_decrease=0.005)"
649.2,0.0545343094212271,"Constant","Oscillating (resource_decrease=0.005)"
649.4,0.0513372553304783,"Constant","Oscillating (resource_decrease=0.005)"
649.6,0.0498773939839655,"Constant","Oscillating (resource_decrease=0.005)"
649.8,0.050570554459398,"Constant","Oscillating (resource_decrease=0.005)"
650,0.0536641922542847,"Constant","Oscillating (resource_decrease=0.005)"
650.2,0.0591461855936206,"Constant","Oscillating (resource_decrease=0.005)"
650.4,0.0666242555673138,"Constant","Oscillating (resource_decrease=0.005)"
650.6,0.0752559783005303,"Constant","Oscillating (resource_decrease=0.005)"
650.8,0.0838440308539481,"Constant","Oscillating (resource_decrease=0.005)"
651,0.0911324031034766,"Constant","Oscillating (resource_decrease=0.005)"
651.2,0.0961936867422393,"Constant","Oscillating (resource_decrease=0.005)"
651.4,0.0987343035918345,"Constant","Oscillating (resource_decrease=0.005)"
651.6,0.0992195090679283,"Constant","Oscillating (resource_decrease=0.005)"
651.8,0.0987637368165245,"Constant","Oscillating (resource_decrease=0.005)"
652,0.0986660832892777,"Constant","Oscillating (resource_decrease=0.005)"
652.2,0.0997047671630507,"Constant","Oscillating (resource_decrease=0.005)"
652.4,0.101725534458498,"Constant","Oscillating (resource_decrease=0.005)"
652.6,0.103846027194047,"Constant","Oscillating (resource_decrease=0.005)"
652.8,0.105087005116264,"Constant","Oscillating (resource_decrease=0.005)"
653,0.104909588495947,"Constant","Oscillating (resource_decrease=0.005)"
653.2,0.103219427913514,"Constant","Oscillating (resource_decrease=0.005)"
653.4,0.10011889131789,"Constant","Oscillating (resource_decrease=0.005)"
653.6,0.0958525337127374,"Constant","Oscillating (resource_decrease=0.005)"
653.8,0.0908228256069047,"Constant","Oscillating (resource_decrease=0.005)"
654,0.085473569009031,"Constant","Oscillating (resource_decrease=0.005)"
654.2,0.0801101818289932,"Constant","Oscillating (resource_decrease=0.005)"
654.4,0.0748115374204034,"Constant","Oscillating (resource_decrease=0.005)"
654.6,0.0695126964891227,"Constant","Oscillating (resource_decrease=0.005)"
654.8,0.064207940069731,"Constant","Oscillating (resource_decrease=0.005)"
655,0.0591133566011622,"Constant","Oscillating (resource_decrease=0.005)"
655.2,0.0546691241105563,"Constant","Oscillating (resource_decrease=0.005)"
655.4,0.0514211619782898,"Constant","Oscillating (resource_decrease=0.005)"
655.6,0.0498938457794866,"Constant","Oscillating (resource_decrease=0.005)"
655.8,0.0505076452335999,"Constant","Oscillating (resource_decrease=0.005)"
656,0.053517070126481,"Constant","Oscillating (resource_decrease=0.005)"
656.2,0.058920900336205,"Constant","Oscillating (resource_decrease=0.005)"
656.4,0.0663417292986757,"Constant","Oscillating (resource_decrease=0.005)"
656.6,0.0749522453938503,"Constant","Oscillating (resource_decrease=0.005)"
656.8,0.0835634173504474,"Constant","Oscillating (resource_decrease=0.005)"
657,0.0909148352416061,"Constant","Oscillating (resource_decrease=0.005)"
657.2,0.0960618342242274,"Constant","Oscillating (resource_decrease=0.005)"
657.4,0.0986858156575517,"Constant","Oscillating (resource_decrease=0.005)"
657.6,0.0992261129759648,"Constant","Oscillating (resource_decrease=0.005)"
657.8,0.0987802369100566,"Constant","Oscillating (resource_decrease=0.005)"
658,0.0986525280895249,"Constant","Oscillating (resource_decrease=0.005)"
658.2,0.099649211188948,"Constant","Oscillating (resource_decrease=0.005)"
658.4,0.101648190950152,"Constant","Oscillating (resource_decrease=0.005)"
658.6,0.103782952762813,"Constant","Oscillating (resource_decrease=0.005)"
658.8,0.105066333463345,"Constant","Oscillating (resource_decrease=0.005)"
659,0.104941049002535,"Constant","Oscillating (resource_decrease=0.005)"
659.2,0.103301937635891,"Constant","Oscillating (resource_decrease=0.005)"
659.4,0.100246831128355,"Constant","Oscillating (resource_decrease=0.005)"
659.6,0.0960146431259154,"Constant","Oscillating (resource_decrease=0.005)"
659.8,0.091003535918509,"Constant","Oscillating (resource_decrease=0.005)"
660,0.0856589825573709,"Constant","Oscillating (resource_decrease=0.005)"
660.2,0.0802935038813283,"Constant","Oscillating (resource_decrease=0.005)"
660.4,0.0749933958183915,"Constant","Oscillating (resource_decrease=0.005)"
660.6,0.0696956029516825,"Constant","Oscillating (resource_decrease=0.005)"
660.8,0.0643889370969752,"Constant","Oscillating (resource_decrease=0.005)"
661,0.0592808320977523,"Constant","Oscillating (resource_decrease=0.005)"
661.2,0.0548053576961396,"Constant","Oscillating (resource_decrease=0.005)"
661.4,0.0515071159903417,"Constant","Oscillating (resource_decrease=0.005)"
661.6,0.0499128480964522,"Constant","Oscillating (resource_decrease=0.005)"
661.8,0.0504475966227126,"Constant","Oscillating (resource_decrease=0.005)"
662,0.0533728202329696,"Constant","Oscillating (resource_decrease=0.005)"
662.2,0.0586980496706392,"Constant","Oscillating (resource_decrease=0.005)"
662.4,0.0660606503142232,"Constant","Oscillating (resource_decrease=0.005)"
662.6,0.0746485219601013,"Constant","Oscillating (resource_decrease=0.005)"
662.8,0.0832812803127545,"Constant","Oscillating (resource_decrease=0.005)"
663,0.0906945935492715,"Constant","Oscillating (resource_decrease=0.005)"
663.2,0.0959269175161881,"Constant","Oscillating (resource_decrease=0.005)"
663.4,0.0986347911226176,"Constant","Oscillating (resource_decrease=0.005)"
663.6,0.0992315240723563,"Constant","Oscillating (resource_decrease=0.005)"
663.8,0.0987971671346484,"Constant","Oscillating (resource_decrease=0.005)"
664,0.0986404049497638,"Constant","Oscillating (resource_decrease=0.005)"
664.2,0.0995949216914885,"Constant","Oscillating (resource_decrease=0.005)"
664.4,0.101571019632021,"Constant","Oscillating (resource_decrease=0.005)"
664.6,0.103718818946691,"Constant","Oscillating (resource_decrease=0.005)"
664.8,0.105043945522387,"Constant","Oscillating (resource_decrease=0.005)"
665,0.104970702000325,"Constant","Oscillating (resource_decrease=0.005)"
665.2,0.10338275814145,"Constant","Oscillating (resource_decrease=0.005)"
665.4,0.100373359205802,"Constant","Oscillating (resource_decrease=0.005)"
665.6,0.0961758247078393,"Constant","Oscillating (resource_decrease=0.005)"
665.8,0.0911838658774475,"Constant","Oscillating (resource_decrease=0.005)"
666,0.0858443960963893,"Constant","Oscillating (resource_decrease=0.005)"
666.2,0.0804769199346185,"Constant","Oscillating (resource_decrease=0.005)"
666.4,0.0751752512465029,"Constant","Oscillating (resource_decrease=0.005)"
666.6,0.0698784747199001,"Constant","Oscillating (resource_decrease=0.005)"
666.8,0.0645701449386866,"Constant","Oscillating (resource_decrease=0.005)"
667,0.0594490455370414,"Constant","Oscillating (resource_decrease=0.005)"
667.2,0.0549429873851924,"Constant","Oscillating (resource_decrease=0.005)"
667.4,0.0515950975476915,"Constant","Oscillating (resource_decrease=0.005)"
667.6,0.0499343864937324,"Constant","Oscillating (resource_decrease=0.005)"
667.8,0.0503904022095998,"Constant","Oscillating (resource_decrease=0.005)"
668,0.0532314487852953,"Constant","Oscillating (resource_decrease=0.005)"
668.2,0.0584776576093997,"Constant","Oscillating (resource_decrease=0.005)"
668.4,0.065781061352187,"Constant","Oscillating (resource_decrease=0.005)"
668.6,0.0743448616088649,"Constant","Oscillating (resource_decrease=0.005)"
668.8,0.0829976687229684,"Constant","Oscillating (resource_decrease=0.005)"
669,0.090471706467228,"Constant","Oscillating (resource_decrease=0.005)"
669.2,0.0957889349881981,"Constant","Oscillating (resource_decrease=0.005)"
669.4,0.0985811967053484,"Constant","Oscillating (resource_decrease=0.005)"
669.6,0.0992356868463921,"Constant","Oscillating (resource_decrease=0.005)"
669.8,0.0988144768303683,"Constant","Oscillating (resource_decrease=0.005)"
670,0.0986296978511294,"Constant","Oscillating (resource_decrease=0.005)"
670.2,0.0995419231764984,"Constant","Oscillating (resource_decrease=0.005)"
670.4,0.101494065647107,"Constant","Oscillating (resource_decrease=0.005)"
670.6,0.103653660904883,"Constant","Oscillating (resource_decrease=0.005)"
670.8,0.105019852296515,"Constant","Oscillating (resource_decrease=0.005)"
671,0.104998545666804,"Constant","Oscillating (resource_decrease=0.005)"
671.2,0.103461883232554,"Constant","Oscillating (resource_decrease=0.005)"
671.4,0.100498462344706,"Constant","Oscillating (resource_decrease=0.005)"
671.6,0.0963360594277502,"Constant","Oscillating (resource_decrease=0.005)"
671.8,0.0913637982278848,"Constant","Oscillating (resource_decrease=0.005)"
672,0.0860298011913898,"Constant","Oscillating (resource_decrease=0.005)"
672.2,0.0806604311134663,"Constant","Oscillating (resource_decrease=0.005)"
672.4,0.0753571076126498,"Constant","Oscillating (resource_decrease=0.005)"
672.6,0.070061309018232,"Constant","Oscillating (resource_decrease=0.005)"
672.8,0.0647515499339825,"Constant","Oscillating (resource_decrease=0.005)"
673,0.0596179756324155,"Constant","Oscillating (resource_decrease=0.005)"
673.2,0.0550819903020641,"Constant","Oscillating (resource_decrease=0.005)"
673.4,0.0516850866397897,"Constant","Oscillating (resource_decrease=0.005)"
673.6,0.0499584462721946,"Constant","Oscillating (resource_decrease=0.005)"
673.8,0.050336055209207,"Constant","Oscillating (resource_decrease=0.005)"
674,0.0530929614540147,"Constant","Oscillating (resource_decrease=0.005)"
674.2,0.058259747499553,"Constant","Oscillating (resource_decrease=0.005)"
674.4,0.0655030046004352,"Constant","Oscillating (resource_decrease=0.005)"
674.6,0.0740413178373679,"Constant","Oscillating (resource_decrease=0.005)"
674.8,0.0827126320474899,"Constant","Oscillating (resource_decrease=0.005)"
675,0.0902462033849146,"Constant","Oscillating (resource_decrease=0.005)"
675.2,0.0956478861446147,"Constant","Oscillating (resource_decrease=0.005)"
675.4,0.0985250001591973,"Constant","Oscillating (resource_decrease=0.005)"
675.6,0.0992385462054652,"Constant","Oscillating (resource_decrease=0.005)"
675.8,0.0988321145985171,"Constant","Oscillating (resource_decrease=0.005)"
676,0.0986203893166516,"Constant","Oscillating (resource_decrease=0.005)"
676.2,0.0994902389825736,"Constant","Oscillating (resource_decrease=0.005)"
676.4,0.101417373964088,"Constant","Oscillating (resource_decrease=0.005)"
676.6,0.103587514578575,"Constant","Oscillating (resource_decrease=0.005)"
676.8,0.10499406554261,"Constant","Oscillating (resource_decrease=0.005)"
677,0.105024578410333,"Constant","Oscillating (resource_decrease=0.005)"
677.2,0.103539306902335,"Constant","Oscillating (resource_decrease=0.005)"
677.4,0.100622127618932,"Constant","Oscillating (resource_decrease=0.005)"
677.6,0.0964953283506816,"Constant","Oscillating (resource_decrease=0.005)"
677.8,0.0915433155089602,"Constant","Oscillating (resource_decrease=0.005)"
678,0.0862151890396651,"Constant","Oscillating (resource_decrease=0.005)"
678.2,0.0808440382802804,"Constant","Oscillating (resource_decrease=0.005)"
678.4,0.0755389688830672,"Constant","Oscillating (resource_decrease=0.005)"
678.6,0.0702441034033309,"Constant","Oscillating (resource_decrease=0.005)"
678.8,0.0649331387568175,"Constant","Oscillating (resource_decrease=0.005)"
679,0.0597876012355645,"Constant","Oscillating (resource_decrease=0.005)"
679.2,0.055222343511097,"Constant","Oscillating (resource_decrease=0.005)"
679.4,0.0517770630841346,"Constant","Oscillating (resource_decrease=0.005)"
679.6,0.049985012491956,"Constant","Oscillating (resource_decrease=0.005)"
679.8,0.0502845484839274,"Constant","Oscillating (resource_decrease=0.005)"
680,0.0529573633793347,"Constant","Oscillating (resource_decrease=0.005)"
680.2,0.0580443420219783,"Constant","Oscillating (resource_decrease=0.005)"
680.4,0.0652265216784634,"Constant","Oscillating (resource_decrease=0.005)"
680.6,0.0737379439977522,"Constant","Oscillating (resource_decrease=0.005)"
680.8,0.0824262202014694,"Constant","Oscillating (resource_decrease=0.005)"
681,0.0900181146142596,"Constant","Oscillating (resource_decrease=0.005)"
681.2,0.0955037716113061,"Constant","Oscillating (resource_decrease=0.005)"
681.4,0.0984661702769354,"Constant","Oscillating (resource_decrease=0.005)"
681.6,0.0992400475070209,"Constant","Oscillating (resource_decrease=0.005)"
681.8,0.0988500283412467,"Constant","Oscillating (resource_decrease=0.005)"
682,0.0986124604172036,"Constant","Oscillating (resource_decrease=0.005)"
682.2,0.099439891250789,"Constant","Oscillating (resource_decrease=0.005)"
682.4,0.101340989328047,"Constant","Oscillating (resource_decrease=0.005)"
682.6,0.103520416659877,"Constant","Oscillating (resource_decrease=0.005)"
682.8,0.104966597777928,"Constant","Oscillating (resource_decrease=0.005)"
683,0.105048798873379,"Constant","Oscillating (resource_decrease=0.005)"
683.2,0.103615023324034,"Constant","Oscillating (resource_decrease=0.005)"
683.4,0.100744342379987,"Constant","Oscillating (resource_decrease=0.005)"
683.6,0.0966536126470262,"Constant","Oscillating (resource_decrease=0.005)"
683.8,0.091722400065691,"Constant","Oscillating (resource_decrease=0.005)"
684,0.0864005504748437,"Constant","Oscillating (resource_decrease=0.005)"
684.2,0.0810277420308543,"Constant","Oscillating (resource_decrease=0.005)"
684.4,0.0757208390748646,"Constant","Oscillating (resource_decrease=0.005)"
684.6,0.0704268557646625,"Constant","Oscillating (resource_decrease=0.005)"
684.8,0.0651148984281062,"Constant","Oscillating (resource_decrease=0.005)"
685,0.0599579013536127,"Constant","Oscillating (resource_decrease=0.005)"
685.2,0.0553640240324004,"Constant","Oscillating (resource_decrease=0.005)"
685.4,0.0518710065391025,"Constant","Oscillating (resource_decrease=0.005)"
685.6,0.0500140699838741,"Constant","Oscillating (resource_decrease=0.005)"
685.8,0.0502358745551062,"Constant","Oscillating (resource_decrease=0.005)"
686,0.0528246591805133,"Constant","Oscillating (resource_decrease=0.005)"
686.2,0.0578314631923305,"Constant","Oscillating (resource_decrease=0.005)"
686.4,0.0649516536237931,"Constant","Oscillating (resource_decrease=0.005)"
686.6,0.0734347932703924,"Constant","Oscillating (resource_decrease=0.005)"
686.8,0.0821384835195993,"Constant","Oscillating (resource_decrease=0.005)"
687,0.0897874713689733,"Constant","Oscillating (resource_decrease=0.005)"
687.2,0.0953565931266388,"Constant","Oscillating (resource_decrease=0.005)"
687.4,0.0984046768960874,"Constant","Oscillating (resource_decrease=0.005)"
687.6,0.0992401365898408,"Constant","Oscillating (resource_decrease=0.005)"
687.8,0.0988681653015085,"Constant","Oscillating (resource_decrease=0.005)"
688,0.0986058907796002,"Constant","Oscillating (resource_decrease=0.005)"
688.2,0.0993909008978899,"Constant","Oscillating (resource_decrease=0.005)"
688.4,0.10126495621533,"Constant","Oscillating (resource_decrease=0.005)"
688.6,0.103452404563977,"Constant","Oscillating (resource_decrease=0.005)"
688.8,0.104937462290072,"Constant","Oscillating (resource_decrease=0.005)"
689,0.105071205939649,"Constant","Oscillating (resource_decrease=0.005)"
689.2,0.103689026842508,"Constant","Oscillating (resource_decrease=0.005)"
689.4,0.100865094255756,"Constant","Oscillating (resource_decrease=0.005)"
689.6,0.0968108936018011,"Constant","Oscillating (resource_decrease=0.005)"
689.8,0.0919010340591568,"Constant","Oscillating (resource_decrease=0.005)"
690,0.0865858759702414,"Constant","Oscillating (resource_decrease=0.005)"
690.2,0.0812115426886013,"Constant","Oscillating (resource_decrease=0.005)"
690.4,0.0759027222465264,"Constant","Oscillating (resource_decrease=0.005)"
690.6,0.0706095643221916,"Constant","Oscillating (resource_decrease=0.005)"
690.8,0.0652968163243176,"Constant","Oscillating (resource_decrease=0.005)"
691,0.0601288551623679,"Constant","Oscillating (resource_decrease=0.005)"
691.2,0.0555070088535432,"Constant","Oscillating (resource_decrease=0.005)"
691.4,0.0519668965127907,"Constant","Oscillating (resource_decrease=0.005)"
691.6,0.0500456033575813,"Constant","Oscillating (resource_decrease=0.005)"
691.8,0.0501900256121414,"Constant","Oscillating (resource_decrease=0.005)"
692,0.0526948529644068,"Constant","Oscillating (resource_decrease=0.005)"
692.2,0.0576211323629894,"Constant","Oscillating (resource_decrease=0.005)"
692.4,0.0646784408809953,"Constant","Oscillating (resource_decrease=0.005)"
692.6,0.0731319186407682,"Constant","Oscillating (resource_decrease=0.005)"
692.8,0.0818494727305365,"Constant","Oscillating (resource_decrease=0.005)"
693,0.089554305746943,"Constant","Oscillating (resource_decrease=0.005)"
693.2,0.0952063535346227,"Constant","Oscillating (resource_decrease=0.005)"
693.4,0.0983404909049784,"Constant","Oscillating (resource_decrease=0.005)"
693.6,0.0992387598046559,"Constant","Oscillating (resource_decrease=0.005)"
693.8,0.0988864721033926,"Constant","Oscillating (resource_decrease=0.005)"
694,0.0986006585964877,"Constant","Oscillating (resource_decrease=0.005)"
694.2,0.099343287591878,"Constant","Oscillating (resource_decrease=0.005)"
694.4,0.101189318790912,"Constant","Oscillating (resource_decrease=0.005)"
694.6,0.103383516402672,"Constant","Oscillating (resource_decrease=0.005)"
694.8,0.104906673148615,"Constant","Oscillating (resource_decrease=0.005)"
695,0.105091798743888,"Constant","Oscillating (resource_decrease=0.005)"
695.2,0.10376131196721,"Constant","Oscillating (resource_decrease=0.005)"
695.4,0.100984371149441,"Constant","Oscillating (resource_decrease=0.005)"
695.6,0.0969671526237362,"Constant","Oscillating (resource_decrease=0.005)"
695.8,0.0920791994763875,"Constant","Oscillating (resource_decrease=0.005)"
696,0.0867711556418115,"Constant","Oscillating (resource_decrease=0.005)"
696.2,0.0813954402981603,"Constant","Oscillating (resource_decrease=0.005)"
696.4,0.0760846224872381,"Constant","Oscillating (resource_decrease=0.005)"
696.6,0.0707922276222351,"Constant","Oscillating (resource_decrease=0.005)"
696.8,0.0654788801839096,"Constant","Oscillating (resource_decrease=0.005)"
697,0.060300442017297,"Constant","Oscillating (resource_decrease=0.005)"
697.2,0.0556512749388906,"Constant","Oscillating (resource_decrease=0.005)"
697.4,0.0520647123695144,"Constant","Oscillating (resource_decrease=0.005)"
697.6,0.0500795970074166,"Constant","Oscillating (resource_decrease=0.005)"
697.8,0.0501469935200596,"Constant","Oscillating (resource_decrease=0.005)"
698,0.0525679483334428,"Constant","Oscillating (resource_decrease=0.005)"
698.2,0.0574133702256123,"Constant","Oscillating (resource_decrease=0.005)"
698.4,0.0644069232923594,"Constant","Oscillating (resource_decrease=0.005)"
698.6,0.0728293728784902,"Constant","Oscillating (resource_decrease=0.005)"
698.8,0.0815592389334062,"Constant","Oscillating (resource_decrease=0.005)"
699,0.08931865071434,"Constant","Oscillating (resource_decrease=0.005)"
699.2,0.0950530567792545,"Constant","Oscillating (resource_decrease=0.005)"
699.4,0.0982735842489803,"Constant","Oscillating (resource_decrease=0.005)"
699.6,0.0992358640440463,"Constant","Oscillating (resource_decrease=0.005)"
699.8,0.0989048947928525,"Constant","Oscillating (resource_decrease=0.005)"
700,0.098596740637819,"Constant","Oscillating (resource_decrease=0.005)"
700.2,0.099297069729375,"Constant","Oscillating (resource_decrease=0.005)"
700.4,0.101114120867322,"Constant","Oscillating (resource_decrease=0.005)"
700.6,0.103313790958252,"Constant","Oscillating (resource_decrease=0.005)"
700.8,0.104874245217366,"Constant","Oscillating (resource_decrease=0.005)"
701,0.105110576683601,"Constant","Oscillating (resource_decrease=0.005)"
701.2,0.103831873366202,"Constant","Oscillating (resource_decrease=0.005)"
701.4,0.101102161238541,"Constant","Oscillating (resource_decrease=0.005)"
701.6,0.0971223712542282,"Constant","Oscillating (resource_decrease=0.005)"
701.8,0.0922568781401681,"Constant","Oscillating (resource_decrease=0.005)"
702,0.0869563792510145,"Constant","Oscillating (resource_decrease=0.005)"
702.2,0.0815794346187737,"Constant","Oscillating (resource_decrease=0.005)"
702.4,0.0762665439055352,"Constant","Oscillating (resource_decrease=0.005)"
702.6,0.0709748445321084,"Constant","Oscillating (resource_decrease=0.005)"
702.8,0.0656610781123815,"Constant","Oscillating (resource_decrease=0.005)"
703,0.0604726414631565,"Constant","Oscillating (resource_decrease=0.005)"
703.2,0.0557967992375903,"Constant","Oscillating (resource_decrease=0.005)"
703.4,0.0521644333349321,"Constant","Oscillating (resource_decrease=0.005)"
703.6,0.0501160351170687,"Constant","Oscillating (resource_decrease=0.005)"
703.8,0.0501067698261109,"Constant","Oscillating (resource_decrease=0.005)"
704,0.0524439483932055,"Constant","Oscillating (resource_decrease=0.005)"
704.2,0.0572081968140958,"Constant","Oscillating (resource_decrease=0.005)"
704.4,0.0641371400896621,"Constant","Oscillating (resource_decrease=0.005)"
704.6,0.0725272085176865,"Constant","Oscillating (resource_decrease=0.005)"
704.8,0.0812678335754919,"Constant","Oscillating (resource_decrease=0.005)"
705,0.0890805400906209,"Constant","Oscillating (resource_decrease=0.005)"
705.2,0.0948967078994803,"Constant","Oscillating (resource_decrease=0.005)"
705.4,0.0982039299367067,"Constant","Oscillating (resource_decrease=0.005)"
705.6,0.0992313967715879,"Constant","Oscillating (resource_decrease=0.005)"
705.8,0.0989233788787831,"Constant","Oscillating (resource_decrease=0.005)"
706,0.0985941122637959,"Constant","Oscillating (resource_decrease=0.005)"
706.2,0.0992522644144232,"Constant","Oscillating (resource_decrease=0.005)"
706.4,0.101039405864599,"Constant","Oscillating (resource_decrease=0.005)"
706.6,0.103243267657117,"Constant","Oscillating (resource_decrease=0.005)"
706.8,0.104840194166633,"Constant","Oscillating (resource_decrease=0.005)"
707,0.10512753943222,"Constant","Oscillating (resource_decrease=0.005)"
707.2,0.103900705860943,"Constant","Oscillating (resource_decrease=0.005)"
707.4,0.101218452973715,"Constant","Oscillating (resource_decrease=0.005)"
707.6,0.0972765311761557,"Constant","Oscillating (resource_decrease=0.005)"
707.8,0.092434051718865,"Constant","Oscillating (resource_decrease=0.005)"
708,0.0871415362077853,"Constant","Oscillating (resource_decrease=0.005)"
708.2,0.0817635251176683,"Constant","Oscillating (resource_decrease=0.005)"
708.4,0.0764484906175702,"Constant","Oscillating (resource_decrease=0.005)"
708.6,0.0711574142339284,"Constant","Oscillating (resource_decrease=0.005)"
708.8,0.0658433985863927,"Constant","Oscillating (resource_decrease=0.005)"
709,0.0606454332428124,"Constant","Oscillating (resource_decrease=0.005)"
709.2,0.0559435586907953,"Constant","Oscillating (resource_decrease=0.005)"
709.4,0.0522660385003696,"Constant","Oscillating (resource_decrease=0.005)"
709.6,0.050154901663414,"Constant","Oscillating (resource_decrease=0.005)"
709.8,0.0500693457657134,"Constant","Oscillating (resource_decrease=0.005)"
710,0.0523228557597631,"Constant","Oscillating (resource_decrease=0.005)"
710.2,0.0570056315078519,"Constant","Oscillating (resource_decrease=0.005)"
710.4,0.0638691298867391,"Constant","Oscillating (resource_decrease=0.005)"
710.6,0.0722254778383009,"Constant","Oscillating (resource_decrease=0.005)"
710.8,0.0809753084305939,"Constant","Oscillating (resource_decrease=0.005)"
711,0.0888400085339355,"Constant","Oscillating (resource_decrease=0.005)"
711.2,0.0947373130244246,"Constant","Oscillating (resource_decrease=0.005)"
711.4,0.0981315020460022,"Constant","Oscillating (resource_decrease=0.005)"
711.6,0.099225306050202,"Constant","Oscillating (resource_decrease=0.005)"
711.8,0.0989418693744058,"Constant","Oscillating (resource_decrease=0.005)"
712,0.0985927474392102,"Constant","Oscillating (resource_decrease=0.005)"
712.2,0.0992088874385271,"Constant","Oscillating (resource_decrease=0.005)"
712.4,0.100965216770991,"Constant","Oscillating (resource_decrease=0.005)"
712.6,0.103171986542796,"Constant","Oscillating (resource_decrease=0.005)"
712.8,0.104804536485061,"Constant","Oscillating (resource_decrease=0.005)"
713,0.105142686953425,"Constant","Oscillating (resource_decrease=0.005)"
713.2,0.103967804421706,"Constant","Oscillating (resource_decrease=0.005)"
713.4,0.101333235077464,"Constant","Oscillating (resource_decrease=0.005)"
713.6,0.0974296142225396,"Constant","Oscillating (resource_decrease=0.005)"
713.8,0.0926107017363288,"Constant","Oscillating (resource_decrease=0.005)"
714,0.0873266155736934,"Constant","Oscillating (resource_decrease=0.005)"
714.2,0.0819477109635706,"Constant","Oscillating (resource_decrease=0.005)"
714.4,0.0766304667351684,"Constant","Oscillating (resource_decrease=0.005)"
714.6,0.0713399362177847,"Constant","Oscillating (resource_decrease=0.005)"
714.8,0.0660258304572034,"Constant","Oscillating (resource_decrease=0.005)"
715,0.0608187973055598,"Constant","Oscillating (resource_decrease=0.005)"
715.2,0.0560915302384701,"Constant","Oscillating (resource_decrease=0.005)"
715.4,0.0523695068266879,"Constant","Oscillating (resource_decrease=0.005)"
715.6,0.0501961804198469,"Constant","Oscillating (resource_decrease=0.005)"
715.8,0.0500347122679527,"Constant","Oscillating (resource_decrease=0.005)"
716,0.0522046725668207,"Constant","Oscillating (resource_decrease=0.005)"
716.2,0.0568056930353487,"Constant","Oscillating (resource_decrease=0.005)"
716.4,0.063602930672689,"Constant","Oscillating (resource_decrease=0.005)"
716.6,0.0719242328480474,"Constant","Oscillating (resource_decrease=0.005)"
716.8,0.0806817155777631,"Constant","Oscillating (resource_decrease=0.005)"
717,0.088597091526656,"Constant","Oscillating (resource_decrease=0.005)"
717.2,0.0945748793686692,"Constant","Oscillating (resource_decrease=0.005)"
717.4,0.0980562757296279,"Constant","Oscillating (resource_decrease=0.005)"
717.6,0.0992175405696777,"Constant","Oscillating (resource_decrease=0.005)"
717.8,0.0989603108389006,"Constant","Oscillating (resource_decrease=0.005)"
718,0.0985926187491374,"Constant","Oscillating (resource_decrease=0.005)"
718.2,0.099166953261834,"Constant","Oscillating (resource_decrease=0.005)"
718.4,0.100891596104233,"Constant","Oscillating (resource_decrease=0.005)"
718.6,0.103099988248179,"Constant","Oscillating (resource_decrease=0.005)"
718.8,0.104767289490806,"Constant","Oscillating (resource_decrease=0.005)"
719,0.105156019516414,"Constant","Oscillating (resource_decrease=0.005)"
719.2,0.104033164163531,"Constant","Oscillating (resource_decrease=0.005)"
719.4,0.101446496542561,"Constant","Oscillating (resource_decrease=0.005)"
719.6,0.0975816023850268,"Constant","Oscillating (resource_decrease=0.005)"
719.8,0.0927868095818863,"Constant","Oscillating (resource_decrease=0.005)"
720,0.0875116060653477,"Constant","Oscillating (resource_decrease=0.005)"
720.2,0.0821319910204328,"Constant","Oscillating (resource_decrease=0.005)"
720.4,0.076812476353779,"Constant","Oscillating (resource_decrease=0.005)"
720.6,0.0715224102744061,"Constant","Oscillating (resource_decrease=0.005)"
720.8,0.0662083629535828,"Constant","Oscillating (resource_decrease=0.005)"
721,0.0609927138151209,"Constant","Oscillating (resource_decrease=0.005)"
721.2,0.056240690825983,"Constant","Oscillating (resource_decrease=0.005)"
721.4,0.0524748171479011,"Constant","Oscillating (resource_decrease=0.005)"
721.6,0.0502398549592818,"Constant","Oscillating (resource_decrease=0.005)"
721.8,0.0500028599607641,"Constant","Oscillating (resource_decrease=0.005)"
722,0.0520894004727516,"Constant","Oscillating (resource_decrease=0.005)"
722.2,0.0566083994778886,"Constant","Oscillating (resource_decrease=0.005)"
722.4,0.0633385798056136,"Constant","Oscillating (resource_decrease=0.005)"
722.6,0.0716235252648785,"Constant","Oscillating (resource_decrease=0.005)"
722.8,0.0803871073802349,"Constant","Oscillating (resource_decrease=0.005)"
723,0.0883518253608528,"Constant","Oscillating (resource_decrease=0.005)"
723.2,0.0944094152274488,"Constant","Oscillating (resource_decrease=0.005)"
723.4,0.0979782272205947,"Constant","Oscillating (resource_decrease=0.005)"
723.6,0.099208049673345,"Constant","Oscillating (resource_decrease=0.005)"
723.8,0.0989786474192291,"Constant","Oscillating (resource_decrease=0.005)"
724,0.0985936974159565,"Constant","Oscillating (resource_decrease=0.005)"
724.2,0.0991264749953968,"Constant","Oscillating (resource_decrease=0.005)"
724.4,0.100818585873329,"Constant","Oscillating (resource_decrease=0.005)"
724.6,0.103027313966877,"Constant","Oscillating (resource_decrease=0.005)"
724.8,0.104728471341829,"Constant","Oscillating (resource_decrease=0.005)"
725,0.105167537711983,"Constant","Oscillating (resource_decrease=0.005)"
725.2,0.104096780342689,"Constant","Oscillating (resource_decrease=0.005)"
725.4,0.101558226630203,"Constant","Oscillating (resource_decrease=0.005)"
725.6,0.0977324778221723,"Constant","Oscillating (resource_decrease=0.005)"
725.8,0.0929623565204338,"Constant","Oscillating (resource_decrease=0.005)"
726,0.0876964960580733,"Constant","Oscillating (resource_decrease=0.005)"
726.2,0.0823163638414173,"Constant","Oscillating (resource_decrease=0.005)"
726.4,0.0769945235403893,"Constant","Oscillating (resource_decrease=0.005)"
726.6,0.0717048364874008,"Constant","Oscillating (resource_decrease=0.005)"
726.8,0.0663909856842737,"Constant","Oscillating (resource_decrease=0.005)"
727,0.0611671631574258,"Constant","Oscillating (resource_decrease=0.005)"
727.2,0.0563910174106113,"Constant","Oscillating (resource_decrease=0.005)"
727.4,0.0525819481746728,"Constant","Oscillating (resource_decrease=0.005)"
727.6,0.0502859086569402,"Constant","Oscillating (resource_decrease=0.005)"
727.8,0.049973779175877,"Constant","Oscillating (resource_decrease=0.005)"
728,0.051977040667542,"Constant","Oscillating (resource_decrease=0.005)"
728.2,0.0564137682736098,"Constant","Oscillating (resource_decrease=0.005)"
728.4,0.0630761140068406,"Constant","Oscillating (resource_decrease=0.005)"
728.6,0.0713234064998853,"Constant","Oscillating (resource_decrease=0.005)"
728.8,0.0800915364644676,"Constant","Oscillating (resource_decrease=0.005)"
729,0.0881042471236143,"Constant","Oscillating (resource_decrease=0.005)"
729.2,0.0942409299716782,"Constant","Oscillating (resource_decrease=0.005)"
729.4,0.0978973338371096,"Constant","Oscillating (resource_decrease=0.005)"
729.6,0.0991967833838791,"Constant","Oscillating (resource_decrease=0.005)"
729.8,0.0989968228920885,"Constant","Oscillating (resource_decrease=0.005)"
730,0.0985959533176702,"Constant","Oscillating (resource_decrease=0.005)"
730.2,0.0990874643844938,"Constant","Oscillating (resource_decrease=0.005)"
730.4,0.10074622754079,"Constant","Oscillating (resource_decrease=0.005)"
730.6,0.102954005423662,"Constant","Oscillating (resource_decrease=0.005)"
730.8,0.104688101045205,"Constant","Oscillating (resource_decrease=0.005)"
731,0.105177242469328,"Constant","Oscillating (resource_decrease=0.005)"
731.2,0.104158648353625,"Constant","Oscillating (resource_decrease=0.005)"
731.4,0.101668414867862,"Constant","Oscillating (resource_decrease=0.005)"
731.6,0.097882222867505,"Constant","Oscillating (resource_decrease=0.005)"
731.8,0.0931373237026249,"Constant","Oscillating (resource_decrease=0.005)"
732,0.0878812735898738,"Constant","Oscillating (resource_decrease=0.005)"
732.2,0.0825008276631684,"Constant","Oscillating (resource_decrease=0.005)"
732.4,0.0771766123214499,"Constant","Oscillating (resource_decrease=0.005)"
732.6,0.0718872152251206,"Constant","Oscillating (resource_decrease=0.005)"
732.8,0.0665736886400564,"Constant","Oscillating (resource_decrease=0.005)"
733,0.061342125948236,"Constant","Oscillating (resource_decrease=0.005)"
733.2,0.056542486968029,"Constant","Oscillating (resource_decrease=0.005)"
733.4,0.0526908784977681,"Constant","Oscillating (resource_decrease=0.005)"
733.6,0.0503343246929944,"Constant","Oscillating (resource_decrease=0.005)"
733.8,0.0499474599535734,"Constant","Oscillating (resource_decrease=0.005)"
734,0.0518675938796697,"Constant","Oscillating (resource_decrease=0.005)"
734.2,0.0562218162217,"Constant","Oscillating (resource_decrease=0.005)"
734.4,0.0628155693555969,"Constant","Oscillating (resource_decrease=0.005)"
734.6,0.0710239276405862,"Constant","Oscillating (resource_decrease=0.005)"
734.8,0.0797950556992332,"Constant","Oscillating (resource_decrease=0.005)"
735,0.0878543946821488,"Constant","Oscillating (resource_decrease=0.005)"
735.2,0.0940694340427579,"Constant","Oscillating (resource_decrease=0.005)"
735.4,0.0978135739871243,"Constant","Oscillating (resource_decrease=0.005)"
735.6,0.0991836924282286,"Constant","Oscillating (resource_decrease=0.005)"
735.8,0.0990147807059359,"Constant","Oscillating (resource_decrease=0.005)"
736,0.0985993550075113,"Constant","Oscillating (resource_decrease=0.005)"
736.2,0.0990499317929984,"Constant","Oscillating (resource_decrease=0.005)"
736.4,0.100674561985331,"Constant","Oscillating (resource_decrease=0.005)"
736.6,0.102880104843986,"Constant","Oscillating (resource_decrease=0.005)"
736.8,0.104646198465339,"Constant","Oscillating (resource_decrease=0.005)"
737,0.105185135073475,"Constant","Oscillating (resource_decrease=0.005)"
737.2,0.1042187637264,"Constant","Oscillating (resource_decrease=0.005)"
737.4,0.10177705104683,"Constant","Oscillating (resource_decrease=0.005)"
737.6,0.0980308200373542,"Constant","Oscillating (resource_decrease=0.005)"
737.8,0.0933116921751453,"Constant","Oscillating (resource_decrease=0.005)"
738,0.088065926365684,"Constant","Oscillating (resource_decrease=0.005)"
738.2,0.0826853804003871,"Constant","Oscillating (resource_decrease=0.005)"
738.4,0.077358746670839,"Constant","Oscillating (resource_decrease=0.005)"
738.6,0.0720695471321813,"Constant","Oscillating (resource_decrease=0.005)"
738.8,0.0667564621954425,"Constant","Oscillating (resource_decrease=0.005)"
739,0.0615175830406413,"Constant","Oscillating (resource_decrease=0.005)"
739.2,0.0566950764988231,"Constant","Oscillating (resource_decrease=0.005)"
739.4,0.0528015865915122,"Constant","Oscillating (resource_decrease=0.005)"
739.6,0.0503850860551121,"Constant","Oscillating (resource_decrease=0.005)"
739.8,0.0499238920472904,"Constant","Oscillating (resource_decrease=0.005)"
740,0.0517610603829266,"Constant","Oscillating (resource_decrease=0.005)"
740.2,0.056032559486814,"Constant","Oscillating (resource_decrease=0.005)"
740.4,0.0625569812841109,"Constant","Oscillating (resource_decrease=0.005)"
740.6,0.0707251394345822,"Constant","Oscillating (resource_decrease=0.005)"
740.8,0.0794977181747317,"Constant","Oscillating (resource_decrease=0.005)"
741,0.0876023066686339,"Constant","Oscillating (resource_decrease=0.005)"
741.2,0.0938949389471253,"Constant","Oscillating (resource_decrease=0.005)"
741.4,0.0977269271724818,"Constant","Oscillating (resource_decrease=0.005)"
741.6,0.0991687282616628,"Constant","Oscillating (resource_decrease=0.005)"
741.8,0.099032464023023,"Constant","Oscillating (resource_decrease=0.005)"
742,0.0986038697348133,"Constant","Oscillating (resource_decrease=0.005)"
742.2,0.099013886188799,"Constant","Oscillating (resource_decrease=0.005)"
742.4,0.100603629465032,"Constant","Oscillating (resource_decrease=0.005)"
742.6,0.10280565492261,"Constant","Oscillating (resource_decrease=0.005)"
742.8,0.104602784331005,"Constant","Oscillating (resource_decrease=0.005)"
743,0.105191217183277,"Constant","Oscillating (resource_decrease=0.005)"
743.2,0.104277122124632,"Constant","Oscillating (resource_decrease=0.005)"
743.4,0.101884125219455,"Constant","Oscillating (resource_decrease=0.005)"
743.6,0.0981782520384242,"Constant","Oscillating (resource_decrease=0.005)"
743.8,0.0934854428910696,"Constant","Oscillating (resource_decrease=0.005)"
744,0.088250441761915,"Constant","Oscillating (resource_decrease=0.005)"
744.2,0.0828700196407226,"Constant","Oscillating (resource_decrease=0.005)"
744.4,0.0775409304978939,"Constant","Oscillating (resource_decrease=0.005)"
744.6,0.0722518331206647,"Constant","Oscillating (resource_decrease=0.005)"
744.8,0.0669392971100091,"Constant","Oscillating (resource_decrease=0.005)"
745,0.0616935155324466,"Constant","Oscillating (resource_decrease=0.005)"
745.2,0.0568487630350631,"Constant","Oscillating (resource_decrease=0.005)"
745.4,0.0529140508172853,"Constant","Oscillating (resource_decrease=0.005)"
745.6,0.0504381755409318,"Constant","Oscillating (resource_decrease=0.005)"
745.8,0.0499030649280879,"Constant","Oscillating (resource_decrease=0.005)"
746,0.0516574400031927,"Constant","Oscillating (resource_decrease=0.005)"
746.2,0.0558460136036872,"Constant","Oscillating (resource_decrease=0.005)"
746.4,0.0623003845731327,"Constant","Oscillating (resource_decrease=0.005)"
746.6,0.0704270922735673,"Constant","Oscillating (resource_decrease=0.005)"
746.8,0.0791995771817202,"Constant","Oscillating (resource_decrease=0.005)"
747,0.0873480224647922,"Constant","Oscillating (resource_decrease=0.005)"
747.2,0.0937174572505278,"Constant","Oscillating (resource_decrease=0.005)"
747.4,0.0976373739926609,"Constant","Oscillating (resource_decrease=0.005)"
747.6,0.0991518430909354,"Constant","Oscillating (resource_decrease=0.005)"
747.8,0.099049815761385,"Constant","Oscillating (resource_decrease=0.005)"
748,0.0986094634671303,"Constant","Oscillating (resource_decrease=0.005)"
748.2,0.0989793351302778,"Constant","Oscillating (resource_decrease=0.005)"
748.4,0.100533469580963,"Constant","Oscillating (resource_decrease=0.005)"
748.6,0.102730698791352,"Constant","Oscillating (resource_decrease=0.005)"
748.8,0.104557880241164,"Constant","Oscillating (resource_decrease=0.005)"
749,0.105195490849918,"Constant","Oscillating (resource_decrease=0.005)"
749.2,0.104333719343975,"Constant","Oscillating (resource_decrease=0.005)"
749.4,0.101989627696068,"Constant","Oscillating (resource_decrease=0.005)"
749.6,0.0983245017750995,"Constant","Oscillating (resource_decrease=0.005)"
749.8,0.0936585567202851,"Constant","Oscillating (resource_decrease=0.005)"
750,0.0884348068312892,"Constant","Oscillating (resource_decrease=0.005)"
750.2,0.0830547426399877,"Constant","Oscillating (resource_decrease=0.005)"
750.4,0.0777231676355281,"Constant","Oscillating (resource_decrease=0.005)"
750.6,0.0724340743610189,"Constant","Oscillating (resource_decrease=0.005)"
750.8,0.0671221845293802,"Constant","Oscillating (resource_decrease=0.005)"
751,0.0618699047734548,"Constant","Oscillating (resource_decrease=0.005)"
751.2,0.0570035236469384,"Constant","Oscillating (resource_decrease=0.005)"
751.4,0.0530282494270758,"Constant","Oscillating (resource_decrease=0.005)"
751.6,0.0504935757604898,"Constant","Oscillating (resource_decrease=0.005)"
751.8,0.0498849677889961,"Constant","Oscillating (resource_decrease=0.005)"
752,0.0515567321251637,"Constant","Oscillating (resource_decrease=0.005)"
752.2,0.0556621934819376,"Constant","Oscillating (resource_decrease=0.005)"
752.4,0.062045813347863,"Constant","Oscillating (resource_decrease=0.005)"
752.6,0.0701298361776933,"Constant","Oscillating (resource_decrease=0.005)"
752.8,0.0789006861906541,"Constant","Oscillating (resource_decrease=0.005)"
753,0.0870915821861831,"Constant","Oscillating (resource_decrease=0.005)"
753.2,0.0935370025720027,"Constant","Oscillating (resource_decrease=0.005)"
753.4,0.0975448961481273,"Constant","Oscillating (resource_decrease=0.005)"
753.6,0.0991329898965685,"Constant","Oscillating (resource_decrease=0.005)"
753.8,0.0990667786367227,"Constant","Oscillating (resource_decrease=0.005)"
754,0.098616100913587,"Constant","Oscillating (resource_decrease=0.005)"
754.2,0.09894628475386,"Constant","Oscillating (resource_decrease=0.005)"
754.4,0.100464121241319,"Constant","Oscillating (resource_decrease=0.005)"
754.6,0.102655279986018,"Constant","Oscillating (resource_decrease=0.005)"
754.8,0.104511508669497,"Constant","Oscillating (resource_decrease=0.005)"
755,0.105197958535866,"Constant","Oscillating (resource_decrease=0.005)"
755.2,0.104388551311132,"Constant","Oscillating (resource_decrease=0.005)"
755.4,0.102093549041625,"Constant","Oscillating (resource_decrease=0.005)"
755.6,0.0984695523564697,"Constant","Oscillating (resource_decrease=0.005)"
755.8,0.0938310144599744,"Constant","Oscillating (resource_decrease=0.005)"
756,0.0886190083079616,"Constant","Oscillating (resource_decrease=0.005)"
756.2,0.0832395463177032,"Constant","Oscillating (resource_decrease=0.005)"
756.4,0.0779054618284508,"Constant","Oscillating (resource_decrease=0.005)"
756.6,0.0726162722726745,"Constant","Oscillating (resource_decrease=0.005)"
756.8,0.0673051159858581,"Constant","Oscillating (resource_decrease=0.005)"
757,0.0620467323726467,"Constant","Oscillating (resource_decrease=0.005)"
757.2,0.0571593354494728,"Constant","Oscillating (resource_decrease=0.005)"
757.4,0.053144160567105,"Constant","Oscillating (resource_decrease=0.005)"
757.6,0.0505512691386132,"Constant","Oscillating (resource_decrease=0.005)"
757.8,0.0498695895492496,"Constant","Oscillating (resource_decrease=0.005)"
758,0.0514589356990289,"Constant","Oscillating (resource_decrease=0.005)"
758.2,0.0554811134110461,"Constant","Oscillating (resource_decrease=0.005)"
758.4,0.0617933010742822,"Constant","Oscillating (resource_decrease=0.005)"
758.6,0.0698334207802875,"Constant","Oscillating (resource_decrease=0.005)"
758.8,0.0786010988308437,"Constant","Oscillating (resource_decrease=0.005)"
759,0.0868330266662059,"Constant","Oscillating (resource_decrease=0.005)"
759.2,0.0933535895775533,"Constant","Oscillating (resource_decrease=0.005)"
759.4,0.0974494764432946,"Constant","Oscillating (resource_decrease=0.005)"
759.6,0.0991121224542618,"Constant","Oscillating (resource_decrease=0.005)"
759.8,0.0990832952041248,"Constant","Oscillating (resource_decrease=0.005)"
760,0.0986237455494358,"Constant","Oscillating (resource_decrease=0.005)"
760.2,0.0989147397626467,"Constant","Oscillating (resource_decrease=0.005)"
760.4,0.100395622626063,"Constant","Oscillating (resource_decrease=0.005)"
760.6,0.102579442412539,"Constant","Oscillating (resource_decrease=0.005)"
760.8,0.104463692967616,"Constant","Oscillating (resource_decrease=0.005)"
761,0.105198623134213,"Constant","Oscillating (resource_decrease=0.005)"
761.2,0.104441614083459,"Constant","Oscillating (resource_decrease=0.005)"
761.4,0.10219588007205,"Constant","Oscillating (resource_decrease=0.005)"
761.6,0.098613387103062,"Constant","Oscillating (resource_decrease=0.005)"
761.8,0.0940027968451478,"Constant","Oscillating (resource_decrease=0.005)"
762,0.0888030326129274,"Constant","Oscillating (resource_decrease=0.005)"
762.2,0.0834244272529775,"Constant","Oscillating (resource_decrease=0.005)"
762.4,0.0780878167215061,"Constant","Oscillating (resource_decrease=0.005)"
762.6,0.0727984285143898,"Constant","Oscillating (resource_decrease=0.005)"
762.8,0.0674880833987039,"Constant","Oscillating (resource_decrease=0.005)"
763,0.0622239802052539,"Constant","Oscillating (resource_decrease=0.005)"
763.2,0.0573161756093172,"Constant","Oscillating (resource_decrease=0.005)"
763.4,0.0532617622815322,"Constant","Oscillating (resource_decrease=0.005)"
763.6,0.0506112379172877,"Constant","Oscillating (resource_decrease=0.005)"
763.8,0.0498569188584155,"Constant","Oscillating (resource_decrease=0.005)"
764,0.0513640492471017,"Constant","Oscillating (resource_decrease=0.005)"
764.2,0.0553027870655103,"Constant","Oscillating (resource_decrease=0.005)"
764.4,0.0615428805558748,"Constant","Oscillating (resource_decrease=0.005)"
764.6,0.0695378953129281,"Constant","Oscillating (resource_decrease=0.005)"
764.8,0.0783008688696352,"Constant","Oscillating (resource_decrease=0.005)"
765,0.0865723974398157,"Constant","Oscillating (resource_decrease=0.005)"
765.2,0.0931672339735132,"Constant","Oscillating (resource_decrease=0.005)"
765.4,0.0973510987891074,"Constant","Oscillating (resource_decrease=0.005)"
765.6,0.0990891953554344,"Constant","Oscillating (resource_decrease=0.005)"
765.8,0.0990993078995725,"Constant","Oscillating (resource_decrease=0.005)"
766,0.0986323596418015,"Constant","Oscillating (resource_decrease=0.005)"
766.2,0.0988847034161464,"Constant","Oscillating (resource_decrease=0.005)"
766.4,0.100328011152114,"Constant","Oscillating (resource_decrease=0.005)"
766.6,0.102503230312381,"Constant","Oscillating (resource_decrease=0.005)"
766.8,0.104414457366924,"Constant","Oscillating (resource_decrease=0.005)"
767,0.105197487988351,"Constant","Oscillating (resource_decrease=0.005)"
767.2,0.104492903849162,"Constant","Oscillating (resource_decrease=0.005)"
767.4,0.102296611850325,"Constant","Oscillating (resource_decrease=0.005)"
767.6,0.0987559895532691,"Constant","Oscillating (resource_decrease=0.005)"
767.8,0.0941738845592102,"Constant","Oscillating (resource_decrease=0.005)"
768,0.0889868658597049,"Constant","Oscillating (resource_decrease=0.005)"
768.2,0.0836093816807223,"Constant","Oscillating (resource_decrease=0.005)"
768.4,0.0782702358481434,"Constant","Oscillating (resource_decrease=0.005)"
768.6,0.0729805449743371,"Constant","Oscillating (resource_decrease=0.005)"
768.8,0.0676710790740648,"Constant","Oscillating (resource_decrease=0.005)"
769,0.0624016304197209,"Constant","Oscillating (resource_decrease=0.005)"
769.2,0.057474021351627,"Constant","Oscillating (resource_decrease=0.005)"
769.4,0.05338103251625,"Constant","Oscillating (resource_decrease=0.005)"
769.6,0.0506734641580119,"Constant","Oscillating (resource_decrease=0.005)"
769.8,0.0498469441004207,"Constant","Oscillating (resource_decrease=0.005)"
770,0.0512720708703966,"Constant","Oscillating (resource_decrease=0.005)"
770.2,0.05512722751016,"Constant","Oscillating (resource_decrease=0.005)"
770.4,0.0612945839307434,"Constant","Oscillating (resource_decrease=0.005)"
770.6,0.069243308590882,"Constant","Oscillating (resource_decrease=0.005)"
770.8,0.0780000501916261,"Constant","Oscillating (resource_decrease=0.005)"
771,0.0863097367269519,"Constant","Oscillating (resource_decrease=0.005)"
771.2,0.0929779524995935,"Constant","Oscillating (resource_decrease=0.005)"
771.4,0.0972497482052544,"Constant","Oscillating (resource_decrease=0.005)"
771.6,0.0990641640269112,"Constant","Oscillating (resource_decrease=0.005)"
771.8,0.0991147590811754,"Constant","Oscillating (resource_decrease=0.005)"
772,0.0986419042765874,"Constant","Oscillating (resource_decrease=0.005)"
772.2,0.0988561775211206,"Constant","Oscillating (resource_decrease=0.005)"
772.4,0.100261323439098,"Constant","Oscillating (resource_decrease=0.005)"
772.6,0.102426688227264,"Constant","Oscillating (resource_decrease=0.005)"
772.8,0.104363826979073,"Constant","Oscillating (resource_decrease=0.005)"
773,0.10519455691193,"Constant","Oscillating (resource_decrease=0.005)"
773.2,0.104542416928122,"Constant","Oscillating (resource_decrease=0.005)"
773.4,0.102395735682311,"Constant","Oscillating (resource_decrease=0.005)"
773.6,0.0988973434694609,"Constant","Oscillating (resource_decrease=0.005)"
773.8,0.0943442582445541,"Constant","Oscillating (resource_decrease=0.005)"
774,0.0891704938602935,"Constant","Oscillating (resource_decrease=0.005)"
774.2,0.0837944054882069,"Constant","Oscillating (resource_decrease=0.005)"
774.4,0.0784527226190318,"Constant","Oscillating (resource_decrease=0.005)"
774.6,0.0731626237599429,"Constant","Oscillating (resource_decrease=0.005)"
774.8,0.0678540957045454,"Constant","Oscillating (resource_decrease=0.005)"
775,0.0625796654445461,"Constant","Oscillating (resource_decrease=0.005)"
775.2,0.0576328499670151,"Constant","Oscillating (resource_decrease=0.005)"
775.4,0.0535019491227701,"Constant","Oscillating (resource_decrease=0.005)"
775.6,0.05073792974414,"Constant","Oscillating (resource_decrease=0.005)"
775.8,0.0498396533974795,"Constant","Oscillating (resource_decrease=0.005)"
776,0.0511829982551507,"Constant","Oscillating (resource_decrease=0.005)"
776.2,0.0549544472056276,"Constant","Oscillating (resource_decrease=0.005)"
776.4,0.0610484426691063,"Constant","Oscillating (resource_decrease=0.005)"
776.6,0.0689497089989101,"Constant","Oscillating (resource_decrease=0.005)"
776.8,0.0776986967779251,"Constant","Oscillating (resource_decrease=0.005)"
777,0.0860450874156859,"Constant","Oscillating (resource_decrease=0.005)"
777.2,0.0927857629216082,"Constant","Oscillating (resource_decrease=0.005)"
777.4,0.0971454108220179,"Constant","Oscillating (resource_decrease=0.005)"
777.6,0.0990369847497614,"Constant","Oscillating (resource_decrease=0.005)"
777.8,0.0991295910700837,"Constant","Oscillating (resource_decrease=0.005)"
778,0.0986523393865151,"Constant","Oscillating (resource_decrease=0.005)"
778.2,0.0988291624235592,"Constant","Oscillating (resource_decrease=0.005)"
778.4,0.100195595275691,"Constant","Oscillating (resource_decrease=0.005)"
778.6,0.102349860963256,"Constant","Oscillating (resource_decrease=0.005)"
778.8,0.104311827795026,"Constant","Oscillating (resource_decrease=0.005)"
779,0.105189834209022,"Constant","Oscillating (resource_decrease=0.005)"
779.2,0.10459014977338,"Constant","Oscillating (resource_decrease=0.005)"
779.4,0.102493243112351,"Constant","Oscillating (resource_decrease=0.005)"
779.6,0.0990374328437749,"Constant","Oscillating (resource_decrease=0.005)"
779.8,0.0945138985131669,"Constant","Oscillating (resource_decrease=0.005)"
780,0.0893539021314001,"Constant","Oscillating (resource_decrease=0.005)"
780.2,0.0839794942119557,"Constant","Oscillating (resource_decrease=0.005)"
780.4,0.0786352803108349,"Constant","Oscillating (resource_decrease=0.005)"
780.6,0.0733446671874958,"Constant","Oscillating (resource_decrease=0.005)"
780.8,0.0680371263684209,"Constant","Oscillating (resource_decrease=0.005)"
781,0.0627580679949973,"Constant","Oscillating (resource_decrease=0.005)"
781.2,0.0577926388185869,"Constant","Oscillating (resource_decrease=0.005)"
781.4,0.0536244898622077,"Constant","Oscillating (resource_decrease=0.005)"
781.6,0.0508046163832229,"Constant","Oscillating (resource_decrease=0.005)"
781.8,0.0498350346139268,"Constant","Oscillating (resource_decrease=0.005)"
782,0.0510968286792864,"Constant","Oscillating (resource_decrease=0.005)"
782.2,0.0547844580139644,"Constant","Oscillating (resource_decrease=0.005)"
782.4,0.0608044875711726,"Constant","Oscillating (resource_decrease=0.005)"
782.6,0.0686571444774439,"Constant","Oscillating (resource_decrease=0.005)"
782.8,0.0773968626854693,"Constant","Oscillating (resource_decrease=0.005)"
783,0.0857784930450923,"Constant","Oscillating (resource_decrease=0.005)"
783.2,0.0925906840238725,"Constant","Oscillating (resource_decrease=0.005)"
783.4,0.0970380738817719,"Constant","Oscillating (resource_decrease=0.005)"
783.6,0.0990076146773058,"Constant","Oscillating (resource_decrease=0.005)"
783.8,0.0991437461910286,"Constant","Oscillating (resource_decrease=0.005)"
784,0.0986636237802707,"Constant","Oscillating (resource_decrease=0.005)"
784.2,0.0988036570018011,"Constant","Oscillating (resource_decrease=0.005)"
784.4,0.100130861586575,"Constant","Oscillating (resource_decrease=0.005)"
784.6,0.102272793554283,"Constant","Oscillating (resource_decrease=0.005)"
784.8,0.104258486682671,"Constant","Oscillating (resource_decrease=0.005)"
785,0.105183324694445,"Constant","Oscillating (resource_decrease=0.005)"
785.2,0.104636098973288,"Constant","Oscillating (resource_decrease=0.005)"
785.4,0.102589125918645,"Constant","Oscillating (resource_decrease=0.005)"
785.6,0.0991762419035691,"Constant","Oscillating (resource_decrease=0.005)"
785.8,0.0946827859572406,"Constant","Oscillating (resource_decrease=0.005)"
786,0.089537075900927,"Constant","Oscillating (resource_decrease=0.005)"
786.2,0.0841646430349862,"Constant","Oscillating (resource_decrease=0.005)"
786.4,0.0788179120551526,"Constant","Oscillating (resource_decrease=0.005)"
786.6,0.0735266777715335,"Constant","Oscillating (resource_decrease=0.005)"
786.8,0.0682201645284899,"Constant","Oscillating (resource_decrease=0.005)"
787,0.0629368210796906,"Constant","Oscillating (resource_decrease=0.005)"
787.2,0.0579533653490481,"Constant","Oscillating (resource_decrease=0.005)"
787.4,0.0537486324093654,"Constant","Oscillating (resource_decrease=0.005)"
787.6,0.0508735056093503,"Constant","Oscillating (resource_decrease=0.005)"
787.8,0.0498330753599576,"Constant","Oscillating (resource_decrease=0.005)"
788,0.0510135590188116,"Constant","Oscillating (resource_decrease=0.005)"
788.2,0.0546172712043935,"Constant","Oscillating (resource_decrease=0.005)"
788.4,0.060562748765392,"Constant","Oscillating (resource_decrease=0.005)"
788.6,0.0683656625091428,"Constant","Oscillating (resource_decrease=0.005)"
788.8,0.0770946020264124,"Constant","Oscillating (resource_decrease=0.005)"
789,0.08550999778785,"Constant","Oscillating (resource_decrease=0.005)"
789.2,0.0923927356012735,"Constant","Oscillating (resource_decrease=0.005)"
789.4,0.0969277257401338,"Constant","Oscillating (resource_decrease=0.005)"
789.6,0.0989760118523063,"Constant","Oscillating (resource_decrease=0.005)"
789.8,0.0991571668124408,"Constant","Oscillating (resource_decrease=0.005)"
790,0.0986757151727243,"Constant","Oscillating (resource_decrease=0.005)"
790.2,0.098779658660817,"Constant","Oscillating (resource_decrease=0.005)"
790.4,0.100067156400022,"Constant","Oscillating (resource_decrease=0.005)"
790.6,0.102195531225119,"Constant","Oscillating (resource_decrease=0.005)"
790.8,0.104203831382993,"Constant","Oscillating (resource_decrease=0.005)"
791,0.105175033714186,"Constant","Oscillating (resource_decrease=0.005)"
791.2,0.104680261254372,"Constant","Oscillating (resource_decrease=0.005)"
791.4,0.102683376108435,"Constant","Oscillating (resource_decrease=0.005)"
791.6,0.0993137551165362,"Constant","Oscillating (resource_decrease=0.005)"
791.8,0.0948509011597721,"Constant","Oscillating (resource_decrease=0.005)"
792,0.0897200001147161,"Constant","Oscillating (resource_decrease=0.005)"
792.2,0.0843498467843916,"Constant","Oscillating (resource_decrease=0.005)"
792.4,0.0790006208276448,"Constant","Oscillating (resource_decrease=0.005)"
792.6,0.0737086582140196,"Constant","Oscillating (resource_decrease=0.005)"
792.8,0.0684032040305624,"Constant","Oscillating (resource_decrease=0.005)"
793,0.0631159080070246,"Constant","Oscillating (resource_decrease=0.005)"
793.2,0.0581150070878854,"Constant","Oscillating (resource_decrease=0.005)"
793.4,0.0538743543569201,"Constant","Oscillating (resource_decrease=0.005)"
793.6,0.0509445787854994,"Constant","Oscillating (resource_decrease=0.005)"
793.8,0.0498337629952763,"Constant","Oscillating (resource_decrease=0.005)"
794,0.0509331857541519,"Constant","Oscillating (resource_decrease=0.005)"
794.2,0.0544528974591912,"Constant","Oscillating (resource_decrease=0.005)"
794.4,0.0603232557070683,"Constant","Oscillating (resource_decrease=0.005)"
794.6,0.0680753101058317,"Constant","Oscillating (resource_decrease=0.005)"
794.8,0.0767919689475942,"Constant","Oscillating (resource_decrease=0.005)"
795,0.0852396464325809,"Constant","Oscillating (resource_decrease=0.005)"
795.2,0.092191938451007,"Constant","Oscillating (resource_decrease=0.005)"
795.4,0.0968143558667787,"Constant","Oscillating (resource_decrease=0.005)"
795.6,0.0989421352233515,"Constant","Oscillating (resource_decrease=0.005)"
795.8,0.0991697953861014,"Constant","Oscillating (resource_decrease=0.005)"
796,0.0986885702161889,"Constant","Oscillating (resource_decrease=0.005)"
796.2,0.0987571633276674,"Constant","Oscillating (resource_decrease=0.005)"
796.4,0.100004512816146,"Constant","Oscillating (resource_decrease=0.005)"
796.6,0.102118119353901,"Constant","Oscillating (resource_decrease=0.005)"
796.8,0.104147890504783,"Constant","Oscillating (resource_decrease=0.005)"
797,0.105164967165842,"Constant","Oscillating (resource_decrease=0.005)"
797.2,0.104722633484906,"Constant","Oscillating (resource_decrease=0.005)"
797.4,0.102775985913028,"Constant","Oscillating (resource_decrease=0.005)"
797.6,0.0994499571954656,"Constant","Oscillating (resource_decrease=0.005)"
797.8,0.0950182247051433,"Constant","Oscillating (resource_decrease=0.005)"
798,0.0899026594435437,"Constant","Oscillating (resource_decrease=0.005)"
798.2,0.0845350999292676,"Constant","Oscillating (resource_decrease=0.005)"
798.4,0.0791834094373473,"Constant","Oscillating (resource_decrease=0.005)"
798.6,0.073890611393329,"Constant","Oscillating (resource_decrease=0.005)"
798.8,0.0685862391015837,"Constant","Oscillating (resource_decrease=0.005)"
799,0.0632953123914622,"Constant","Oscillating (resource_decrease=0.005)"
799.2,0.0582775416586153,"Constant","Oscillating (resource_decrease=0.005)"
799.4,0.054001633219715,"Constant","Oscillating (resource_decrease=0.005)"
799.6,0.0510178171058955,"Constant","Oscillating (resource_decrease=0.005)"
799.8,0.0498370846326575,"Constant","Oscillating (resource_decrease=0.005)"
800,0.0508557049764147,"Constant","Oscillating (resource_decrease=0.005)"
500,0.0869496197716493,"Unfished reference","Non-oscillating (resource_decrease=0.1)"
500.2,0.0869496197716493,"Unfished reference","Non-oscillating (resource_decrease=0.1)"
500.4,0.0869496197716492,"Unfished reference","Non-oscillating (resource_decrease=0.1)"
500.6,0.0869496197716492,"Unfished reference","Non-oscillating (resource_decrease=0.1)"
500.8,0.0869496197716493,"Unfished reference","Non-oscillating (resource_decrease=0.1)"
501,0.0869496197716492,"Unfished reference","Non-oscillating (resource_decrease=0.1)"
501.2,0.0869496197716492,"Unfished reference","Non-oscillating (resource_decrease=0.1)"
501.4,0.0869496197716492,"Unfished reference","Non-oscillating (resource_decrease=0.1)"
501.6,0.0869496197716493,"Unfished reference","Non-oscillating (resource_decrease=0.1)"
501.8,0.0869496197716492,"Unfished reference","Non-oscillating (resource_decrease=0.1)"
502,0.0869496197716492,"Unfished reference","Non-oscillating (resource_decrease=0.1)"
502.2,0.0869496197716492,"Unfished reference","Non-oscillating (resource_decrease=0.1)"
502.4,0.0869496197716492,"Unfished reference","Non-oscillating (resource_decrease=0.1)"
502.6,0.0869496197716493,"Unfished reference","Non-oscillating (resource_decrease=0.1)"
502.8,0.0869496197716493,"Unfished reference","Non-oscillating (resource_decrease=0.1)"
503,0.0869496197716493,"Unfished reference","Non-oscillating (resource_decrease=0.1)"
503.2,0.0869496197716492,"Unfished reference","Non-oscillating (resource_decrease=0.1)"
503.4,0.0869496197716492,"Unfished reference","Non-oscillating (resource_decrease=0.1)"
503.6,0.0869496197716492,"Unfished reference","Non-oscillating (resource_decrease=0.1)"
503.8,0.0869496197716491,"Unfished reference","Non-oscillating (resource_decrease=0.1)"
504,0.0869496197716491,"Unfished reference","Non-oscillating (resource_decrease=0.1)"
504.2,0.0869496197716491,"Unfished reference","Non-oscillating (resource_decrease=0.1)"
504.4,0.0869496197716492,"Unfished reference","Non-oscillating (resource_decrease=0.1)"
504.6,0.0869496197716491,"Unfished reference","Non-oscillating (resource_decrease=0.1)"
504.8,0.0869496197716491,"Unfished reference","Non-oscillating (resource_decrease=0.1)"
505,0.0869496197716492,"Unfished reference","Non-oscillating (resource_decrease=0.1)"
505.2,0.0869496197716492,"Unfished reference","Non-oscillating (resource_decrease=0.1)"
505.4,0.0869496197716491,"Unfished reference","Non-oscillating (resource_decrease=0.1)"
505.6,0.0869496197716492,"Unfished reference","Non-oscillating (resource_decrease=0.1)"
505.8,0.0869496197716491,"Unfished reference","Non-oscillating (resource_decrease=0.1)"
506,0.0869496197716491,"Unfished reference","Non-oscillating (resource_decrease=0.1)"
506.2,0.0869496197716492,"Unfished reference","Non-oscillating (resource_decrease=0.1)"
506.4,0.0869496197716492,"Unfished reference","Non-oscillating (resource_decrease=0.1)"
506.6,0.0869496197716492,"Unfished reference","Non-oscillating (resource_decrease=0.1)"
506.8,0.0869496197716492,"Unfished reference","Non-oscillating (resource_decrease=0.1)"
507,0.0869496197716492,"Unfished reference","Non-oscillating (resource_decrease=0.1)"
507.2,0.0869496197716492,"Unfished reference","Non-oscillating (resource_decrease=0.1)"
507.4,0.0869496197716492,"Unfished reference","Non-oscillating (resource_decrease=0.1)"
507.6,0.0869496197716492,"Unfished reference","Non-oscillating (resource_decrease=0.1)"
507.8,0.0869496197716492,"Unfished reference","Non-oscillating (resource_decrease=0.1)"
508,0.0869496197716492,"Unfished reference","Non-oscillating (resource_decrease=0.1)"
508.2,0.0869496197716492,"Unfished reference","Non-oscillating (resource_decrease=0.1)"
508.4,0.0869496197716492,"Unfished reference","Non-oscillating (resource_decrease=0.1)"
508.6,0.0869496197716492,"Unfished reference","Non-oscillating (resource_decrease=0.1)"
508.8,0.0869496197716493,"Unfished reference","Non-oscillating (resource_decrease=0.1)"
509,0.0869496197716493,"Unfished reference","Non-oscillating (resource_decrease=0.1)"
509.2,0.0869496197716493,"Unfished reference","Non-oscillating (resource_decrease=0.1)"
509.4,0.0869496197716492,"Unfished reference","Non-oscillating (resource_decrease=0.1)"
509.6,0.0869496197716493,"Unfished reference","Non-oscillating (resource_decrease=0.1)"
509.8,0.0869496197716492,"Unfished reference","Non-oscillating (resource_decrease=0.1)"
510,0.0869496197716492,"Unfished reference","Non-oscillating (resource_decrease=0.1)"
510.2,0.0869496197716492,"Unfished reference","Non-oscillating (resource_decrease=0.1)"
510.4,0.0869496197716491,"Unfished reference","Non-oscillating (resource_decrease=0.1)"
510.6,0.0869496197716491,"Unfished reference","Non-oscillating (resource_decrease=0.1)"
510.8,0.0869496197716491,"Unfished reference","Non-oscillating (resource_decrease=0.1)"
511,0.0869496197716491,"Unfished reference","Non-oscillating (resource_decrease=0.1)"
511.2,0.0869496197716492,"Unfished reference","Non-oscillating (resource_decrease=0.1)"
511.4,0.0869496197716492,"Unfished reference","Non-oscillating (resource_decrease=0.1)"
511.6,0.0869496197716492,"Unfished reference","Non-oscillating (resource_decrease=0.1)"
511.8,0.0869496197716492,"Unfished reference","Non-oscillating (resource_decrease=0.1)"
512,0.0869496197716492,"Unfished reference","Non-oscillating (resource_decrease=0.1)"
512.2,0.0869496197716492,"Unfished reference","Non-oscillating (resource_decrease=0.1)"
512.4,0.0869496197716492,"Unfished reference","Non-oscillating (resource_decrease=0.1)"
512.6,0.0869496197716492,"Unfished reference","Non-oscillating (resource_decrease=0.1)"
512.8,0.0869496197716493,"Unfished reference","Non-oscillating (resource_decrease=0.1)"
513,0.0869496197716492,"Unfished reference","Non-oscillating (resource_decrease=0.1)"
513.2,0.0869496197716492,"Unfished reference","Non-oscillating (resource_decrease=0.1)"
513.4,0.0869496197716492,"Unfished reference","Non-oscillating (resource_decrease=0.1)"
513.6,0.0869496197716492,"Unfished reference","Non-oscillating (resource_decrease=0.1)"
513.8,0.0869496197716492,"Unfished reference","Non-oscillating (resource_decrease=0.1)"
514,0.0869496197716492,"Unfished reference","Non-oscillating (resource_decrease=0.1)"
514.2,0.0869496197716491,"Unfished reference","Non-oscillating (resource_decrease=0.1)"
514.4,0.0869496197716491,"Unfished reference","Non-oscillating (resource_decrease=0.1)"
514.6,0.0869496197716492,"Unfished reference","Non-oscillating (resource_decrease=0.1)"
514.8,0.0869496197716491,"Unfished reference","Non-oscillating (resource_decrease=0.1)"
515,0.0869496197716492,"Unfished reference","Non-oscillating (resource_decrease=0.1)"
515.2,0.0869496197716492,"Unfished reference","Non-oscillating (resource_decrease=0.1)"
515.4,0.0869496197716492,"Unfished reference","Non-oscillating (resource_decrease=0.1)"
515.6,0.0869496197716492,"Unfished reference","Non-oscillating (resource_decrease=0.1)"
515.8,0.0869496197716492,"Unfished reference","Non-oscillating (resource_decrease=0.1)"
516,0.0869496197716492,"Unfished reference","Non-oscillating (resource_decrease=0.1)"
516.2,0.0869496197716492,"Unfished reference","Non-oscillating (resource_decrease=0.1)"
516.4,0.0869496197716492,"Unfished reference","Non-oscillating (resource_decrease=0.1)"
516.6,0.0869496197716492,"Unfished reference","Non-oscillating (resource_decrease=0.1)"
516.8,0.0869496197716491,"Unfished reference","Non-oscillating (resource_decrease=0.1)"
517,0.0869496197716492,"Unfished reference","Non-oscillating (resource_decrease=0.1)"
517.2,0.0869496197716492,"Unfished reference","Non-oscillating (resource_decrease=0.1)"
517.4,0.0869496197716491,"Unfished reference","Non-oscillating (resource_decrease=0.1)"
517.6,0.0869496197716491,"Unfished reference","Non-oscillating (resource_decrease=0.1)"
517.8,0.0869496197716491,"Unfished reference","Non-oscillating (resource_decrease=0.1)"
518,0.0869496197716491,"Unfished reference","Non-oscillating (resource_decrease=0.1)"
518.2,0.0869496197716491,"Unfished reference","Non-oscillating (resource_decrease=0.1)"
518.4,0.0869496197716491,"Unfished reference","Non-oscillating (resource_decrease=0.1)"
518.6,0.0869496197716491,"Unfished reference","Non-oscillating (resource_decrease=0.1)"
518.8,0.0869496197716492,"Unfished reference","Non-oscillating (resource_decrease=0.1)"
519,0.0869496197716492,"Unfished reference","Non-oscillating (resource_decrease=0.1)"
519.2,0.0869496197716491,"Unfished reference","Non-oscillating (resource_decrease=0.1)"
519.4,0.0869496197716491,"Unfished reference","Non-oscillating (resource_decrease=0.1)"
519.6,0.0869496197716491,"Unfished reference","Non-oscillating (resource_decrease=0.1)"
519.8,0.0869496197716491,"Unfished reference","Non-oscillating (resource_decrease=0.1)"
520,0.0869496197716492,"Unfished reference","Non-oscillating (resource_decrease=0.1)"
520.2,0.0869496197716492,"Unfished reference","Non-oscillating (resource_decrease=0.1)"
520.4,0.0869496197716492,"Unfished reference","Non-oscillating (resource_decrease=0.1)"
520.6,0.0869496197716492,"Unfished reference","Non-oscillating (resource_decrease=0.1)"
520.8,0.0869496197716492,"Unfished reference","Non-oscillating (resource_decrease=0.1)"
521,0.0869496197716492,"Unfished reference","Non-oscillating (resource_decrease=0.1)"
521.2,0.0869496197716492,"Unfished reference","Non-oscillating (resource_decrease=0.1)"
521.4,0.0869496197716492,"Unfished reference","Non-oscillating (resource_decrease=0.1)"
521.6,0.0869496197716491,"Unfished reference","Non-oscillating (resource_decrease=0.1)"
521.8,0.0869496197716491,"Unfished reference","Non-oscillating (resource_decrease=0.1)"
522,0.0869496197716491,"Unfished reference","Non-oscillating (resource_decrease=0.1)"
522.2,0.0869496197716491,"Unfished reference","Non-oscillating (resource_decrease=0.1)"
522.4,0.0869496197716491,"Unfished reference","Non-oscillating (resource_decrease=0.1)"
522.6,0.0869496197716491,"Unfished reference","Non-oscillating (resource_decrease=0.1)"
522.8,0.0869496197716492,"Unfished reference","Non-oscillating (resource_decrease=0.1)"
523,0.0869496197716491,"Unfished reference","Non-oscillating (resource_decrease=0.1)"
523.2,0.0869496197716491,"Unfished reference","Non-oscillating (resource_decrease=0.1)"
523.4,0.0869496197716491,"Unfished reference","Non-oscillating (resource_decrease=0.1)"
523.6,0.0869496197716491,"Unfished reference","Non-oscillating (resource_decrease=0.1)"
523.8,0.0869496197716491,"Unfished reference","Non-oscillating (resource_decrease=0.1)"
524,0.0869496197716491,"Unfished reference","Non-oscillating (resource_decrease=0.1)"
524.2,0.0869496197716491,"Unfished reference","Non-oscillating (resource_decrease=0.1)"
524.4,0.0869496197716491,"Unfished reference","Non-oscillating (resource_decrease=0.1)"
524.6,0.0869496197716491,"Unfished reference","Non-oscillating (resource_decrease=0.1)"
524.8,0.0869496197716491,"Unfished reference","Non-oscillating (resource_decrease=0.1)"
525,0.0869496197716492,"Unfished reference","Non-oscillating (resource_decrease=0.1)"
525.2,0.0869496197716491,"Unfished reference","Non-oscillating (resource_decrease=0.1)"
525.4,0.0869496197716491,"Unfished reference","Non-oscillating (resource_decrease=0.1)"
525.6,0.0869496197716491,"Unfished reference","Non-oscillating (resource_decrease=0.1)"
525.8,0.0869496197716492,"Unfished reference","Non-oscillating (resource_decrease=0.1)"
526,0.0869496197716492,"Unfished reference","Non-oscillating (resource_decrease=0.1)"
526.2,0.0869496197716491,"Unfished reference","Non-oscillating (resource_decrease=0.1)"
526.4,0.0869496197716492,"Unfished reference","Non-oscillating (resource_decrease=0.1)"
526.6,0.0869496197716491,"Unfished reference","Non-oscillating (resource_decrease=0.1)"
526.8,0.0869496197716492,"Unfished reference","Non-oscillating (resource_decrease=0.1)"
527,0.0869496197716492,"Unfished reference","Non-oscillating (resource_decrease=0.1)"
527.2,0.0869496197716492,"Unfished reference","Non-oscillating (resource_decrease=0.1)"
527.4,0.0869496197716493,"Unfished reference","Non-oscillating (resource_decrease=0.1)"
527.6,0.0869496197716492,"Unfished reference","Non-oscillating (resource_decrease=0.1)"
527.8,0.0869496197716492,"Unfished reference","Non-oscillating (resource_decrease=0.1)"
528,0.0869496197716492,"Unfished reference","Non-oscillating (resource_decrease=0.1)"
528.2,0.0869496197716492,"Unfished reference","Non-oscillating (resource_decrease=0.1)"
528.4,0.0869496197716492,"Unfished reference","Non-oscillating (resource_decrease=0.1)"
528.6,0.0869496197716492,"Unfished reference","Non-oscillating (resource_decrease=0.1)"
528.8,0.0869496197716492,"Unfished reference","Non-oscillating (resource_decrease=0.1)"
529,0.0869496197716492,"Unfished reference","Non-oscillating (resource_decrease=0.1)"
529.2,0.0869496197716492,"Unfished reference","Non-oscillating (resource_decrease=0.1)"
529.4,0.0869496197716492,"Unfished reference","Non-oscillating (resource_decrease=0.1)"
529.6,0.0869496197716492,"Unfished reference","Non-oscillating (resource_decrease=0.1)"
529.8,0.0869496197716492,"Unfished reference","Non-oscillating (resource_decrease=0.1)"
530,0.0869496197716492,"Unfished reference","Non-oscillating (resource_decrease=0.1)"
530.2,0.0869496197716492,"Unfished reference","Non-oscillating (resource_decrease=0.1)"
530.4,0.0869496197716492,"Unfished reference","Non-oscillating (resource_decrease=0.1)"
530.6,0.0869496197716492,"Unfished reference","Non-oscillating (resource_decrease=0.1)"
530.8,0.0869496197716492,"Unfished reference","Non-oscillating (resource_decrease=0.1)"
531,0.0869496197716492,"Unfished reference","Non-oscillating (resource_decrease=0.1)"
531.2,0.0869496197716492,"Unfished reference","Non-oscillating (resource_decrease=0.1)"
531.4,0.0869496197716491,"Unfished reference","Non-oscillating (resource_decrease=0.1)"
531.6,0.0869496197716492,"Unfished reference","Non-oscillating (resource_decrease=0.1)"
531.8,0.0869496197716492,"Unfished reference","Non-oscillating (resource_decrease=0.1)"
532,0.0869496197716492,"Unfished reference","Non-oscillating (resource_decrease=0.1)"
532.2,0.0869496197716492,"Unfished reference","Non-oscillating (resource_decrease=0.1)"
532.4,0.0869496197716491,"Unfished reference","Non-oscillating (resource_decrease=0.1)"
532.6,0.0869496197716491,"Unfished reference","Non-oscillating (resource_decrease=0.1)"
532.8,0.0869496197716491,"Unfished reference","Non-oscillating (resource_decrease=0.1)"
533,0.0869496197716491,"Unfished reference","Non-oscillating (resource_decrease=0.1)"
533.2,0.0869496197716491,"Unfished reference","Non-oscillating (resource_decrease=0.1)"
533.4,0.0869496197716491,"Unfished reference","Non-oscillating (resource_decrease=0.1)"
533.6,0.0869496197716492,"Unfished reference","Non-oscillating (resource_decrease=0.1)"
533.8,0.0869496197716491,"Unfished reference","Non-oscillating (resource_decrease=0.1)"
534,0.0869496197716492,"Unfished reference","Non-oscillating (resource_decrease=0.1)"
534.2,0.0869496197716492,"Unfished reference","Non-oscillating (resource_decrease=0.1)"
534.4,0.0869496197716492,"Unfished reference","Non-oscillating (resource_decrease=0.1)"
534.6,0.0869496197716492,"Unfished reference","Non-oscillating (resource_decrease=0.1)"
534.8,0.0869496197716491,"Unfished reference","Non-oscillating (resource_decrease=0.1)"
535,0.0869496197716492,"Unfished reference","Non-oscillating (resource_decrease=0.1)"
535.2,0.0869496197716491,"Unfished reference","Non-oscillating (resource_decrease=0.1)"
535.4,0.0869496197716491,"Unfished reference","Non-oscillating (resource_decrease=0.1)"
535.6,0.0869496197716491,"Unfished reference","Non-oscillating (resource_decrease=0.1)"
535.8,0.0869496197716492,"Unfished reference","Non-oscillating (resource_decrease=0.1)"
536,0.0869496197716492,"Unfished reference","Non-oscillating (resource_decrease=0.1)"
536.2,0.0869496197716492,"Unfished reference","Non-oscillating (resource_decrease=0.1)"
536.4,0.0869496197716491,"Unfished reference","Non-oscillating (resource_decrease=0.1)"
536.6,0.0869496197716491,"Unfished reference","Non-oscillating (resource_decrease=0.1)"
536.8,0.0869496197716491,"Unfished reference","Non-oscillating (resource_decrease=0.1)"
537,0.086949619771649,"Unfished reference","Non-oscillating (resource_decrease=0.1)"
537.2,0.0869496197716491,"Unfished reference","Non-oscillating (resource_decrease=0.1)"
537.4,0.086949619771649,"Unfished reference","Non-oscillating (resource_decrease=0.1)"
537.6,0.0869496197716491,"Unfished reference","Non-oscillating (resource_decrease=0.1)"
537.8,0.0869496197716491,"Unfished reference","Non-oscillating (resource_decrease=0.1)"
538,0.0869496197716492,"Unfished reference","Non-oscillating (resource_decrease=0.1)"
538.2,0.0869496197716492,"Unfished reference","Non-oscillating (resource_decrease=0.1)"
538.4,0.0869496197716492,"Unfished reference","Non-oscillating (resource_decrease=0.1)"
538.6,0.0869496197716492,"Unfished reference","Non-oscillating (resource_decrease=0.1)"
538.8,0.0869496197716492,"Unfished reference","Non-oscillating (resource_decrease=0.1)"
539,0.0869496197716492,"Unfished reference","Non-oscillating (resource_decrease=0.1)"
539.2,0.0869496197716492,"Unfished reference","Non-oscillating (resource_decrease=0.1)"
539.4,0.0869496197716492,"Unfished reference","Non-oscillating (resource_decrease=0.1)"
539.6,0.0869496197716492,"Unfished reference","Non-oscillating (resource_decrease=0.1)"
539.8,0.0869496197716491,"Unfished reference","Non-oscillating (resource_decrease=0.1)"
540,0.0869496197716492,"Unfished reference","Non-oscillating (resource_decrease=0.1)"
540.2,0.0869496197716492,"Unfished reference","Non-oscillating (resource_decrease=0.1)"
540.4,0.0869496197716491,"Unfished reference","Non-oscillating (resource_decrease=0.1)"
540.6,0.0869496197716491,"Unfished reference","Non-oscillating (resource_decrease=0.1)"
540.8,0.0869496197716492,"Unfished reference","Non-oscillating (resource_decrease=0.1)"
541,0.0869496197716491,"Unfished reference","Non-oscillating (resource_decrease=0.1)"
541.2,0.0869496197716491,"Unfished reference","Non-oscillating (resource_decrease=0.1)"
541.4,0.0869496197716492,"Unfished reference","Non-oscillating (resource_decrease=0.1)"
541.6,0.0869496197716492,"Unfished reference","Non-oscillating (resource_decrease=0.1)"
541.8,0.0869496197716492,"Unfished reference","Non-oscillating (resource_decrease=0.1)"
542,0.0869496197716492,"Unfished reference","Non-oscillating (resource_decrease=0.1)"
542.2,0.0869496197716492,"Unfished reference","Non-oscillating (resource_decrease=0.1)"
542.4,0.0869496197716492,"Unfished reference","Non-oscillating (resource_decrease=0.1)"
542.6,0.0869496197716492,"Unfished reference","Non-oscillating (resource_decrease=0.1)"
542.8,0.0869496197716492,"Unfished reference","Non-oscillating (resource_decrease=0.1)"
543,0.0869496197716492,"Unfished reference","Non-oscillating (resource_decrease=0.1)"
543.2,0.0869496197716492,"Unfished reference","Non-oscillating (resource_decrease=0.1)"
543.4,0.0869496197716492,"Unfished reference","Non-oscillating (resource_decrease=0.1)"
543.6,0.0869496197716492,"Unfished reference","Non-oscillating (resource_decrease=0.1)"
543.8,0.0869496197716493,"Unfished reference","Non-oscillating (resource_decrease=0.1)"
544,0.0869496197716493,"Unfished reference","Non-oscillating (resource_decrease=0.1)"
544.2,0.0869496197716493,"Unfished reference","Non-oscillating (resource_decrease=0.1)"
544.4,0.0869496197716493,"Unfished reference","Non-oscillating (resource_decrease=0.1)"
544.6,0.0869496197716493,"Unfished reference","Non-oscillating (resource_decrease=0.1)"
544.8,0.0869496197716493,"Unfished reference","Non-oscillating (resource_decrease=0.1)"
545,0.0869496197716493,"Unfished reference","Non-oscillating (resource_decrease=0.1)"
545.2,0.0869496197716492,"Unfished reference","Non-oscillating (resource_decrease=0.1)"
545.4,0.0869496197716492,"Unfished reference","Non-oscillating (resource_decrease=0.1)"
545.6,0.0869496197716492,"Unfished reference","Non-oscillating (resource_decrease=0.1)"
545.8,0.0869496197716492,"Unfished reference","Non-oscillating (resource_decrease=0.1)"
546,0.0869496197716491,"Unfished reference","Non-oscillating (resource_decrease=0.1)"
546.2,0.0869496197716491,"Unfished reference","Non-oscillating (resource_decrease=0.1)"
546.4,0.0869496197716492,"Unfished reference","Non-oscillating (resource_decrease=0.1)"
546.6,0.0869496197716492,"Unfished reference","Non-oscillating (resource_decrease=0.1)"
546.8,0.0869496197716492,"Unfished reference","Non-oscillating (resource_decrease=0.1)"
547,0.0869496197716493,"Unfished reference","Non-oscillating (resource_decrease=0.1)"
547.2,0.0869496197716493,"Unfished reference","Non-oscillating (resource_decrease=0.1)"
547.4,0.0869496197716492,"Unfished reference","Non-oscillating (resource_decrease=0.1)"
547.6,0.0869496197716492,"Unfished reference","Non-oscillating (resource_decrease=0.1)"
547.8,0.0869496197716492,"Unfished reference","Non-oscillating (resource_decrease=0.1)"
548,0.0869496197716492,"Unfished reference","Non-oscillating (resource_decrease=0.1)"
548.2,0.0869496197716491,"Unfished reference","Non-oscillating (resource_decrease=0.1)"
548.4,0.0869496197716492,"Unfished reference","Non-oscillating (resource_decrease=0.1)"
548.6,0.0869496197716492,"Unfished reference","Non-oscillating (resource_decrease=0.1)"
548.8,0.0869496197716492,"Unfished reference","Non-oscillating (resource_decrease=0.1)"
549,0.0869496197716492,"Unfished reference","Non-oscillating (resource_decrease=0.1)"
549.2,0.0869496197716493,"Unfished reference","Non-oscillating (resource_decrease=0.1)"
549.4,0.0869496197716492,"Unfished reference","Non-oscillating (resource_decrease=0.1)"
549.6,0.0869496197716493,"Unfished reference","Non-oscillating (resource_decrease=0.1)"
549.8,0.0869496197716493,"Unfished reference","Non-oscillating (resource_decrease=0.1)"
550,0.0869496197716493,"Unfished reference","Non-oscillating (resource_decrease=0.1)"
550.2,0.0869496197716493,"Unfished reference","Non-oscillating (resource_decrease=0.1)"
550.4,0.0869496197716493,"Unfished reference","Non-oscillating (resource_decrease=0.1)"
550.6,0.0869496197716492,"Unfished reference","Non-oscillating (resource_decrease=0.1)"
550.8,0.0869496197716493,"Unfished reference","Non-oscillating (resource_decrease=0.1)"
551,0.0869496197716492,"Unfished reference","Non-oscillating (resource_decrease=0.1)"
551.2,0.0869496197716492,"Unfished reference","Non-oscillating (resource_decrease=0.1)"
551.4,0.0869496197716492,"Unfished reference","Non-oscillating (resource_decrease=0.1)"
551.6,0.0869496197716492,"Unfished reference","Non-oscillating (resource_decrease=0.1)"
551.8,0.0869496197716492,"Unfished reference","Non-oscillating (resource_decrease=0.1)"
552,0.0869496197716492,"Unfished reference","Non-oscillating (resource_decrease=0.1)"
552.2,0.0869496197716492,"Unfished reference","Non-oscillating (resource_decrease=0.1)"
552.4,0.0869496197716492,"Unfished reference","Non-oscillating (resource_decrease=0.1)"
552.6,0.0869496197716492,"Unfished reference","Non-oscillating (resource_decrease=0.1)"
552.8,0.0869496197716492,"Unfished reference","Non-oscillating (resource_decrease=0.1)"
553,0.0869496197716492,"Unfished reference","Non-oscillating (resource_decrease=0.1)"
553.2,0.0869496197716491,"Unfished reference","Non-oscillating (resource_decrease=0.1)"
553.4,0.0869496197716492,"Unfished reference","Non-oscillating (resource_decrease=0.1)"
553.6,0.0869496197716492,"Unfished reference","Non-oscillating (resource_decrease=0.1)"
553.8,0.0869496197716492,"Unfished reference","Non-oscillating (resource_decrease=0.1)"
554,0.0869496197716491,"Unfished reference","Non-oscillating (resource_decrease=0.1)"
554.2,0.0869496197716491,"Unfished reference","Non-oscillating (resource_decrease=0.1)"
554.4,0.0869496197716491,"Unfished reference","Non-oscillating (resource_decrease=0.1)"
554.6,0.0869496197716491,"Unfished reference","Non-oscillating (resource_decrease=0.1)"
554.8,0.0869496197716492,"Unfished reference","Non-oscillating (resource_decrease=0.1)"
555,0.0869496197716491,"Unfished reference","Non-oscillating (resource_decrease=0.1)"
555.2,0.0869496197716491,"Unfished reference","Non-oscillating (resource_decrease=0.1)"
555.4,0.0869496197716492,"Unfished reference","Non-oscillating (resource_decrease=0.1)"
555.6,0.0869496197716491,"Unfished reference","Non-oscillating (resource_decrease=0.1)"
555.8,0.0869496197716492,"Unfished reference","Non-oscillating (resource_decrease=0.1)"
556,0.0869496197716492,"Unfished reference","Non-oscillating (resource_decrease=0.1)"
556.2,0.0869496197716492,"Unfished reference","Non-oscillating (resource_decrease=0.1)"
556.4,0.0869496197716492,"Unfished reference","Non-oscillating (resource_decrease=0.1)"
556.6,0.0869496197716491,"Unfished reference","Non-oscillating (resource_decrease=0.1)"
556.8,0.0869496197716492,"Unfished reference","Non-oscillating (resource_decrease=0.1)"
557,0.0869496197716492,"Unfished reference","Non-oscillating (resource_decrease=0.1)"
557.2,0.0869496197716492,"Unfished reference","Non-oscillating (resource_decrease=0.1)"
557.4,0.0869496197716492,"Unfished reference","Non-oscillating (resource_decrease=0.1)"
557.6,0.0869496197716492,"Unfished reference","Non-oscillating (resource_decrease=0.1)"
557.8,0.0869496197716492,"Unfished reference","Non-oscillating (resource_decrease=0.1)"
558,0.0869496197716492,"Unfished reference","Non-oscillating (resource_decrease=0.1)"
558.2,0.0869496197716492,"Unfished reference","Non-oscillating (resource_decrease=0.1)"
558.4,0.0869496197716492,"Unfished reference","Non-oscillating (resource_decrease=0.1)"
558.6,0.0869496197716492,"Unfished reference","Non-oscillating (resource_decrease=0.1)"
558.8,0.0869496197716492,"Unfished reference","Non-oscillating (resource_decrease=0.1)"
559,0.0869496197716492,"Unfished reference","Non-oscillating (resource_decrease=0.1)"
559.2,0.0869496197716492,"Unfished reference","Non-oscillating (resource_decrease=0.1)"
559.4,0.0869496197716492,"Unfished reference","Non-oscillating (resource_decrease=0.1)"
559.6,0.0869496197716492,"Unfished reference","Non-oscillating (resource_decrease=0.1)"
559.8,0.0869496197716492,"Unfished reference","Non-oscillating (resource_decrease=0.1)"
560,0.0869496197716492,"Unfished reference","Non-oscillating (resource_decrease=0.1)"
560.2,0.0869496197716491,"Unfished reference","Non-oscillating (resource_decrease=0.1)"
560.4,0.0869496197716492,"Unfished reference","Non-oscillating (resource_decrease=0.1)"
560.6,0.0869496197716492,"Unfished reference","Non-oscillating (resource_decrease=0.1)"
560.8,0.0869496197716492,"Unfished reference","Non-oscillating (resource_decrease=0.1)"
561,0.0869496197716492,"Unfished reference","Non-oscillating (resource_decrease=0.1)"
561.2,0.0869496197716492,"Unfished reference","Non-oscillating (resource_decrease=0.1)"
561.4,0.0869496197716492,"Unfished reference","Non-oscillating (resource_decrease=0.1)"
561.6,0.0869496197716492,"Unfished reference","Non-oscillating (resource_decrease=0.1)"
561.8,0.0869496197716492,"Unfished reference","Non-oscillating (resource_decrease=0.1)"
562,0.0869496197716492,"Unfished reference","Non-oscillating (resource_decrease=0.1)"
562.2,0.0869496197716492,"Unfished reference","Non-oscillating (resource_decrease=0.1)"
562.4,0.0869496197716491,"Unfished reference","Non-oscillating (resource_decrease=0.1)"
562.6,0.0869496197716492,"Unfished reference","Non-oscillating (resource_decrease=0.1)"
562.8,0.0869496197716491,"Unfished reference","Non-oscillating (resource_decrease=0.1)"
563,0.0869496197716492,"Unfished reference","Non-oscillating (resource_decrease=0.1)"
563.2,0.0869496197716491,"Unfished reference","Non-oscillating (resource_decrease=0.1)"
563.4,0.0869496197716491,"Unfished reference","Non-oscillating (resource_decrease=0.1)"
563.6,0.0869496197716492,"Unfished reference","Non-oscillating (resource_decrease=0.1)"
563.8,0.0869496197716492,"Unfished reference","Non-oscillating (resource_decrease=0.1)"
564,0.0869496197716492,"Unfished reference","Non-oscillating (resource_decrease=0.1)"
564.2,0.0869496197716493,"Unfished reference","Non-oscillating (resource_decrease=0.1)"
564.4,0.0869496197716492,"Unfished reference","Non-oscillating (resource_decrease=0.1)"
564.6,0.0869496197716492,"Unfished reference","Non-oscillating (resource_decrease=0.1)"
564.8,0.0869496197716492,"Unfished reference","Non-oscillating (resource_decrease=0.1)"
565,0.0869496197716492,"Unfished reference","Non-oscillating (resource_decrease=0.1)"
565.2,0.0869496197716492,"Unfished reference","Non-oscillating (resource_decrease=0.1)"
565.4,0.0869496197716491,"Unfished reference","Non-oscillating (resource_decrease=0.1)"
565.6,0.0869496197716491,"Unfished reference","Non-oscillating (resource_decrease=0.1)"
565.8,0.0869496197716491,"Unfished reference","Non-oscillating (resource_decrease=0.1)"
566,0.0869496197716491,"Unfished reference","Non-oscillating (resource_decrease=0.1)"
566.2,0.0869496197716491,"Unfished reference","Non-oscillating (resource_decrease=0.1)"
566.4,0.0869496197716491,"Unfished reference","Non-oscillating (resource_decrease=0.1)"
566.6,0.0869496197716491,"Unfished reference","Non-oscillating (resource_decrease=0.1)"
566.8,0.0869496197716491,"Unfished reference","Non-oscillating (resource_decrease=0.1)"
567,0.0869496197716492,"Unfished reference","Non-oscillating (resource_decrease=0.1)"
567.2,0.0869496197716492,"Unfished reference","Non-oscillating (resource_decrease=0.1)"
567.4,0.0869496197716491,"Unfished reference","Non-oscillating (resource_decrease=0.1)"
567.6,0.0869496197716492,"Unfished reference","Non-oscillating (resource_decrease=0.1)"
567.8,0.0869496197716492,"Unfished reference","Non-oscillating (resource_decrease=0.1)"
568,0.0869496197716492,"Unfished reference","Non-oscillating (resource_decrease=0.1)"
568.2,0.0869496197716493,"Unfished reference","Non-oscillating (resource_decrease=0.1)"
568.4,0.0869496197716492,"Unfished reference","Non-oscillating (resource_decrease=0.1)"
568.6,0.0869496197716493,"Unfished reference","Non-oscillating (resource_decrease=0.1)"
568.8,0.0869496197716493,"Unfished reference","Non-oscillating (resource_decrease=0.1)"
569,0.0869496197716492,"Unfished reference","Non-oscillating (resource_decrease=0.1)"
569.2,0.0869496197716492,"Unfished reference","Non-oscillating (resource_decrease=0.1)"
569.4,0.0869496197716492,"Unfished reference","Non-oscillating (resource_decrease=0.1)"
569.6,0.0869496197716492,"Unfished reference","Non-oscillating (resource_decrease=0.1)"
569.8,0.0869496197716492,"Unfished reference","Non-oscillating (resource_decrease=0.1)"
570,0.0869496197716492,"Unfished reference","Non-oscillating (resource_decrease=0.1)"
570.2,0.0869496197716492,"Unfished reference","Non-oscillating (resource_decrease=0.1)"
570.4,0.0869496197716493,"Unfished reference","Non-oscillating (resource_decrease=0.1)"
570.6,0.0869496197716492,"Unfished reference","Non-oscillating (resource_decrease=0.1)"
570.8,0.0869496197716492,"Unfished reference","Non-oscillating (resource_decrease=0.1)"
571,0.0869496197716492,"Unfished reference","Non-oscillating (resource_decrease=0.1)"
571.2,0.0869496197716492,"Unfished reference","Non-oscillating (resource_decrease=0.1)"
571.4,0.0869496197716493,"Unfished reference","Non-oscillating (resource_decrease=0.1)"
571.6,0.0869496197716493,"Unfished reference","Non-oscillating (resource_decrease=0.1)"
571.8,0.0869496197716493,"Unfished reference","Non-oscillating (resource_decrease=0.1)"
572,0.0869496197716493,"Unfished reference","Non-oscillating (resource_decrease=0.1)"
572.2,0.0869496197716493,"Unfished reference","Non-oscillating (resource_decrease=0.1)"
572.4,0.0869496197716493,"Unfished reference","Non-oscillating (resource_decrease=0.1)"
572.6,0.0869496197716492,"Unfished reference","Non-oscillating (resource_decrease=0.1)"
572.8,0.0869496197716493,"Unfished reference","Non-oscillating (resource_decrease=0.1)"
573,0.0869496197716492,"Unfished reference","Non-oscillating (resource_decrease=0.1)"
573.2,0.0869496197716492,"Unfished reference","Non-oscillating (resource_decrease=0.1)"
573.4,0.0869496197716492,"Unfished reference","Non-oscillating (resource_decrease=0.1)"
573.6,0.0869496197716492,"Unfished reference","Non-oscillating (resource_decrease=0.1)"
573.8,0.0869496197716492,"Unfished reference","Non-oscillating (resource_decrease=0.1)"
574,0.0869496197716492,"Unfished reference","Non-oscillating (resource_decrease=0.1)"
574.2,0.0869496197716492,"Unfished reference","Non-oscillating (resource_decrease=0.1)"
574.4,0.0869496197716492,"Unfished reference","Non-oscillating (resource_decrease=0.1)"
574.6,0.0869496197716492,"Unfished reference","Non-oscillating (resource_decrease=0.1)"
574.8,0.0869496197716493,"Unfished reference","Non-oscillating (resource_decrease=0.1)"
575,0.0869496197716493,"Unfished reference","Non-oscillating (resource_decrease=0.1)"
575.2,0.0869496197716493,"Unfished reference","Non-oscillating (resource_decrease=0.1)"
575.4,0.0869496197716493,"Unfished reference","Non-oscillating (resource_decrease=0.1)"
575.6,0.0869496197716493,"Unfished reference","Non-oscillating (resource_decrease=0.1)"
575.8,0.0869496197716493,"Unfished reference","Non-oscillating (resource_decrease=0.1)"
576,0.0869496197716492,"Unfished reference","Non-oscillating (resource_decrease=0.1)"
576.2,0.0869496197716492,"Unfished reference","Non-oscillating (resource_decrease=0.1)"
576.4,0.0869496197716492,"Unfished reference","Non-oscillating (resource_decrease=0.1)"
576.6,0.0869496197716492,"Unfished reference","Non-oscillating (resource_decrease=0.1)"
576.8,0.0869496197716492,"Unfished reference","Non-oscillating (resource_decrease=0.1)"
577,0.0869496197716492,"Unfished reference","Non-oscillating (resource_decrease=0.1)"
577.2,0.0869496197716492,"Unfished reference","Non-oscillating (resource_decrease=0.1)"
577.4,0.0869496197716492,"Unfished reference","Non-oscillating (resource_decrease=0.1)"
577.6,0.0869496197716492,"Unfished reference","Non-oscillating (resource_decrease=0.1)"
577.8,0.0869496197716492,"Unfished reference","Non-oscillating (resource_decrease=0.1)"
578,0.0869496197716492,"Unfished reference","Non-oscillating (resource_decrease=0.1)"
578.2,0.0869496197716492,"Unfished reference","Non-oscillating (resource_decrease=0.1)"
578.4,0.0869496197716493,"Unfished reference","Non-oscillating (resource_decrease=0.1)"
578.6,0.0869496197716492,"Unfished reference","Non-oscillating (resource_decrease=0.1)"
578.8,0.0869496197716492,"Unfished reference","Non-oscillating (resource_decrease=0.1)"
579,0.0869496197716492,"Unfished reference","Non-oscillating (resource_decrease=0.1)"
579.2,0.0869496197716492,"Unfished reference","Non-oscillating (resource_decrease=0.1)"
579.4,0.0869496197716491,"Unfished reference","Non-oscillating (resource_decrease=0.1)"
579.6,0.0869496197716492,"Unfished reference","Non-oscillating (resource_decrease=0.1)"
579.8,0.0869496197716492,"Unfished reference","Non-oscillating (resource_decrease=0.1)"
580,0.0869496197716492,"Unfished reference","Non-oscillating (resource_decrease=0.1)"
580.2,0.0869496197716492,"Unfished reference","Non-oscillating (resource_decrease=0.1)"
580.4,0.0869496197716492,"Unfished reference","Non-oscillating (resource_decrease=0.1)"
580.6,0.0869496197716493,"Unfished reference","Non-oscillating (resource_decrease=0.1)"
580.8,0.0869496197716493,"Unfished reference","Non-oscillating (resource_decrease=0.1)"
581,0.0869496197716492,"Unfished reference","Non-oscillating (resource_decrease=0.1)"
581.2,0.0869496197716492,"Unfished reference","Non-oscillating (resource_decrease=0.1)"
581.4,0.0869496197716493,"Unfished reference","Non-oscillating (resource_decrease=0.1)"
581.6,0.0869496197716493,"Unfished reference","Non-oscillating (resource_decrease=0.1)"
581.8,0.0869496197716493,"Unfished reference","Non-oscillating (resource_decrease=0.1)"
582,0.0869496197716493,"Unfished reference","Non-oscillating (resource_decrease=0.1)"
582.2,0.0869496197716493,"Unfished reference","Non-oscillating (resource_decrease=0.1)"
582.4,0.0869496197716492,"Unfished reference","Non-oscillating (resource_decrease=0.1)"
582.6,0.0869496197716492,"Unfished reference","Non-oscillating (resource_decrease=0.1)"
582.8,0.0869496197716492,"Unfished reference","Non-oscillating (resource_decrease=0.1)"
583,0.0869496197716492,"Unfished reference","Non-oscillating (resource_decrease=0.1)"
583.2,0.0869496197716492,"Unfished reference","Non-oscillating (resource_decrease=0.1)"
583.4,0.0869496197716491,"Unfished reference","Non-oscillating (resource_decrease=0.1)"
583.6,0.0869496197716491,"Unfished reference","Non-oscillating (resource_decrease=0.1)"
583.8,0.0869496197716491,"Unfished reference","Non-oscillating (resource_decrease=0.1)"
584,0.0869496197716491,"Unfished reference","Non-oscillating (resource_decrease=0.1)"
584.2,0.0869496197716491,"Unfished reference","Non-oscillating (resource_decrease=0.1)"
584.4,0.0869496197716491,"Unfished reference","Non-oscillating (resource_decrease=0.1)"
584.6,0.0869496197716491,"Unfished reference","Non-oscillating (resource_decrease=0.1)"
584.8,0.0869496197716492,"Unfished reference","Non-oscillating (resource_decrease=0.1)"
585,0.0869496197716492,"Unfished reference","Non-oscillating (resource_decrease=0.1)"
585.2,0.0869496197716492,"Unfished reference","Non-oscillating (resource_decrease=0.1)"
585.4,0.0869496197716492,"Unfished reference","Non-oscillating (resource_decrease=0.1)"
585.6,0.0869496197716492,"Unfished reference","Non-oscillating (resource_decrease=0.1)"
585.8,0.0869496197716492,"Unfished reference","Non-oscillating (resource_decrease=0.1)"
586,0.0869496197716492,"Unfished reference","Non-oscillating (resource_decrease=0.1)"
586.2,0.0869496197716492,"Unfished reference","Non-oscillating (resource_decrease=0.1)"
586.4,0.0869496197716492,"Unfished reference","Non-oscillating (resource_decrease=0.1)"
586.6,0.0869496197716491,"Unfished reference","Non-oscillating (resource_decrease=0.1)"
586.8,0.0869496197716491,"Unfished reference","Non-oscillating (resource_decrease=0.1)"
587,0.0869496197716492,"Unfished reference","Non-oscillating (resource_decrease=0.1)"
587.2,0.0869496197716492,"Unfished reference","Non-oscillating (resource_decrease=0.1)"
587.4,0.0869496197716492,"Unfished reference","Non-oscillating (resource_decrease=0.1)"
587.6,0.0869496197716493,"Unfished reference","Non-oscillating (resource_decrease=0.1)"
587.8,0.0869496197716493,"Unfished reference","Non-oscillating (resource_decrease=0.1)"
588,0.0869496197716493,"Unfished reference","Non-oscillating (resource_decrease=0.1)"
588.2,0.0869496197716492,"Unfished reference","Non-oscillating (resource_decrease=0.1)"
588.4,0.0869496197716492,"Unfished reference","Non-oscillating (resource_decrease=0.1)"
588.6,0.0869496197716492,"Unfished reference","Non-oscillating (resource_decrease=0.1)"
588.8,0.0869496197716492,"Unfished reference","Non-oscillating (resource_decrease=0.1)"
589,0.0869496197716492,"Unfished reference","Non-oscillating (resource_decrease=0.1)"
589.2,0.0869496197716492,"Unfished reference","Non-oscillating (resource_decrease=0.1)"
589.4,0.0869496197716491,"Unfished reference","Non-oscillating (resource_decrease=0.1)"
589.6,0.0869496197716491,"Unfished reference","Non-oscillating (resource_decrease=0.1)"
589.8,0.0869496197716491,"Unfished reference","Non-oscillating (resource_decrease=0.1)"
590,0.0869496197716491,"Unfished reference","Non-oscillating (resource_decrease=0.1)"
590.2,0.0869496197716492,"Unfished reference","Non-oscillating (resource_decrease=0.1)"
590.4,0.0869496197716491,"Unfished reference","Non-oscillating (resource_decrease=0.1)"
590.6,0.0869496197716492,"Unfished reference","Non-oscillating (resource_decrease=0.1)"
590.8,0.0869496197716491,"Unfished reference","Non-oscillating (resource_decrease=0.1)"
591,0.0869496197716492,"Unfished reference","Non-oscillating (resource_decrease=0.1)"
591.2,0.0869496197716491,"Unfished reference","Non-oscillating (resource_decrease=0.1)"
591.4,0.0869496197716491,"Unfished reference","Non-oscillating (resource_decrease=0.1)"
591.6,0.0869496197716491,"Unfished reference","Non-oscillating (resource_decrease=0.1)"
591.8,0.0869496197716491,"Unfished reference","Non-oscillating (resource_decrease=0.1)"
592,0.0869496197716492,"Unfished reference","Non-oscillating (resource_decrease=0.1)"
592.2,0.0869496197716491,"Unfished reference","Non-oscillating (resource_decrease=0.1)"
592.4,0.0869496197716492,"Unfished reference","Non-oscillating (resource_decrease=0.1)"
592.6,0.0869496197716492,"Unfished reference","Non-oscillating (resource_decrease=0.1)"
592.8,0.0869496197716492,"Unfished reference","Non-oscillating (resource_decrease=0.1)"
593,0.0869496197716491,"Unfished reference","Non-oscillating (resource_decrease=0.1)"
593.2,0.0869496197716492,"Unfished reference","Non-oscillating (resource_decrease=0.1)"
593.4,0.0869496197716492,"Unfished reference","Non-oscillating (resource_decrease=0.1)"
593.6,0.0869496197716491,"Unfished reference","Non-oscillating (resource_decrease=0.1)"
593.8,0.0869496197716492,"Unfished reference","Non-oscillating (resource_decrease=0.1)"
594,0.0869496197716492,"Unfished reference","Non-oscillating (resource_decrease=0.1)"
594.2,0.0869496197716492,"Unfished reference","Non-oscillating (resource_decrease=0.1)"
594.4,0.0869496197716492,"Unfished reference","Non-oscillating (resource_decrease=0.1)"
594.6,0.0869496197716492,"Unfished reference","Non-oscillating (resource_decrease=0.1)"
594.8,0.0869496197716491,"Unfished reference","Non-oscillating (resource_decrease=0.1)"
595,0.0869496197716491,"Unfished reference","Non-oscillating (resource_decrease=0.1)"
595.2,0.0869496197716491,"Unfished reference","Non-oscillating (resource_decrease=0.1)"
595.4,0.0869496197716491,"Unfished reference","Non-oscillating (resource_decrease=0.1)"
595.6,0.0869496197716491,"Unfished reference","Non-oscillating (resource_decrease=0.1)"
595.8,0.0869496197716492,"Unfished reference","Non-oscillating (resource_decrease=0.1)"
596,0.0869496197716492,"Unfished reference","Non-oscillating (resource_decrease=0.1)"
596.2,0.0869496197716492,"Unfished reference","Non-oscillating (resource_decrease=0.1)"
596.4,0.0869496197716492,"Unfished reference","Non-oscillating (resource_decrease=0.1)"
596.6,0.0869496197716492,"Unfished reference","Non-oscillating (resource_decrease=0.1)"
596.8,0.0869496197716492,"Unfished reference","Non-oscillating (resource_decrease=0.1)"
597,0.0869496197716492,"Unfished reference","Non-oscillating (resource_decrease=0.1)"
597.2,0.0869496197716492,"Unfished reference","Non-oscillating (resource_decrease=0.1)"
597.4,0.0869496197716491,"Unfished reference","Non-oscillating (resource_decrease=0.1)"
597.6,0.0869496197716492,"Unfished reference","Non-oscillating (resource_decrease=0.1)"
597.8,0.0869496197716491,"Unfished reference","Non-oscillating (resource_decrease=0.1)"
598,0.0869496197716491,"Unfished reference","Non-oscillating (resource_decrease=0.1)"
598.2,0.0869496197716491,"Unfished reference","Non-oscillating (resource_decrease=0.1)"
598.4,0.0869496197716491,"Unfished reference","Non-oscillating (resource_decrease=0.1)"
598.6,0.0869496197716492,"Unfished reference","Non-oscillating (resource_decrease=0.1)"
598.8,0.0869496197716491,"Unfished reference","Non-oscillating (resource_decrease=0.1)"
599,0.0869496197716491,"Unfished reference","Non-oscillating (resource_decrease=0.1)"
599.2,0.0869496197716491,"Unfished reference","Non-oscillating (resource_decrease=0.1)"
599.4,0.0869496197716491,"Unfished reference","Non-oscillating (resource_decrease=0.1)"
599.6,0.0869496197716491,"Unfished reference","Non-oscillating (resource_decrease=0.1)"
599.8,0.0869496197716491,"Unfished reference","Non-oscillating (resource_decrease=0.1)"
600,0.0869496197716491,"Unfished reference","Non-oscillating (resource_decrease=0.1)"
600.2,0.0869496197716491,"Unfished reference","Non-oscillating (resource_decrease=0.1)"
600.4,0.0869496197716491,"Unfished reference","Non-oscillating (resource_decrease=0.1)"
600.6,0.0869496197716491,"Unfished reference","Non-oscillating (resource_decrease=0.1)"
600.8,0.0869496197716491,"Unfished reference","Non-oscillating (resource_decrease=0.1)"
601,0.0869496197716492,"Unfished reference","Non-oscillating (resource_decrease=0.1)"
601.2,0.0869496197716492,"Unfished reference","Non-oscillating (resource_decrease=0.1)"
601.4,0.0869496197716491,"Unfished reference","Non-oscillating (resource_decrease=0.1)"
601.6,0.0869496197716491,"Unfished reference","Non-oscillating (resource_decrease=0.1)"
601.8,0.0869496197716492,"Unfished reference","Non-oscillating (resource_decrease=0.1)"
602,0.0869496197716491,"Unfished reference","Non-oscillating (resource_decrease=0.1)"
602.2,0.0869496197716491,"Unfished reference","Non-oscillating (resource_decrease=0.1)"
602.4,0.0869496197716491,"Unfished reference","Non-oscillating (resource_decrease=0.1)"
602.6,0.0869496197716491,"Unfished reference","Non-oscillating (resource_decrease=0.1)"
602.8,0.0869496197716491,"Unfished reference","Non-oscillating (resource_decrease=0.1)"
603,0.0869496197716491,"Unfished reference","Non-oscillating (resource_decrease=0.1)"
603.2,0.0869496197716491,"Unfished reference","Non-oscillating (resource_decrease=0.1)"
603.4,0.0869496197716491,"Unfished reference","Non-oscillating (resource_decrease=0.1)"
603.6,0.0869496197716491,"Unfished reference","Non-oscillating (resource_decrease=0.1)"
603.8,0.0869496197716491,"Unfished reference","Non-oscillating (resource_decrease=0.1)"
604,0.0869496197716491,"Unfished reference","Non-oscillating (resource_decrease=0.1)"
604.2,0.0869496197716491,"Unfished reference","Non-oscillating (resource_decrease=0.1)"
604.4,0.0869496197716491,"Unfished reference","Non-oscillating (resource_decrease=0.1)"
604.6,0.0869496197716492,"Unfished reference","Non-oscillating (resource_decrease=0.1)"
604.8,0.0869496197716491,"Unfished reference","Non-oscillating (resource_decrease=0.1)"
605,0.0869496197716491,"Unfished reference","Non-oscillating (resource_decrease=0.1)"
605.2,0.0869496197716492,"Unfished reference","Non-oscillating (resource_decrease=0.1)"
605.4,0.0869496197716492,"Unfished reference","Non-oscillating (resource_decrease=0.1)"
605.6,0.0869496197716491,"Unfished reference","Non-oscillating (resource_decrease=0.1)"
605.8,0.0869496197716491,"Unfished reference","Non-oscillating (resource_decrease=0.1)"
606,0.0869496197716491,"Unfished reference","Non-oscillating (resource_decrease=0.1)"
606.2,0.0869496197716492,"Unfished reference","Non-oscillating (resource_decrease=0.1)"
606.4,0.0869496197716491,"Unfished reference","Non-oscillating (resource_decrease=0.1)"
606.6,0.0869496197716491,"Unfished reference","Non-oscillating (resource_decrease=0.1)"
606.8,0.0869496197716492,"Unfished reference","Non-oscillating (resource_decrease=0.1)"
607,0.0869496197716491,"Unfished reference","Non-oscillating (resource_decrease=0.1)"
607.2,0.0869496197716491,"Unfished reference","Non-oscillating (resource_decrease=0.1)"
607.4,0.0869496197716491,"Unfished reference","Non-oscillating (resource_decrease=0.1)"
607.6,0.0869496197716491,"Unfished reference","Non-oscillating (resource_decrease=0.1)"
607.8,0.0869496197716491,"Unfished reference","Non-oscillating (resource_decrease=0.1)"
608,0.0869496197716492,"Unfished reference","Non-oscillating (resource_decrease=0.1)"
608.2,0.0869496197716491,"Unfished reference","Non-oscillating (resource_decrease=0.1)"
608.4,0.0869496197716492,"Unfished reference","Non-oscillating (resource_decrease=0.1)"
608.6,0.0869496197716492,"Unfished reference","Non-oscillating (resource_decrease=0.1)"
608.8,0.0869496197716492,"Unfished reference","Non-oscillating (resource_decrease=0.1)"
609,0.0869496197716492,"Unfished reference","Non-oscillating (resource_decrease=0.1)"
609.2,0.0869496197716492,"Unfished reference","Non-oscillating (resource_decrease=0.1)"
609.4,0.0869496197716492,"Unfished reference","Non-oscillating (resource_decrease=0.1)"
609.6,0.0869496197716492,"Unfished reference","Non-oscillating (resource_decrease=0.1)"
609.8,0.0869496197716492,"Unfished reference","Non-oscillating (resource_decrease=0.1)"
610,0.0869496197716492,"Unfished reference","Non-oscillating (resource_decrease=0.1)"
610.2,0.0869496197716492,"Unfished reference","Non-oscillating (resource_decrease=0.1)"
610.4,0.0869496197716492,"Unfished reference","Non-oscillating (resource_decrease=0.1)"
610.6,0.0869496197716492,"Unfished reference","Non-oscillating (resource_decrease=0.1)"
610.8,0.0869496197716492,"Unfished reference","Non-oscillating (resource_decrease=0.1)"
611,0.0869496197716491,"Unfished reference","Non-oscillating (resource_decrease=0.1)"
611.2,0.0869496197716491,"Unfished reference","Non-oscillating (resource_decrease=0.1)"
611.4,0.0869496197716492,"Unfished reference","Non-oscillating (resource_decrease=0.1)"
611.6,0.0869496197716492,"Unfished reference","Non-oscillating (resource_decrease=0.1)"
611.8,0.0869496197716492,"Unfished reference","Non-oscillating (resource_decrease=0.1)"
612,0.0869496197716492,"Unfished reference","Non-oscillating (resource_decrease=0.1)"
612.2,0.0869496197716492,"Unfished reference","Non-oscillating (resource_decrease=0.1)"
612.4,0.0869496197716493,"Unfished reference","Non-oscillating (resource_decrease=0.1)"
612.6,0.0869496197716493,"Unfished reference","Non-oscillating (resource_decrease=0.1)"
612.8,0.0869496197716493,"Unfished reference","Non-oscillating (resource_decrease=0.1)"
613,0.0869496197716493,"Unfished reference","Non-oscillating (resource_decrease=0.1)"
613.2,0.0869496197716493,"Unfished reference","Non-oscillating (resource_decrease=0.1)"
613.4,0.0869496197716493,"Unfished reference","Non-oscillating (resource_decrease=0.1)"
613.6,0.0869496197716492,"Unfished reference","Non-oscillating (resource_decrease=0.1)"
613.8,0.0869496197716493,"Unfished reference","Non-oscillating (resource_decrease=0.1)"
614,0.0869496197716492,"Unfished reference","Non-oscillating (resource_decrease=0.1)"
614.2,0.0869496197716492,"Unfished reference","Non-oscillating (resource_decrease=0.1)"
614.4,0.0869496197716491,"Unfished reference","Non-oscillating (resource_decrease=0.1)"
614.6,0.0869496197716491,"Unfished reference","Non-oscillating (resource_decrease=0.1)"
614.8,0.0869496197716491,"Unfished reference","Non-oscillating (resource_decrease=0.1)"
615,0.0869496197716491,"Unfished reference","Non-oscillating (resource_decrease=0.1)"
615.2,0.0869496197716492,"Unfished reference","Non-oscillating (resource_decrease=0.1)"
615.4,0.0869496197716492,"Unfished reference","Non-oscillating (resource_decrease=0.1)"
615.6,0.0869496197716492,"Unfished reference","Non-oscillating (resource_decrease=0.1)"
615.8,0.0869496197716492,"Unfished reference","Non-oscillating (resource_decrease=0.1)"
616,0.0869496197716492,"Unfished reference","Non-oscillating (resource_decrease=0.1)"
616.2,0.0869496197716492,"Unfished reference","Non-oscillating (resource_decrease=0.1)"
616.4,0.0869496197716492,"Unfished reference","Non-oscillating (resource_decrease=0.1)"
616.6,0.0869496197716492,"Unfished reference","Non-oscillating (resource_decrease=0.1)"
616.8,0.0869496197716492,"Unfished reference","Non-oscillating (resource_decrease=0.1)"
617,0.0869496197716492,"Unfished reference","Non-oscillating (resource_decrease=0.1)"
617.2,0.0869496197716492,"Unfished reference","Non-oscillating (resource_decrease=0.1)"
617.4,0.0869496197716491,"Unfished reference","Non-oscillating (resource_decrease=0.1)"
617.6,0.0869496197716491,"Unfished reference","Non-oscillating (resource_decrease=0.1)"
617.8,0.0869496197716492,"Unfished reference","Non-oscillating (resource_decrease=0.1)"
618,0.0869496197716492,"Unfished reference","Non-oscillating (resource_decrease=0.1)"
618.2,0.0869496197716491,"Unfished reference","Non-oscillating (resource_decrease=0.1)"
618.4,0.0869496197716491,"Unfished reference","Non-oscillating (resource_decrease=0.1)"
618.6,0.0869496197716492,"Unfished reference","Non-oscillating (resource_decrease=0.1)"
618.8,0.0869496197716492,"Unfished reference","Non-oscillating (resource_decrease=0.1)"
619,0.0869496197716491,"Unfished reference","Non-oscillating (resource_decrease=0.1)"
619.2,0.0869496197716491,"Unfished reference","Non-oscillating (resource_decrease=0.1)"
619.4,0.0869496197716491,"Unfished reference","Non-oscillating (resource_decrease=0.1)"
619.6,0.0869496197716491,"Unfished reference","Non-oscillating (resource_decrease=0.1)"
619.8,0.0869496197716491,"Unfished reference","Non-oscillating (resource_decrease=0.1)"
620,0.0869496197716491,"Unfished reference","Non-oscillating (resource_decrease=0.1)"
620.2,0.0869496197716491,"Unfished reference","Non-oscillating (resource_decrease=0.1)"
620.4,0.0869496197716491,"Unfished reference","Non-oscillating (resource_decrease=0.1)"
620.6,0.0869496197716492,"Unfished reference","Non-oscillating (resource_decrease=0.1)"
620.8,0.0869496197716492,"Unfished reference","Non-oscillating (resource_decrease=0.1)"
621,0.0869496197716492,"Unfished reference","Non-oscillating (resource_decrease=0.1)"
621.2,0.0869496197716492,"Unfished reference","Non-oscillating (resource_decrease=0.1)"
621.4,0.0869496197716492,"Unfished reference","Non-oscillating (resource_decrease=0.1)"
621.6,0.0869496197716493,"Unfished reference","Non-oscillating (resource_decrease=0.1)"
621.8,0.0869496197716492,"Unfished reference","Non-oscillating (resource_decrease=0.1)"
622,0.0869496197716492,"Unfished reference","Non-oscillating (resource_decrease=0.1)"
622.2,0.0869496197716493,"Unfished reference","Non-oscillating (resource_decrease=0.1)"
622.4,0.0869496197716492,"Unfished reference","Non-oscillating (resource_decrease=0.1)"
622.6,0.0869496197716492,"Unfished reference","Non-oscillating (resource_decrease=0.1)"
622.8,0.0869496197716492,"Unfished reference","Non-oscillating (resource_decrease=0.1)"
623,0.0869496197716492,"Unfished reference","Non-oscillating (resource_decrease=0.1)"
623.2,0.0869496197716491,"Unfished reference","Non-oscillating (resource_decrease=0.1)"
623.4,0.0869496197716491,"Unfished reference","Non-oscillating (resource_decrease=0.1)"
623.6,0.0869496197716491,"Unfished reference","Non-oscillating (resource_decrease=0.1)"
623.8,0.0869496197716491,"Unfished reference","Non-oscillating (resource_decrease=0.1)"
624,0.0869496197716492,"Unfished reference","Non-oscillating (resource_decrease=0.1)"
624.2,0.0869496197716492,"Unfished reference","Non-oscillating (resource_decrease=0.1)"
624.4,0.0869496197716492,"Unfished reference","Non-oscillating (resource_decrease=0.1)"
624.6,0.0869496197716492,"Unfished reference","Non-oscillating (resource_decrease=0.1)"
624.8,0.0869496197716492,"Unfished reference","Non-oscillating (resource_decrease=0.1)"
625,0.0869496197716492,"Unfished reference","Non-oscillating (resource_decrease=0.1)"
625.2,0.0869496197716492,"Unfished reference","Non-oscillating (resource_decrease=0.1)"
625.4,0.0869496197716492,"Unfished reference","Non-oscillating (resource_decrease=0.1)"
625.6,0.0869496197716492,"Unfished reference","Non-oscillating (resource_decrease=0.1)"
625.8,0.0869496197716491,"Unfished reference","Non-oscillating (resource_decrease=0.1)"
626,0.0869496197716491,"Unfished reference","Non-oscillating (resource_decrease=0.1)"
626.2,0.0869496197716491,"Unfished reference","Non-oscillating (resource_decrease=0.1)"
626.4,0.0869496197716491,"Unfished reference","Non-oscillating (resource_decrease=0.1)"
626.6,0.0869496197716491,"Unfished reference","Non-oscillating (resource_decrease=0.1)"
626.8,0.0869496197716491,"Unfished reference","Non-oscillating (resource_decrease=0.1)"
627,0.0869496197716492,"Unfished reference","Non-oscillating (resource_decrease=0.1)"
627.2,0.0869496197716491,"Unfished reference","Non-oscillating (resource_decrease=0.1)"
627.4,0.0869496197716492,"Unfished reference","Non-oscillating (resource_decrease=0.1)"
627.6,0.0869496197716492,"Unfished reference","Non-oscillating (resource_decrease=0.1)"
627.8,0.0869496197716492,"Unfished reference","Non-oscillating (resource_decrease=0.1)"
628,0.0869496197716492,"Unfished reference","Non-oscillating (resource_decrease=0.1)"
628.2,0.0869496197716491,"Unfished reference","Non-oscillating (resource_decrease=0.1)"
628.4,0.0869496197716491,"Unfished reference","Non-oscillating (resource_decrease=0.1)"
628.6,0.0869496197716491,"Unfished reference","Non-oscillating (resource_decrease=0.1)"
628.8,0.0869496197716491,"Unfished reference","Non-oscillating (resource_decrease=0.1)"
629,0.0869496197716491,"Unfished reference","Non-oscillating (resource_decrease=0.1)"
629.2,0.0869496197716491,"Unfished reference","Non-oscillating (resource_decrease=0.1)"
629.4,0.0869496197716491,"Unfished reference","Non-oscillating (resource_decrease=0.1)"
629.6,0.0869496197716491,"Unfished reference","Non-oscillating (resource_decrease=0.1)"
629.8,0.0869496197716492,"Unfished reference","Non-oscillating (resource_decrease=0.1)"
630,0.0869496197716492,"Unfished reference","Non-oscillating (resource_decrease=0.1)"
630.2,0.0869496197716491,"Unfished reference","Non-oscillating (resource_decrease=0.1)"
630.4,0.0869496197716492,"Unfished reference","Non-oscillating (resource_decrease=0.1)"
630.6,0.0869496197716491,"Unfished reference","Non-oscillating (resource_decrease=0.1)"
630.8,0.0869496197716492,"Unfished reference","Non-oscillating (resource_decrease=0.1)"
631,0.0869496197716492,"Unfished reference","Non-oscillating (resource_decrease=0.1)"
631.2,0.0869496197716492,"Unfished reference","Non-oscillating (resource_decrease=0.1)"
631.4,0.0869496197716492,"Unfished reference","Non-oscillating (resource_decrease=0.1)"
631.6,0.0869496197716492,"Unfished reference","Non-oscillating (resource_decrease=0.1)"
631.8,0.0869496197716492,"Unfished reference","Non-oscillating (resource_decrease=0.1)"
632,0.0869496197716492,"Unfished reference","Non-oscillating (resource_decrease=0.1)"
632.2,0.0869496197716492,"Unfished reference","Non-oscillating (resource_decrease=0.1)"
632.4,0.0869496197716492,"Unfished reference","Non-oscillating (resource_decrease=0.1)"
632.6,0.0869496197716492,"Unfished reference","Non-oscillating (resource_decrease=0.1)"
632.8,0.0869496197716492,"Unfished reference","Non-oscillating (resource_decrease=0.1)"
633,0.0869496197716491,"Unfished reference","Non-oscillating (resource_decrease=0.1)"
633.2,0.0869496197716491,"Unfished reference","Non-oscillating (resource_decrease=0.1)"
633.4,0.0869496197716491,"Unfished reference","Non-oscillating (resource_decrease=0.1)"
633.6,0.0869496197716491,"Unfished reference","Non-oscillating (resource_decrease=0.1)"
633.8,0.0869496197716491,"Unfished reference","Non-oscillating (resource_decrease=0.1)"
634,0.0869496197716492,"Unfished reference","Non-oscillating (resource_decrease=0.1)"
634.2,0.0869496197716492,"Unfished reference","Non-oscillating (resource_decrease=0.1)"
634.4,0.0869496197716492,"Unfished reference","Non-oscillating (resource_decrease=0.1)"
634.6,0.0869496197716492,"Unfished reference","Non-oscillating (resource_decrease=0.1)"
634.8,0.0869496197716492,"Unfished reference","Non-oscillating (resource_decrease=0.1)"
635,0.0869496197716492,"Unfished reference","Non-oscillating (resource_decrease=0.1)"
635.2,0.0869496197716492,"Unfished reference","Non-oscillating (resource_decrease=0.1)"
635.4,0.0869496197716492,"Unfished reference","Non-oscillating (resource_decrease=0.1)"
635.6,0.0869496197716491,"Unfished reference","Non-oscillating (resource_decrease=0.1)"
635.8,0.0869496197716491,"Unfished reference","Non-oscillating (resource_decrease=0.1)"
636,0.0869496197716491,"Unfished reference","Non-oscillating (resource_decrease=0.1)"
636.2,0.0869496197716491,"Unfished reference","Non-oscillating (resource_decrease=0.1)"
636.4,0.0869496197716492,"Unfished reference","Non-oscillating (resource_decrease=0.1)"
636.6,0.0869496197716492,"Unfished reference","Non-oscillating (resource_decrease=0.1)"
636.8,0.0869496197716492,"Unfished reference","Non-oscillating (resource_decrease=0.1)"
637,0.0869496197716492,"Unfished reference","Non-oscillating (resource_decrease=0.1)"
637.2,0.0869496197716491,"Unfished reference","Non-oscillating (resource_decrease=0.1)"
637.4,0.0869496197716491,"Unfished reference","Non-oscillating (resource_decrease=0.1)"
637.6,0.0869496197716491,"Unfished reference","Non-oscillating (resource_decrease=0.1)"
637.8,0.0869496197716491,"Unfished reference","Non-oscillating (resource_decrease=0.1)"
638,0.0869496197716491,"Unfished reference","Non-oscillating (resource_decrease=0.1)"
638.2,0.0869496197716491,"Unfished reference","Non-oscillating (resource_decrease=0.1)"
638.4,0.0869496197716491,"Unfished reference","Non-oscillating (resource_decrease=0.1)"
638.6,0.0869496197716491,"Unfished reference","Non-oscillating (resource_decrease=0.1)"
638.8,0.0869496197716491,"Unfished reference","Non-oscillating (resource_decrease=0.1)"
639,0.0869496197716491,"Unfished reference","Non-oscillating (resource_decrease=0.1)"
639.2,0.0869496197716491,"Unfished reference","Non-oscillating (resource_decrease=0.1)"
639.4,0.0869496197716491,"Unfished reference","Non-oscillating (resource_decrease=0.1)"
639.6,0.0869496197716491,"Unfished reference","Non-oscillating (resource_decrease=0.1)"
639.8,0.0869496197716491,"Unfished reference","Non-oscillating (resource_decrease=0.1)"
640,0.0869496197716491,"Unfished reference","Non-oscillating (resource_decrease=0.1)"
640.2,0.0869496197716491,"Unfished reference","Non-oscillating (resource_decrease=0.1)"
640.4,0.0869496197716492,"Unfished reference","Non-oscillating (resource_decrease=0.1)"
640.6,0.0869496197716492,"Unfished reference","Non-oscillating (resource_decrease=0.1)"
640.8,0.0869496197716492,"Unfished reference","Non-oscillating (resource_decrease=0.1)"
641,0.0869496197716492,"Unfished reference","Non-oscillating (resource_decrease=0.1)"
641.2,0.0869496197716493,"Unfished reference","Non-oscillating (resource_decrease=0.1)"
641.4,0.0869496197716492,"Unfished reference","Non-oscillating (resource_decrease=0.1)"
641.6,0.0869496197716491,"Unfished reference","Non-oscillating (resource_decrease=0.1)"
641.8,0.0869496197716491,"Unfished reference","Non-oscillating (resource_decrease=0.1)"
642,0.0869496197716492,"Unfished reference","Non-oscillating (resource_decrease=0.1)"
642.2,0.0869496197716492,"Unfished reference","Non-oscillating (resource_decrease=0.1)"
642.4,0.0869496197716492,"Unfished reference","Non-oscillating (resource_decrease=0.1)"
642.6,0.0869496197716492,"Unfished reference","Non-oscillating (resource_decrease=0.1)"
642.8,0.0869496197716492,"Unfished reference","Non-oscillating (resource_decrease=0.1)"
643,0.0869496197716492,"Unfished reference","Non-oscillating (resource_decrease=0.1)"
643.2,0.0869496197716492,"Unfished reference","Non-oscillating (resource_decrease=0.1)"
643.4,0.0869496197716492,"Unfished reference","Non-oscillating (resource_decrease=0.1)"
643.6,0.0869496197716492,"Unfished reference","Non-oscillating (resource_decrease=0.1)"
643.8,0.0869496197716492,"Unfished reference","Non-oscillating (resource_decrease=0.1)"
644,0.0869496197716492,"Unfished reference","Non-oscillating (resource_decrease=0.1)"
644.2,0.0869496197716492,"Unfished reference","Non-oscillating (resource_decrease=0.1)"
644.4,0.0869496197716492,"Unfished reference","Non-oscillating (resource_decrease=0.1)"
644.6,0.0869496197716493,"Unfished reference","Non-oscillating (resource_decrease=0.1)"
644.8,0.0869496197716493,"Unfished reference","Non-oscillating (resource_decrease=0.1)"
645,0.0869496197716492,"Unfished reference","Non-oscillating (resource_decrease=0.1)"
645.2,0.0869496197716493,"Unfished reference","Non-oscillating (resource_decrease=0.1)"
645.4,0.0869496197716493,"Unfished reference","Non-oscillating (resource_decrease=0.1)"
645.6,0.0869496197716493,"Unfished reference","Non-oscillating (resource_decrease=0.1)"
645.8,0.0869496197716493,"Unfished reference","Non-oscillating (resource_decrease=0.1)"
646,0.0869496197716493,"Unfished reference","Non-oscillating (resource_decrease=0.1)"
646.2,0.0869496197716492,"Unfished reference","Non-oscillating (resource_decrease=0.1)"
646.4,0.0869496197716492,"Unfished reference","Non-oscillating (resource_decrease=0.1)"
646.6,0.0869496197716492,"Unfished reference","Non-oscillating (resource_decrease=0.1)"
646.8,0.0869496197716491,"Unfished reference","Non-oscillating (resource_decrease=0.1)"
647,0.0869496197716491,"Unfished reference","Non-oscillating (resource_decrease=0.1)"
647.2,0.0869496197716491,"Unfished reference","Non-oscillating (resource_decrease=0.1)"
647.4,0.0869496197716491,"Unfished reference","Non-oscillating (resource_decrease=0.1)"
647.6,0.0869496197716492,"Unfished reference","Non-oscillating (resource_decrease=0.1)"
647.8,0.0869496197716492,"Unfished reference","Non-oscillating (resource_decrease=0.1)"
648,0.0869496197716492,"Unfished reference","Non-oscillating (resource_decrease=0.1)"
648.2,0.0869496197716493,"Unfished reference","Non-oscillating (resource_decrease=0.1)"
648.4,0.0869496197716493,"Unfished reference","Non-oscillating (resource_decrease=0.1)"
648.6,0.0869496197716493,"Unfished reference","Non-oscillating (resource_decrease=0.1)"
648.8,0.0869496197716493,"Unfished reference","Non-oscillating (resource_decrease=0.1)"
649,0.0869496197716493,"Unfished reference","Non-oscillating (resource_decrease=0.1)"
649.2,0.0869496197716493,"Unfished reference","Non-oscillating (resource_decrease=0.1)"
649.4,0.0869496197716493,"Unfished reference","Non-oscillating (resource_decrease=0.1)"
649.6,0.0869496197716493,"Unfished reference","Non-oscillating (resource_decrease=0.1)"
649.8,0.0869496197716492,"Unfished reference","Non-oscillating (resource_decrease=0.1)"
650,0.0869496197716492,"Unfished reference","Non-oscillating (resource_decrease=0.1)"
650.2,0.0869496197716492,"Unfished reference","Non-oscillating (resource_decrease=0.1)"
650.4,0.0869496197716492,"Unfished reference","Non-oscillating (resource_decrease=0.1)"
650.6,0.0869496197716492,"Unfished reference","Non-oscillating (resource_decrease=0.1)"
650.8,0.0869496197716492,"Unfished reference","Non-oscillating (resource_decrease=0.1)"
651,0.0869496197716492,"Unfished reference","Non-oscillating (resource_decrease=0.1)"
651.2,0.0869496197716492,"Unfished reference","Non-oscillating (resource_decrease=0.1)"
651.4,0.0869496197716492,"Unfished reference","Non-oscillating (resource_decrease=0.1)"
651.6,0.0869496197716491,"Unfished reference","Non-oscillating (resource_decrease=0.1)"
651.8,0.0869496197716492,"Unfished reference","Non-oscillating (resource_decrease=0.1)"
652,0.0869496197716492,"Unfished reference","Non-oscillating (resource_decrease=0.1)"
652.2,0.0869496197716492,"Unfished reference","Non-oscillating (resource_decrease=0.1)"
652.4,0.0869496197716492,"Unfished reference","Non-oscillating (resource_decrease=0.1)"
652.6,0.0869496197716492,"Unfished reference","Non-oscillating (resource_decrease=0.1)"
652.8,0.0869496197716492,"Unfished reference","Non-oscillating (resource_decrease=0.1)"
653,0.0869496197716492,"Unfished reference","Non-oscillating (resource_decrease=0.1)"
653.2,0.0869496197716492,"Unfished reference","Non-oscillating (resource_decrease=0.1)"
653.4,0.0869496197716492,"Unfished reference","Non-oscillating (resource_decrease=0.1)"
653.6,0.0869496197716493,"Unfished reference","Non-oscillating (resource_decrease=0.1)"
653.8,0.0869496197716492,"Unfished reference","Non-oscillating (resource_decrease=0.1)"
654,0.0869496197716493,"Unfished reference","Non-oscillating (resource_decrease=0.1)"
654.2,0.0869496197716492,"Unfished reference","Non-oscillating (resource_decrease=0.1)"
654.4,0.0869496197716493,"Unfished reference","Non-oscillating (resource_decrease=0.1)"
654.6,0.0869496197716492,"Unfished reference","Non-oscillating (resource_decrease=0.1)"
654.8,0.0869496197716492,"Unfished reference","Non-oscillating (resource_decrease=0.1)"
655,0.0869496197716492,"Unfished reference","Non-oscillating (resource_decrease=0.1)"
655.2,0.0869496197716491,"Unfished reference","Non-oscillating (resource_decrease=0.1)"
655.4,0.0869496197716492,"Unfished reference","Non-oscillating (resource_decrease=0.1)"
655.6,0.0869496197716491,"Unfished reference","Non-oscillating (resource_decrease=0.1)"
655.8,0.0869496197716491,"Unfished reference","Non-oscillating (resource_decrease=0.1)"
656,0.0869496197716491,"Unfished reference","Non-oscillating (resource_decrease=0.1)"
656.2,0.0869496197716491,"Unfished reference","Non-oscillating (resource_decrease=0.1)"
656.4,0.0869496197716492,"Unfished reference","Non-oscillating (resource_decrease=0.1)"
656.6,0.0869496197716491,"Unfished reference","Non-oscillating (resource_decrease=0.1)"
656.8,0.0869496197716492,"Unfished reference","Non-oscillating (resource_decrease=0.1)"
657,0.0869496197716492,"Unfished reference","Non-oscillating (resource_decrease=0.1)"
657.2,0.0869496197716491,"Unfished reference","Non-oscillating (resource_decrease=0.1)"
657.4,0.0869496197716491,"Unfished reference","Non-oscillating (resource_decrease=0.1)"
657.6,0.0869496197716492,"Unfished reference","Non-oscillating (resource_decrease=0.1)"
657.8,0.0869496197716492,"Unfished reference","Non-oscillating (resource_decrease=0.1)"
658,0.0869496197716491,"Unfished reference","Non-oscillating (resource_decrease=0.1)"
658.2,0.0869496197716491,"Unfished reference","Non-oscillating (resource_decrease=0.1)"
658.4,0.0869496197716492,"Unfished reference","Non-oscillating (resource_decrease=0.1)"
658.6,0.0869496197716491,"Unfished reference","Non-oscillating (resource_decrease=0.1)"
658.8,0.0869496197716492,"Unfished reference","Non-oscillating (resource_decrease=0.1)"
659,0.0869496197716492,"Unfished reference","Non-oscillating (resource_decrease=0.1)"
659.2,0.0869496197716492,"Unfished reference","Non-oscillating (resource_decrease=0.1)"
659.4,0.0869496197716491,"Unfished reference","Non-oscillating (resource_decrease=0.1)"
659.6,0.0869496197716492,"Unfished reference","Non-oscillating (resource_decrease=0.1)"
659.8,0.0869496197716491,"Unfished reference","Non-oscillating (resource_decrease=0.1)"
660,0.0869496197716491,"Unfished reference","Non-oscillating (resource_decrease=0.1)"
660.2,0.0869496197716491,"Unfished reference","Non-oscillating (resource_decrease=0.1)"
660.4,0.0869496197716492,"Unfished reference","Non-oscillating (resource_decrease=0.1)"
660.6,0.0869496197716492,"Unfished reference","Non-oscillating (resource_decrease=0.1)"
660.8,0.0869496197716492,"Unfished reference","Non-oscillating (resource_decrease=0.1)"
661,0.0869496197716491,"Unfished reference","Non-oscillating (resource_decrease=0.1)"
661.2,0.0869496197716491,"Unfished reference","Non-oscillating (resource_decrease=0.1)"
661.4,0.0869496197716491,"Unfished reference","Non-oscillating (resource_decrease=0.1)"
661.6,0.0869496197716491,"Unfished reference","Non-oscillating (resource_decrease=0.1)"
661.8,0.0869496197716491,"Unfished reference","Non-oscillating (resource_decrease=0.1)"
662,0.0869496197716491,"Unfished reference","Non-oscillating (resource_decrease=0.1)"
662.2,0.0869496197716491,"Unfished reference","Non-oscillating (resource_decrease=0.1)"
662.4,0.0869496197716492,"Unfished reference","Non-oscillating (resource_decrease=0.1)"
662.6,0.0869496197716491,"Unfished reference","Non-oscillating (resource_decrease=0.1)"
662.8,0.0869496197716491,"Unfished reference","Non-oscillating (resource_decrease=0.1)"
663,0.0869496197716491,"Unfished reference","Non-oscillating (resource_decrease=0.1)"
663.2,0.0869496197716491,"Unfished reference","Non-oscillating (resource_decrease=0.1)"
663.4,0.0869496197716492,"Unfished reference","Non-oscillating (resource_decrease=0.1)"
663.6,0.0869496197716491,"Unfished reference","Non-oscillating (resource_decrease=0.1)"
663.8,0.0869496197716492,"Unfished reference","Non-oscillating (resource_decrease=0.1)"
664,0.0869496197716492,"Unfished reference","Non-oscillating (resource_decrease=0.1)"
664.2,0.0869496197716491,"Unfished reference","Non-oscillating (resource_decrease=0.1)"
664.4,0.0869496197716491,"Unfished reference","Non-oscillating (resource_decrease=0.1)"
664.6,0.0869496197716491,"Unfished reference","Non-oscillating (resource_decrease=0.1)"
664.8,0.0869496197716492,"Unfished reference","Non-oscillating (resource_decrease=0.1)"
665,0.0869496197716492,"Unfished reference","Non-oscillating (resource_decrease=0.1)"
665.2,0.0869496197716492,"Unfished reference","Non-oscillating (resource_decrease=0.1)"
665.4,0.0869496197716493,"Unfished reference","Non-oscillating (resource_decrease=0.1)"
665.6,0.0869496197716493,"Unfished reference","Non-oscillating (resource_decrease=0.1)"
665.8,0.0869496197716493,"Unfished reference","Non-oscillating (resource_decrease=0.1)"
666,0.0869496197716493,"Unfished reference","Non-oscillating (resource_decrease=0.1)"
666.2,0.0869496197716493,"Unfished reference","Non-oscillating (resource_decrease=0.1)"
666.4,0.0869496197716492,"Unfished reference","Non-oscillating (resource_decrease=0.1)"
666.6,0.0869496197716492,"Unfished reference","Non-oscillating (resource_decrease=0.1)"
666.8,0.0869496197716492,"Unfished reference","Non-oscillating (resource_decrease=0.1)"
667,0.0869496197716492,"Unfished reference","Non-oscillating (resource_decrease=0.1)"
667.2,0.0869496197716492,"Unfished reference","Non-oscillating (resource_decrease=0.1)"
667.4,0.0869496197716492,"Unfished reference","Non-oscillating (resource_decrease=0.1)"
667.6,0.0869496197716491,"Unfished reference","Non-oscillating (resource_decrease=0.1)"
667.8,0.0869496197716492,"Unfished reference","Non-oscillating (resource_decrease=0.1)"
668,0.0869496197716492,"Unfished reference","Non-oscillating (resource_decrease=0.1)"
668.2,0.0869496197716492,"Unfished reference","Non-oscillating (resource_decrease=0.1)"
668.4,0.0869496197716492,"Unfished reference","Non-oscillating (resource_decrease=0.1)"
668.6,0.0869496197716493,"Unfished reference","Non-oscillating (resource_decrease=0.1)"
668.8,0.0869496197716492,"Unfished reference","Non-oscillating (resource_decrease=0.1)"
669,0.0869496197716492,"Unfished reference","Non-oscillating (resource_decrease=0.1)"
669.2,0.0869496197716493,"Unfished reference","Non-oscillating (resource_decrease=0.1)"
669.4,0.0869496197716493,"Unfished reference","Non-oscillating (resource_decrease=0.1)"
669.6,0.0869496197716492,"Unfished reference","Non-oscillating (resource_decrease=0.1)"
669.8,0.0869496197716492,"Unfished reference","Non-oscillating (resource_decrease=0.1)"
670,0.0869496197716492,"Unfished reference","Non-oscillating (resource_decrease=0.1)"
670.2,0.0869496197716492,"Unfished reference","Non-oscillating (resource_decrease=0.1)"
670.4,0.0869496197716492,"Unfished reference","Non-oscillating (resource_decrease=0.1)"
670.6,0.0869496197716492,"Unfished reference","Non-oscillating (resource_decrease=0.1)"
670.8,0.0869496197716492,"Unfished reference","Non-oscillating (resource_decrease=0.1)"
671,0.0869496197716492,"Unfished reference","Non-oscillating (resource_decrease=0.1)"
671.2,0.0869496197716492,"Unfished reference","Non-oscillating (resource_decrease=0.1)"
671.4,0.0869496197716492,"Unfished reference","Non-oscillating (resource_decrease=0.1)"
671.6,0.0869496197716492,"Unfished reference","Non-oscillating (resource_decrease=0.1)"
671.8,0.0869496197716492,"Unfished reference","Non-oscillating (resource_decrease=0.1)"
672,0.0869496197716492,"Unfished reference","Non-oscillating (resource_decrease=0.1)"
672.2,0.0869496197716492,"Unfished reference","Non-oscillating (resource_decrease=0.1)"
672.4,0.0869496197716492,"Unfished reference","Non-oscillating (resource_decrease=0.1)"
672.6,0.0869496197716492,"Unfished reference","Non-oscillating (resource_decrease=0.1)"
672.8,0.0869496197716491,"Unfished reference","Non-oscillating (resource_decrease=0.1)"
673,0.0869496197716492,"Unfished reference","Non-oscillating (resource_decrease=0.1)"
673.2,0.0869496197716492,"Unfished reference","Non-oscillating (resource_decrease=0.1)"
673.4,0.0869496197716492,"Unfished reference","Non-oscillating (resource_decrease=0.1)"
673.6,0.0869496197716491,"Unfished reference","Non-oscillating (resource_decrease=0.1)"
673.8,0.0869496197716492,"Unfished reference","Non-oscillating (resource_decrease=0.1)"
674,0.0869496197716492,"Unfished reference","Non-oscillating (resource_decrease=0.1)"
674.2,0.0869496197716492,"Unfished reference","Non-oscillating (resource_decrease=0.1)"
674.4,0.0869496197716492,"Unfished reference","Non-oscillating (resource_decrease=0.1)"
674.6,0.0869496197716492,"Unfished reference","Non-oscillating (resource_decrease=0.1)"
674.8,0.0869496197716492,"Unfished reference","Non-oscillating (resource_decrease=0.1)"
675,0.0869496197716492,"Unfished reference","Non-oscillating (resource_decrease=0.1)"
675.2,0.0869496197716492,"Unfished reference","Non-oscillating (resource_decrease=0.1)"
675.4,0.0869496197716492,"Unfished reference","Non-oscillating (resource_decrease=0.1)"
675.6,0.0869496197716491,"Unfished reference","Non-oscillating (resource_decrease=0.1)"
675.8,0.0869496197716491,"Unfished reference","Non-oscillating (resource_decrease=0.1)"
676,0.0869496197716492,"Unfished reference","Non-oscillating (resource_decrease=0.1)"
676.2,0.0869496197716492,"Unfished reference","Non-oscillating (resource_decrease=0.1)"
676.4,0.0869496197716492,"Unfished reference","Non-oscillating (resource_decrease=0.1)"
676.6,0.0869496197716493,"Unfished reference","Non-oscillating (resource_decrease=0.1)"
676.8,0.0869496197716493,"Unfished reference","Non-oscillating (resource_decrease=0.1)"
677,0.0869496197716493,"Unfished reference","Non-oscillating (resource_decrease=0.1)"
677.2,0.0869496197716493,"Unfished reference","Non-oscillating (resource_decrease=0.1)"
677.4,0.0869496197716493,"Unfished reference","Non-oscillating (resource_decrease=0.1)"
677.6,0.0869496197716492,"Unfished reference","Non-oscillating (resource_decrease=0.1)"
677.8,0.0869496197716492,"Unfished reference","Non-oscillating (resource_decrease=0.1)"
678,0.0869496197716492,"Unfished reference","Non-oscillating (resource_decrease=0.1)"
678.2,0.0869496197716491,"Unfished reference","Non-oscillating (resource_decrease=0.1)"
678.4,0.0869496197716491,"Unfished reference","Non-oscillating (resource_decrease=0.1)"
678.6,0.0869496197716491,"Unfished reference","Non-oscillating (resource_decrease=0.1)"
678.8,0.0869496197716491,"Unfished reference","Non-oscillating (resource_decrease=0.1)"
679,0.0869496197716491,"Unfished reference","Non-oscillating (resource_decrease=0.1)"
679.2,0.0869496197716492,"Unfished reference","Non-oscillating (resource_decrease=0.1)"
679.4,0.0869496197716492,"Unfished reference","Non-oscillating (resource_decrease=0.1)"
679.6,0.0869496197716492,"Unfished reference","Non-oscillating (resource_decrease=0.1)"
679.8,0.0869496197716492,"Unfished reference","Non-oscillating (resource_decrease=0.1)"
680,0.0869496197716492,"Unfished reference","Non-oscillating (resource_decrease=0.1)"
680.2,0.0869496197716492,"Unfished reference","Non-oscillating (resource_decrease=0.1)"
680.4,0.0869496197716492,"Unfished reference","Non-oscillating (resource_decrease=0.1)"
680.6,0.0869496197716492,"Unfished reference","Non-oscillating (resource_decrease=0.1)"
680.8,0.0869496197716492,"Unfished reference","Non-oscillating (resource_decrease=0.1)"
681,0.0869496197716492,"Unfished reference","Non-oscillating (resource_decrease=0.1)"
681.2,0.0869496197716493,"Unfished reference","Non-oscillating (resource_decrease=0.1)"
681.4,0.0869496197716492,"Unfished reference","Non-oscillating (resource_decrease=0.1)"
681.6,0.0869496197716492,"Unfished reference","Non-oscillating (resource_decrease=0.1)"
681.8,0.0869496197716492,"Unfished reference","Non-oscillating (resource_decrease=0.1)"
682,0.0869496197716493,"Unfished reference","Non-oscillating (resource_decrease=0.1)"
682.2,0.0869496197716493,"Unfished reference","Non-oscillating (resource_decrease=0.1)"
682.4,0.0869496197716492,"Unfished reference","Non-oscillating (resource_decrease=0.1)"
682.6,0.0869496197716493,"Unfished reference","Non-oscillating (resource_decrease=0.1)"
682.8,0.0869496197716493,"Unfished reference","Non-oscillating (resource_decrease=0.1)"
683,0.0869496197716492,"Unfished reference","Non-oscillating (resource_decrease=0.1)"
683.2,0.0869496197716492,"Unfished reference","Non-oscillating (resource_decrease=0.1)"
683.4,0.0869496197716492,"Unfished reference","Non-oscillating (resource_decrease=0.1)"
683.6,0.0869496197716492,"Unfished reference","Non-oscillating (resource_decrease=0.1)"
683.8,0.0869496197716493,"Unfished reference","Non-oscillating (resource_decrease=0.1)"
684,0.0869496197716492,"Unfished reference","Non-oscillating (resource_decrease=0.1)"
684.2,0.0869496197716492,"Unfished reference","Non-oscillating (resource_decrease=0.1)"
684.4,0.0869496197716493,"Unfished reference","Non-oscillating (resource_decrease=0.1)"
684.6,0.0869496197716492,"Unfished reference","Non-oscillating (resource_decrease=0.1)"
684.8,0.0869496197716492,"Unfished reference","Non-oscillating (resource_decrease=0.1)"
685,0.0869496197716493,"Unfished reference","Non-oscillating (resource_decrease=0.1)"
685.2,0.0869496197716492,"Unfished reference","Non-oscillating (resource_decrease=0.1)"
685.4,0.0869496197716492,"Unfished reference","Non-oscillating (resource_decrease=0.1)"
685.6,0.0869496197716492,"Unfished reference","Non-oscillating (resource_decrease=0.1)"
685.8,0.0869496197716492,"Unfished reference","Non-oscillating (resource_decrease=0.1)"
686,0.0869496197716492,"Unfished reference","Non-oscillating (resource_decrease=0.1)"
686.2,0.0869496197716492,"Unfished reference","Non-oscillating (resource_decrease=0.1)"
686.4,0.0869496197716492,"Unfished reference","Non-oscillating (resource_decrease=0.1)"
686.6,0.0869496197716492,"Unfished reference","Non-oscillating (resource_decrease=0.1)"
686.8,0.0869496197716492,"Unfished reference","Non-oscillating (resource_decrease=0.1)"
687,0.0869496197716492,"Unfished reference","Non-oscillating (resource_decrease=0.1)"
687.2,0.0869496197716492,"Unfished reference","Non-oscillating (resource_decrease=0.1)"
687.4,0.0869496197716493,"Unfished reference","Non-oscillating (resource_decrease=0.1)"
687.6,0.0869496197716493,"Unfished reference","Non-oscillating (resource_decrease=0.1)"
687.8,0.0869496197716493,"Unfished reference","Non-oscillating (resource_decrease=0.1)"
688,0.0869496197716492,"Unfished reference","Non-oscillating (resource_decrease=0.1)"
688.2,0.0869496197716492,"Unfished reference","Non-oscillating (resource_decrease=0.1)"
688.4,0.0869496197716492,"Unfished reference","Non-oscillating (resource_decrease=0.1)"
688.6,0.0869496197716492,"Unfished reference","Non-oscillating (resource_decrease=0.1)"
688.8,0.0869496197716491,"Unfished reference","Non-oscillating (resource_decrease=0.1)"
689,0.0869496197716491,"Unfished reference","Non-oscillating (resource_decrease=0.1)"
689.2,0.0869496197716492,"Unfished reference","Non-oscillating (resource_decrease=0.1)"
689.4,0.0869496197716492,"Unfished reference","Non-oscillating (resource_decrease=0.1)"
689.6,0.0869496197716492,"Unfished reference","Non-oscillating (resource_decrease=0.1)"
689.8,0.0869496197716492,"Unfished reference","Non-oscillating (resource_decrease=0.1)"
690,0.0869496197716492,"Unfished reference","Non-oscillating (resource_decrease=0.1)"
690.2,0.0869496197716492,"Unfished reference","Non-oscillating (resource_decrease=0.1)"
690.4,0.0869496197716492,"Unfished reference","Non-oscillating (resource_decrease=0.1)"
690.6,0.0869496197716492,"Unfished reference","Non-oscillating (resource_decrease=0.1)"
690.8,0.0869496197716492,"Unfished reference","Non-oscillating (resource_decrease=0.1)"
691,0.0869496197716492,"Unfished reference","Non-oscillating (resource_decrease=0.1)"
691.2,0.0869496197716492,"Unfished reference","Non-oscillating (resource_decrease=0.1)"
691.4,0.0869496197716492,"Unfished reference","Non-oscillating (resource_decrease=0.1)"
691.6,0.0869496197716493,"Unfished reference","Non-oscillating (resource_decrease=0.1)"
691.8,0.0869496197716493,"Unfished reference","Non-oscillating (resource_decrease=0.1)"
692,0.0869496197716493,"Unfished reference","Non-oscillating (resource_decrease=0.1)"
692.2,0.0869496197716493,"Unfished reference","Non-oscillating (resource_decrease=0.1)"
692.4,0.0869496197716493,"Unfished reference","Non-oscillating (resource_decrease=0.1)"
692.6,0.0869496197716493,"Unfished reference","Non-oscillating (resource_decrease=0.1)"
692.8,0.0869496197716493,"Unfished reference","Non-oscillating (resource_decrease=0.1)"
693,0.0869496197716493,"Unfished reference","Non-oscillating (resource_decrease=0.1)"
693.2,0.0869496197716492,"Unfished reference","Non-oscillating (resource_decrease=0.1)"
693.4,0.0869496197716492,"Unfished reference","Non-oscillating (resource_decrease=0.1)"
693.6,0.0869496197716492,"Unfished reference","Non-oscillating (resource_decrease=0.1)"
693.8,0.0869496197716492,"Unfished reference","Non-oscillating (resource_decrease=0.1)"
694,0.0869496197716492,"Unfished reference","Non-oscillating (resource_decrease=0.1)"
694.2,0.0869496197716492,"Unfished reference","Non-oscillating (resource_decrease=0.1)"
694.4,0.0869496197716491,"Unfished reference","Non-oscillating (resource_decrease=0.1)"
694.6,0.0869496197716491,"Unfished reference","Non-oscillating (resource_decrease=0.1)"
694.8,0.0869496197716492,"Unfished reference","Non-oscillating (resource_decrease=0.1)"
695,0.0869496197716491,"Unfished reference","Non-oscillating (resource_decrease=0.1)"
695.2,0.0869496197716492,"Unfished reference","Non-oscillating (resource_decrease=0.1)"
695.4,0.0869496197716492,"Unfished reference","Non-oscillating (resource_decrease=0.1)"
695.6,0.0869496197716492,"Unfished reference","Non-oscillating (resource_decrease=0.1)"
695.8,0.0869496197716492,"Unfished reference","Non-oscillating (resource_decrease=0.1)"
696,0.0869496197716492,"Unfished reference","Non-oscillating (resource_decrease=0.1)"
696.2,0.0869496197716492,"Unfished reference","Non-oscillating (resource_decrease=0.1)"
696.4,0.0869496197716492,"Unfished reference","Non-oscillating (resource_decrease=0.1)"
696.6,0.0869496197716492,"Unfished reference","Non-oscillating (resource_decrease=0.1)"
696.8,0.0869496197716492,"Unfished reference","Non-oscillating (resource_decrease=0.1)"
697,0.0869496197716492,"Unfished reference","Non-oscillating (resource_decrease=0.1)"
697.2,0.0869496197716491,"Unfished reference","Non-oscillating (resource_decrease=0.1)"
697.4,0.0869496197716491,"Unfished reference","Non-oscillating (resource_decrease=0.1)"
697.6,0.0869496197716492,"Unfished reference","Non-oscillating (resource_decrease=0.1)"
697.8,0.0869496197716491,"Unfished reference","Non-oscillating (resource_decrease=0.1)"
698,0.0869496197716492,"Unfished reference","Non-oscillating (resource_decrease=0.1)"
698.2,0.0869496197716492,"Unfished reference","Non-oscillating (resource_decrease=0.1)"
698.4,0.0869496197716492,"Unfished reference","Non-oscillating (resource_decrease=0.1)"
698.6,0.0869496197716492,"Unfished reference","Non-oscillating (resource_decrease=0.1)"
698.8,0.0869496197716492,"Unfished reference","Non-oscillating (resource_decrease=0.1)"
699,0.0869496197716493,"Unfished reference","Non-oscillating (resource_decrease=0.1)"
699.2,0.0869496197716493,"Unfished reference","Non-oscillating (resource_decrease=0.1)"
699.4,0.0869496197716492,"Unfished reference","Non-oscillating (resource_decrease=0.1)"
699.6,0.0869496197716492,"Unfished reference","Non-oscillating (resource_decrease=0.1)"
699.8,0.0869496197716492,"Unfished reference","Non-oscillating (resource_decrease=0.1)"
700,0.0869496197716492,"Unfished reference","Non-oscillating (resource_decrease=0.1)"
700.2,0.0869496197716492,"Unfished reference","Non-oscillating (resource_decrease=0.1)"
700.4,0.0869496197716492,"Unfished reference","Non-oscillating (resource_decrease=0.1)"
700.6,0.0869496197716492,"Unfished reference","Non-oscillating (resource_decrease=0.1)"
700.8,0.0869496197716491,"Unfished reference","Non-oscillating (resource_decrease=0.1)"
701,0.0869496197716491,"Unfished reference","Non-oscillating (resource_decrease=0.1)"
701.2,0.0869496197716492,"Unfished reference","Non-oscillating (resource_decrease=0.1)"
701.4,0.0869496197716492,"Unfished reference","Non-oscillating (resource_decrease=0.1)"
701.6,0.0869496197716492,"Unfished reference","Non-oscillating (resource_decrease=0.1)"
701.8,0.0869496197716493,"Unfished reference","Non-oscillating (resource_decrease=0.1)"
702,0.0869496197716493,"Unfished reference","Non-oscillating (resource_decrease=0.1)"
702.2,0.0869496197716493,"Unfished reference","Non-oscillating (resource_decrease=0.1)"
702.4,0.0869496197716492,"Unfished reference","Non-oscillating (resource_decrease=0.1)"
702.6,0.0869496197716492,"Unfished reference","Non-oscillating (resource_decrease=0.1)"
702.8,0.0869496197716492,"Unfished reference","Non-oscillating (resource_decrease=0.1)"
703,0.0869496197716492,"Unfished reference","Non-oscillating (resource_decrease=0.1)"
703.2,0.0869496197716492,"Unfished reference","Non-oscillating (resource_decrease=0.1)"
703.4,0.0869496197716492,"Unfished reference","Non-oscillating (resource_decrease=0.1)"
703.6,0.0869496197716492,"Unfished reference","Non-oscillating (resource_decrease=0.1)"
703.8,0.0869496197716492,"Unfished reference","Non-oscillating (resource_decrease=0.1)"
704,0.0869496197716492,"Unfished reference","Non-oscillating (resource_decrease=0.1)"
704.2,0.0869496197716491,"Unfished reference","Non-oscillating (resource_decrease=0.1)"
704.4,0.0869496197716492,"Unfished reference","Non-oscillating (resource_decrease=0.1)"
704.6,0.0869496197716491,"Unfished reference","Non-oscillating (resource_decrease=0.1)"
704.8,0.0869496197716492,"Unfished reference","Non-oscillating (resource_decrease=0.1)"
705,0.0869496197716492,"Unfished reference","Non-oscillating (resource_decrease=0.1)"
705.2,0.0869496197716492,"Unfished reference","Non-oscillating (resource_decrease=0.1)"
705.4,0.0869496197716492,"Unfished reference","Non-oscillating (resource_decrease=0.1)"
705.6,0.0869496197716492,"Unfished reference","Non-oscillating (resource_decrease=0.1)"
705.8,0.0869496197716492,"Unfished reference","Non-oscillating (resource_decrease=0.1)"
706,0.0869496197716492,"Unfished reference","Non-oscillating (resource_decrease=0.1)"
706.2,0.0869496197716492,"Unfished reference","Non-oscillating (resource_decrease=0.1)"
706.4,0.0869496197716492,"Unfished reference","Non-oscillating (resource_decrease=0.1)"
706.6,0.0869496197716492,"Unfished reference","Non-oscillating (resource_decrease=0.1)"
706.8,0.0869496197716492,"Unfished reference","Non-oscillating (resource_decrease=0.1)"
707,0.0869496197716493,"Unfished reference","Non-oscillating (resource_decrease=0.1)"
707.2,0.0869496197716492,"Unfished reference","Non-oscillating (resource_decrease=0.1)"
707.4,0.0869496197716493,"Unfished reference","Non-oscillating (resource_decrease=0.1)"
707.6,0.0869496197716492,"Unfished reference","Non-oscillating (resource_decrease=0.1)"
707.8,0.0869496197716492,"Unfished reference","Non-oscillating (resource_decrease=0.1)"
708,0.0869496197716492,"Unfished reference","Non-oscillating (resource_decrease=0.1)"
708.2,0.0869496197716492,"Unfished reference","Non-oscillating (resource_decrease=0.1)"
708.4,0.0869496197716492,"Unfished reference","Non-oscillating (resource_decrease=0.1)"
708.6,0.0869496197716492,"Unfished reference","Non-oscillating (resource_decrease=0.1)"
708.8,0.0869496197716492,"Unfished reference","Non-oscillating (resource_decrease=0.1)"
709,0.0869496197716492,"Unfished reference","Non-oscillating (resource_decrease=0.1)"
709.2,0.0869496197716492,"Unfished reference","Non-oscillating (resource_decrease=0.1)"
709.4,0.0869496197716492,"Unfished reference","Non-oscillating (resource_decrease=0.1)"
709.6,0.0869496197716493,"Unfished reference","Non-oscillating (resource_decrease=0.1)"
709.8,0.0869496197716493,"Unfished reference","Non-oscillating (resource_decrease=0.1)"
710,0.0869496197716493,"Unfished reference","Non-oscillating (resource_decrease=0.1)"
710.2,0.0869496197716493,"Unfished reference","Non-oscillating (resource_decrease=0.1)"
710.4,0.0869496197716492,"Unfished reference","Non-oscillating (resource_decrease=0.1)"
710.6,0.0869496197716492,"Unfished reference","Non-oscillating (resource_decrease=0.1)"
710.8,0.0869496197716492,"Unfished reference","Non-oscillating (resource_decrease=0.1)"
711,0.0869496197716492,"Unfished reference","Non-oscillating (resource_decrease=0.1)"
711.2,0.0869496197716492,"Unfished reference","Non-oscillating (resource_decrease=0.1)"
711.4,0.0869496197716492,"Unfished reference","Non-oscillating (resource_decrease=0.1)"
711.6,0.0869496197716492,"Unfished reference","Non-oscillating (resource_decrease=0.1)"
711.8,0.0869496197716491,"Unfished reference","Non-oscillating (resource_decrease=0.1)"
712,0.0869496197716492,"Unfished reference","Non-oscillating (resource_decrease=0.1)"
712.2,0.0869496197716492,"Unfished reference","Non-oscillating (resource_decrease=0.1)"
712.4,0.0869496197716492,"Unfished reference","Non-oscillating (resource_decrease=0.1)"
712.6,0.0869496197716492,"Unfished reference","Non-oscillating (resource_decrease=0.1)"
712.8,0.0869496197716492,"Unfished reference","Non-oscillating (resource_decrease=0.1)"
713,0.0869496197716492,"Unfished reference","Non-oscillating (resource_decrease=0.1)"
713.2,0.0869496197716492,"Unfished reference","Non-oscillating (resource_decrease=0.1)"
713.4,0.0869496197716492,"Unfished reference","Non-oscillating (resource_decrease=0.1)"
713.6,0.0869496197716491,"Unfished reference","Non-oscillating (resource_decrease=0.1)"
713.8,0.0869496197716492,"Unfished reference","Non-oscillating (resource_decrease=0.1)"
714,0.0869496197716491,"Unfished reference","Non-oscillating (resource_decrease=0.1)"
714.2,0.0869496197716491,"Unfished reference","Non-oscillating (resource_decrease=0.1)"
714.4,0.0869496197716491,"Unfished reference","Non-oscillating (resource_decrease=0.1)"
714.6,0.0869496197716491,"Unfished reference","Non-oscillating (resource_decrease=0.1)"
714.8,0.0869496197716491,"Unfished reference","Non-oscillating (resource_decrease=0.1)"
715,0.0869496197716492,"Unfished reference","Non-oscillating (resource_decrease=0.1)"
715.2,0.0869496197716492,"Unfished reference","Non-oscillating (resource_decrease=0.1)"
715.4,0.0869496197716492,"Unfished reference","Non-oscillating (resource_decrease=0.1)"
715.6,0.0869496197716492,"Unfished reference","Non-oscillating (resource_decrease=0.1)"
715.8,0.0869496197716492,"Unfished reference","Non-oscillating (resource_decrease=0.1)"
716,0.0869496197716492,"Unfished reference","Non-oscillating (resource_decrease=0.1)"
716.2,0.0869496197716491,"Unfished reference","Non-oscillating (resource_decrease=0.1)"
716.4,0.0869496197716491,"Unfished reference","Non-oscillating (resource_decrease=0.1)"
716.6,0.0869496197716491,"Unfished reference","Non-oscillating (resource_decrease=0.1)"
716.8,0.0869496197716492,"Unfished reference","Non-oscillating (resource_decrease=0.1)"
717,0.0869496197716492,"Unfished reference","Non-oscillating (resource_decrease=0.1)"
717.2,0.0869496197716492,"Unfished reference","Non-oscillating (resource_decrease=0.1)"
717.4,0.0869496197716491,"Unfished reference","Non-oscillating (resource_decrease=0.1)"
717.6,0.0869496197716491,"Unfished reference","Non-oscillating (resource_decrease=0.1)"
717.8,0.0869496197716492,"Unfished reference","Non-oscillating (resource_decrease=0.1)"
718,0.0869496197716492,"Unfished reference","Non-oscillating (resource_decrease=0.1)"
718.2,0.0869496197716491,"Unfished reference","Non-oscillating (resource_decrease=0.1)"
718.4,0.0869496197716491,"Unfished reference","Non-oscillating (resource_decrease=0.1)"
718.6,0.0869496197716491,"Unfished reference","Non-oscillating (resource_decrease=0.1)"
718.8,0.0869496197716491,"Unfished reference","Non-oscillating (resource_decrease=0.1)"
719,0.0869496197716491,"Unfished reference","Non-oscillating (resource_decrease=0.1)"
719.2,0.0869496197716491,"Unfished reference","Non-oscillating (resource_decrease=0.1)"
719.4,0.0869496197716491,"Unfished reference","Non-oscillating (resource_decrease=0.1)"
719.6,0.0869496197716492,"Unfished reference","Non-oscillating (resource_decrease=0.1)"
719.8,0.0869496197716492,"Unfished reference","Non-oscillating (resource_decrease=0.1)"
720,0.0869496197716492,"Unfished reference","Non-oscillating (resource_decrease=0.1)"
720.2,0.0869496197716492,"Unfished reference","Non-oscillating (resource_decrease=0.1)"
720.4,0.0869496197716492,"Unfished reference","Non-oscillating (resource_decrease=0.1)"
720.6,0.0869496197716492,"Unfished reference","Non-oscillating (resource_decrease=0.1)"
720.8,0.0869496197716492,"Unfished reference","Non-oscillating (resource_decrease=0.1)"
721,0.0869496197716492,"Unfished reference","Non-oscillating (resource_decrease=0.1)"
721.2,0.0869496197716492,"Unfished reference","Non-oscillating (resource_decrease=0.1)"
721.4,0.0869496197716492,"Unfished reference","Non-oscillating (resource_decrease=0.1)"
721.6,0.0869496197716492,"Unfished reference","Non-oscillating (resource_decrease=0.1)"
721.8,0.0869496197716492,"Unfished reference","Non-oscillating (resource_decrease=0.1)"
722,0.0869496197716492,"Unfished reference","Non-oscillating (resource_decrease=0.1)"
722.2,0.0869496197716492,"Unfished reference","Non-oscillating (resource_decrease=0.1)"
722.4,0.0869496197716492,"Unfished reference","Non-oscillating (resource_decrease=0.1)"
722.6,0.0869496197716492,"Unfished reference","Non-oscillating (resource_decrease=0.1)"
722.8,0.0869496197716492,"Unfished reference","Non-oscillating (resource_decrease=0.1)"
723,0.0869496197716492,"Unfished reference","Non-oscillating (resource_decrease=0.1)"
723.2,0.0869496197716493,"Unfished reference","Non-oscillating (resource_decrease=0.1)"
723.4,0.0869496197716493,"Unfished reference","Non-oscillating (resource_decrease=0.1)"
723.6,0.0869496197716493,"Unfished reference","Non-oscillating (resource_decrease=0.1)"
723.8,0.0869496197716493,"Unfished reference","Non-oscillating (resource_decrease=0.1)"
724,0.0869496197716493,"Unfished reference","Non-oscillating (resource_decrease=0.1)"
724.2,0.0869496197716492,"Unfished reference","Non-oscillating (resource_decrease=0.1)"
724.4,0.0869496197716492,"Unfished reference","Non-oscillating (resource_decrease=0.1)"
724.6,0.0869496197716492,"Unfished reference","Non-oscillating (resource_decrease=0.1)"
724.8,0.0869496197716492,"Unfished reference","Non-oscillating (resource_decrease=0.1)"
725,0.0869496197716492,"Unfished reference","Non-oscillating (resource_decrease=0.1)"
725.2,0.0869496197716492,"Unfished reference","Non-oscillating (resource_decrease=0.1)"
725.4,0.0869496197716492,"Unfished reference","Non-oscillating (resource_decrease=0.1)"
725.6,0.0869496197716492,"Unfished reference","Non-oscillating (resource_decrease=0.1)"
725.8,0.0869496197716492,"Unfished reference","Non-oscillating (resource_decrease=0.1)"
726,0.0869496197716492,"Unfished reference","Non-oscillating (resource_decrease=0.1)"
726.2,0.0869496197716492,"Unfished reference","Non-oscillating (resource_decrease=0.1)"
726.4,0.0869496197716492,"Unfished reference","Non-oscillating (resource_decrease=0.1)"
726.6,0.0869496197716493,"Unfished reference","Non-oscillating (resource_decrease=0.1)"
726.8,0.0869496197716493,"Unfished reference","Non-oscillating (resource_decrease=0.1)"
727,0.0869496197716493,"Unfished reference","Non-oscillating (resource_decrease=0.1)"
727.2,0.0869496197716493,"Unfished reference","Non-oscillating (resource_decrease=0.1)"
727.4,0.0869496197716492,"Unfished reference","Non-oscillating (resource_decrease=0.1)"
727.6,0.0869496197716492,"Unfished reference","Non-oscillating (resource_decrease=0.1)"
727.8,0.0869496197716492,"Unfished reference","Non-oscillating (resource_decrease=0.1)"
728,0.0869496197716492,"Unfished reference","Non-oscillating (resource_decrease=0.1)"
728.2,0.0869496197716492,"Unfished reference","Non-oscillating (resource_decrease=0.1)"
728.4,0.0869496197716492,"Unfished reference","Non-oscillating (resource_decrease=0.1)"
728.6,0.0869496197716492,"Unfished reference","Non-oscillating (resource_decrease=0.1)"
728.8,0.0869496197716492,"Unfished reference","Non-oscillating (resource_decrease=0.1)"
729,0.0869496197716492,"Unfished reference","Non-oscillating (resource_decrease=0.1)"
729.2,0.0869496197716492,"Unfished reference","Non-oscillating (resource_decrease=0.1)"
729.4,0.0869496197716492,"Unfished reference","Non-oscillating (resource_decrease=0.1)"
729.6,0.0869496197716492,"Unfished reference","Non-oscillating (resource_decrease=0.1)"
729.8,0.0869496197716492,"Unfished reference","Non-oscillating (resource_decrease=0.1)"
730,0.0869496197716492,"Unfished reference","Non-oscillating (resource_decrease=0.1)"
730.2,0.0869496197716491,"Unfished reference","Non-oscillating (resource_decrease=0.1)"
730.4,0.0869496197716492,"Unfished reference","Non-oscillating (resource_decrease=0.1)"
730.6,0.0869496197716492,"Unfished reference","Non-oscillating (resource_decrease=0.1)"
730.8,0.0869496197716492,"Unfished reference","Non-oscillating (resource_decrease=0.1)"
731,0.0869496197716492,"Unfished reference","Non-oscillating (resource_decrease=0.1)"
731.2,0.0869496197716492,"Unfished reference","Non-oscillating (resource_decrease=0.1)"
731.4,0.0869496197716492,"Unfished reference","Non-oscillating (resource_decrease=0.1)"
731.6,0.0869496197716492,"Unfished reference","Non-oscillating (resource_decrease=0.1)"
731.8,0.0869496197716491,"Unfished reference","Non-oscillating (resource_decrease=0.1)"
732,0.0869496197716491,"Unfished reference","Non-oscillating (resource_decrease=0.1)"
732.2,0.0869496197716491,"Unfished reference","Non-oscillating (resource_decrease=0.1)"
732.4,0.0869496197716492,"Unfished reference","Non-oscillating (resource_decrease=0.1)"
732.6,0.0869496197716491,"Unfished reference","Non-oscillating (resource_decrease=0.1)"
732.8,0.0869496197716492,"Unfished reference","Non-oscillating (resource_decrease=0.1)"
733,0.0869496197716492,"Unfished reference","Non-oscillating (resource_decrease=0.1)"
733.2,0.0869496197716492,"Unfished reference","Non-oscillating (resource_decrease=0.1)"
733.4,0.0869496197716492,"Unfished reference","Non-oscillating (resource_decrease=0.1)"
733.6,0.0869496197716492,"Unfished reference","Non-oscillating (resource_decrease=0.1)"
733.8,0.0869496197716492,"Unfished reference","Non-oscillating (resource_decrease=0.1)"
734,0.0869496197716491,"Unfished reference","Non-oscillating (resource_decrease=0.1)"
734.2,0.0869496197716491,"Unfished reference","Non-oscillating (resource_decrease=0.1)"
734.4,0.0869496197716492,"Unfished reference","Non-oscillating (resource_decrease=0.1)"
734.6,0.0869496197716492,"Unfished reference","Non-oscillating (resource_decrease=0.1)"
734.8,0.0869496197716491,"Unfished reference","Non-oscillating (resource_decrease=0.1)"
735,0.0869496197716491,"Unfished reference","Non-oscillating (resource_decrease=0.1)"
735.2,0.0869496197716492,"Unfished reference","Non-oscillating (resource_decrease=0.1)"
735.4,0.0869496197716492,"Unfished reference","Non-oscillating (resource_decrease=0.1)"
735.6,0.0869496197716492,"Unfished reference","Non-oscillating (resource_decrease=0.1)"
735.8,0.0869496197716492,"Unfished reference","Non-oscillating (resource_decrease=0.1)"
736,0.0869496197716492,"Unfished reference","Non-oscillating (resource_decrease=0.1)"
736.2,0.0869496197716492,"Unfished reference","Non-oscillating (resource_decrease=0.1)"
736.4,0.0869496197716491,"Unfished reference","Non-oscillating (resource_decrease=0.1)"
736.6,0.0869496197716492,"Unfished reference","Non-oscillating (resource_decrease=0.1)"
736.8,0.0869496197716492,"Unfished reference","Non-oscillating (resource_decrease=0.1)"
737,0.0869496197716491,"Unfished reference","Non-oscillating (resource_decrease=0.1)"
737.2,0.0869496197716492,"Unfished reference","Non-oscillating (resource_decrease=0.1)"
737.4,0.0869496197716491,"Unfished reference","Non-oscillating (resource_decrease=0.1)"
737.6,0.0869496197716491,"Unfished reference","Non-oscillating (resource_decrease=0.1)"
737.8,0.0869496197716491,"Unfished reference","Non-oscillating (resource_decrease=0.1)"
738,0.0869496197716492,"Unfished reference","Non-oscillating (resource_decrease=0.1)"
738.2,0.0869496197716491,"Unfished reference","Non-oscillating (resource_decrease=0.1)"
738.4,0.0869496197716491,"Unfished reference","Non-oscillating (resource_decrease=0.1)"
738.6,0.0869496197716491,"Unfished reference","Non-oscillating (resource_decrease=0.1)"
738.8,0.0869496197716491,"Unfished reference","Non-oscillating (resource_decrease=0.1)"
739,0.0869496197716491,"Unfished reference","Non-oscillating (resource_decrease=0.1)"
739.2,0.0869496197716491,"Unfished reference","Non-oscillating (resource_decrease=0.1)"
739.4,0.0869496197716491,"Unfished reference","Non-oscillating (resource_decrease=0.1)"
739.6,0.0869496197716491,"Unfished reference","Non-oscillating (resource_decrease=0.1)"
739.8,0.0869496197716491,"Unfished reference","Non-oscillating (resource_decrease=0.1)"
740,0.0869496197716491,"Unfished reference","Non-oscillating (resource_decrease=0.1)"
740.2,0.0869496197716491,"Unfished reference","Non-oscillating (resource_decrease=0.1)"
740.4,0.0869496197716492,"Unfished reference","Non-oscillating (resource_decrease=0.1)"
740.6,0.0869496197716491,"Unfished reference","Non-oscillating (resource_decrease=0.1)"
740.8,0.0869496197716492,"Unfished reference","Non-oscillating (resource_decrease=0.1)"
741,0.0869496197716491,"Unfished reference","Non-oscillating (resource_decrease=0.1)"
741.2,0.0869496197716491,"Unfished reference","Non-oscillating (resource_decrease=0.1)"
741.4,0.0869496197716491,"Unfished reference","Non-oscillating (resource_decrease=0.1)"
741.6,0.0869496197716491,"Unfished reference","Non-oscillating (resource_decrease=0.1)"
741.8,0.0869496197716491,"Unfished reference","Non-oscillating (resource_decrease=0.1)"
742,0.0869496197716491,"Unfished reference","Non-oscillating (resource_decrease=0.1)"
742.2,0.0869496197716491,"Unfished reference","Non-oscillating (resource_decrease=0.1)"
742.4,0.0869496197716491,"Unfished reference","Non-oscillating (resource_decrease=0.1)"
742.6,0.0869496197716491,"Unfished reference","Non-oscillating (resource_decrease=0.1)"
742.8,0.0869496197716491,"Unfished reference","Non-oscillating (resource_decrease=0.1)"
743,0.0869496197716491,"Unfished reference","Non-oscillating (resource_decrease=0.1)"
743.2,0.0869496197716491,"Unfished reference","Non-oscillating (resource_decrease=0.1)"
743.4,0.0869496197716491,"Unfished reference","Non-oscillating (resource_decrease=0.1)"
743.6,0.0869496197716491,"Unfished reference","Non-oscillating (resource_decrease=0.1)"
743.8,0.0869496197716491,"Unfished reference","Non-oscillating (resource_decrease=0.1)"
744,0.0869496197716491,"Unfished reference","Non-oscillating (resource_decrease=0.1)"
744.2,0.0869496197716492,"Unfished reference","Non-oscillating (resource_decrease=0.1)"
744.4,0.0869496197716492,"Unfished reference","Non-oscillating (resource_decrease=0.1)"
744.6,0.0869496197716492,"Unfished reference","Non-oscillating (resource_decrease=0.1)"
744.8,0.0869496197716492,"Unfished reference","Non-oscillating (resource_decrease=0.1)"
745,0.0869496197716492,"Unfished reference","Non-oscillating (resource_decrease=0.1)"
745.2,0.0869496197716492,"Unfished reference","Non-oscillating (resource_decrease=0.1)"
745.4,0.0869496197716492,"Unfished reference","Non-oscillating (resource_decrease=0.1)"
745.6,0.0869496197716493,"Unfished reference","Non-oscillating (resource_decrease=0.1)"
745.8,0.0869496197716492,"Unfished reference","Non-oscillating (resource_decrease=0.1)"
746,0.0869496197716492,"Unfished reference","Non-oscillating (resource_decrease=0.1)"
746.2,0.0869496197716492,"Unfished reference","Non-oscillating (resource_decrease=0.1)"
746.4,0.0869496197716492,"Unfished reference","Non-oscillating (resource_decrease=0.1)"
746.6,0.0869496197716491,"Unfished reference","Non-oscillating (resource_decrease=0.1)"
746.8,0.0869496197716492,"Unfished reference","Non-oscillating (resource_decrease=0.1)"
747,0.0869496197716492,"Unfished reference","Non-oscillating (resource_decrease=0.1)"
747.2,0.0869496197716492,"Unfished reference","Non-oscillating (resource_decrease=0.1)"
747.4,0.0869496197716492,"Unfished reference","Non-oscillating (resource_decrease=0.1)"
747.6,0.0869496197716491,"Unfished reference","Non-oscillating (resource_decrease=0.1)"
747.8,0.0869496197716491,"Unfished reference","Non-oscillating (resource_decrease=0.1)"
748,0.0869496197716492,"Unfished reference","Non-oscillating (resource_decrease=0.1)"
748.2,0.0869496197716491,"Unfished reference","Non-oscillating (resource_decrease=0.1)"
748.4,0.0869496197716492,"Unfished reference","Non-oscillating (resource_decrease=0.1)"
748.6,0.0869496197716491,"Unfished reference","Non-oscillating (resource_decrease=0.1)"
748.8,0.0869496197716491,"Unfished reference","Non-oscillating (resource_decrease=0.1)"
749,0.0869496197716491,"Unfished reference","Non-oscillating (resource_decrease=0.1)"
749.2,0.0869496197716491,"Unfished reference","Non-oscillating (resource_decrease=0.1)"
749.4,0.0869496197716492,"Unfished reference","Non-oscillating (resource_decrease=0.1)"
749.6,0.0869496197716492,"Unfished reference","Non-oscillating (resource_decrease=0.1)"
749.8,0.0869496197716491,"Unfished reference","Non-oscillating (resource_decrease=0.1)"
750,0.0869496197716491,"Unfished reference","Non-oscillating (resource_decrease=0.1)"
750.2,0.0869496197716491,"Unfished reference","Non-oscillating (resource_decrease=0.1)"
750.4,0.0869496197716491,"Unfished reference","Non-oscillating (resource_decrease=0.1)"
750.6,0.0869496197716492,"Unfished reference","Non-oscillating (resource_decrease=0.1)"
750.8,0.0869496197716492,"Unfished reference","Non-oscillating (resource_decrease=0.1)"
751,0.0869496197716492,"Unfished reference","Non-oscillating (resource_decrease=0.1)"
751.2,0.0869496197716492,"Unfished reference","Non-oscillating (resource_decrease=0.1)"
751.4,0.0869496197716491,"Unfished reference","Non-oscillating (resource_decrease=0.1)"
751.6,0.0869496197716492,"Unfished reference","Non-oscillating (resource_decrease=0.1)"
751.8,0.0869496197716492,"Unfished reference","Non-oscillating (resource_decrease=0.1)"
752,0.0869496197716492,"Unfished reference","Non-oscillating (resource_decrease=0.1)"
752.2,0.0869496197716492,"Unfished reference","Non-oscillating (resource_decrease=0.1)"
752.4,0.0869496197716492,"Unfished reference","Non-oscillating (resource_decrease=0.1)"
752.6,0.0869496197716491,"Unfished reference","Non-oscillating (resource_decrease=0.1)"
752.8,0.0869496197716491,"Unfished reference","Non-oscillating (resource_decrease=0.1)"
753,0.0869496197716491,"Unfished reference","Non-oscillating (resource_decrease=0.1)"
753.2,0.0869496197716492,"Unfished reference","Non-oscillating (resource_decrease=0.1)"
753.4,0.0869496197716491,"Unfished reference","Non-oscillating (resource_decrease=0.1)"
753.6,0.0869496197716491,"Unfished reference","Non-oscillating (resource_decrease=0.1)"
753.8,0.0869496197716492,"Unfished reference","Non-oscillating (resource_decrease=0.1)"
754,0.0869496197716492,"Unfished reference","Non-oscillating (resource_decrease=0.1)"
754.2,0.0869496197716492,"Unfished reference","Non-oscillating (resource_decrease=0.1)"
754.4,0.0869496197716491,"Unfished reference","Non-oscillating (resource_decrease=0.1)"
754.6,0.0869496197716491,"Unfished reference","Non-oscillating (resource_decrease=0.1)"
754.8,0.0869496197716491,"Unfished reference","Non-oscillating (resource_decrease=0.1)"
755,0.0869496197716491,"Unfished reference","Non-oscillating (resource_decrease=0.1)"
755.2,0.0869496197716491,"Unfished reference","Non-oscillating (resource_decrease=0.1)"
755.4,0.0869496197716491,"Unfished reference","Non-oscillating (resource_decrease=0.1)"
755.6,0.0869496197716491,"Unfished reference","Non-oscillating (resource_decrease=0.1)"
755.8,0.0869496197716491,"Unfished reference","Non-oscillating (resource_decrease=0.1)"
756,0.0869496197716492,"Unfished reference","Non-oscillating (resource_decrease=0.1)"
756.2,0.0869496197716491,"Unfished reference","Non-oscillating (resource_decrease=0.1)"
756.4,0.0869496197716491,"Unfished reference","Non-oscillating (resource_decrease=0.1)"
756.6,0.0869496197716492,"Unfished reference","Non-oscillating (resource_decrease=0.1)"
756.8,0.0869496197716491,"Unfished reference","Non-oscillating (resource_decrease=0.1)"
757,0.0869496197716492,"Unfished reference","Non-oscillating (resource_decrease=0.1)"
757.2,0.0869496197716491,"Unfished reference","Non-oscillating (resource_decrease=0.1)"
757.4,0.0869496197716491,"Unfished reference","Non-oscillating (resource_decrease=0.1)"
757.6,0.0869496197716492,"Unfished reference","Non-oscillating (resource_decrease=0.1)"
757.8,0.0869496197716492,"Unfished reference","Non-oscillating (resource_decrease=0.1)"
758,0.0869496197716492,"Unfished reference","Non-oscillating (resource_decrease=0.1)"
758.2,0.0869496197716492,"Unfished reference","Non-oscillating (resource_decrease=0.1)"
758.4,0.0869496197716492,"Unfished reference","Non-oscillating (resource_decrease=0.1)"
758.6,0.0869496197716492,"Unfished reference","Non-oscillating (resource_decrease=0.1)"
758.8,0.0869496197716491,"Unfished reference","Non-oscillating (resource_decrease=0.1)"
759,0.0869496197716491,"Unfished reference","Non-oscillating (resource_decrease=0.1)"
759.2,0.0869496197716491,"Unfished reference","Non-oscillating (resource_decrease=0.1)"
759.4,0.0869496197716491,"Unfished reference","Non-oscillating (resource_decrease=0.1)"
759.6,0.0869496197716492,"Unfished reference","Non-oscillating (resource_decrease=0.1)"
759.8,0.0869496197716491,"Unfished reference","Non-oscillating (resource_decrease=0.1)"
760,0.0869496197716491,"Unfished reference","Non-oscillating (resource_decrease=0.1)"
760.2,0.0869496197716491,"Unfished reference","Non-oscillating (resource_decrease=0.1)"
760.4,0.0869496197716491,"Unfished reference","Non-oscillating (resource_decrease=0.1)"
760.6,0.0869496197716491,"Unfished reference","Non-oscillating (resource_decrease=0.1)"
760.8,0.0869496197716491,"Unfished reference","Non-oscillating (resource_decrease=0.1)"
761,0.0869496197716491,"Unfished reference","Non-oscillating (resource_decrease=0.1)"
761.2,0.0869496197716491,"Unfished reference","Non-oscillating (resource_decrease=0.1)"
761.4,0.0869496197716491,"Unfished reference","Non-oscillating (resource_decrease=0.1)"
761.6,0.0869496197716491,"Unfished reference","Non-oscillating (resource_decrease=0.1)"
761.8,0.0869496197716491,"Unfished reference","Non-oscillating (resource_decrease=0.1)"
762,0.0869496197716491,"Unfished reference","Non-oscillating (resource_decrease=0.1)"
762.2,0.0869496197716491,"Unfished reference","Non-oscillating (resource_decrease=0.1)"
762.4,0.0869496197716491,"Unfished reference","Non-oscillating (resource_decrease=0.1)"
762.6,0.0869496197716491,"Unfished reference","Non-oscillating (resource_decrease=0.1)"
762.8,0.0869496197716491,"Unfished reference","Non-oscillating (resource_decrease=0.1)"
763,0.0869496197716491,"Unfished reference","Non-oscillating (resource_decrease=0.1)"
763.2,0.0869496197716491,"Unfished reference","Non-oscillating (resource_decrease=0.1)"
763.4,0.0869496197716491,"Unfished reference","Non-oscillating (resource_decrease=0.1)"
763.6,0.0869496197716492,"Unfished reference","Non-oscillating (resource_decrease=0.1)"
763.8,0.0869496197716492,"Unfished reference","Non-oscillating (resource_decrease=0.1)"
764,0.0869496197716493,"Unfished reference","Non-oscillating (resource_decrease=0.1)"
764.2,0.0869496197716493,"Unfished reference","Non-oscillating (resource_decrease=0.1)"
764.4,0.0869496197716492,"Unfished reference","Non-oscillating (resource_decrease=0.1)"
764.6,0.0869496197716492,"Unfished reference","Non-oscillating (resource_decrease=0.1)"
764.8,0.0869496197716492,"Unfished reference","Non-oscillating (resource_decrease=0.1)"
765,0.0869496197716492,"Unfished reference","Non-oscillating (resource_decrease=0.1)"
765.2,0.0869496197716491,"Unfished reference","Non-oscillating (resource_decrease=0.1)"
765.4,0.0869496197716491,"Unfished reference","Non-oscillating (resource_decrease=0.1)"
765.6,0.0869496197716491,"Unfished reference","Non-oscillating (resource_decrease=0.1)"
765.8,0.0869496197716491,"Unfished reference","Non-oscillating (resource_decrease=0.1)"
766,0.0869496197716491,"Unfished reference","Non-oscillating (resource_decrease=0.1)"
766.2,0.0869496197716491,"Unfished reference","Non-oscillating (resource_decrease=0.1)"
766.4,0.0869496197716492,"Unfished reference","Non-oscillating (resource_decrease=0.1)"
766.6,0.0869496197716492,"Unfished reference","Non-oscillating (resource_decrease=0.1)"
766.8,0.0869496197716492,"Unfished reference","Non-oscillating (resource_decrease=0.1)"
767,0.0869496197716492,"Unfished reference","Non-oscillating (resource_decrease=0.1)"
767.2,0.0869496197716492,"Unfished reference","Non-oscillating (resource_decrease=0.1)"
767.4,0.0869496197716492,"Unfished reference","Non-oscillating (resource_decrease=0.1)"
767.6,0.0869496197716492,"Unfished reference","Non-oscillating (resource_decrease=0.1)"
767.8,0.0869496197716491,"Unfished reference","Non-oscillating (resource_decrease=0.1)"
768,0.0869496197716492,"Unfished reference","Non-oscillating (resource_decrease=0.1)"
768.2,0.0869496197716491,"Unfished reference","Non-oscillating (resource_decrease=0.1)"
768.4,0.0869496197716491,"Unfished reference","Non-oscillating (resource_decrease=0.1)"
768.6,0.0869496197716491,"Unfished reference","Non-oscillating (resource_decrease=0.1)"
768.8,0.0869496197716491,"Unfished reference","Non-oscillating (resource_decrease=0.1)"
769,0.0869496197716491,"Unfished reference","Non-oscillating (resource_decrease=0.1)"
769.2,0.0869496197716491,"Unfished reference","Non-oscillating (resource_decrease=0.1)"
769.4,0.0869496197716491,"Unfished reference","Non-oscillating (resource_decrease=0.1)"
769.6,0.0869496197716491,"Unfished reference","Non-oscillating (resource_decrease=0.1)"
769.8,0.0869496197716491,"Unfished reference","Non-oscillating (resource_decrease=0.1)"
770,0.0869496197716492,"Unfished reference","Non-oscillating (resource_decrease=0.1)"
770.2,0.0869496197716491,"Unfished reference","Non-oscillating (resource_decrease=0.1)"
770.4,0.0869496197716492,"Unfished reference","Non-oscillating (resource_decrease=0.1)"
770.6,0.0869496197716492,"Unfished reference","Non-oscillating (resource_decrease=0.1)"
770.8,0.0869496197716492,"Unfished reference","Non-oscillating (resource_decrease=0.1)"
771,0.0869496197716492,"Unfished reference","Non-oscillating (resource_decrease=0.1)"
771.2,0.0869496197716492,"Unfished reference","Non-oscillating (resource_decrease=0.1)"
771.4,0.0869496197716492,"Unfished reference","Non-oscillating (resource_decrease=0.1)"
771.6,0.0869496197716492,"Unfished reference","Non-oscillating (resource_decrease=0.1)"
771.8,0.0869496197716492,"Unfished reference","Non-oscillating (resource_decrease=0.1)"
772,0.0869496197716491,"Unfished reference","Non-oscillating (resource_decrease=0.1)"
772.2,0.0869496197716491,"Unfished reference","Non-oscillating (resource_decrease=0.1)"
772.4,0.0869496197716491,"Unfished reference","Non-oscillating (resource_decrease=0.1)"
772.6,0.0869496197716491,"Unfished reference","Non-oscillating (resource_decrease=0.1)"
772.8,0.0869496197716492,"Unfished reference","Non-oscillating (resource_decrease=0.1)"
773,0.0869496197716492,"Unfished reference","Non-oscillating (resource_decrease=0.1)"
773.2,0.0869496197716492,"Unfished reference","Non-oscillating (resource_decrease=0.1)"
773.4,0.0869496197716492,"Unfished reference","Non-oscillating (resource_decrease=0.1)"
773.6,0.0869496197716492,"Unfished reference","Non-oscillating (resource_decrease=0.1)"
773.8,0.0869496197716491,"Unfished reference","Non-oscillating (resource_decrease=0.1)"
774,0.0869496197716491,"Unfished reference","Non-oscillating (resource_decrease=0.1)"
774.2,0.0869496197716491,"Unfished reference","Non-oscillating (resource_decrease=0.1)"
774.4,0.0869496197716491,"Unfished reference","Non-oscillating (resource_decrease=0.1)"
774.6,0.0869496197716491,"Unfished reference","Non-oscillating (resource_decrease=0.1)"
774.8,0.0869496197716492,"Unfished reference","Non-oscillating (resource_decrease=0.1)"
775,0.0869496197716491,"Unfished reference","Non-oscillating (resource_decrease=0.1)"
775.2,0.0869496197716491,"Unfished reference","Non-oscillating (resource_decrease=0.1)"
775.4,0.0869496197716492,"Unfished reference","Non-oscillating (resource_decrease=0.1)"
775.6,0.0869496197716491,"Unfished reference","Non-oscillating (resource_decrease=0.1)"
775.8,0.0869496197716491,"Unfished reference","Non-oscillating (resource_decrease=0.1)"
776,0.0869496197716492,"Unfished reference","Non-oscillating (resource_decrease=0.1)"
776.2,0.0869496197716491,"Unfished reference","Non-oscillating (resource_decrease=0.1)"
776.4,0.0869496197716491,"Unfished reference","Non-oscillating (resource_decrease=0.1)"
776.6,0.0869496197716491,"Unfished reference","Non-oscillating (resource_decrease=0.1)"
776.8,0.0869496197716491,"Unfished reference","Non-oscillating (resource_decrease=0.1)"
777,0.0869496197716492,"Unfished reference","Non-oscillating (resource_decrease=0.1)"
777.2,0.0869496197716491,"Unfished reference","Non-oscillating (resource_decrease=0.1)"
777.4,0.0869496197716491,"Unfished reference","Non-oscillating (resource_decrease=0.1)"
777.6,0.0869496197716492,"Unfished reference","Non-oscillating (resource_decrease=0.1)"
777.8,0.0869496197716491,"Unfished reference","Non-oscillating (resource_decrease=0.1)"
778,0.0869496197716492,"Unfished reference","Non-oscillating (resource_decrease=0.1)"
778.2,0.0869496197716492,"Unfished reference","Non-oscillating (resource_decrease=0.1)"
778.4,0.0869496197716492,"Unfished reference","Non-oscillating (resource_decrease=0.1)"
778.6,0.0869496197716492,"Unfished reference","Non-oscillating (resource_decrease=0.1)"
778.8,0.0869496197716492,"Unfished reference","Non-oscillating (resource_decrease=0.1)"
779,0.0869496197716492,"Unfished reference","Non-oscillating (resource_decrease=0.1)"
779.2,0.0869496197716492,"Unfished reference","Non-oscillating (resource_decrease=0.1)"
779.4,0.0869496197716491,"Unfished reference","Non-oscillating (resource_decrease=0.1)"
779.6,0.0869496197716491,"Unfished reference","Non-oscillating (resource_decrease=0.1)"
779.8,0.0869496197716491,"Unfished reference","Non-oscillating (resource_decrease=0.1)"
780,0.0869496197716492,"Unfished reference","Non-oscillating (resource_decrease=0.1)"
780.2,0.0869496197716492,"Unfished reference","Non-oscillating (resource_decrease=0.1)"
780.4,0.0869496197716492,"Unfished reference","Non-oscillating (resource_decrease=0.1)"
780.6,0.0869496197716492,"Unfished reference","Non-oscillating (resource_decrease=0.1)"
780.8,0.0869496197716492,"Unfished reference","Non-oscillating (resource_decrease=0.1)"
781,0.0869496197716492,"Unfished reference","Non-oscillating (resource_decrease=0.1)"
781.2,0.0869496197716492,"Unfished reference","Non-oscillating (resource_decrease=0.1)"
781.4,0.0869496197716493,"Unfished reference","Non-oscillating (resource_decrease=0.1)"
781.6,0.0869496197716492,"Unfished reference","Non-oscillating (resource_decrease=0.1)"
781.8,0.0869496197716493,"Unfished reference","Non-oscillating (resource_decrease=0.1)"
782,0.0869496197716492,"Unfished reference","Non-oscillating (resource_decrease=0.1)"
782.2,0.0869496197716492,"Unfished reference","Non-oscillating (resource_decrease=0.1)"
782.4,0.0869496197716493,"Unfished reference","Non-oscillating (resource_decrease=0.1)"
782.6,0.0869496197716493,"Unfished reference","Non-oscillating (resource_decrease=0.1)"
782.8,0.0869496197716493,"Unfished reference","Non-oscillating (resource_decrease=0.1)"
783,0.0869496197716493,"Unfished reference","Non-oscillating (resource_decrease=0.1)"
783.2,0.0869496197716492,"Unfished reference","Non-oscillating (resource_decrease=0.1)"
783.4,0.0869496197716493,"Unfished reference","Non-oscillating (resource_decrease=0.1)"
783.6,0.0869496197716493,"Unfished reference","Non-oscillating (resource_decrease=0.1)"
783.8,0.0869496197716493,"Unfished reference","Non-oscillating (resource_decrease=0.1)"
784,0.0869496197716492,"Unfished reference","Non-oscillating (resource_decrease=0.1)"
784.2,0.0869496197716492,"Unfished reference","Non-oscillating (resource_decrease=0.1)"
784.4,0.0869496197716492,"Unfished reference","Non-oscillating (resource_decrease=0.1)"
784.6,0.0869496197716492,"Unfished reference","Non-oscillating (resource_decrease=0.1)"
784.8,0.0869496197716491,"Unfished reference","Non-oscillating (resource_decrease=0.1)"
785,0.0869496197716491,"Unfished reference","Non-oscillating (resource_decrease=0.1)"
785.2,0.0869496197716492,"Unfished reference","Non-oscillating (resource_decrease=0.1)"
785.4,0.0869496197716491,"Unfished reference","Non-oscillating (resource_decrease=0.1)"
785.6,0.0869496197716492,"Unfished reference","Non-oscillating (resource_decrease=0.1)"
785.8,0.0869496197716492,"Unfished reference","Non-oscillating (resource_decrease=0.1)"
786,0.0869496197716492,"Unfished reference","Non-oscillating (resource_decrease=0.1)"
786.2,0.0869496197716492,"Unfished reference","Non-oscillating (resource_decrease=0.1)"
786.4,0.0869496197716492,"Unfished reference","Non-oscillating (resource_decrease=0.1)"
786.6,0.0869496197716492,"Unfished reference","Non-oscillating (resource_decrease=0.1)"
786.8,0.0869496197716492,"Unfished reference","Non-oscillating (resource_decrease=0.1)"
787,0.0869496197716492,"Unfished reference","Non-oscillating (resource_decrease=0.1)"
787.2,0.0869496197716492,"Unfished reference","Non-oscillating (resource_decrease=0.1)"
787.4,0.0869496197716491,"Unfished reference","Non-oscillating (resource_decrease=0.1)"
787.6,0.0869496197716492,"Unfished reference","Non-oscillating (resource_decrease=0.1)"
787.8,0.0869496197716492,"Unfished reference","Non-oscillating (resource_decrease=0.1)"
788,0.0869496197716492,"Unfished reference","Non-oscillating (resource_decrease=0.1)"
788.2,0.0869496197716492,"Unfished reference","Non-oscillating (resource_decrease=0.1)"
788.4,0.0869496197716492,"Unfished reference","Non-oscillating (resource_decrease=0.1)"
788.6,0.0869496197716492,"Unfished reference","Non-oscillating (resource_decrease=0.1)"
788.8,0.0869496197716491,"Unfished reference","Non-oscillating (resource_decrease=0.1)"
789,0.0869496197716491,"Unfished reference","Non-oscillating (resource_decrease=0.1)"
789.2,0.0869496197716491,"Unfished reference","Non-oscillating (resource_decrease=0.1)"
789.4,0.0869496197716491,"Unfished reference","Non-oscillating (resource_decrease=0.1)"
789.6,0.0869496197716492,"Unfished reference","Non-oscillating (resource_decrease=0.1)"
789.8,0.0869496197716492,"Unfished reference","Non-oscillating (resource_decrease=0.1)"
790,0.0869496197716492,"Unfished reference","Non-oscillating (resource_decrease=0.1)"
790.2,0.0869496197716492,"Unfished reference","Non-oscillating (resource_decrease=0.1)"
790.4,0.0869496197716491,"Unfished reference","Non-oscillating (resource_decrease=0.1)"
790.6,0.0869496197716492,"Unfished reference","Non-oscillating (resource_decrease=0.1)"
790.8,0.0869496197716492,"Unfished reference","Non-oscillating (resource_decrease=0.1)"
791,0.0869496197716492,"Unfished reference","Non-oscillating (resource_decrease=0.1)"
791.2,0.0869496197716492,"Unfished reference","Non-oscillating (resource_decrease=0.1)"
791.4,0.0869496197716491,"Unfished reference","Non-oscillating (resource_decrease=0.1)"
791.6,0.0869496197716492,"Unfished reference","Non-oscillating (resource_decrease=0.1)"
791.8,0.0869496197716492,"Unfished reference","Non-oscillating (resource_decrease=0.1)"
792,0.0869496197716492,"Unfished reference","Non-oscillating (resource_decrease=0.1)"
792.2,0.0869496197716492,"Unfished reference","Non-oscillating (resource_decrease=0.1)"
792.4,0.0869496197716492,"Unfished reference","Non-oscillating (resource_decrease=0.1)"
792.6,0.0869496197716491,"Unfished reference","Non-oscillating (resource_decrease=0.1)"
792.8,0.0869496197716492,"Unfished reference","Non-oscillating (resource_decrease=0.1)"
793,0.0869496197716491,"Unfished reference","Non-oscillating (resource_decrease=0.1)"
793.2,0.0869496197716492,"Unfished reference","Non-oscillating (resource_decrease=0.1)"
793.4,0.0869496197716492,"Unfished reference","Non-oscillating (resource_decrease=0.1)"
793.6,0.0869496197716492,"Unfished reference","Non-oscillating (resource_decrease=0.1)"
793.8,0.0869496197716492,"Unfished reference","Non-oscillating (resource_decrease=0.1)"
794,0.0869496197716492,"Unfished reference","Non-oscillating (resource_decrease=0.1)"
794.2,0.0869496197716491,"Unfished reference","Non-oscillating (resource_decrease=0.1)"
794.4,0.0869496197716492,"Unfished reference","Non-oscillating (resource_decrease=0.1)"
794.6,0.0869496197716492,"Unfished reference","Non-oscillating (resource_decrease=0.1)"
794.8,0.0869496197716491,"Unfished reference","Non-oscillating (resource_decrease=0.1)"
795,0.0869496197716491,"Unfished reference","Non-oscillating (resource_decrease=0.1)"
795.2,0.0869496197716491,"Unfished reference","Non-oscillating (resource_decrease=0.1)"
795.4,0.0869496197716492,"Unfished reference","Non-oscillating (resource_decrease=0.1)"
795.6,0.0869496197716492,"Unfished reference","Non-oscillating (resource_decrease=0.1)"
795.8,0.0869496197716491,"Unfished reference","Non-oscillating (resource_decrease=0.1)"
796,0.0869496197716492,"Unfished reference","Non-oscillating (resource_decrease=0.1)"
796.2,0.0869496197716492,"Unfished reference","Non-oscillating (resource_decrease=0.1)"
796.4,0.0869496197716491,"Unfished reference","Non-oscillating (resource_decrease=0.1)"
796.6,0.0869496197716492,"Unfished reference","Non-oscillating (resource_decrease=0.1)"
796.8,0.0869496197716492,"Unfished reference","Non-oscillating (resource_decrease=0.1)"
797,0.0869496197716491,"Unfished reference","Non-oscillating (resource_decrease=0.1)"
797.2,0.0869496197716492,"Unfished reference","Non-oscillating (resource_decrease=0.1)"
797.4,0.0869496197716492,"Unfished reference","Non-oscillating (resource_decrease=0.1)"
797.6,0.0869496197716492,"Unfished reference","Non-oscillating (resource_decrease=0.1)"
797.8,0.0869496197716492,"Unfished reference","Non-oscillating (resource_decrease=0.1)"
798,0.0869496197716492,"Unfished reference","Non-oscillating (resource_decrease=0.1)"
798.2,0.0869496197716492,"Unfished reference","Non-oscillating (resource_decrease=0.1)"
798.4,0.0869496197716493,"Unfished reference","Non-oscillating (resource_decrease=0.1)"
798.6,0.0869496197716492,"Unfished reference","Non-oscillating (resource_decrease=0.1)"
798.8,0.0869496197716493,"Unfished reference","Non-oscillating (resource_decrease=0.1)"
799,0.0869496197716492,"Unfished reference","Non-oscillating (resource_decrease=0.1)"
799.2,0.0869496197716493,"Unfished reference","Non-oscillating (resource_decrease=0.1)"
799.4,0.0869496197716492,"Unfished reference","Non-oscillating (resource_decrease=0.1)"
799.6,0.0869496197716492,"Unfished reference","Non-oscillating (resource_decrease=0.1)"
799.8,0.0869496197716492,"Unfished reference","Non-oscillating (resource_decrease=0.1)"
800,0.0869496197716491,"Unfished reference","Non-oscillating (resource_decrease=0.1)"
500,0.0869496197716493,"Constant","Non-oscillating (resource_decrease=0.1)"
500.2,0.0834486872799827,"Constant","Non-oscillating (resource_decrease=0.1)"
500.4,0.0796971813854648,"Constant","Non-oscillating (resource_decrease=0.1)"
500.6,0.0773970494187036,"Constant","Non-oscillating (resource_decrease=0.1)"
500.8,0.0760167649516972,"Constant","Non-oscillating (resource_decrease=0.1)"
501,0.0751930481775935,"Constant","Non-oscillating (resource_decrease=0.1)"
501.2,0.0747054617961999,"Constant","Non-oscillating (resource_decrease=0.1)"
501.4,0.0744232602788532,"Constant","Non-oscillating (resource_decrease=0.1)"
501.6,0.0742714799318855,"Constant","Non-oscillating (resource_decrease=0.1)"
501.8,0.0742006346178923,"Constant","Non-oscillating (resource_decrease=0.1)"
502,0.0741446804733219,"Constant","Non-oscillating (resource_decrease=0.1)"
502.2,0.0739900514396481,"Constant","Non-oscillating (resource_decrease=0.1)"
502.4,0.0736227248938209,"Constant","Non-oscillating (resource_decrease=0.1)"
502.6,0.0730303834218575,"Constant","Non-oscillating (resource_decrease=0.1)"
502.8,0.0723199218572006,"Constant","Non-oscillating (resource_decrease=0.1)"
503,0.0716266828804821,"Constant","Non-oscillating (resource_decrease=0.1)"
503.2,0.0710365572447215,"Constant","Non-oscillating (resource_decrease=0.1)"
503.4,0.0705771998505168,"Constant","Non-oscillating (resource_decrease=0.1)"
503.6,0.0702415281613881,"Constant","Non-oscillating (resource_decrease=0.1)"
503.8,0.0700081607076187,"Constant","Non-oscillating (resource_decrease=0.1)"
504,0.0698505902837757,"Constant","Non-oscillating (resource_decrease=0.1)"
504.2,0.0697385948663797,"Constant","Non-oscillating (resource_decrease=0.1)"
504.4,0.0696384710845617,"Constant","Non-oscillating (resource_decrease=0.1)"
504.6,0.0695177536638438,"Constant","Non-oscillating (resource_decrease=0.1)"
504.8,0.0693543857826826,"Constant","Non-oscillating (resource_decrease=0.1)"
505,0.06914406454327,"Constant","Non-oscillating (resource_decrease=0.1)"
505.2,0.0688997782712969,"Constant","Non-oscillating (resource_decrease=0.1)"
505.4,0.0686440534133445,"Constant","Non-oscillating (resource_decrease=0.1)"
505.6,0.0683995148634378,"Constant","Non-oscillating (resource_decrease=0.1)"
505.8,0.0681826172345061,"Constant","Non-oscillating (resource_decrease=0.1)"
506,0.06800160613331,"Constant","Non-oscillating (resource_decrease=0.1)"
506.2,0.0678571856748,"Constant","Non-oscillating (resource_decrease=0.1)"
506.4,0.0677441621734782,"Constant","Non-oscillating (resource_decrease=0.1)"
506.6,0.0676533101721582,"Constant","Non-oscillating (resource_decrease=0.1)"
506.8,0.0675734960882471,"Constant","Non-oscillating (resource_decrease=0.1)"
507,0.0674941224939228,"Constant","Non-oscillating (resource_decrease=0.1)"
507.2,0.0674074741941105,"Constant","Non-oscillating (resource_decrease=0.1)"
507.4,0.0673102104235336,"Constant","Non-oscillating (resource_decrease=0.1)"
507.6,0.0672034751845871,"Constant","Non-oscillating (resource_decrease=0.1)"
507.8,0.0670917228290061,"Constant","Non-oscillating (resource_decrease=0.1)"
508,0.0669808783101818,"Constant","Non-oscillating (resource_decrease=0.1)"
508.2,0.0668765504922442,"Constant","Non-oscillating (resource_decrease=0.1)"
508.4,0.0667827646493769,"Constant","Non-oscillating (resource_decrease=0.1)"
508.6,0.0667013515635857,"Constant","Non-oscillating (resource_decrease=0.1)"
508.8,0.0666319232218481,"Constant","Non-oscillating (resource_decrease=0.1)"
509,0.0665722975560807,"Constant","Non-oscillating (resource_decrease=0.1)"
509.2,0.0665192236951429,"Constant","Non-oscillating (resource_decrease=0.1)"
509.4,0.0664692387678731,"Constant","Non-oscillating (resource_decrease=0.1)"
509.6,0.0664194611336769,"Constant","Non-oscillating (resource_decrease=0.1)"
509.8,0.0663681368126032,"Constant","Non-oscillating (resource_decrease=0.1)"
510,0.0663148301545525,"Constant","Non-oscillating (resource_decrease=0.1)"
510.2,0.0662602625917822,"Constant","Non-oscillating (resource_decrease=0.1)"
510.4,0.0662059029822472,"Constant","Non-oscillating (resource_decrease=0.1)"
510.6,0.0661534603739315,"Constant","Non-oscillating (resource_decrease=0.1)"
510.8,0.0661044203536014,"Constant","Non-oscillating (resource_decrease=0.1)"
511,0.0660597213683137,"Constant","Non-oscillating (resource_decrease=0.1)"
511.2,0.0660196138651114,"Constant","Non-oscillating (resource_decrease=0.1)"
511.4,0.0659836985315529,"Constant","Non-oscillating (resource_decrease=0.1)"
511.6,0.0659511049147203,"Constant","Non-oscillating (resource_decrease=0.1)"
511.8,0.0659207488844491,"Constant","Non-oscillating (resource_decrease=0.1)"
512,0.065891598590715,"Constant","Non-oscillating (resource_decrease=0.1)"
512.2,0.065862885804145,"Constant","Non-oscillating (resource_decrease=0.1)"
512.4,0.0658342213408487,"Constant","Non-oscillating (resource_decrease=0.1)"
512.6,0.0658056030063856,"Constant","Non-oscillating (resource_decrease=0.1)"
512.8,0.0657773327428802,"Constant","Non-oscillating (resource_decrease=0.1)"
513,0.065749878606555,"Constant","Non-oscillating (resource_decrease=0.1)"
513.2,0.0657237235536163,"Constant","Non-oscillating (resource_decrease=0.1)"
513.4,0.0656992380652427,"Constant","Non-oscillating (resource_decrease=0.1)"
513.6,0.0656766013133466,"Constant","Non-oscillating (resource_decrease=0.1)"
513.8,0.0656557802686913,"Constant","Non-oscillating (resource_decrease=0.1)"
514,0.0656365616158271,"Constant","Non-oscillating (resource_decrease=0.1)"
514.2,0.065618620329679,"Constant","Non-oscillating (resource_decrease=0.1)"
514.4,0.0656016030362609,"Constant","Non-oscillating (resource_decrease=0.1)"
514.6,0.065585204389559,"Constant","Non-oscillating (resource_decrease=0.1)"
514.8,0.0655692198683533,"Constant","Non-oscillating (resource_decrease=0.1)"
515,0.0655535666825652,"Constant","Non-oscillating (resource_decrease=0.1)"
515.2,0.0655382733679702,"Constant","Non-oscillating (resource_decrease=0.1)"
515.4,0.065523445859996,"Constant","Non-oscillating (resource_decrease=0.1)"
515.6,0.0655092219335691,"Constant","Non-oscillating (resource_decrease=0.1)"
515.8,0.0654957264963615,"Constant","Non-oscillating (resource_decrease=0.1)"
516,0.0654830378525022,"Constant","Non-oscillating (resource_decrease=0.1)"
516.2,0.065471170800024,"Constant","Non-oscillating (resource_decrease=0.1)"
516.4,0.0654600775736618,"Constant","Non-oscillating (resource_decrease=0.1)"
516.6,0.0654496633798088,"Constant","Non-oscillating (resource_decrease=0.1)"
516.8,0.0654398104571114,"Constant","Non-oscillating (resource_decrease=0.1)"
517,0.0654304036444928,"Constant","Non-oscillating (resource_decrease=0.1)"
517.2,0.0654213512708169,"Constant","Non-oscillating (resource_decrease=0.1)"
517.4,0.0654125973125703,"Constant","Non-oscillating (resource_decrease=0.1)"
517.6,0.0654041234810637,"Constant","Non-oscillating (resource_decrease=0.1)"
517.8,0.0653959424625246,"Constant","Non-oscillating (resource_decrease=0.1)"
518,0.0653880853714146,"Constant","Non-oscillating (resource_decrease=0.1)"
518.2,0.065380587290032,"Constant","Non-oscillating (resource_decrease=0.1)"
518.4,0.0653734745477435,"Constant","Non-oscillating (resource_decrease=0.1)"
518.6,0.0653667563705739,"Constant","Non-oscillating (resource_decrease=0.1)"
518.8,0.0653604220781206,"Constant","Non-oscillating (resource_decrease=0.1)"
519,0.0653544435259299,"Constant","Non-oscillating (resource_decrease=0.1)"
519.2,0.065348781331515,"Constant","Non-oscillating (resource_decrease=0.1)"
519.4,0.0653433927953068,"Constant","Non-oscillating (resource_decrease=0.1)"
519.6,0.0653382393899231,"Constant","Non-oscillating (resource_decrease=0.1)"
519.8,0.0653332921520841,"Constant","Non-oscillating (resource_decrease=0.1)"
520,0.0653285340799653,"Constant","Non-oscillating (resource_decrease=0.1)"
520.2,0.0653239594841908,"Constant","Non-oscillating (resource_decrease=0.1)"
520.4,0.0653195709540043,"Constant","Non-oscillating (resource_decrease=0.1)"
520.6,0.0653153750390583,"Constant","Non-oscillating (resource_decrease=0.1)"
520.8,0.0653113778573169,"Constant","Non-oscillating (resource_decrease=0.1)"
521,0.065307581651444,"Constant","Non-oscillating (resource_decrease=0.1)"
521.2,0.0653039829237949,"Constant","Non-oscillating (resource_decrease=0.1)"
521.4,0.0653005723087699,"Constant","Non-oscillating (resource_decrease=0.1)"
521.6,0.0652973359130126,"Constant","Non-oscillating (resource_decrease=0.1)"
521.8,0.0652942575604344,"Constant","Non-oscillating (resource_decrease=0.1)"
522,0.0652913212654465,"Constant","Non-oscillating (resource_decrease=0.1)"
522.2,0.0652885133199372,"Constant","Non-oscillating (resource_decrease=0.1)"
522.4,0.0652858235732743,"Constant","Non-oscillating (resource_decrease=0.1)"
522.6,0.0652832457427743,"Constant","Non-oscillating (resource_decrease=0.1)"
522.8,0.065280776843992,"Constant","Non-oscillating (resource_decrease=0.1)"
523,0.065278416018674,"Constant","Non-oscillating (resource_decrease=0.1)"
523.2,0.0652761631304967,"Constant","Non-oscillating (resource_decrease=0.1)"
523.4,0.065274017489788,"Constant","Non-oscillating (resource_decrease=0.1)"
523.6,0.0652719769775246,"Constant","Non-oscillating (resource_decrease=0.1)"
523.8,0.0652700377009022,"Constant","Non-oscillating (resource_decrease=0.1)"
524,0.0652681941675644,"Constant","Non-oscillating (resource_decrease=0.1)"
524.2,0.0652664398479383,"Constant","Non-oscillating (resource_decrease=0.1)"
524.4,0.0652647679276118,"Constant","Non-oscillating (resource_decrease=0.1)"
524.6,0.0652631720414108,"Constant","Non-oscillating (resource_decrease=0.1)"
524.8,0.0652616468204863,"Constant","Non-oscillating (resource_decrease=0.1)"
525,0.0652601881556553,"Constant","Non-oscillating (resource_decrease=0.1)"
525.2,0.0652587931623488,"Constant","Non-oscillating (resource_decrease=0.1)"
525.4,0.0652574599040914,"Constant","Non-oscillating (resource_decrease=0.1)"
525.6,0.0652561869777142,"Constant","Non-oscillating (resource_decrease=0.1)"
525.8,0.0652549730780622,"Constant","Non-oscillating (resource_decrease=0.1)"
526,0.0652538166448254,"Constant","Non-oscillating (resource_decrease=0.1)"
526.2,0.0652527156578086,"Constant","Non-oscillating (resource_decrease=0.1)"
526.4,0.0652516676014602,"Constant","Non-oscillating (resource_decrease=0.1)"
526.6,0.06525066957687,"Constant","Non-oscillating (resource_decrease=0.1)"
526.8,0.0652497185090951,"Constant","Non-oscillating (resource_decrease=0.1)"
527,0.0652488113845173,"Constant","Non-oscillating (resource_decrease=0.1)"
527.2,0.0652479454571096,"Constant","Non-oscillating (resource_decrease=0.1)"
527.4,0.0652471183800918,"Constant","Non-oscillating (resource_decrease=0.1)"
527.6,0.0652463282441338,"Constant","Non-oscillating (resource_decrease=0.1)"
527.8,0.0652455735281213,"Constant","Non-oscillating (resource_decrease=0.1)"
528,0.065244852987746,"Constant","Non-oscillating (resource_decrease=0.1)"
528.2,0.0652441655173278,"Constant","Non-oscillating (resource_decrease=0.1)"
528.4,0.0652435100205116,"Constant","Non-oscillating (resource_decrease=0.1)"
528.6,0.0652428853174266,"Constant","Non-oscillating (resource_decrease=0.1)"
528.8,0.0652422901028314,"Constant","Non-oscillating (resource_decrease=0.1)"
529,0.0652417229555481,"Constant","Non-oscillating (resource_decrease=0.1)"
529.2,0.0652411823876106,"Constant","Non-oscillating (resource_decrease=0.1)"
529.4,0.0652406669143597,"Constant","Non-oscillating (resource_decrease=0.1)"
529.6,0.0652401751250829,"Constant","Non-oscillating (resource_decrease=0.1)"
529.8,0.0652397057371583,"Constant","Non-oscillating (resource_decrease=0.1)"
530,0.0652392576233905,"Constant","Non-oscillating (resource_decrease=0.1)"
530.2,0.0652388298102036,"Constant","Non-oscillating (resource_decrease=0.1)"
530.4,0.0652384214515148,"Constant","Non-oscillating (resource_decrease=0.1)"
530.6,0.0652380317879486,"Constant","Non-oscillating (resource_decrease=0.1)"
530.8,0.0652376601028259,"Constant","Non-oscillating (resource_decrease=0.1)"
531,0.065237305685196,"Constant","Non-oscillating (resource_decrease=0.1)"
531.2,0.065236967806831,"Constant","Non-oscillating (resource_decrease=0.1)"
531.4,0.0652366457157223,"Constant","Non-oscillating (resource_decrease=0.1)"
531.6,0.0652363386443889,"Constant","Non-oscillating (resource_decrease=0.1)"
531.8,0.065236045828189,"Constant","Non-oscillating (resource_decrease=0.1)"
532,0.0652357665273406,"Constant","Non-oscillating (resource_decrease=0.1)"
532.2,0.0652355000465872,"Constant","Non-oscillating (resource_decrease=0.1)"
532.4,0.0652352457480267,"Constant","Non-oscillating (resource_decrease=0.1)"
532.6,0.0652350030549821,"Constant","Non-oscillating (resource_decrease=0.1)"
532.8,0.0652347714472363,"Constant","Non-oscillating (resource_decrease=0.1)"
533,0.0652345504499096,"Constant","Non-oscillating (resource_decrease=0.1)"
533.2,0.0652343396193589,"Constant","Non-oscillating (resource_decrease=0.1)"
533.4,0.0652341385296028,"Constant","Non-oscillating (resource_decrease=0.1)"
533.6,0.0652339467620775,"Constant","Non-oscillating (resource_decrease=0.1)"
533.8,0.0652337639002924,"Constant","Non-oscillating (resource_decrease=0.1)"
534,0.0652335895295651,"Constant","Non-oscillating (resource_decrease=0.1)"
534.2,0.0652334232408238,"Constant","Non-oscillating (resource_decrease=0.1)"
534.4,0.0652332646367017,"Constant","Non-oscillating (resource_decrease=0.1)"
534.6,0.0652331133379321,"Constant","Non-oscillating (resource_decrease=0.1)"
534.8,0.0652329689883253,"Constant","Non-oscillating (resource_decrease=0.1)"
535,0.065232831257241,"Constant","Non-oscillating (resource_decrease=0.1)"
535.2,0.065232699839236,"Constant","Non-oscillating (resource_decrease=0.1)"
535.4,0.0652325744512889,"Constant","Non-oscillating (resource_decrease=0.1)"
535.6,0.0652324548284959,"Constant","Non-oscillating (resource_decrease=0.1)"
535.8,0.0652323407193486,"Constant","Non-oscillating (resource_decrease=0.1)"
536,0.0652322318816143,"Constant","Non-oscillating (resource_decrease=0.1)"
536.2,0.0652321280795369,"Constant","Non-oscillating (resource_decrease=0.1)"
536.4,0.0652320290826538,"Constant","Non-oscillating (resource_decrease=0.1)"
536.6,0.0652319346661073,"Constant","Non-oscillating (resource_decrease=0.1)"
536.8,0.0652318446120094,"Constant","Non-oscillating (resource_decrease=0.1)"
537,0.0652317587112546,"Constant","Non-oscillating (resource_decrease=0.1)"
537.2,0.0652316767651799,"Constant","Non-oscillating (resource_decrease=0.1)"
537.4,0.0652315985866134,"Constant","Non-oscillating (resource_decrease=0.1)"
537.6,0.0652315240000757,"Constant","Non-oscillating (resource_decrease=0.1)"
537.8,0.0652314528411404,"Constant","Non-oscillating (resource_decrease=0.1)"
538,0.0652313849551551,"Constant","Non-oscillating (resource_decrease=0.1)"
538.2,0.0652313201956445,"Constant","Non-oscillating (resource_decrease=0.1)"
538.4,0.0652312584227397,"Constant","Non-oscillating (resource_decrease=0.1)"
538.6,0.0652311995019149,"Constant","Non-oscillating (resource_decrease=0.1)"
538.8,0.0652311433032012,"Constant","Non-oscillating (resource_decrease=0.1)"
539,0.0652310897009084,"Constant","Non-oscillating (resource_decrease=0.1)"
539.2,0.0652310385737673,"Constant","Non-oscillating (resource_decrease=0.1)"
539.4,0.0652309898053255,"Constant","Non-oscillating (resource_decrease=0.1)"
539.6,0.0652309432844023,"Constant","Non-oscillating (resource_decrease=0.1)"
539.8,0.0652308989054312,"Constant","Non-oscillating (resource_decrease=0.1)"
540,0.0652308565685729,"Constant","Non-oscillating (resource_decrease=0.1)"
540.2,0.0652308161795624,"Constant","Non-oscillating (resource_decrease=0.1)"
540.4,0.0652307776493186,"Constant","Non-oscillating (resource_decrease=0.1)"
540.6,0.065230740893401,"Constant","Non-oscillating (resource_decrease=0.1)"
540.8,0.0652307058314193,"Constant","Non-oscillating (resource_decrease=0.1)"
541,0.0652306723864973,"Constant","Non-oscillating (resource_decrease=0.1)"
541.2,0.0652306404848656,"Constant","Non-oscillating (resource_decrease=0.1)"
541.4,0.0652306100556147,"Constant","Non-oscillating (resource_decrease=0.1)"
541.6,0.0652305810306033,"Constant","Non-oscillating (resource_decrease=0.1)"
541.8,0.0652305533444787,"Constant","Non-oscillating (resource_decrease=0.1)"
542,0.0652305269347532,"Constant","Non-oscillating (resource_decrease=0.1)"
542.2,0.0652305017418767,"Constant","Non-oscillating (resource_decrease=0.1)"
542.4,0.0652304777092573,"Constant","Non-oscillating (resource_decrease=0.1)"
542.6,0.0652304547832058,"Constant","Non-oscillating (resource_decrease=0.1)"
542.8,0.0652304329128005,"Constant","Non-oscillating (resource_decrease=0.1)"
543,0.0652304120496918,"Constant","Non-oscillating (resource_decrease=0.1)"
543.2,0.0652303921478735,"Constant","Non-oscillating (resource_decrease=0.1)"
543.4,0.0652303731634586,"Constant","Non-oscillating (resource_decrease=0.1)"
543.6,0.0652303550544845,"Constant","Non-oscillating (resource_decrease=0.1)"
543.8,0.065230337780766,"Constant","Non-oscillating (resource_decrease=0.1)"
544,0.0652303213038024,"Constant","Non-oscillating (resource_decrease=0.1)"
544.2,0.0652303055867286,"Constant","Non-oscillating (resource_decrease=0.1)"
544.4,0.065230290594296,"Constant","Non-oscillating (resource_decrease=0.1)"
544.6,0.0652302762928638,"Constant","Non-oscillating (resource_decrease=0.1)"
544.8,0.065230262650384,"Constant","Non-oscillating (resource_decrease=0.1)"
545,0.0652302496363666,"Constant","Non-oscillating (resource_decrease=0.1)"
545.2,0.0652302372218212,"Constant","Non-oscillating (resource_decrease=0.1)"
545.4,0.0652302253791782,"Constant","Non-oscillating (resource_decrease=0.1)"
545.6,0.0652302140821942,"Constant","Non-oscillating (resource_decrease=0.1)"
545.8,0.065230203305855,"Constant","Non-oscillating (resource_decrease=0.1)"
546,0.0652301930262845,"Constant","Non-oscillating (resource_decrease=0.1)"
546.2,0.0652301832206665,"Constant","Non-oscillating (resource_decrease=0.1)"
546.4,0.0652301738671841,"Constant","Non-oscillating (resource_decrease=0.1)"
546.6,0.0652301649449764,"Constant","Non-oscillating (resource_decrease=0.1)"
546.8,0.0652301564341077,"Constant","Non-oscillating (resource_decrease=0.1)"
547,0.0652301483155443,"Constant","Non-oscillating (resource_decrease=0.1)"
547.2,0.0652301405711334,"Constant","Non-oscillating (resource_decrease=0.1)"
547.4,0.0652301331835782,"Constant","Non-oscillating (resource_decrease=0.1)"
547.6,0.0652301261364071,"Constant","Non-oscillating (resource_decrease=0.1)"
547.8,0.0652301194139368,"Constant","Non-oscillating (resource_decrease=0.1)"
548,0.0652301130012296,"Constant","Non-oscillating (resource_decrease=0.1)"
548.2,0.0652301068840487,"Constant","Non-oscillating (resource_decrease=0.1)"
548.4,0.0652301010488149,"Constant","Non-oscillating (resource_decrease=0.1)"
548.6,0.0652300954825658,"Constant","Non-oscillating (resource_decrease=0.1)"
548.8,0.0652300901729219,"Constant","Non-oscillating (resource_decrease=0.1)"
549,0.0652300851080579,"Constant","Non-oscillating (resource_decrease=0.1)"
549.2,0.0652300802766791,"Constant","Non-oscillating (resource_decrease=0.1)"
549.4,0.0652300756680032,"Constant","Non-oscillating (resource_decrease=0.1)"
549.6,0.065230071271742,"Constant","Non-oscillating (resource_decrease=0.1)"
549.8,0.0652300670780855,"Constant","Non-oscillating (resource_decrease=0.1)"
550,0.0652300630776829,"Constant","Non-oscillating (resource_decrease=0.1)"
550.2,0.0652300592616239,"Constant","Non-oscillating (resource_decrease=0.1)"
550.4,0.0652300556214171,"Constant","Non-oscillating (resource_decrease=0.1)"
550.6,0.0652300521489685,"Constant","Non-oscillating (resource_decrease=0.1)"
550.8,0.0652300488365591,"Constant","Non-oscillating (resource_decrease=0.1)"
551,0.0652300456768249,"Constant","Non-oscillating (resource_decrease=0.1)"
551.2,0.0652300426627374,"Constant","Non-oscillating (resource_decrease=0.1)"
551.4,0.0652300397875871,"Constant","Non-oscillating (resource_decrease=0.1)"
551.6,0.0652300370449687,"Constant","Non-oscillating (resource_decrease=0.1)"
551.8,0.0652300344287686,"Constant","Non-oscillating (resource_decrease=0.1)"
552,0.065230031933153,"Constant","Non-oscillating (resource_decrease=0.1)"
552.2,0.0652300295525571,"Constant","Non-oscillating (resource_decrease=0.1)"
552.4,0.0652300272816742,"Constant","Non-oscillating (resource_decrease=0.1)"
552.6,0.0652300251154452,"Constant","Non-oscillating (resource_decrease=0.1)"
552.8,0.0652300230490468,"Constant","Non-oscillating (resource_decrease=0.1)"
553,0.0652300210778803,"Constant","Non-oscillating (resource_decrease=0.1)"
553.2,0.0652300191975602,"Constant","Non-oscillating (resource_decrease=0.1)"
553.4,0.0652300174039037,"Constant","Non-oscillating (resource_decrease=0.1)"
553.6,0.0652300156929197,"Constant","Non-oscillating (resource_decrease=0.1)"
553.8,0.0652300140607998,"Constant","Non-oscillating (resource_decrease=0.1)"
554,0.0652300125039094,"Constant","Non-oscillating (resource_decrease=0.1)"
554.2,0.0652300110187803,"Constant","Non-oscillating (resource_decrease=0.1)"
554.4,0.0652300096021029,"Constant","Non-oscillating (resource_decrease=0.1)"
554.6,0.0652300082507201,"Constant","Non-oscillating (resource_decrease=0.1)"
554.8,0.0652300069616204,"Constant","Non-oscillating (resource_decrease=0.1)"
555,0.0652300057319319,"Constant","Non-oscillating (resource_decrease=0.1)"
555.2,0.0652300045589158,"Constant","Non-oscillating (resource_decrease=0.1)"
555.4,0.0652300034399608,"Constant","Non-oscillating (resource_decrease=0.1)"
555.6,0.065230002372576,"Constant","Non-oscillating (resource_decrease=0.1)"
555.8,0.0652300013543859,"Constant","Non-oscillating (resource_decrease=0.1)"
556,0.0652300003831244,"Constant","Non-oscillating (resource_decrease=0.1)"
556.2,0.0652299994566293,"Constant","Non-oscillating (resource_decrease=0.1)"
556.4,0.0652299985728378,"Constant","Non-oscillating (resource_decrease=0.1)"
556.6,0.0652299977297816,"Constant","Non-oscillating (resource_decrease=0.1)"
556.8,0.0652299969255827,"Constant","Non-oscillating (resource_decrease=0.1)"
557,0.0652299961584495,"Constant","Non-oscillating (resource_decrease=0.1)"
557.2,0.065229995426673,"Constant","Non-oscillating (resource_decrease=0.1)"
557.4,0.065229994728623,"Constant","Non-oscillating (resource_decrease=0.1)"
557.6,0.0652299940627449,"Constant","Non-oscillating (resource_decrease=0.1)"
557.8,0.0652299934275558,"Constant","Non-oscillating (resource_decrease=0.1)"
558,0.0652299928216415,"Constant","Non-oscillating (resource_decrease=0.1)"
558.2,0.0652299922436531,"Constant","Non-oscillating (resource_decrease=0.1)"
558.4,0.0652299916923039,"Constant","Non-oscillating (resource_decrease=0.1)"
558.6,0.0652299911663664,"Constant","Non-oscillating (resource_decrease=0.1)"
558.8,0.0652299906646697,"Constant","Non-oscillating (resource_decrease=0.1)"
559,0.0652299901860966,"Constant","Non-oscillating (resource_decrease=0.1)"
559.2,0.0652299897295811,"Constant","Non-oscillating (resource_decrease=0.1)"
559.4,0.0652299892941065,"Constant","Non-oscillating (resource_decrease=0.1)"
559.6,0.0652299888787029,"Constant","Non-oscillating (resource_decrease=0.1)"
559.8,0.0652299884824448,"Constant","Non-oscillating (resource_decrease=0.1)"
560,0.0652299881044499,"Constant","Non-oscillating (resource_decrease=0.1)"
560.2,0.0652299877438762,"Constant","Non-oscillating (resource_decrease=0.1)"
560.4,0.0652299873999209,"Constant","Non-oscillating (resource_decrease=0.1)"
560.6,0.0652299870718182,"Constant","Non-oscillating (resource_decrease=0.1)"
560.8,0.0652299867588374,"Constant","Non-oscillating (resource_decrease=0.1)"
561,0.0652299864602819,"Constant","Non-oscillating (resource_decrease=0.1)"
561.2,0.0652299861754868,"Constant","Non-oscillating (resource_decrease=0.1)"
561.4,0.0652299859038179,"Constant","Non-oscillating (resource_decrease=0.1)"
561.6,0.0652299856446704,"Constant","Non-oscillating (resource_decrease=0.1)"
561.8,0.0652299853974669,"Constant","Non-oscillating (resource_decrease=0.1)"
562,0.065229985161657,"Constant","Non-oscillating (resource_decrease=0.1)"
562.2,0.0652299849367154,"Constant","Non-oscillating (resource_decrease=0.1)"
562.4,0.0652299847221412,"Constant","Non-oscillating (resource_decrease=0.1)"
562.6,0.0652299845174565,"Constant","Non-oscillating (resource_decrease=0.1)"
562.8,0.0652299843222056,"Constant","Non-oscillating (resource_decrease=0.1)"
563,0.0652299841359536,"Constant","Non-oscillating (resource_decrease=0.1)"
563.2,0.0652299839582858,"Constant","Non-oscillating (resource_decrease=0.1)"
563.4,0.0652299837888067,"Constant","Non-oscillating (resource_decrease=0.1)"
563.6,0.0652299836271387,"Constant","Non-oscillating (resource_decrease=0.1)"
563.8,0.0652299834729221,"Constant","Non-oscillating (resource_decrease=0.1)"
564,0.0652299833258133,"Constant","Non-oscillating (resource_decrease=0.1)"
564.2,0.0652299831854847,"Constant","Non-oscillating (resource_decrease=0.1)"
564.4,0.0652299830516238,"Constant","Non-oscillating (resource_decrease=0.1)"
564.6,0.0652299829239325,"Constant","Non-oscillating (resource_decrease=0.1)"
564.8,0.0652299828021264,"Constant","Non-oscillating (resource_decrease=0.1)"
565,0.0652299826859343,"Constant","Non-oscillating (resource_decrease=0.1)"
565.2,0.0652299825750974,"Constant","Non-oscillating (resource_decrease=0.1)"
565.4,0.0652299824693689,"Constant","Non-oscillating (resource_decrease=0.1)"
565.6,0.0652299823685133,"Constant","Non-oscillating (resource_decrease=0.1)"
565.8,0.0652299822723061,"Constant","Non-oscillating (resource_decrease=0.1)"
566,0.0652299821805331,"Constant","Non-oscillating (resource_decrease=0.1)"
566.2,0.0652299820929899,"Constant","Non-oscillating (resource_decrease=0.1)"
566.4,0.0652299820094814,"Constant","Non-oscillating (resource_decrease=0.1)"
566.6,0.0652299819298219,"Constant","Non-oscillating (resource_decrease=0.1)"
566.8,0.0652299818538339,"Constant","Non-oscillating (resource_decrease=0.1)"
567,0.0652299817813481,"Constant","Non-oscillating (resource_decrease=0.1)"
567.2,0.0652299817122032,"Constant","Non-oscillating (resource_decrease=0.1)"
567.4,0.065229981646245,"Constant","Non-oscillating (resource_decrease=0.1)"
567.6,0.0652299815833269,"Constant","Non-oscillating (resource_decrease=0.1)"
567.8,0.0652299815233086,"Constant","Non-oscillating (resource_decrease=0.1)"
568,0.0652299814660565,"Constant","Non-oscillating (resource_decrease=0.1)"
568.2,0.0652299814114432,"Constant","Non-oscillating (resource_decrease=0.1)"
568.4,0.065229981359347,"Constant","Non-oscillating (resource_decrease=0.1)"
568.6,0.0652299813096518,"Constant","Non-oscillating (resource_decrease=0.1)"
568.8,0.0652299812622471,"Constant","Non-oscillating (resource_decrease=0.1)"
569,0.0652299812170272,"Constant","Non-oscillating (resource_decrease=0.1)"
569.2,0.0652299811738915,"Constant","Non-oscillating (resource_decrease=0.1)"
569.4,0.065229981132744,"Constant","Non-oscillating (resource_decrease=0.1)"
569.6,0.0652299810934929,"Constant","Non-oscillating (resource_decrease=0.1)"
569.8,0.0652299810560508,"Constant","Non-oscillating (resource_decrease=0.1)"
570,0.0652299810203345,"Constant","Non-oscillating (resource_decrease=0.1)"
570.2,0.0652299809862642,"Constant","Non-oscillating (resource_decrease=0.1)"
570.4,0.0652299809537642,"Constant","Non-oscillating (resource_decrease=0.1)"
570.6,0.0652299809227622,"Constant","Non-oscillating (resource_decrease=0.1)"
570.8,0.0652299808931891,"Constant","Non-oscillating (resource_decrease=0.1)"
571,0.0652299808649789,"Constant","Non-oscillating (resource_decrease=0.1)"
571.2,0.0652299808380689,"Constant","Non-oscillating (resource_decrease=0.1)"
571.4,0.0652299808123992,"Constant","Non-oscillating (resource_decrease=0.1)"
571.6,0.0652299807879127,"Constant","Non-oscillating (resource_decrease=0.1)"
571.8,0.0652299807645547,"Constant","Non-oscillating (resource_decrease=0.1)"
572,0.0652299807422732,"Constant","Non-oscillating (resource_decrease=0.1)"
572.2,0.0652299807210188,"Constant","Non-oscillating (resource_decrease=0.1)"
572.4,0.0652299807007438,"Constant","Non-oscillating (resource_decrease=0.1)"
572.6,0.0652299806814034,"Constant","Non-oscillating (resource_decrease=0.1)"
572.8,0.0652299806629543,"Constant","Non-oscillating (resource_decrease=0.1)"
573,0.0652299806453556,"Constant","Non-oscillating (resource_decrease=0.1)"
573.2,0.0652299806285679,"Constant","Non-oscillating (resource_decrease=0.1)"
573.4,0.065229980612554,"Constant","Non-oscillating (resource_decrease=0.1)"
573.6,0.0652299805972783,"Constant","Non-oscillating (resource_decrease=0.1)"
573.8,0.0652299805827065,"Constant","Non-oscillating (resource_decrease=0.1)"
574,0.0652299805688064,"Constant","Non-oscillating (resource_decrease=0.1)"
574.2,0.0652299805555469,"Constant","Non-oscillating (resource_decrease=0.1)"
574.4,0.0652299805428985,"Constant","Non-oscillating (resource_decrease=0.1)"
574.6,0.065229980530833,"Constant","Non-oscillating (resource_decrease=0.1)"
574.8,0.0652299805193237,"Constant","Non-oscillating (resource_decrease=0.1)"
575,0.0652299805083448,"Constant","Non-oscillating (resource_decrease=0.1)"
575.2,0.0652299804978719,"Constant","Non-oscillating (resource_decrease=0.1)"
575.4,0.0652299804878818,"Constant","Non-oscillating (resource_decrease=0.1)"
575.6,0.065229980478352,"Constant","Non-oscillating (resource_decrease=0.1)"
575.8,0.0652299804692615,"Constant","Non-oscillating (resource_decrease=0.1)"
576,0.06522998046059,"Constant","Non-oscillating (resource_decrease=0.1)"
576.2,0.0652299804523181,"Constant","Non-oscillating (resource_decrease=0.1)"
576.4,0.0652299804444275,"Constant","Non-oscillating (resource_decrease=0.1)"
576.6,0.0652299804369006,"Constant","Non-oscillating (resource_decrease=0.1)"
576.8,0.0652299804297206,"Constant","Non-oscillating (resource_decrease=0.1)"
577,0.0652299804228714,"Constant","Non-oscillating (resource_decrease=0.1)"
577.2,0.065229980416338,"Constant","Non-oscillating (resource_decrease=0.1)"
577.4,0.0652299804101057,"Constant","Non-oscillating (resource_decrease=0.1)"
577.6,0.0652299804041606,"Constant","Non-oscillating (resource_decrease=0.1)"
577.8,0.0652299803984896,"Constant","Non-oscillating (resource_decrease=0.1)"
578,0.0652299803930799,"Constant","Non-oscillating (resource_decrease=0.1)"
578.2,0.0652299803879195,"Constant","Non-oscillating (resource_decrease=0.1)"
578.4,0.065229980382997,"Constant","Non-oscillating (resource_decrease=0.1)"
578.6,0.0652299803783013,"Constant","Non-oscillating (resource_decrease=0.1)"
578.8,0.0652299803738221,"Constant","Non-oscillating (resource_decrease=0.1)"
579,0.0652299803695494,"Constant","Non-oscillating (resource_decrease=0.1)"
579.2,0.0652299803654735,"Constant","Non-oscillating (resource_decrease=0.1)"
579.4,0.0652299803615855,"Constant","Non-oscillating (resource_decrease=0.1)"
579.6,0.0652299803578767,"Constant","Non-oscillating (resource_decrease=0.1)"
579.8,0.0652299803543389,"Constant","Non-oscillating (resource_decrease=0.1)"
580,0.0652299803509641,"Constant","Non-oscillating (resource_decrease=0.1)"
580.2,0.0652299803477448,"Constant","Non-oscillating (resource_decrease=0.1)"
580.4,0.0652299803446739,"Constant","Non-oscillating (resource_decrease=0.1)"
580.6,0.0652299803417446,"Constant","Non-oscillating (resource_decrease=0.1)"
580.8,0.0652299803389503,"Constant","Non-oscillating (resource_decrease=0.1)"
581,0.0652299803362847,"Constant","Non-oscillating (resource_decrease=0.1)"
581.2,0.065229980333742,"Constant","Non-oscillating (resource_decrease=0.1)"
581.4,0.0652299803313165,"Constant","Non-oscillating (resource_decrease=0.1)"
581.6,0.0652299803290028,"Constant","Non-oscillating (resource_decrease=0.1)"
581.8,0.0652299803267958,"Constant","Non-oscillating (resource_decrease=0.1)"
582,0.0652299803246904,"Constant","Non-oscillating (resource_decrease=0.1)"
582.2,0.0652299803226821,"Constant","Non-oscillating (resource_decrease=0.1)"
582.4,0.0652299803207663,"Constant","Non-oscillating (resource_decrease=0.1)"
582.6,0.0652299803189389,"Constant","Non-oscillating (resource_decrease=0.1)"
582.8,0.0652299803171956,"Constant","Non-oscillating (resource_decrease=0.1)"
583,0.0652299803155327,"Constant","Non-oscillating (resource_decrease=0.1)"
583.2,0.0652299803139465,"Constant","Non-oscillating (resource_decrease=0.1)"
583.4,0.0652299803124334,"Constant","Non-oscillating (resource_decrease=0.1)"
583.6,0.06522998031099,"Constant","Non-oscillating (resource_decrease=0.1)"
583.8,0.0652299803096131,"Constant","Non-oscillating (resource_decrease=0.1)"
584,0.0652299803082997,"Constant","Non-oscillating (resource_decrease=0.1)"
584.2,0.0652299803070469,"Constant","Non-oscillating (resource_decrease=0.1)"
584.4,0.0652299803058517,"Constant","Non-oscillating (resource_decrease=0.1)"
584.6,0.0652299803047116,"Constant","Non-oscillating (resource_decrease=0.1)"
584.8,0.0652299803036241,"Constant","Non-oscillating (resource_decrease=0.1)"
585,0.0652299803025867,"Constant","Non-oscillating (resource_decrease=0.1)"
585.2,0.0652299803015971,"Constant","Non-oscillating (resource_decrease=0.1)"
585.4,0.0652299803006532,"Constant","Non-oscillating (resource_decrease=0.1)"
585.6,0.0652299802997528,"Constant","Non-oscillating (resource_decrease=0.1)"
585.8,0.0652299802988938,"Constant","Non-oscillating (resource_decrease=0.1)"
586,0.0652299802980745,"Constant","Non-oscillating (resource_decrease=0.1)"
586.2,0.0652299802972928,"Constant","Non-oscillating (resource_decrease=0.1)"
586.4,0.0652299802965473,"Constant","Non-oscillating (resource_decrease=0.1)"
586.6,0.065229980295836,"Constant","Non-oscillating (resource_decrease=0.1)"
586.8,0.0652299802951576,"Constant","Non-oscillating (resource_decrease=0.1)"
587,0.0652299802945105,"Constant","Non-oscillating (resource_decrease=0.1)"
587.2,0.0652299802938931,"Constant","Non-oscillating (resource_decrease=0.1)"
587.4,0.0652299802933042,"Constant","Non-oscillating (resource_decrease=0.1)"
587.6,0.0652299802927425,"Constant","Non-oscillating (resource_decrease=0.1)"
587.8,0.0652299802922066,"Constant","Non-oscillating (resource_decrease=0.1)"
588,0.0652299802916955,"Constant","Non-oscillating (resource_decrease=0.1)"
588.2,0.0652299802912079,"Constant","Non-oscillating (resource_decrease=0.1)"
588.4,0.0652299802907427,"Constant","Non-oscillating (resource_decrease=0.1)"
588.6,0.0652299802902991,"Constant","Non-oscillating (resource_decrease=0.1)"
588.8,0.0652299802898758,"Constant","Non-oscillating (resource_decrease=0.1)"
589,0.0652299802894721,"Constant","Non-oscillating (resource_decrease=0.1)"
589.2,0.065229980289087,"Constant","Non-oscillating (resource_decrease=0.1)"
589.4,0.0652299802887196,"Constant","Non-oscillating (resource_decrease=0.1)"
589.6,0.0652299802883692,"Constant","Non-oscillating (resource_decrease=0.1)"
589.8,0.0652299802880349,"Constant","Non-oscillating (resource_decrease=0.1)"
590,0.065229980287716,"Constant","Non-oscillating (resource_decrease=0.1)"
590.2,0.0652299802874118,"Constant","Non-oscillating (resource_decrease=0.1)"
590.4,0.0652299802871216,"Constant","Non-oscillating (resource_decrease=0.1)"
590.6,0.0652299802868448,"Constant","Non-oscillating (resource_decrease=0.1)"
590.8,0.0652299802865808,"Constant","Non-oscillating (resource_decrease=0.1)"
591,0.065229980286329,"Constant","Non-oscillating (resource_decrease=0.1)"
591.2,0.0652299802860887,"Constant","Non-oscillating (resource_decrease=0.1)"
591.4,0.0652299802858595,"Constant","Non-oscillating (resource_decrease=0.1)"
591.6,0.0652299802856409,"Constant","Non-oscillating (resource_decrease=0.1)"
591.8,0.0652299802854323,"Constant","Non-oscillating (resource_decrease=0.1)"
592,0.0652299802852334,"Constant","Non-oscillating (resource_decrease=0.1)"
592.2,0.0652299802850436,"Constant","Non-oscillating (resource_decrease=0.1)"
592.4,0.0652299802848626,"Constant","Non-oscillating (resource_decrease=0.1)"
592.6,0.0652299802846899,"Constant","Non-oscillating (resource_decrease=0.1)"
592.8,0.0652299802845253,"Constant","Non-oscillating (resource_decrease=0.1)"
593,0.0652299802843681,"Constant","Non-oscillating (resource_decrease=0.1)"
593.2,0.0652299802842182,"Constant","Non-oscillating (resource_decrease=0.1)"
593.4,0.0652299802840753,"Constant","Non-oscillating (resource_decrease=0.1)"
593.6,0.0652299802839389,"Constant","Non-oscillating (resource_decrease=0.1)"
593.8,0.0652299802838088,"Constant","Non-oscillating (resource_decrease=0.1)"
594,0.0652299802836847,"Constant","Non-oscillating (resource_decrease=0.1)"
594.2,0.0652299802835662,"Constant","Non-oscillating (resource_decrease=0.1)"
594.4,0.0652299802834533,"Constant","Non-oscillating (resource_decrease=0.1)"
594.6,0.0652299802833456,"Constant","Non-oscillating (resource_decrease=0.1)"
594.8,0.0652299802832429,"Constant","Non-oscillating (resource_decrease=0.1)"
595,0.0652299802831448,"Constant","Non-oscillating (resource_decrease=0.1)"
595.2,0.0652299802830513,"Constant","Non-oscillating (resource_decrease=0.1)"
595.4,0.0652299802829621,"Constant","Non-oscillating (resource_decrease=0.1)"
595.6,0.065229980282877,"Constant","Non-oscillating (resource_decrease=0.1)"
595.8,0.0652299802827958,"Constant","Non-oscillating (resource_decrease=0.1)"
596,0.0652299802827184,"Constant","Non-oscillating (resource_decrease=0.1)"
596.2,0.0652299802826446,"Constant","Non-oscillating (resource_decrease=0.1)"
596.4,0.0652299802825742,"Constant","Non-oscillating (resource_decrease=0.1)"
596.6,0.0652299802825069,"Constant","Non-oscillating (resource_decrease=0.1)"
596.8,0.0652299802824429,"Constant","Non-oscillating (resource_decrease=0.1)"
597,0.0652299802823817,"Constant","Non-oscillating (resource_decrease=0.1)"
597.2,0.0652299802823234,"Constant","Non-oscillating (resource_decrease=0.1)"
597.4,0.0652299802822678,"Constant","Non-oscillating (resource_decrease=0.1)"
597.6,0.0652299802822147,"Constant","Non-oscillating (resource_decrease=0.1)"
597.8,0.0652299802821641,"Constant","Non-oscillating (resource_decrease=0.1)"
598,0.0652299802821157,"Constant","Non-oscillating (resource_decrease=0.1)"
598.2,0.0652299802820697,"Constant","Non-oscillating (resource_decrease=0.1)"
598.4,0.0652299802820257,"Constant","Non-oscillating (resource_decrease=0.1)"
598.6,0.0652299802819837,"Constant","Non-oscillating (resource_decrease=0.1)"
598.8,0.0652299802819438,"Constant","Non-oscillating (resource_decrease=0.1)"
599,0.0652299802819056,"Constant","Non-oscillating (resource_decrease=0.1)"
599.2,0.0652299802818693,"Constant","Non-oscillating (resource_decrease=0.1)"
599.4,0.0652299802818346,"Constant","Non-oscillating (resource_decrease=0.1)"
599.6,0.0652299802818015,"Constant","Non-oscillating (resource_decrease=0.1)"
599.8,0.0652299802817699,"Constant","Non-oscillating (resource_decrease=0.1)"
600,0.0652299802817398,"Constant","Non-oscillating (resource_decrease=0.1)"
600.2,0.065229980281711,"Constant","Non-oscillating (resource_decrease=0.1)"
600.4,0.0652299802816835,"Constant","Non-oscillating (resource_decrease=0.1)"
600.6,0.0652299802816574,"Constant","Non-oscillating (resource_decrease=0.1)"
600.8,0.0652299802816325,"Constant","Non-oscillating (resource_decrease=0.1)"
601,0.0652299802816087,"Constant","Non-oscillating (resource_decrease=0.1)"
601.2,0.065229980281586,"Constant","Non-oscillating (resource_decrease=0.1)"
601.4,0.0652299802815644,"Constant","Non-oscillating (resource_decrease=0.1)"
601.6,0.0652299802815437,"Constant","Non-oscillating (resource_decrease=0.1)"
601.8,0.065229980281524,"Constant","Non-oscillating (resource_decrease=0.1)"
602,0.0652299802815052,"Constant","Non-oscillating (resource_decrease=0.1)"
602.2,0.0652299802814872,"Constant","Non-oscillating (resource_decrease=0.1)"
602.4,0.0652299802814702,"Constant","Non-oscillating (resource_decrease=0.1)"
602.6,0.0652299802814538,"Constant","Non-oscillating (resource_decrease=0.1)"
602.8,0.0652299802814383,"Constant","Non-oscillating (resource_decrease=0.1)"
603,0.0652299802814234,"Constant","Non-oscillating (resource_decrease=0.1)"
603.2,0.0652299802814093,"Constant","Non-oscillating (resource_decrease=0.1)"
603.4,0.0652299802813957,"Constant","Non-oscillating (resource_decrease=0.1)"
603.6,0.0652299802813829,"Constant","Non-oscillating (resource_decrease=0.1)"
603.8,0.0652299802813706,"Constant","Non-oscillating (resource_decrease=0.1)"
604,0.0652299802813589,"Constant","Non-oscillating (resource_decrease=0.1)"
604.2,0.0652299802813477,"Constant","Non-oscillating (resource_decrease=0.1)"
604.4,0.065229980281337,"Constant","Non-oscillating (resource_decrease=0.1)"
604.6,0.0652299802813268,"Constant","Non-oscillating (resource_decrease=0.1)"
604.8,0.0652299802813171,"Constant","Non-oscillating (resource_decrease=0.1)"
605,0.0652299802813079,"Constant","Non-oscillating (resource_decrease=0.1)"
605.2,0.0652299802812991,"Constant","Non-oscillating (resource_decrease=0.1)"
605.4,0.0652299802812906,"Constant","Non-oscillating (resource_decrease=0.1)"
605.6,0.0652299802812826,"Constant","Non-oscillating (resource_decrease=0.1)"
605.8,0.0652299802812749,"Constant","Non-oscillating (resource_decrease=0.1)"
606,0.0652299802812676,"Constant","Non-oscillating (resource_decrease=0.1)"
606.2,0.0652299802812606,"Constant","Non-oscillating (resource_decrease=0.1)"
606.4,0.065229980281254,"Constant","Non-oscillating (resource_decrease=0.1)"
606.6,0.0652299802812476,"Constant","Non-oscillating (resource_decrease=0.1)"
606.8,0.0652299802812416,"Constant","Non-oscillating (resource_decrease=0.1)"
607,0.0652299802812358,"Constant","Non-oscillating (resource_decrease=0.1)"
607.2,0.0652299802812302,"Constant","Non-oscillating (resource_decrease=0.1)"
607.4,0.065229980281225,"Constant","Non-oscillating (resource_decrease=0.1)"
607.6,0.06522998028122,"Constant","Non-oscillating (resource_decrease=0.1)"
607.8,0.0652299802812152,"Constant","Non-oscillating (resource_decrease=0.1)"
608,0.0652299802812106,"Constant","Non-oscillating (resource_decrease=0.1)"
608.2,0.0652299802812063,"Constant","Non-oscillating (resource_decrease=0.1)"
608.4,0.0652299802812022,"Constant","Non-oscillating (resource_decrease=0.1)"
608.6,0.0652299802811982,"Constant","Non-oscillating (resource_decrease=0.1)"
608.8,0.0652299802811944,"Constant","Non-oscillating (resource_decrease=0.1)"
609,0.0652299802811908,"Constant","Non-oscillating (resource_decrease=0.1)"
609.2,0.0652299802811874,"Constant","Non-oscillating (resource_decrease=0.1)"
609.4,0.0652299802811841,"Constant","Non-oscillating (resource_decrease=0.1)"
609.6,0.0652299802811809,"Constant","Non-oscillating (resource_decrease=0.1)"
609.8,0.065229980281178,"Constant","Non-oscillating (resource_decrease=0.1)"
610,0.0652299802811751,"Constant","Non-oscillating (resource_decrease=0.1)"
610.2,0.0652299802811724,"Constant","Non-oscillating (resource_decrease=0.1)"
610.4,0.0652299802811698,"Constant","Non-oscillating (resource_decrease=0.1)"
610.6,0.0652299802811674,"Constant","Non-oscillating (resource_decrease=0.1)"
610.8,0.065229980281165,"Constant","Non-oscillating (resource_decrease=0.1)"
611,0.0652299802811627,"Constant","Non-oscillating (resource_decrease=0.1)"
611.2,0.0652299802811606,"Constant","Non-oscillating (resource_decrease=0.1)"
611.4,0.0652299802811585,"Constant","Non-oscillating (resource_decrease=0.1)"
611.6,0.0652299802811566,"Constant","Non-oscillating (resource_decrease=0.1)"
611.8,0.0652299802811547,"Constant","Non-oscillating (resource_decrease=0.1)"
612,0.0652299802811529,"Constant","Non-oscillating (resource_decrease=0.1)"
612.2,0.0652299802811512,"Constant","Non-oscillating (resource_decrease=0.1)"
612.4,0.0652299802811496,"Constant","Non-oscillating (resource_decrease=0.1)"
612.6,0.0652299802811481,"Constant","Non-oscillating (resource_decrease=0.1)"
612.8,0.0652299802811466,"Constant","Non-oscillating (resource_decrease=0.1)"
613,0.0652299802811453,"Constant","Non-oscillating (resource_decrease=0.1)"
613.2,0.0652299802811439,"Constant","Non-oscillating (resource_decrease=0.1)"
613.4,0.0652299802811426,"Constant","Non-oscillating (resource_decrease=0.1)"
613.6,0.0652299802811414,"Constant","Non-oscillating (resource_decrease=0.1)"
613.8,0.0652299802811402,"Constant","Non-oscillating (resource_decrease=0.1)"
614,0.0652299802811391,"Constant","Non-oscillating (resource_decrease=0.1)"
614.2,0.0652299802811381,"Constant","Non-oscillating (resource_decrease=0.1)"
614.4,0.0652299802811371,"Constant","Non-oscillating (resource_decrease=0.1)"
614.6,0.0652299802811361,"Constant","Non-oscillating (resource_decrease=0.1)"
614.8,0.0652299802811353,"Constant","Non-oscillating (resource_decrease=0.1)"
615,0.0652299802811344,"Constant","Non-oscillating (resource_decrease=0.1)"
615.2,0.0652299802811335,"Constant","Non-oscillating (resource_decrease=0.1)"
615.4,0.0652299802811327,"Constant","Non-oscillating (resource_decrease=0.1)"
615.6,0.0652299802811319,"Constant","Non-oscillating (resource_decrease=0.1)"
615.8,0.0652299802811312,"Constant","Non-oscillating (resource_decrease=0.1)"
616,0.0652299802811305,"Constant","Non-oscillating (resource_decrease=0.1)"
616.2,0.0652299802811299,"Constant","Non-oscillating (resource_decrease=0.1)"
616.4,0.0652299802811292,"Constant","Non-oscillating (resource_decrease=0.1)"
616.6,0.0652299802811286,"Constant","Non-oscillating (resource_decrease=0.1)"
616.8,0.065229980281128,"Constant","Non-oscillating (resource_decrease=0.1)"
617,0.0652299802811274,"Constant","Non-oscillating (resource_decrease=0.1)"
617.2,0.065229980281127,"Constant","Non-oscillating (resource_decrease=0.1)"
617.4,0.0652299802811264,"Constant","Non-oscillating (resource_decrease=0.1)"
617.6,0.0652299802811259,"Constant","Non-oscillating (resource_decrease=0.1)"
617.8,0.0652299802811255,"Constant","Non-oscillating (resource_decrease=0.1)"
618,0.0652299802811251,"Constant","Non-oscillating (resource_decrease=0.1)"
618.2,0.0652299802811247,"Constant","Non-oscillating (resource_decrease=0.1)"
618.4,0.0652299802811243,"Constant","Non-oscillating (resource_decrease=0.1)"
618.6,0.065229980281124,"Constant","Non-oscillating (resource_decrease=0.1)"
618.8,0.0652299802811236,"Constant","Non-oscillating (resource_decrease=0.1)"
619,0.0652299802811233,"Constant","Non-oscillating (resource_decrease=0.1)"
619.2,0.0652299802811229,"Constant","Non-oscillating (resource_decrease=0.1)"
619.4,0.0652299802811226,"Constant","Non-oscillating (resource_decrease=0.1)"
619.6,0.0652299802811223,"Constant","Non-oscillating (resource_decrease=0.1)"
619.8,0.065229980281122,"Constant","Non-oscillating (resource_decrease=0.1)"
620,0.0652299802811217,"Constant","Non-oscillating (resource_decrease=0.1)"
620.2,0.0652299802811215,"Constant","Non-oscillating (resource_decrease=0.1)"
620.4,0.0652299802811213,"Constant","Non-oscillating (resource_decrease=0.1)"
620.6,0.065229980281121,"Constant","Non-oscillating (resource_decrease=0.1)"
620.8,0.0652299802811208,"Constant","Non-oscillating (resource_decrease=0.1)"
621,0.0652299802811206,"Constant","Non-oscillating (resource_decrease=0.1)"
621.2,0.0652299802811204,"Constant","Non-oscillating (resource_decrease=0.1)"
621.4,0.0652299802811201,"Constant","Non-oscillating (resource_decrease=0.1)"
621.6,0.06522998028112,"Constant","Non-oscillating (resource_decrease=0.1)"
621.8,0.0652299802811198,"Constant","Non-oscillating (resource_decrease=0.1)"
622,0.0652299802811196,"Constant","Non-oscillating (resource_decrease=0.1)"
622.2,0.0652299802811194,"Constant","Non-oscillating (resource_decrease=0.1)"
622.4,0.0652299802811193,"Constant","Non-oscillating (resource_decrease=0.1)"
622.6,0.0652299802811192,"Constant","Non-oscillating (resource_decrease=0.1)"
622.8,0.065229980281119,"Constant","Non-oscillating (resource_decrease=0.1)"
623,0.0652299802811189,"Constant","Non-oscillating (resource_decrease=0.1)"
623.2,0.0652299802811187,"Constant","Non-oscillating (resource_decrease=0.1)"
623.4,0.0652299802811186,"Constant","Non-oscillating (resource_decrease=0.1)"
623.6,0.0652299802811185,"Constant","Non-oscillating (resource_decrease=0.1)"
623.8,0.0652299802811183,"Constant","Non-oscillating (resource_decrease=0.1)"
624,0.0652299802811182,"Constant","Non-oscillating (resource_decrease=0.1)"
624.2,0.0652299802811181,"Constant","Non-oscillating (resource_decrease=0.1)"
624.4,0.065229980281118,"Constant","Non-oscillating (resource_decrease=0.1)"
624.6,0.0652299802811179,"Constant","Non-oscillating (resource_decrease=0.1)"
624.8,0.0652299802811179,"Constant","Non-oscillating (resource_decrease=0.1)"
625,0.0652299802811178,"Constant","Non-oscillating (resource_decrease=0.1)"
625.2,0.0652299802811177,"Constant","Non-oscillating (resource_decrease=0.1)"
625.4,0.0652299802811176,"Constant","Non-oscillating (resource_decrease=0.1)"
625.6,0.0652299802811176,"Constant","Non-oscillating (resource_decrease=0.1)"
625.8,0.0652299802811175,"Constant","Non-oscillating (resource_decrease=0.1)"
626,0.0652299802811175,"Constant","Non-oscillating (resource_decrease=0.1)"
626.2,0.0652299802811174,"Constant","Non-oscillating (resource_decrease=0.1)"
626.4,0.0652299802811173,"Constant","Non-oscillating (resource_decrease=0.1)"
626.6,0.0652299802811173,"Constant","Non-oscillating (resource_decrease=0.1)"
626.8,0.0652299802811172,"Constant","Non-oscillating (resource_decrease=0.1)"
627,0.0652299802811172,"Constant","Non-oscillating (resource_decrease=0.1)"
627.2,0.0652299802811172,"Constant","Non-oscillating (resource_decrease=0.1)"
627.4,0.0652299802811171,"Constant","Non-oscillating (resource_decrease=0.1)"
627.6,0.0652299802811171,"Constant","Non-oscillating (resource_decrease=0.1)"
627.8,0.065229980281117,"Constant","Non-oscillating (resource_decrease=0.1)"
628,0.065229980281117,"Constant","Non-oscillating (resource_decrease=0.1)"
628.2,0.065229980281117,"Constant","Non-oscillating (resource_decrease=0.1)"
628.4,0.0652299802811169,"Constant","Non-oscillating (resource_decrease=0.1)"
628.6,0.0652299802811169,"Constant","Non-oscillating (resource_decrease=0.1)"
628.8,0.0652299802811169,"Constant","Non-oscillating (resource_decrease=0.1)"
629,0.0652299802811168,"Constant","Non-oscillating (resource_decrease=0.1)"
629.2,0.0652299802811168,"Constant","Non-oscillating (resource_decrease=0.1)"
629.4,0.0652299802811168,"Constant","Non-oscillating (resource_decrease=0.1)"
629.6,0.0652299802811167,"Constant","Non-oscillating (resource_decrease=0.1)"
629.8,0.0652299802811167,"Constant","Non-oscillating (resource_decrease=0.1)"
630,0.0652299802811167,"Constant","Non-oscillating (resource_decrease=0.1)"
630.2,0.0652299802811167,"Constant","Non-oscillating (resource_decrease=0.1)"
630.4,0.0652299802811166,"Constant","Non-oscillating (resource_decrease=0.1)"
630.6,0.0652299802811166,"Constant","Non-oscillating (resource_decrease=0.1)"
630.8,0.0652299802811166,"Constant","Non-oscillating (resource_decrease=0.1)"
631,0.0652299802811165,"Constant","Non-oscillating (resource_decrease=0.1)"
631.2,0.0652299802811165,"Constant","Non-oscillating (resource_decrease=0.1)"
631.4,0.0652299802811164,"Constant","Non-oscillating (resource_decrease=0.1)"
631.6,0.0652299802811164,"Constant","Non-oscillating (resource_decrease=0.1)"
631.8,0.0652299802811164,"Constant","Non-oscillating (resource_decrease=0.1)"
632,0.0652299802811163,"Constant","Non-oscillating (resource_decrease=0.1)"
632.2,0.0652299802811163,"Constant","Non-oscillating (resource_decrease=0.1)"
632.4,0.0652299802811163,"Constant","Non-oscillating (resource_decrease=0.1)"
632.6,0.0652299802811163,"Constant","Non-oscillating (resource_decrease=0.1)"
632.8,0.0652299802811162,"Constant","Non-oscillating (resource_decrease=0.1)"
633,0.0652299802811162,"Constant","Non-oscillating (resource_decrease=0.1)"
633.2,0.0652299802811162,"Constant","Non-oscillating (resource_decrease=0.1)"
633.4,0.0652299802811162,"Constant","Non-oscillating (resource_decrease=0.1)"
633.6,0.0652299802811162,"Constant","Non-oscillating (resource_decrease=0.1)"
633.8,0.0652299802811162,"Constant","Non-oscillating (resource_decrease=0.1)"
634,0.0652299802811162,"Constant","Non-oscillating (resource_decrease=0.1)"
634.2,0.0652299802811162,"Constant","Non-oscillating (resource_decrease=0.1)"
634.4,0.0652299802811162,"Constant","Non-oscillating (resource_decrease=0.1)"
634.6,0.0652299802811162,"Constant","Non-oscillating (resource_decrease=0.1)"
634.8,0.0652299802811161,"Constant","Non-oscillating (resource_decrease=0.1)"
635,0.0652299802811162,"Constant","Non-oscillating (resource_decrease=0.1)"
635.2,0.0652299802811161,"Constant","Non-oscillating (resource_decrease=0.1)"
635.4,0.0652299802811161,"Constant","Non-oscillating (resource_decrease=0.1)"
635.6,0.0652299802811161,"Constant","Non-oscillating (resource_decrease=0.1)"
635.8,0.0652299802811161,"Constant","Non-oscillating (resource_decrease=0.1)"
636,0.0652299802811161,"Constant","Non-oscillating (resource_decrease=0.1)"
636.2,0.0652299802811161,"Constant","Non-oscillating (resource_decrease=0.1)"
636.4,0.0652299802811161,"Constant","Non-oscillating (resource_decrease=0.1)"
636.6,0.0652299802811161,"Constant","Non-oscillating (resource_decrease=0.1)"
636.8,0.0652299802811161,"Constant","Non-oscillating (resource_decrease=0.1)"
637,0.0652299802811161,"Constant","Non-oscillating (resource_decrease=0.1)"
637.2,0.065229980281116,"Constant","Non-oscillating (resource_decrease=0.1)"
637.4,0.065229980281116,"Constant","Non-oscillating (resource_decrease=0.1)"
637.6,0.065229980281116,"Constant","Non-oscillating (resource_decrease=0.1)"
637.8,0.065229980281116,"Constant","Non-oscillating (resource_decrease=0.1)"
638,0.065229980281116,"Constant","Non-oscillating (resource_decrease=0.1)"
638.2,0.065229980281116,"Constant","Non-oscillating (resource_decrease=0.1)"
638.4,0.065229980281116,"Constant","Non-oscillating (resource_decrease=0.1)"
638.6,0.065229980281116,"Constant","Non-oscillating (resource_decrease=0.1)"
638.8,0.065229980281116,"Constant","Non-oscillating (resource_decrease=0.1)"
639,0.065229980281116,"Constant","Non-oscillating (resource_decrease=0.1)"
639.2,0.0652299802811161,"Constant","Non-oscillating (resource_decrease=0.1)"
639.4,0.0652299802811161,"Constant","Non-oscillating (resource_decrease=0.1)"
639.6,0.065229980281116,"Constant","Non-oscillating (resource_decrease=0.1)"
639.8,0.065229980281116,"Constant","Non-oscillating (resource_decrease=0.1)"
640,0.065229980281116,"Constant","Non-oscillating (resource_decrease=0.1)"
640.2,0.065229980281116,"Constant","Non-oscillating (resource_decrease=0.1)"
640.4,0.065229980281116,"Constant","Non-oscillating (resource_decrease=0.1)"
640.6,0.065229980281116,"Constant","Non-oscillating (resource_decrease=0.1)"
640.8,0.065229980281116,"Constant","Non-oscillating (resource_decrease=0.1)"
641,0.065229980281116,"Constant","Non-oscillating (resource_decrease=0.1)"
641.2,0.065229980281116,"Constant","Non-oscillating (resource_decrease=0.1)"
641.4,0.0652299802811159,"Constant","Non-oscillating (resource_decrease=0.1)"
641.6,0.0652299802811159,"Constant","Non-oscillating (resource_decrease=0.1)"
641.8,0.0652299802811159,"Constant","Non-oscillating (resource_decrease=0.1)"
642,0.0652299802811159,"Constant","Non-oscillating (resource_decrease=0.1)"
642.2,0.065229980281116,"Constant","Non-oscillating (resource_decrease=0.1)"
642.4,0.065229980281116,"Constant","Non-oscillating (resource_decrease=0.1)"
642.6,0.065229980281116,"Constant","Non-oscillating (resource_decrease=0.1)"
642.8,0.065229980281116,"Constant","Non-oscillating (resource_decrease=0.1)"
643,0.065229980281116,"Constant","Non-oscillating (resource_decrease=0.1)"
643.2,0.065229980281116,"Constant","Non-oscillating (resource_decrease=0.1)"
643.4,0.065229980281116,"Constant","Non-oscillating (resource_decrease=0.1)"
643.6,0.065229980281116,"Constant","Non-oscillating (resource_decrease=0.1)"
643.8,0.065229980281116,"Constant","Non-oscillating (resource_decrease=0.1)"
644,0.065229980281116,"Constant","Non-oscillating (resource_decrease=0.1)"
644.2,0.065229980281116,"Constant","Non-oscillating (resource_decrease=0.1)"
644.4,0.0652299802811161,"Constant","Non-oscillating (resource_decrease=0.1)"
644.6,0.065229980281116,"Constant","Non-oscillating (resource_decrease=0.1)"
644.8,0.065229980281116,"Constant","Non-oscillating (resource_decrease=0.1)"
645,0.065229980281116,"Constant","Non-oscillating (resource_decrease=0.1)"
645.2,0.065229980281116,"Constant","Non-oscillating (resource_decrease=0.1)"
645.4,0.0652299802811159,"Constant","Non-oscillating (resource_decrease=0.1)"
645.6,0.0652299802811159,"Constant","Non-oscillating (resource_decrease=0.1)"
645.8,0.0652299802811159,"Constant","Non-oscillating (resource_decrease=0.1)"
646,0.065229980281116,"Constant","Non-oscillating (resource_decrease=0.1)"
646.2,0.0652299802811159,"Constant","Non-oscillating (resource_decrease=0.1)"
646.4,0.065229980281116,"Constant","Non-oscillating (resource_decrease=0.1)"
646.6,0.065229980281116,"Constant","Non-oscillating (resource_decrease=0.1)"
646.8,0.065229980281116,"Constant","Non-oscillating (resource_decrease=0.1)"
647,0.065229980281116,"Constant","Non-oscillating (resource_decrease=0.1)"
647.2,0.065229980281116,"Constant","Non-oscillating (resource_decrease=0.1)"
647.4,0.065229980281116,"Constant","Non-oscillating (resource_decrease=0.1)"
647.6,0.065229980281116,"Constant","Non-oscillating (resource_decrease=0.1)"
647.8,0.065229980281116,"Constant","Non-oscillating (resource_decrease=0.1)"
648,0.065229980281116,"Constant","Non-oscillating (resource_decrease=0.1)"
648.2,0.065229980281116,"Constant","Non-oscillating (resource_decrease=0.1)"
648.4,0.065229980281116,"Constant","Non-oscillating (resource_decrease=0.1)"
648.6,0.065229980281116,"Constant","Non-oscillating (resource_decrease=0.1)"
648.8,0.065229980281116,"Constant","Non-oscillating (resource_decrease=0.1)"
649,0.065229980281116,"Constant","Non-oscillating (resource_decrease=0.1)"
649.2,0.065229980281116,"Constant","Non-oscillating (resource_decrease=0.1)"
649.4,0.065229980281116,"Constant","Non-oscillating (resource_decrease=0.1)"
649.6,0.065229980281116,"Constant","Non-oscillating (resource_decrease=0.1)"
649.8,0.065229980281116,"Constant","Non-oscillating (resource_decrease=0.1)"
650,0.065229980281116,"Constant","Non-oscillating (resource_decrease=0.1)"
650.2,0.065229980281116,"Constant","Non-oscillating (resource_decrease=0.1)"
650.4,0.065229980281116,"Constant","Non-oscillating (resource_decrease=0.1)"
650.6,0.065229980281116,"Constant","Non-oscillating (resource_decrease=0.1)"
650.8,0.065229980281116,"Constant","Non-oscillating (resource_decrease=0.1)"
651,0.0652299802811161,"Constant","Non-oscillating (resource_decrease=0.1)"
651.2,0.065229980281116,"Constant","Non-oscillating (resource_decrease=0.1)"
651.4,0.065229980281116,"Constant","Non-oscillating (resource_decrease=0.1)"
651.6,0.065229980281116,"Constant","Non-oscillating (resource_decrease=0.1)"
651.8,0.065229980281116,"Constant","Non-oscillating (resource_decrease=0.1)"
652,0.0652299802811159,"Constant","Non-oscillating (resource_decrease=0.1)"
652.2,0.065229980281116,"Constant","Non-oscillating (resource_decrease=0.1)"
652.4,0.065229980281116,"Constant","Non-oscillating (resource_decrease=0.1)"
652.6,0.0652299802811159,"Constant","Non-oscillating (resource_decrease=0.1)"
652.8,0.065229980281116,"Constant","Non-oscillating (resource_decrease=0.1)"
653,0.065229980281116,"Constant","Non-oscillating (resource_decrease=0.1)"
653.2,0.065229980281116,"Constant","Non-oscillating (resource_decrease=0.1)"
653.4,0.065229980281116,"Constant","Non-oscillating (resource_decrease=0.1)"
653.6,0.065229980281116,"Constant","Non-oscillating (resource_decrease=0.1)"
653.8,0.065229980281116,"Constant","Non-oscillating (resource_decrease=0.1)"
654,0.065229980281116,"Constant","Non-oscillating (resource_decrease=0.1)"
654.2,0.065229980281116,"Constant","Non-oscillating (resource_decrease=0.1)"
654.4,0.065229980281116,"Constant","Non-oscillating (resource_decrease=0.1)"
654.6,0.065229980281116,"Constant","Non-oscillating (resource_decrease=0.1)"
654.8,0.065229980281116,"Constant","Non-oscillating (resource_decrease=0.1)"
655,0.065229980281116,"Constant","Non-oscillating (resource_decrease=0.1)"
655.2,0.065229980281116,"Constant","Non-oscillating (resource_decrease=0.1)"
655.4,0.065229980281116,"Constant","Non-oscillating (resource_decrease=0.1)"
655.6,0.065229980281116,"Constant","Non-oscillating (resource_decrease=0.1)"
655.8,0.065229980281116,"Constant","Non-oscillating (resource_decrease=0.1)"
656,0.065229980281116,"Constant","Non-oscillating (resource_decrease=0.1)"
656.2,0.065229980281116,"Constant","Non-oscillating (resource_decrease=0.1)"
656.4,0.065229980281116,"Constant","Non-oscillating (resource_decrease=0.1)"
656.6,0.065229980281116,"Constant","Non-oscillating (resource_decrease=0.1)"
656.8,0.065229980281116,"Constant","Non-oscillating (resource_decrease=0.1)"
657,0.065229980281116,"Constant","Non-oscillating (resource_decrease=0.1)"
657.2,0.065229980281116,"Constant","Non-oscillating (resource_decrease=0.1)"
657.4,0.065229980281116,"Constant","Non-oscillating (resource_decrease=0.1)"
657.6,0.065229980281116,"Constant","Non-oscillating (resource_decrease=0.1)"
657.8,0.0652299802811159,"Constant","Non-oscillating (resource_decrease=0.1)"
658,0.0652299802811159,"Constant","Non-oscillating (resource_decrease=0.1)"
658.2,0.0652299802811159,"Constant","Non-oscillating (resource_decrease=0.1)"
658.4,0.0652299802811159,"Constant","Non-oscillating (resource_decrease=0.1)"
658.6,0.0652299802811159,"Constant","Non-oscillating (resource_decrease=0.1)"
658.8,0.0652299802811159,"Constant","Non-oscillating (resource_decrease=0.1)"
659,0.0652299802811159,"Constant","Non-oscillating (resource_decrease=0.1)"
659.2,0.0652299802811159,"Constant","Non-oscillating (resource_decrease=0.1)"
659.4,0.0652299802811159,"Constant","Non-oscillating (resource_decrease=0.1)"
659.6,0.065229980281116,"Constant","Non-oscillating (resource_decrease=0.1)"
659.8,0.065229980281116,"Constant","Non-oscillating (resource_decrease=0.1)"
660,0.065229980281116,"Constant","Non-oscillating (resource_decrease=0.1)"
660.2,0.065229980281116,"Constant","Non-oscillating (resource_decrease=0.1)"
660.4,0.065229980281116,"Constant","Non-oscillating (resource_decrease=0.1)"
660.6,0.065229980281116,"Constant","Non-oscillating (resource_decrease=0.1)"
660.8,0.065229980281116,"Constant","Non-oscillating (resource_decrease=0.1)"
661,0.065229980281116,"Constant","Non-oscillating (resource_decrease=0.1)"
661.2,0.065229980281116,"Constant","Non-oscillating (resource_decrease=0.1)"
661.4,0.065229980281116,"Constant","Non-oscillating (resource_decrease=0.1)"
661.6,0.065229980281116,"Constant","Non-oscillating (resource_decrease=0.1)"
661.8,0.065229980281116,"Constant","Non-oscillating (resource_decrease=0.1)"
662,0.065229980281116,"Constant","Non-oscillating (resource_decrease=0.1)"
662.2,0.065229980281116,"Constant","Non-oscillating (resource_decrease=0.1)"
662.4,0.065229980281116,"Constant","Non-oscillating (resource_decrease=0.1)"
662.6,0.065229980281116,"Constant","Non-oscillating (resource_decrease=0.1)"
662.8,0.065229980281116,"Constant","Non-oscillating (resource_decrease=0.1)"
663,0.065229980281116,"Constant","Non-oscillating (resource_decrease=0.1)"
663.2,0.065229980281116,"Constant","Non-oscillating (resource_decrease=0.1)"
663.4,0.065229980281116,"Constant","Non-oscillating (resource_decrease=0.1)"
663.6,0.065229980281116,"Constant","Non-oscillating (resource_decrease=0.1)"
663.8,0.065229980281116,"Constant","Non-oscillating (resource_decrease=0.1)"
664,0.0652299802811159,"Constant","Non-oscillating (resource_decrease=0.1)"
664.2,0.065229980281116,"Constant","Non-oscillating (resource_decrease=0.1)"
664.4,0.0652299802811159,"Constant","Non-oscillating (resource_decrease=0.1)"
664.6,0.065229980281116,"Constant","Non-oscillating (resource_decrease=0.1)"
664.8,0.065229980281116,"Constant","Non-oscillating (resource_decrease=0.1)"
665,0.065229980281116,"Constant","Non-oscillating (resource_decrease=0.1)"
665.2,0.065229980281116,"Constant","Non-oscillating (resource_decrease=0.1)"
665.4,0.065229980281116,"Constant","Non-oscillating (resource_decrease=0.1)"
665.6,0.065229980281116,"Constant","Non-oscillating (resource_decrease=0.1)"
665.8,0.065229980281116,"Constant","Non-oscillating (resource_decrease=0.1)"
666,0.065229980281116,"Constant","Non-oscillating (resource_decrease=0.1)"
666.2,0.0652299802811159,"Constant","Non-oscillating (resource_decrease=0.1)"
666.4,0.0652299802811159,"Constant","Non-oscillating (resource_decrease=0.1)"
666.6,0.065229980281116,"Constant","Non-oscillating (resource_decrease=0.1)"
666.8,0.065229980281116,"Constant","Non-oscillating (resource_decrease=0.1)"
667,0.065229980281116,"Constant","Non-oscillating (resource_decrease=0.1)"
667.2,0.065229980281116,"Constant","Non-oscillating (resource_decrease=0.1)"
667.4,0.065229980281116,"Constant","Non-oscillating (resource_decrease=0.1)"
667.6,0.0652299802811159,"Constant","Non-oscillating (resource_decrease=0.1)"
667.8,0.0652299802811159,"Constant","Non-oscillating (resource_decrease=0.1)"
668,0.065229980281116,"Constant","Non-oscillating (resource_decrease=0.1)"
668.2,0.065229980281116,"Constant","Non-oscillating (resource_decrease=0.1)"
668.4,0.065229980281116,"Constant","Non-oscillating (resource_decrease=0.1)"
668.6,0.065229980281116,"Constant","Non-oscillating (resource_decrease=0.1)"
668.8,0.065229980281116,"Constant","Non-oscillating (resource_decrease=0.1)"
669,0.065229980281116,"Constant","Non-oscillating (resource_decrease=0.1)"
669.2,0.065229980281116,"Constant","Non-oscillating (resource_decrease=0.1)"
669.4,0.065229980281116,"Constant","Non-oscillating (resource_decrease=0.1)"
669.6,0.065229980281116,"Constant","Non-oscillating (resource_decrease=0.1)"
669.8,0.065229980281116,"Constant","Non-oscillating (resource_decrease=0.1)"
670,0.065229980281116,"Constant","Non-oscillating (resource_decrease=0.1)"
670.2,0.065229980281116,"Constant","Non-oscillating (resource_decrease=0.1)"
670.4,0.065229980281116,"Constant","Non-oscillating (resource_decrease=0.1)"
670.6,0.065229980281116,"Constant","Non-oscillating (resource_decrease=0.1)"
670.8,0.065229980281116,"Constant","Non-oscillating (resource_decrease=0.1)"
671,0.065229980281116,"Constant","Non-oscillating (resource_decrease=0.1)"
671.2,0.065229980281116,"Constant","Non-oscillating (resource_decrease=0.1)"
671.4,0.065229980281116,"Constant","Non-oscillating (resource_decrease=0.1)"
671.6,0.065229980281116,"Constant","Non-oscillating (resource_decrease=0.1)"
671.8,0.065229980281116,"Constant","Non-oscillating (resource_decrease=0.1)"
672,0.065229980281116,"Constant","Non-oscillating (resource_decrease=0.1)"
672.2,0.065229980281116,"Constant","Non-oscillating (resource_decrease=0.1)"
672.4,0.065229980281116,"Constant","Non-oscillating (resource_decrease=0.1)"
672.6,0.065229980281116,"Constant","Non-oscillating (resource_decrease=0.1)"
672.8,0.065229980281116,"Constant","Non-oscillating (resource_decrease=0.1)"
673,0.065229980281116,"Constant","Non-oscillating (resource_decrease=0.1)"
673.2,0.065229980281116,"Constant","Non-oscillating (resource_decrease=0.1)"
673.4,0.065229980281116,"Constant","Non-oscillating (resource_decrease=0.1)"
673.6,0.0652299802811159,"Constant","Non-oscillating (resource_decrease=0.1)"
673.8,0.065229980281116,"Constant","Non-oscillating (resource_decrease=0.1)"
674,0.065229980281116,"Constant","Non-oscillating (resource_decrease=0.1)"
674.2,0.065229980281116,"Constant","Non-oscillating (resource_decrease=0.1)"
674.4,0.065229980281116,"Constant","Non-oscillating (resource_decrease=0.1)"
674.6,0.065229980281116,"Constant","Non-oscillating (resource_decrease=0.1)"
674.8,0.0652299802811159,"Constant","Non-oscillating (resource_decrease=0.1)"
675,0.065229980281116,"Constant","Non-oscillating (resource_decrease=0.1)"
675.2,0.065229980281116,"Constant","Non-oscillating (resource_decrease=0.1)"
675.4,0.065229980281116,"Constant","Non-oscillating (resource_decrease=0.1)"
675.6,0.065229980281116,"Constant","Non-oscillating (resource_decrease=0.1)"
675.8,0.065229980281116,"Constant","Non-oscillating (resource_decrease=0.1)"
676,0.065229980281116,"Constant","Non-oscillating (resource_decrease=0.1)"
676.2,0.065229980281116,"Constant","Non-oscillating (resource_decrease=0.1)"
676.4,0.065229980281116,"Constant","Non-oscillating (resource_decrease=0.1)"
676.6,0.0652299802811159,"Constant","Non-oscillating (resource_decrease=0.1)"
676.8,0.0652299802811159,"Constant","Non-oscillating (resource_decrease=0.1)"
677,0.0652299802811159,"Constant","Non-oscillating (resource_decrease=0.1)"
677.2,0.0652299802811159,"Constant","Non-oscillating (resource_decrease=0.1)"
677.4,0.0652299802811159,"Constant","Non-oscillating (resource_decrease=0.1)"
677.6,0.0652299802811159,"Constant","Non-oscillating (resource_decrease=0.1)"
677.8,0.0652299802811159,"Constant","Non-oscillating (resource_decrease=0.1)"
678,0.0652299802811159,"Constant","Non-oscillating (resource_decrease=0.1)"
678.2,0.065229980281116,"Constant","Non-oscillating (resource_decrease=0.1)"
678.4,0.065229980281116,"Constant","Non-oscillating (resource_decrease=0.1)"
678.6,0.065229980281116,"Constant","Non-oscillating (resource_decrease=0.1)"
678.8,0.065229980281116,"Constant","Non-oscillating (resource_decrease=0.1)"
679,0.065229980281116,"Constant","Non-oscillating (resource_decrease=0.1)"
679.2,0.065229980281116,"Constant","Non-oscillating (resource_decrease=0.1)"
679.4,0.065229980281116,"Constant","Non-oscillating (resource_decrease=0.1)"
679.6,0.065229980281116,"Constant","Non-oscillating (resource_decrease=0.1)"
679.8,0.065229980281116,"Constant","Non-oscillating (resource_decrease=0.1)"
680,0.065229980281116,"Constant","Non-oscillating (resource_decrease=0.1)"
680.2,0.065229980281116,"Constant","Non-oscillating (resource_decrease=0.1)"
680.4,0.065229980281116,"Constant","Non-oscillating (resource_decrease=0.1)"
680.6,0.065229980281116,"Constant","Non-oscillating (resource_decrease=0.1)"
680.8,0.0652299802811159,"Constant","Non-oscillating (resource_decrease=0.1)"
681,0.0652299802811159,"Constant","Non-oscillating (resource_decrease=0.1)"
681.2,0.065229980281116,"Constant","Non-oscillating (resource_decrease=0.1)"
681.4,0.065229980281116,"Constant","Non-oscillating (resource_decrease=0.1)"
681.6,0.065229980281116,"Constant","Non-oscillating (resource_decrease=0.1)"
681.8,0.065229980281116,"Constant","Non-oscillating (resource_decrease=0.1)"
682,0.065229980281116,"Constant","Non-oscillating (resource_decrease=0.1)"
682.2,0.0652299802811161,"Constant","Non-oscillating (resource_decrease=0.1)"
682.4,0.0652299802811161,"Constant","Non-oscillating (resource_decrease=0.1)"
682.6,0.0652299802811161,"Constant","Non-oscillating (resource_decrease=0.1)"
682.8,0.0652299802811161,"Constant","Non-oscillating (resource_decrease=0.1)"
683,0.0652299802811161,"Constant","Non-oscillating (resource_decrease=0.1)"
683.2,0.065229980281116,"Constant","Non-oscillating (resource_decrease=0.1)"
683.4,0.065229980281116,"Constant","Non-oscillating (resource_decrease=0.1)"
683.6,0.065229980281116,"Constant","Non-oscillating (resource_decrease=0.1)"
683.8,0.065229980281116,"Constant","Non-oscillating (resource_decrease=0.1)"
684,0.065229980281116,"Constant","Non-oscillating (resource_decrease=0.1)"
684.2,0.065229980281116,"Constant","Non-oscillating (resource_decrease=0.1)"
684.4,0.065229980281116,"Constant","Non-oscillating (resource_decrease=0.1)"
684.6,0.065229980281116,"Constant","Non-oscillating (resource_decrease=0.1)"
684.8,0.065229980281116,"Constant","Non-oscillating (resource_decrease=0.1)"
685,0.065229980281116,"Constant","Non-oscillating (resource_decrease=0.1)"
685.2,0.065229980281116,"Constant","Non-oscillating (resource_decrease=0.1)"
685.4,0.065229980281116,"Constant","Non-oscillating (resource_decrease=0.1)"
685.6,0.065229980281116,"Constant","Non-oscillating (resource_decrease=0.1)"
685.8,0.065229980281116,"Constant","Non-oscillating (resource_decrease=0.1)"
686,0.065229980281116,"Constant","Non-oscillating (resource_decrease=0.1)"
686.2,0.065229980281116,"Constant","Non-oscillating (resource_decrease=0.1)"
686.4,0.065229980281116,"Constant","Non-oscillating (resource_decrease=0.1)"
686.6,0.065229980281116,"Constant","Non-oscillating (resource_decrease=0.1)"
686.8,0.065229980281116,"Constant","Non-oscillating (resource_decrease=0.1)"
687,0.065229980281116,"Constant","Non-oscillating (resource_decrease=0.1)"
687.2,0.065229980281116,"Constant","Non-oscillating (resource_decrease=0.1)"
687.4,0.065229980281116,"Constant","Non-oscillating (resource_decrease=0.1)"
687.6,0.065229980281116,"Constant","Non-oscillating (resource_decrease=0.1)"
687.8,0.065229980281116,"Constant","Non-oscillating (resource_decrease=0.1)"
688,0.065229980281116,"Constant","Non-oscillating (resource_decrease=0.1)"
688.2,0.065229980281116,"Constant","Non-oscillating (resource_decrease=0.1)"
688.4,0.065229980281116,"Constant","Non-oscillating (resource_decrease=0.1)"
688.6,0.065229980281116,"Constant","Non-oscillating (resource_decrease=0.1)"
688.8,0.065229980281116,"Constant","Non-oscillating (resource_decrease=0.1)"
689,0.065229980281116,"Constant","Non-oscillating (resource_decrease=0.1)"
689.2,0.065229980281116,"Constant","Non-oscillating (resource_decrease=0.1)"
689.4,0.0652299802811159,"Constant","Non-oscillating (resource_decrease=0.1)"
689.6,0.0652299802811159,"Constant","Non-oscillating (resource_decrease=0.1)"
689.8,0.0652299802811159,"Constant","Non-oscillating (resource_decrease=0.1)"
690,0.065229980281116,"Constant","Non-oscillating (resource_decrease=0.1)"
690.2,0.065229980281116,"Constant","Non-oscillating (resource_decrease=0.1)"
690.4,0.065229980281116,"Constant","Non-oscillating (resource_decrease=0.1)"
690.6,0.065229980281116,"Constant","Non-oscillating (resource_decrease=0.1)"
690.8,0.065229980281116,"Constant","Non-oscillating (resource_decrease=0.1)"
691,0.065229980281116,"Constant","Non-oscillating (resource_decrease=0.1)"
691.2,0.065229980281116,"Constant","Non-oscillating (resource_decrease=0.1)"
691.4,0.065229980281116,"Constant","Non-oscillating (resource_decrease=0.1)"
691.6,0.065229980281116,"Constant","Non-oscillating (resource_decrease=0.1)"
691.8,0.065229980281116,"Constant","Non-oscillating (resource_decrease=0.1)"
692,0.065229980281116,"Constant","Non-oscillating (resource_decrease=0.1)"
692.2,0.065229980281116,"Constant","Non-oscillating (resource_decrease=0.1)"
692.4,0.0652299802811159,"Constant","Non-oscillating (resource_decrease=0.1)"
692.6,0.0652299802811159,"Constant","Non-oscillating (resource_decrease=0.1)"
692.8,0.065229980281116,"Constant","Non-oscillating (resource_decrease=0.1)"
693,0.065229980281116,"Constant","Non-oscillating (resource_decrease=0.1)"
693.2,0.065229980281116,"Constant","Non-oscillating (resource_decrease=0.1)"
693.4,0.065229980281116,"Constant","Non-oscillating (resource_decrease=0.1)"
693.6,0.065229980281116,"Constant","Non-oscillating (resource_decrease=0.1)"
693.8,0.065229980281116,"Constant","Non-oscillating (resource_decrease=0.1)"
694,0.065229980281116,"Constant","Non-oscillating (resource_decrease=0.1)"
694.2,0.0652299802811159,"Constant","Non-oscillating (resource_decrease=0.1)"
694.4,0.065229980281116,"Constant","Non-oscillating (resource_decrease=0.1)"
694.6,0.065229980281116,"Constant","Non-oscillating (resource_decrease=0.1)"
694.8,0.065229980281116,"Constant","Non-oscillating (resource_decrease=0.1)"
695,0.0652299802811159,"Constant","Non-oscillating (resource_decrease=0.1)"
695.2,0.065229980281116,"Constant","Non-oscillating (resource_decrease=0.1)"
695.4,0.065229980281116,"Constant","Non-oscillating (resource_decrease=0.1)"
695.6,0.065229980281116,"Constant","Non-oscillating (resource_decrease=0.1)"
695.8,0.065229980281116,"Constant","Non-oscillating (resource_decrease=0.1)"
696,0.065229980281116,"Constant","Non-oscillating (resource_decrease=0.1)"
696.2,0.065229980281116,"Constant","Non-oscillating (resource_decrease=0.1)"
696.4,0.065229980281116,"Constant","Non-oscillating (resource_decrease=0.1)"
696.6,0.065229980281116,"Constant","Non-oscillating (resource_decrease=0.1)"
696.8,0.065229980281116,"Constant","Non-oscillating (resource_decrease=0.1)"
697,0.065229980281116,"Constant","Non-oscillating (resource_decrease=0.1)"
697.2,0.065229980281116,"Constant","Non-oscillating (resource_decrease=0.1)"
697.4,0.065229980281116,"Constant","Non-oscillating (resource_decrease=0.1)"
697.6,0.0652299802811159,"Constant","Non-oscillating (resource_decrease=0.1)"
697.8,0.065229980281116,"Constant","Non-oscillating (resource_decrease=0.1)"
698,0.065229980281116,"Constant","Non-oscillating (resource_decrease=0.1)"
698.2,0.065229980281116,"Constant","Non-oscillating (resource_decrease=0.1)"
698.4,0.065229980281116,"Constant","Non-oscillating (resource_decrease=0.1)"
698.6,0.0652299802811159,"Constant","Non-oscillating (resource_decrease=0.1)"
698.8,0.0652299802811159,"Constant","Non-oscillating (resource_decrease=0.1)"
699,0.0652299802811159,"Constant","Non-oscillating (resource_decrease=0.1)"
699.2,0.065229980281116,"Constant","Non-oscillating (resource_decrease=0.1)"
699.4,0.065229980281116,"Constant","Non-oscillating (resource_decrease=0.1)"
699.6,0.065229980281116,"Constant","Non-oscillating (resource_decrease=0.1)"
699.8,0.065229980281116,"Constant","Non-oscillating (resource_decrease=0.1)"
700,0.065229980281116,"Constant","Non-oscillating (resource_decrease=0.1)"
700.2,0.065229980281116,"Constant","Non-oscillating (resource_decrease=0.1)"
700.4,0.065229980281116,"Constant","Non-oscillating (resource_decrease=0.1)"
700.6,0.065229980281116,"Constant","Non-oscillating (resource_decrease=0.1)"
700.8,0.065229980281116,"Constant","Non-oscillating (resource_decrease=0.1)"
701,0.065229980281116,"Constant","Non-oscillating (resource_decrease=0.1)"
701.2,0.065229980281116,"Constant","Non-oscillating (resource_decrease=0.1)"
701.4,0.065229980281116,"Constant","Non-oscillating (resource_decrease=0.1)"
701.6,0.065229980281116,"Constant","Non-oscillating (resource_decrease=0.1)"
701.8,0.0652299802811159,"Constant","Non-oscillating (resource_decrease=0.1)"
702,0.0652299802811159,"Constant","Non-oscillating (resource_decrease=0.1)"
702.2,0.0652299802811159,"Constant","Non-oscillating (resource_decrease=0.1)"
702.4,0.0652299802811159,"Constant","Non-oscillating (resource_decrease=0.1)"
702.6,0.065229980281116,"Constant","Non-oscillating (resource_decrease=0.1)"
702.8,0.065229980281116,"Constant","Non-oscillating (resource_decrease=0.1)"
703,0.065229980281116,"Constant","Non-oscillating (resource_decrease=0.1)"
703.2,0.065229980281116,"Constant","Non-oscillating (resource_decrease=0.1)"
703.4,0.065229980281116,"Constant","Non-oscillating (resource_decrease=0.1)"
703.6,0.0652299802811159,"Constant","Non-oscillating (resource_decrease=0.1)"
703.8,0.0652299802811159,"Constant","Non-oscillating (resource_decrease=0.1)"
704,0.065229980281116,"Constant","Non-oscillating (resource_decrease=0.1)"
704.2,0.065229980281116,"Constant","Non-oscillating (resource_decrease=0.1)"
704.4,0.065229980281116,"Constant","Non-oscillating (resource_decrease=0.1)"
704.6,0.065229980281116,"Constant","Non-oscillating (resource_decrease=0.1)"
704.8,0.065229980281116,"Constant","Non-oscillating (resource_decrease=0.1)"
705,0.065229980281116,"Constant","Non-oscillating (resource_decrease=0.1)"
705.2,0.065229980281116,"Constant","Non-oscillating (resource_decrease=0.1)"
705.4,0.065229980281116,"Constant","Non-oscillating (resource_decrease=0.1)"
705.6,0.065229980281116,"Constant","Non-oscillating (resource_decrease=0.1)"
705.8,0.0652299802811159,"Constant","Non-oscillating (resource_decrease=0.1)"
706,0.0652299802811159,"Constant","Non-oscillating (resource_decrease=0.1)"
706.2,0.065229980281116,"Constant","Non-oscillating (resource_decrease=0.1)"
706.4,0.065229980281116,"Constant","Non-oscillating (resource_decrease=0.1)"
706.6,0.065229980281116,"Constant","Non-oscillating (resource_decrease=0.1)"
706.8,0.065229980281116,"Constant","Non-oscillating (resource_decrease=0.1)"
707,0.065229980281116,"Constant","Non-oscillating (resource_decrease=0.1)"
707.2,0.0652299802811161,"Constant","Non-oscillating (resource_decrease=0.1)"
707.4,0.065229980281116,"Constant","Non-oscillating (resource_decrease=0.1)"
707.6,0.065229980281116,"Constant","Non-oscillating (resource_decrease=0.1)"
707.8,0.065229980281116,"Constant","Non-oscillating (resource_decrease=0.1)"
708,0.065229980281116,"Constant","Non-oscillating (resource_decrease=0.1)"
708.2,0.065229980281116,"Constant","Non-oscillating (resource_decrease=0.1)"
708.4,0.065229980281116,"Constant","Non-oscillating (resource_decrease=0.1)"
708.6,0.065229980281116,"Constant","Non-oscillating (resource_decrease=0.1)"
708.8,0.065229980281116,"Constant","Non-oscillating (resource_decrease=0.1)"
709,0.065229980281116,"Constant","Non-oscillating (resource_decrease=0.1)"
709.2,0.065229980281116,"Constant","Non-oscillating (resource_decrease=0.1)"
709.4,0.065229980281116,"Constant","Non-oscillating (resource_decrease=0.1)"
709.6,0.065229980281116,"Constant","Non-oscillating (resource_decrease=0.1)"
709.8,0.065229980281116,"Constant","Non-oscillating (resource_decrease=0.1)"
710,0.065229980281116,"Constant","Non-oscillating (resource_decrease=0.1)"
710.2,0.065229980281116,"Constant","Non-oscillating (resource_decrease=0.1)"
710.4,0.065229980281116,"Constant","Non-oscillating (resource_decrease=0.1)"
710.6,0.065229980281116,"Constant","Non-oscillating (resource_decrease=0.1)"
710.8,0.065229980281116,"Constant","Non-oscillating (resource_decrease=0.1)"
711,0.065229980281116,"Constant","Non-oscillating (resource_decrease=0.1)"
711.2,0.065229980281116,"Constant","Non-oscillating (resource_decrease=0.1)"
711.4,0.065229980281116,"Constant","Non-oscillating (resource_decrease=0.1)"
711.6,0.065229980281116,"Constant","Non-oscillating (resource_decrease=0.1)"
711.8,0.065229980281116,"Constant","Non-oscillating (resource_decrease=0.1)"
712,0.065229980281116,"Constant","Non-oscillating (resource_decrease=0.1)"
712.2,0.0652299802811159,"Constant","Non-oscillating (resource_decrease=0.1)"
712.4,0.065229980281116,"Constant","Non-oscillating (resource_decrease=0.1)"
712.6,0.065229980281116,"Constant","Non-oscillating (resource_decrease=0.1)"
712.8,0.0652299802811159,"Constant","Non-oscillating (resource_decrease=0.1)"
713,0.065229980281116,"Constant","Non-oscillating (resource_decrease=0.1)"
713.2,0.065229980281116,"Constant","Non-oscillating (resource_decrease=0.1)"
713.4,0.065229980281116,"Constant","Non-oscillating (resource_decrease=0.1)"
713.6,0.065229980281116,"Constant","Non-oscillating (resource_decrease=0.1)"
713.8,0.065229980281116,"Constant","Non-oscillating (resource_decrease=0.1)"
714,0.065229980281116,"Constant","Non-oscillating (resource_decrease=0.1)"
714.2,0.065229980281116,"Constant","Non-oscillating (resource_decrease=0.1)"
714.4,0.065229980281116,"Constant","Non-oscillating (resource_decrease=0.1)"
714.6,0.0652299802811159,"Constant","Non-oscillating (resource_decrease=0.1)"
714.8,0.0652299802811159,"Constant","Non-oscillating (resource_decrease=0.1)"
715,0.0652299802811159,"Constant","Non-oscillating (resource_decrease=0.1)"
715.2,0.0652299802811159,"Constant","Non-oscillating (resource_decrease=0.1)"
715.4,0.0652299802811159,"Constant","Non-oscillating (resource_decrease=0.1)"
715.6,0.065229980281116,"Constant","Non-oscillating (resource_decrease=0.1)"
715.8,0.065229980281116,"Constant","Non-oscillating (resource_decrease=0.1)"
716,0.065229980281116,"Constant","Non-oscillating (resource_decrease=0.1)"
716.2,0.065229980281116,"Constant","Non-oscillating (resource_decrease=0.1)"
716.4,0.065229980281116,"Constant","Non-oscillating (resource_decrease=0.1)"
716.6,0.065229980281116,"Constant","Non-oscillating (resource_decrease=0.1)"
716.8,0.065229980281116,"Constant","Non-oscillating (resource_decrease=0.1)"
717,0.065229980281116,"Constant","Non-oscillating (resource_decrease=0.1)"
717.2,0.065229980281116,"Constant","Non-oscillating (resource_decrease=0.1)"
717.4,0.065229980281116,"Constant","Non-oscillating (resource_decrease=0.1)"
717.6,0.065229980281116,"Constant","Non-oscillating (resource_decrease=0.1)"
717.8,0.065229980281116,"Constant","Non-oscillating (resource_decrease=0.1)"
718,0.065229980281116,"Constant","Non-oscillating (resource_decrease=0.1)"
718.2,0.065229980281116,"Constant","Non-oscillating (resource_decrease=0.1)"
718.4,0.065229980281116,"Constant","Non-oscillating (resource_decrease=0.1)"
718.6,0.0652299802811161,"Constant","Non-oscillating (resource_decrease=0.1)"
718.8,0.0652299802811161,"Constant","Non-oscillating (resource_decrease=0.1)"
719,0.0652299802811161,"Constant","Non-oscillating (resource_decrease=0.1)"
719.2,0.0652299802811161,"Constant","Non-oscillating (resource_decrease=0.1)"
719.4,0.0652299802811161,"Constant","Non-oscillating (resource_decrease=0.1)"
719.6,0.0652299802811161,"Constant","Non-oscillating (resource_decrease=0.1)"
719.8,0.065229980281116,"Constant","Non-oscillating (resource_decrease=0.1)"
720,0.0652299802811161,"Constant","Non-oscillating (resource_decrease=0.1)"
720.2,0.065229980281116,"Constant","Non-oscillating (resource_decrease=0.1)"
720.4,0.065229980281116,"Constant","Non-oscillating (resource_decrease=0.1)"
720.6,0.065229980281116,"Constant","Non-oscillating (resource_decrease=0.1)"
720.8,0.065229980281116,"Constant","Non-oscillating (resource_decrease=0.1)"
721,0.065229980281116,"Constant","Non-oscillating (resource_decrease=0.1)"
721.2,0.065229980281116,"Constant","Non-oscillating (resource_decrease=0.1)"
721.4,0.065229980281116,"Constant","Non-oscillating (resource_decrease=0.1)"
721.6,0.065229980281116,"Constant","Non-oscillating (resource_decrease=0.1)"
721.8,0.065229980281116,"Constant","Non-oscillating (resource_decrease=0.1)"
722,0.065229980281116,"Constant","Non-oscillating (resource_decrease=0.1)"
722.2,0.0652299802811161,"Constant","Non-oscillating (resource_decrease=0.1)"
722.4,0.0652299802811161,"Constant","Non-oscillating (resource_decrease=0.1)"
722.6,0.065229980281116,"Constant","Non-oscillating (resource_decrease=0.1)"
722.8,0.0652299802811161,"Constant","Non-oscillating (resource_decrease=0.1)"
723,0.065229980281116,"Constant","Non-oscillating (resource_decrease=0.1)"
723.2,0.065229980281116,"Constant","Non-oscillating (resource_decrease=0.1)"
723.4,0.065229980281116,"Constant","Non-oscillating (resource_decrease=0.1)"
723.6,0.0652299802811159,"Constant","Non-oscillating (resource_decrease=0.1)"
723.8,0.0652299802811159,"Constant","Non-oscillating (resource_decrease=0.1)"
724,0.0652299802811159,"Constant","Non-oscillating (resource_decrease=0.1)"
724.2,0.0652299802811159,"Constant","Non-oscillating (resource_decrease=0.1)"
724.4,0.065229980281116,"Constant","Non-oscillating (resource_decrease=0.1)"
724.6,0.065229980281116,"Constant","Non-oscillating (resource_decrease=0.1)"
724.8,0.065229980281116,"Constant","Non-oscillating (resource_decrease=0.1)"
725,0.065229980281116,"Constant","Non-oscillating (resource_decrease=0.1)"
725.2,0.065229980281116,"Constant","Non-oscillating (resource_decrease=0.1)"
725.4,0.065229980281116,"Constant","Non-oscillating (resource_decrease=0.1)"
725.6,0.065229980281116,"Constant","Non-oscillating (resource_decrease=0.1)"
725.8,0.065229980281116,"Constant","Non-oscillating (resource_decrease=0.1)"
726,0.065229980281116,"Constant","Non-oscillating (resource_decrease=0.1)"
726.2,0.065229980281116,"Constant","Non-oscillating (resource_decrease=0.1)"
726.4,0.065229980281116,"Constant","Non-oscillating (resource_decrease=0.1)"
726.6,0.065229980281116,"Constant","Non-oscillating (resource_decrease=0.1)"
726.8,0.065229980281116,"Constant","Non-oscillating (resource_decrease=0.1)"
727,0.065229980281116,"Constant","Non-oscillating (resource_decrease=0.1)"
727.2,0.065229980281116,"Constant","Non-oscillating (resource_decrease=0.1)"
727.4,0.065229980281116,"Constant","Non-oscillating (resource_decrease=0.1)"
727.6,0.065229980281116,"Constant","Non-oscillating (resource_decrease=0.1)"
727.8,0.0652299802811159,"Constant","Non-oscillating (resource_decrease=0.1)"
728,0.065229980281116,"Constant","Non-oscillating (resource_decrease=0.1)"
728.2,0.065229980281116,"Constant","Non-oscillating (resource_decrease=0.1)"
728.4,0.065229980281116,"Constant","Non-oscillating (resource_decrease=0.1)"
728.6,0.065229980281116,"Constant","Non-oscillating (resource_decrease=0.1)"
728.8,0.065229980281116,"Constant","Non-oscillating (resource_decrease=0.1)"
729,0.065229980281116,"Constant","Non-oscillating (resource_decrease=0.1)"
729.2,0.065229980281116,"Constant","Non-oscillating (resource_decrease=0.1)"
729.4,0.065229980281116,"Constant","Non-oscillating (resource_decrease=0.1)"
729.6,0.065229980281116,"Constant","Non-oscillating (resource_decrease=0.1)"
729.8,0.065229980281116,"Constant","Non-oscillating (resource_decrease=0.1)"
730,0.065229980281116,"Constant","Non-oscillating (resource_decrease=0.1)"
730.2,0.065229980281116,"Constant","Non-oscillating (resource_decrease=0.1)"
730.4,0.0652299802811159,"Constant","Non-oscillating (resource_decrease=0.1)"
730.6,0.065229980281116,"Constant","Non-oscillating (resource_decrease=0.1)"
730.8,0.065229980281116,"Constant","Non-oscillating (resource_decrease=0.1)"
731,0.0652299802811159,"Constant","Non-oscillating (resource_decrease=0.1)"
731.2,0.0652299802811159,"Constant","Non-oscillating (resource_decrease=0.1)"
731.4,0.0652299802811159,"Constant","Non-oscillating (resource_decrease=0.1)"
731.6,0.0652299802811159,"Constant","Non-oscillating (resource_decrease=0.1)"
731.8,0.0652299802811159,"Constant","Non-oscillating (resource_decrease=0.1)"
732,0.065229980281116,"Constant","Non-oscillating (resource_decrease=0.1)"
732.2,0.065229980281116,"Constant","Non-oscillating (resource_decrease=0.1)"
732.4,0.065229980281116,"Constant","Non-oscillating (resource_decrease=0.1)"
732.6,0.065229980281116,"Constant","Non-oscillating (resource_decrease=0.1)"
732.8,0.065229980281116,"Constant","Non-oscillating (resource_decrease=0.1)"
733,0.065229980281116,"Constant","Non-oscillating (resource_decrease=0.1)"
733.2,0.0652299802811161,"Constant","Non-oscillating (resource_decrease=0.1)"
733.4,0.065229980281116,"Constant","Non-oscillating (resource_decrease=0.1)"
733.6,0.065229980281116,"Constant","Non-oscillating (resource_decrease=0.1)"
733.8,0.065229980281116,"Constant","Non-oscillating (resource_decrease=0.1)"
734,0.065229980281116,"Constant","Non-oscillating (resource_decrease=0.1)"
734.2,0.065229980281116,"Constant","Non-oscillating (resource_decrease=0.1)"
734.4,0.065229980281116,"Constant","Non-oscillating (resource_decrease=0.1)"
734.6,0.065229980281116,"Constant","Non-oscillating (resource_decrease=0.1)"
734.8,0.065229980281116,"Constant","Non-oscillating (resource_decrease=0.1)"
735,0.065229980281116,"Constant","Non-oscillating (resource_decrease=0.1)"
735.2,0.065229980281116,"Constant","Non-oscillating (resource_decrease=0.1)"
735.4,0.065229980281116,"Constant","Non-oscillating (resource_decrease=0.1)"
735.6,0.065229980281116,"Constant","Non-oscillating (resource_decrease=0.1)"
735.8,0.065229980281116,"Constant","Non-oscillating (resource_decrease=0.1)"
736,0.065229980281116,"Constant","Non-oscillating (resource_decrease=0.1)"
736.2,0.065229980281116,"Constant","Non-oscillating (resource_decrease=0.1)"
736.4,0.065229980281116,"Constant","Non-oscillating (resource_decrease=0.1)"
736.6,0.065229980281116,"Constant","Non-oscillating (resource_decrease=0.1)"
736.8,0.065229980281116,"Constant","Non-oscillating (resource_decrease=0.1)"
737,0.065229980281116,"Constant","Non-oscillating (resource_decrease=0.1)"
737.2,0.0652299802811159,"Constant","Non-oscillating (resource_decrease=0.1)"
737.4,0.0652299802811159,"Constant","Non-oscillating (resource_decrease=0.1)"
737.6,0.0652299802811159,"Constant","Non-oscillating (resource_decrease=0.1)"
737.8,0.0652299802811159,"Constant","Non-oscillating (resource_decrease=0.1)"
738,0.0652299802811159,"Constant","Non-oscillating (resource_decrease=0.1)"
738.2,0.0652299802811159,"Constant","Non-oscillating (resource_decrease=0.1)"
738.4,0.065229980281116,"Constant","Non-oscillating (resource_decrease=0.1)"
738.6,0.065229980281116,"Constant","Non-oscillating (resource_decrease=0.1)"
738.8,0.065229980281116,"Constant","Non-oscillating (resource_decrease=0.1)"
739,0.065229980281116,"Constant","Non-oscillating (resource_decrease=0.1)"
739.2,0.065229980281116,"Constant","Non-oscillating (resource_decrease=0.1)"
739.4,0.065229980281116,"Constant","Non-oscillating (resource_decrease=0.1)"
739.6,0.065229980281116,"Constant","Non-oscillating (resource_decrease=0.1)"
739.8,0.065229980281116,"Constant","Non-oscillating (resource_decrease=0.1)"
740,0.065229980281116,"Constant","Non-oscillating (resource_decrease=0.1)"
740.2,0.065229980281116,"Constant","Non-oscillating (resource_decrease=0.1)"
740.4,0.065229980281116,"Constant","Non-oscillating (resource_decrease=0.1)"
740.6,0.065229980281116,"Constant","Non-oscillating (resource_decrease=0.1)"
740.8,0.065229980281116,"Constant","Non-oscillating (resource_decrease=0.1)"
741,0.065229980281116,"Constant","Non-oscillating (resource_decrease=0.1)"
741.2,0.065229980281116,"Constant","Non-oscillating (resource_decrease=0.1)"
741.4,0.0652299802811159,"Constant","Non-oscillating (resource_decrease=0.1)"
741.6,0.0652299802811159,"Constant","Non-oscillating (resource_decrease=0.1)"
741.8,0.0652299802811159,"Constant","Non-oscillating (resource_decrease=0.1)"
742,0.0652299802811159,"Constant","Non-oscillating (resource_decrease=0.1)"
742.2,0.0652299802811159,"Constant","Non-oscillating (resource_decrease=0.1)"
742.4,0.0652299802811159,"Constant","Non-oscillating (resource_decrease=0.1)"
742.6,0.0652299802811159,"Constant","Non-oscillating (resource_decrease=0.1)"
742.8,0.0652299802811159,"Constant","Non-oscillating (resource_decrease=0.1)"
743,0.0652299802811159,"Constant","Non-oscillating (resource_decrease=0.1)"
743.2,0.0652299802811159,"Constant","Non-oscillating (resource_decrease=0.1)"
743.4,0.0652299802811159,"Constant","Non-oscillating (resource_decrease=0.1)"
743.6,0.0652299802811159,"Constant","Non-oscillating (resource_decrease=0.1)"
743.8,0.065229980281116,"Constant","Non-oscillating (resource_decrease=0.1)"
744,0.065229980281116,"Constant","Non-oscillating (resource_decrease=0.1)"
744.2,0.065229980281116,"Constant","Non-oscillating (resource_decrease=0.1)"
744.4,0.065229980281116,"Constant","Non-oscillating (resource_decrease=0.1)"
744.6,0.065229980281116,"Constant","Non-oscillating (resource_decrease=0.1)"
744.8,0.065229980281116,"Constant","Non-oscillating (resource_decrease=0.1)"
745,0.065229980281116,"Constant","Non-oscillating (resource_decrease=0.1)"
745.2,0.0652299802811161,"Constant","Non-oscillating (resource_decrease=0.1)"
745.4,0.0652299802811161,"Constant","Non-oscillating (resource_decrease=0.1)"
745.6,0.0652299802811161,"Constant","Non-oscillating (resource_decrease=0.1)"
745.8,0.0652299802811161,"Constant","Non-oscillating (resource_decrease=0.1)"
746,0.065229980281116,"Constant","Non-oscillating (resource_decrease=0.1)"
746.2,0.065229980281116,"Constant","Non-oscillating (resource_decrease=0.1)"
746.4,0.065229980281116,"Constant","Non-oscillating (resource_decrease=0.1)"
746.6,0.0652299802811159,"Constant","Non-oscillating (resource_decrease=0.1)"
746.8,0.065229980281116,"Constant","Non-oscillating (resource_decrease=0.1)"
747,0.065229980281116,"Constant","Non-oscillating (resource_decrease=0.1)"
747.2,0.065229980281116,"Constant","Non-oscillating (resource_decrease=0.1)"
747.4,0.065229980281116,"Constant","Non-oscillating (resource_decrease=0.1)"
747.6,0.065229980281116,"Constant","Non-oscillating (resource_decrease=0.1)"
747.8,0.065229980281116,"Constant","Non-oscillating (resource_decrease=0.1)"
748,0.065229980281116,"Constant","Non-oscillating (resource_decrease=0.1)"
748.2,0.065229980281116,"Constant","Non-oscillating (resource_decrease=0.1)"
748.4,0.065229980281116,"Constant","Non-oscillating (resource_decrease=0.1)"
748.6,0.0652299802811159,"Constant","Non-oscillating (resource_decrease=0.1)"
748.8,0.0652299802811159,"Constant","Non-oscillating (resource_decrease=0.1)"
749,0.0652299802811159,"Constant","Non-oscillating (resource_decrease=0.1)"
749.2,0.0652299802811159,"Constant","Non-oscillating (resource_decrease=0.1)"
749.4,0.0652299802811159,"Constant","Non-oscillating (resource_decrease=0.1)"
749.6,0.0652299802811159,"Constant","Non-oscillating (resource_decrease=0.1)"
749.8,0.0652299802811159,"Constant","Non-oscillating (resource_decrease=0.1)"
750,0.0652299802811159,"Constant","Non-oscillating (resource_decrease=0.1)"
750.2,0.065229980281116,"Constant","Non-oscillating (resource_decrease=0.1)"
750.4,0.065229980281116,"Constant","Non-oscillating (resource_decrease=0.1)"
750.6,0.065229980281116,"Constant","Non-oscillating (resource_decrease=0.1)"
750.8,0.065229980281116,"Constant","Non-oscillating (resource_decrease=0.1)"
751,0.065229980281116,"Constant","Non-oscillating (resource_decrease=0.1)"
751.2,0.0652299802811161,"Constant","Non-oscillating (resource_decrease=0.1)"
751.4,0.0652299802811161,"Constant","Non-oscillating (resource_decrease=0.1)"
751.6,0.065229980281116,"Constant","Non-oscillating (resource_decrease=0.1)"
751.8,0.065229980281116,"Constant","Non-oscillating (resource_decrease=0.1)"
752,0.065229980281116,"Constant","Non-oscillating (resource_decrease=0.1)"
752.2,0.065229980281116,"Constant","Non-oscillating (resource_decrease=0.1)"
752.4,0.065229980281116,"Constant","Non-oscillating (resource_decrease=0.1)"
752.6,0.065229980281116,"Constant","Non-oscillating (resource_decrease=0.1)"
752.8,0.0652299802811159,"Constant","Non-oscillating (resource_decrease=0.1)"
753,0.065229980281116,"Constant","Non-oscillating (resource_decrease=0.1)"
753.2,0.065229980281116,"Constant","Non-oscillating (resource_decrease=0.1)"
753.4,0.065229980281116,"Constant","Non-oscillating (resource_decrease=0.1)"
753.6,0.065229980281116,"Constant","Non-oscillating (resource_decrease=0.1)"
753.8,0.065229980281116,"Constant","Non-oscillating (resource_decrease=0.1)"
754,0.065229980281116,"Constant","Non-oscillating (resource_decrease=0.1)"
754.2,0.065229980281116,"Constant","Non-oscillating (resource_decrease=0.1)"
754.4,0.065229980281116,"Constant","Non-oscillating (resource_decrease=0.1)"
754.6,0.065229980281116,"Constant","Non-oscillating (resource_decrease=0.1)"
754.8,0.065229980281116,"Constant","Non-oscillating (resource_decrease=0.1)"
755,0.065229980281116,"Constant","Non-oscillating (resource_decrease=0.1)"
755.2,0.065229980281116,"Constant","Non-oscillating (resource_decrease=0.1)"
755.4,0.065229980281116,"Constant","Non-oscillating (resource_decrease=0.1)"
755.6,0.065229980281116,"Constant","Non-oscillating (resource_decrease=0.1)"
755.8,0.065229980281116,"Constant","Non-oscillating (resource_decrease=0.1)"
756,0.065229980281116,"Constant","Non-oscillating (resource_decrease=0.1)"
756.2,0.065229980281116,"Constant","Non-oscillating (resource_decrease=0.1)"
756.4,0.065229980281116,"Constant","Non-oscillating (resource_decrease=0.1)"
756.6,0.065229980281116,"Constant","Non-oscillating (resource_decrease=0.1)"
756.8,0.0652299802811159,"Constant","Non-oscillating (resource_decrease=0.1)"
757,0.0652299802811159,"Constant","Non-oscillating (resource_decrease=0.1)"
757.2,0.0652299802811159,"Constant","Non-oscillating (resource_decrease=0.1)"
757.4,0.0652299802811159,"Constant","Non-oscillating (resource_decrease=0.1)"
757.6,0.0652299802811159,"Constant","Non-oscillating (resource_decrease=0.1)"
757.8,0.0652299802811159,"Constant","Non-oscillating (resource_decrease=0.1)"
758,0.0652299802811159,"Constant","Non-oscillating (resource_decrease=0.1)"
758.2,0.0652299802811159,"Constant","Non-oscillating (resource_decrease=0.1)"
758.4,0.065229980281116,"Constant","Non-oscillating (resource_decrease=0.1)"
758.6,0.065229980281116,"Constant","Non-oscillating (resource_decrease=0.1)"
758.8,0.065229980281116,"Constant","Non-oscillating (resource_decrease=0.1)"
759,0.065229980281116,"Constant","Non-oscillating (resource_decrease=0.1)"
759.2,0.0652299802811161,"Constant","Non-oscillating (resource_decrease=0.1)"
759.4,0.0652299802811161,"Constant","Non-oscillating (resource_decrease=0.1)"
759.6,0.0652299802811161,"Constant","Non-oscillating (resource_decrease=0.1)"
759.8,0.0652299802811161,"Constant","Non-oscillating (resource_decrease=0.1)"
760,0.065229980281116,"Constant","Non-oscillating (resource_decrease=0.1)"
760.2,0.065229980281116,"Constant","Non-oscillating (resource_decrease=0.1)"
760.4,0.065229980281116,"Constant","Non-oscillating (resource_decrease=0.1)"
760.6,0.065229980281116,"Constant","Non-oscillating (resource_decrease=0.1)"
760.8,0.065229980281116,"Constant","Non-oscillating (resource_decrease=0.1)"
761,0.065229980281116,"Constant","Non-oscillating (resource_decrease=0.1)"
761.2,0.065229980281116,"Constant","Non-oscillating (resource_decrease=0.1)"
761.4,0.065229980281116,"Constant","Non-oscillating (resource_decrease=0.1)"
761.6,0.065229980281116,"Constant","Non-oscillating (resource_decrease=0.1)"
761.8,0.065229980281116,"Constant","Non-oscillating (resource_decrease=0.1)"
762,0.065229980281116,"Constant","Non-oscillating (resource_decrease=0.1)"
762.2,0.065229980281116,"Constant","Non-oscillating (resource_decrease=0.1)"
762.4,0.065229980281116,"Constant","Non-oscillating (resource_decrease=0.1)"
762.6,0.065229980281116,"Constant","Non-oscillating (resource_decrease=0.1)"
762.8,0.065229980281116,"Constant","Non-oscillating (resource_decrease=0.1)"
763,0.065229980281116,"Constant","Non-oscillating (resource_decrease=0.1)"
763.2,0.065229980281116,"Constant","Non-oscillating (resource_decrease=0.1)"
763.4,0.065229980281116,"Constant","Non-oscillating (resource_decrease=0.1)"
763.6,0.065229980281116,"Constant","Non-oscillating (resource_decrease=0.1)"
763.8,0.065229980281116,"Constant","Non-oscillating (resource_decrease=0.1)"
764,0.065229980281116,"Constant","Non-oscillating (resource_decrease=0.1)"
764.2,0.065229980281116,"Constant","Non-oscillating (resource_decrease=0.1)"
764.4,0.065229980281116,"Constant","Non-oscillating (resource_decrease=0.1)"
764.6,0.0652299802811159,"Constant","Non-oscillating (resource_decrease=0.1)"
764.8,0.0652299802811159,"Constant","Non-oscillating (resource_decrease=0.1)"
765,0.0652299802811159,"Constant","Non-oscillating (resource_decrease=0.1)"
765.2,0.0652299802811159,"Constant","Non-oscillating (resource_decrease=0.1)"
765.4,0.0652299802811159,"Constant","Non-oscillating (resource_decrease=0.1)"
765.6,0.065229980281116,"Constant","Non-oscillating (resource_decrease=0.1)"
765.8,0.065229980281116,"Constant","Non-oscillating (resource_decrease=0.1)"
766,0.065229980281116,"Constant","Non-oscillating (resource_decrease=0.1)"
766.2,0.065229980281116,"Constant","Non-oscillating (resource_decrease=0.1)"
766.4,0.065229980281116,"Constant","Non-oscillating (resource_decrease=0.1)"
766.6,0.065229980281116,"Constant","Non-oscillating (resource_decrease=0.1)"
766.8,0.065229980281116,"Constant","Non-oscillating (resource_decrease=0.1)"
767,0.065229980281116,"Constant","Non-oscillating (resource_decrease=0.1)"
767.2,0.065229980281116,"Constant","Non-oscillating (resource_decrease=0.1)"
767.4,0.065229980281116,"Constant","Non-oscillating (resource_decrease=0.1)"
767.6,0.065229980281116,"Constant","Non-oscillating (resource_decrease=0.1)"
767.8,0.065229980281116,"Constant","Non-oscillating (resource_decrease=0.1)"
768,0.065229980281116,"Constant","Non-oscillating (resource_decrease=0.1)"
768.2,0.065229980281116,"Constant","Non-oscillating (resource_decrease=0.1)"
768.4,0.065229980281116,"Constant","Non-oscillating (resource_decrease=0.1)"
768.6,0.065229980281116,"Constant","Non-oscillating (resource_decrease=0.1)"
768.8,0.065229980281116,"Constant","Non-oscillating (resource_decrease=0.1)"
769,0.0652299802811159,"Constant","Non-oscillating (resource_decrease=0.1)"
769.2,0.065229980281116,"Constant","Non-oscillating (resource_decrease=0.1)"
769.4,0.065229980281116,"Constant","Non-oscillating (resource_decrease=0.1)"
769.6,0.065229980281116,"Constant","Non-oscillating (resource_decrease=0.1)"
769.8,0.065229980281116,"Constant","Non-oscillating (resource_decrease=0.1)"
770,0.065229980281116,"Constant","Non-oscillating (resource_decrease=0.1)"
770.2,0.065229980281116,"Constant","Non-oscillating (resource_decrease=0.1)"
770.4,0.065229980281116,"Constant","Non-oscillating (resource_decrease=0.1)"
770.6,0.065229980281116,"Constant","Non-oscillating (resource_decrease=0.1)"
770.8,0.065229980281116,"Constant","Non-oscillating (resource_decrease=0.1)"
771,0.065229980281116,"Constant","Non-oscillating (resource_decrease=0.1)"
771.2,0.0652299802811159,"Constant","Non-oscillating (resource_decrease=0.1)"
771.4,0.065229980281116,"Constant","Non-oscillating (resource_decrease=0.1)"
771.6,0.065229980281116,"Constant","Non-oscillating (resource_decrease=0.1)"
771.8,0.0652299802811159,"Constant","Non-oscillating (resource_decrease=0.1)"
772,0.0652299802811159,"Constant","Non-oscillating (resource_decrease=0.1)"
772.2,0.065229980281116,"Constant","Non-oscillating (resource_decrease=0.1)"
772.4,0.0652299802811159,"Constant","Non-oscillating (resource_decrease=0.1)"
772.6,0.0652299802811159,"Constant","Non-oscillating (resource_decrease=0.1)"
772.8,0.0652299802811159,"Constant","Non-oscillating (resource_decrease=0.1)"
773,0.0652299802811159,"Constant","Non-oscillating (resource_decrease=0.1)"
773.2,0.0652299802811159,"Constant","Non-oscillating (resource_decrease=0.1)"
773.4,0.0652299802811159,"Constant","Non-oscillating (resource_decrease=0.1)"
773.6,0.0652299802811159,"Constant","Non-oscillating (resource_decrease=0.1)"
773.8,0.0652299802811159,"Constant","Non-oscillating (resource_decrease=0.1)"
774,0.065229980281116,"Constant","Non-oscillating (resource_decrease=0.1)"
774.2,0.065229980281116,"Constant","Non-oscillating (resource_decrease=0.1)"
774.4,0.065229980281116,"Constant","Non-oscillating (resource_decrease=0.1)"
774.6,0.065229980281116,"Constant","Non-oscillating (resource_decrease=0.1)"
774.8,0.065229980281116,"Constant","Non-oscillating (resource_decrease=0.1)"
775,0.065229980281116,"Constant","Non-oscillating (resource_decrease=0.1)"
775.2,0.065229980281116,"Constant","Non-oscillating (resource_decrease=0.1)"
775.4,0.065229980281116,"Constant","Non-oscillating (resource_decrease=0.1)"
775.6,0.065229980281116,"Constant","Non-oscillating (resource_decrease=0.1)"
775.8,0.065229980281116,"Constant","Non-oscillating (resource_decrease=0.1)"
776,0.065229980281116,"Constant","Non-oscillating (resource_decrease=0.1)"
776.2,0.065229980281116,"Constant","Non-oscillating (resource_decrease=0.1)"
776.4,0.065229980281116,"Constant","Non-oscillating (resource_decrease=0.1)"
776.6,0.065229980281116,"Constant","Non-oscillating (resource_decrease=0.1)"
776.8,0.0652299802811159,"Constant","Non-oscillating (resource_decrease=0.1)"
777,0.065229980281116,"Constant","Non-oscillating (resource_decrease=0.1)"
777.2,0.065229980281116,"Constant","Non-oscillating (resource_decrease=0.1)"
777.4,0.065229980281116,"Constant","Non-oscillating (resource_decrease=0.1)"
777.6,0.065229980281116,"Constant","Non-oscillating (resource_decrease=0.1)"
777.8,0.065229980281116,"Constant","Non-oscillating (resource_decrease=0.1)"
778,0.065229980281116,"Constant","Non-oscillating (resource_decrease=0.1)"
778.2,0.065229980281116,"Constant","Non-oscillating (resource_decrease=0.1)"
778.4,0.065229980281116,"Constant","Non-oscillating (resource_decrease=0.1)"
778.6,0.0652299802811159,"Constant","Non-oscillating (resource_decrease=0.1)"
778.8,0.0652299802811159,"Constant","Non-oscillating (resource_decrease=0.1)"
779,0.0652299802811159,"Constant","Non-oscillating (resource_decrease=0.1)"
779.2,0.065229980281116,"Constant","Non-oscillating (resource_decrease=0.1)"
779.4,0.0652299802811159,"Constant","Non-oscillating (resource_decrease=0.1)"
779.6,0.065229980281116,"Constant","Non-oscillating (resource_decrease=0.1)"
779.8,0.0652299802811159,"Constant","Non-oscillating (resource_decrease=0.1)"
780,0.0652299802811159,"Constant","Non-oscillating (resource_decrease=0.1)"
780.2,0.065229980281116,"Constant","Non-oscillating (resource_decrease=0.1)"
780.4,0.065229980281116,"Constant","Non-oscillating (resource_decrease=0.1)"
780.6,0.065229980281116,"Constant","Non-oscillating (resource_decrease=0.1)"
780.8,0.065229980281116,"Constant","Non-oscillating (resource_decrease=0.1)"
781,0.065229980281116,"Constant","Non-oscillating (resource_decrease=0.1)"
781.2,0.065229980281116,"Constant","Non-oscillating (resource_decrease=0.1)"
781.4,0.065229980281116,"Constant","Non-oscillating (resource_decrease=0.1)"
781.6,0.065229980281116,"Constant","Non-oscillating (resource_decrease=0.1)"
781.8,0.065229980281116,"Constant","Non-oscillating (resource_decrease=0.1)"
782,0.065229980281116,"Constant","Non-oscillating (resource_decrease=0.1)"
782.2,0.065229980281116,"Constant","Non-oscillating (resource_decrease=0.1)"
782.4,0.065229980281116,"Constant","Non-oscillating (resource_decrease=0.1)"
782.6,0.065229980281116,"Constant","Non-oscillating (resource_decrease=0.1)"
782.8,0.065229980281116,"Constant","Non-oscillating (resource_decrease=0.1)"
783,0.065229980281116,"Constant","Non-oscillating (resource_decrease=0.1)"
783.2,0.0652299802811159,"Constant","Non-oscillating (resource_decrease=0.1)"
783.4,0.065229980281116,"Constant","Non-oscillating (resource_decrease=0.1)"
783.6,0.0652299802811159,"Constant","Non-oscillating (resource_decrease=0.1)"
783.8,0.0652299802811159,"Constant","Non-oscillating (resource_decrease=0.1)"
784,0.0652299802811159,"Constant","Non-oscillating (resource_decrease=0.1)"
784.2,0.0652299802811159,"Constant","Non-oscillating (resource_decrease=0.1)"
784.4,0.0652299802811159,"Constant","Non-oscillating (resource_decrease=0.1)"
784.6,0.065229980281116,"Constant","Non-oscillating (resource_decrease=0.1)"
784.8,0.0652299802811159,"Constant","Non-oscillating (resource_decrease=0.1)"
785,0.065229980281116,"Constant","Non-oscillating (resource_decrease=0.1)"
785.2,0.065229980281116,"Constant","Non-oscillating (resource_decrease=0.1)"
785.4,0.065229980281116,"Constant","Non-oscillating (resource_decrease=0.1)"
785.6,0.065229980281116,"Constant","Non-oscillating (resource_decrease=0.1)"
785.8,0.0652299802811159,"Constant","Non-oscillating (resource_decrease=0.1)"
786,0.0652299802811159,"Constant","Non-oscillating (resource_decrease=0.1)"
786.2,0.0652299802811159,"Constant","Non-oscillating (resource_decrease=0.1)"
786.4,0.0652299802811159,"Constant","Non-oscillating (resource_decrease=0.1)"
786.6,0.065229980281116,"Constant","Non-oscillating (resource_decrease=0.1)"
786.8,0.065229980281116,"Constant","Non-oscillating (resource_decrease=0.1)"
787,0.0652299802811159,"Constant","Non-oscillating (resource_decrease=0.1)"
787.2,0.0652299802811159,"Constant","Non-oscillating (resource_decrease=0.1)"
787.4,0.065229980281116,"Constant","Non-oscillating (resource_decrease=0.1)"
787.6,0.065229980281116,"Constant","Non-oscillating (resource_decrease=0.1)"
787.8,0.065229980281116,"Constant","Non-oscillating (resource_decrease=0.1)"
788,0.065229980281116,"Constant","Non-oscillating (resource_decrease=0.1)"
788.2,0.065229980281116,"Constant","Non-oscillating (resource_decrease=0.1)"
788.4,0.065229980281116,"Constant","Non-oscillating (resource_decrease=0.1)"
788.6,0.065229980281116,"Constant","Non-oscillating (resource_decrease=0.1)"
788.8,0.065229980281116,"Constant","Non-oscillating (resource_decrease=0.1)"
789,0.065229980281116,"Constant","Non-oscillating (resource_decrease=0.1)"
789.2,0.065229980281116,"Constant","Non-oscillating (resource_decrease=0.1)"
789.4,0.065229980281116,"Constant","Non-oscillating (resource_decrease=0.1)"
789.6,0.065229980281116,"Constant","Non-oscillating (resource_decrease=0.1)"
789.8,0.065229980281116,"Constant","Non-oscillating (resource_decrease=0.1)"
790,0.065229980281116,"Constant","Non-oscillating (resource_decrease=0.1)"
790.2,0.065229980281116,"Constant","Non-oscillating (resource_decrease=0.1)"
790.4,0.0652299802811159,"Constant","Non-oscillating (resource_decrease=0.1)"
790.6,0.0652299802811159,"Constant","Non-oscillating (resource_decrease=0.1)"
790.8,0.065229980281116,"Constant","Non-oscillating (resource_decrease=0.1)"
791,0.065229980281116,"Constant","Non-oscillating (resource_decrease=0.1)"
791.2,0.065229980281116,"Constant","Non-oscillating (resource_decrease=0.1)"
791.4,0.065229980281116,"Constant","Non-oscillating (resource_decrease=0.1)"
791.6,0.065229980281116,"Constant","Non-oscillating (resource_decrease=0.1)"
791.8,0.065229980281116,"Constant","Non-oscillating (resource_decrease=0.1)"
792,0.065229980281116,"Constant","Non-oscillating (resource_decrease=0.1)"
792.2,0.0652299802811161,"Constant","Non-oscillating (resource_decrease=0.1)"
792.4,0.0652299802811161,"Constant","Non-oscillating (resource_decrease=0.1)"
792.6,0.0652299802811161,"Constant","Non-oscillating (resource_decrease=0.1)"
792.8,0.065229980281116,"Constant","Non-oscillating (resource_decrease=0.1)"
793,0.065229980281116,"Constant","Non-oscillating (resource_decrease=0.1)"
793.2,0.065229980281116,"Constant","Non-oscillating (resource_decrease=0.1)"
793.4,0.065229980281116,"Constant","Non-oscillating (resource_decrease=0.1)"
793.6,0.065229980281116,"Constant","Non-oscillating (resource_decrease=0.1)"
793.8,0.065229980281116,"Constant","Non-oscillating (resource_decrease=0.1)"
794,0.065229980281116,"Constant","Non-oscillating (resource_decrease=0.1)"
794.2,0.065229980281116,"Constant","Non-oscillating (resource_decrease=0.1)"
794.4,0.065229980281116,"Constant","Non-oscillating (resource_decrease=0.1)"
794.6,0.065229980281116,"Constant","Non-oscillating (resource_decrease=0.1)"
794.8,0.065229980281116,"Constant","Non-oscillating (resource_decrease=0.1)"
795,0.065229980281116,"Constant","Non-oscillating (resource_decrease=0.1)"
795.2,0.065229980281116,"Constant","Non-oscillating (resource_decrease=0.1)"
795.4,0.065229980281116,"Constant","Non-oscillating (resource_decrease=0.1)"
795.6,0.0652299802811159,"Constant","Non-oscillating (resource_decrease=0.1)"
795.8,0.0652299802811159,"Constant","Non-oscillating (resource_decrease=0.1)"
796,0.0652299802811159,"Constant","Non-oscillating (resource_decrease=0.1)"
796.2,0.0652299802811159,"Constant","Non-oscillating (resource_decrease=0.1)"
796.4,0.0652299802811159,"Constant","Non-oscillating (resource_decrease=0.1)"
796.6,0.065229980281116,"Constant","Non-oscillating (resource_decrease=0.1)"
796.8,0.065229980281116,"Constant","Non-oscillating (resource_decrease=0.1)"
797,0.065229980281116,"Constant","Non-oscillating (resource_decrease=0.1)"
797.2,0.065229980281116,"Constant","Non-oscillating (resource_decrease=0.1)"
797.4,0.065229980281116,"Constant","Non-oscillating (resource_decrease=0.1)"
797.6,0.065229980281116,"Constant","Non-oscillating (resource_decrease=0.1)"
797.8,0.065229980281116,"Constant","Non-oscillating (resource_decrease=0.1)"
798,0.065229980281116,"Constant","Non-oscillating (resource_decrease=0.1)"
798.2,0.065229980281116,"Constant","Non-oscillating (resource_decrease=0.1)"
798.4,0.065229980281116,"Constant","Non-oscillating (resource_decrease=0.1)"
798.6,0.065229980281116,"Constant","Non-oscillating (resource_decrease=0.1)"
798.8,0.065229980281116,"Constant","Non-oscillating (resource_decrease=0.1)"
799,0.065229980281116,"Constant","Non-oscillating (resource_decrease=0.1)"
799.2,0.0652299802811159,"Constant","Non-oscillating (resource_decrease=0.1)"
799.4,0.0652299802811159,"Constant","Non-oscillating (resource_decrease=0.1)"
799.6,0.0652299802811159,"Constant","Non-oscillating (resource_decrease=0.1)"
799.8,0.065229980281116,"Constant","Non-oscillating (resource_decrease=0.1)"
800,0.0652299802811159,"Constant","Non-oscillating (resource_decrease=0.1)"
