"t","total","selected","juvenile","knife_edge_size","fish_level"
20,0.431021786219296,0.00714306441787082,0.423878721801426,10,0
20.2,0.414734019128812,0.00679990885102853,0.407934110277784,10,0
20.4,0.397401853714709,0.00652083994178047,0.390881013772928,10,0
20.6,0.378969210982218,0.00632900251348855,0.372640208468729,10,0
20.8,0.35933923576998,0.00626222523199211,0.353077010537987,10,0
21,0.338354776473743,0.00639315388941096,0.331961622584332,10,0
21.2,0.315763735977663,0.00688223861020817,0.308881497367455,10,0
21.4,0.291155715518995,0.00813793214602812,0.283017783372967,10,0
21.6,0.26383742321778,0.0113759122114088,0.252461511006371,10,0
21.8,0.232565420689864,0.0206659296062633,0.211899491083601,10,0
22,0.195083733660047,0.0474819931981956,0.147601740461851,10,0
22.2,0.149142920111288,0.0922279179799478,0.05691500213134,10,0
22.4,0.103585816788925,0.0884234378513458,0.0151623789375794,10,0
22.6,0.100313378603557,0.0476925672271305,0.0526208113764266,10,0
22.8,0.196732071753644,0.0218175031517793,0.174914568601864,10,0
23,0.322459017757047,0.0134139490308986,0.309045068726149,10,0
23.2,0.401119033895543,0.012021305809743,0.389097728085801,10,0
23.4,0.45157881122006,0.0123147954494907,0.43926401577057,10,0
23.6,0.485341558109096,0.0127923474110061,0.47254921069809,10,0
23.8,0.508119631855249,0.0130252282633131,0.495094403591936,10,0
24,0.523499434217452,0.0130075007613638,0.510491933456088,10,0
24.2,0.533613619749128,0.0128230336719302,0.520790586077197,10,0
24.4,0.539726559916101,0.0125424092970206,0.52718415061908,10,0
24.6,0.542635749976226,0.0122087937222568,0.530426956253969,10,0
24.8,0.542894415090762,0.0118448915745246,0.531049523516237,10,0
25,0.540912458219724,0.0114612862064824,0.529451172013241,10,0
25.2,0.537000873782617,0.0110622972651027,0.525938576517514,10,0
25.4,0.531397905774906,0.0106495202553741,0.520748385519532,10,0
25.6,0.524289479562313,0.0102238568545536,0.514065622707759,10,0
25.8,0.515821939409858,0.00978671611621927,0.506035223293639,10,0
26,0.506113388872793,0.00934074790766839,0.496772640965125,10,0
26.2,0.495256979232402,0.00889032968139698,0.486366649551005,10,0
26.4,0.483325645281487,0.00844172741375682,0.47488391786773,10,0
26.6,0.470373758528267,0.00800305540330457,0.462370703124963,10,0
26.8,0.456436643111489,0.00758384307238435,0.448852800039104,10,0
27,0.441532955903039,0.00719467396314286,0.434338281939896,10,0
27.2,0.425662755676881,0.00684694954329003,0.418815806133591,10,0
27.4,0.408806799685548,0.00655354832074759,0.4022532513648,10,0
27.6,0.390922437225423,0.00633104826127528,0.384591388964148,10,0
27.8,0.371935520519825,0.00620498514936847,0.365730535370456,10,0
28,0.351726192109135,0.00622174662933428,0.345504445479801,10,0
28.2,0.330103736182886,0.00647731329931663,0.323626422883569,10,0
28.4,0.306762570162067,0.00719636948225866,0.299566200679808,10,0
28.6,0.281201008067107,0.00898568833553446,0.272215319731572,10,0
28.8,0.252556060462342,0.0137550997042409,0.238800960758101,10,0
29,0.219251049816116,0.0278693841201448,0.191381665695971,10,0
29.2,0.178644544389712,0.0644970456312952,0.114147498758416,10,0
29.4,0.130467440849983,0.0998713005174443,0.0305961403325389,10,0
29.6,0.0937230936241119,0.0728464241093535,0.0208766695147584,10,0
29.8,0.124616977257445,0.0354782627673507,0.0891387144900939,10,0
30,0.248827811860333,0.0170945754499104,0.231733236410423,10,0
30.2,0.357053285366393,0.0125025848060989,0.344550700560294,10,0
30.4,0.422734218979418,0.012046713032405,0.410687505947013,10,0
30.6,0.46601179211289,0.0125115917755522,0.453500200337338,10,0
30.8,0.495068845706751,0.0129138489372396,0.482154996769512,10,0
31,0.514713997690805,0.0130439222466474,0.501670075444158,10,0
31.2,0.52790615848877,0.0129533001961636,0.514952858292607,10,0
31.4,0.536388789439481,0.0127258241946152,0.523662965244866,10,0
31.6,0.541212528055526,0.0124214836705299,0.528791044384996,10,0
31.8,0.543063997706949,0.0120746422553947,0.530989355451555,10,0
32,0.542434404177826,0.0117025600214833,0.530731844156342,10,0
32.2,0.539692226668858,0.0113129064993666,0.528379320169491,10,0
32.4,0.535118316596724,0.0109086532520179,0.524209663344706,10,0
32.6,0.528928769044091,0.0104909537137755,0.518437815330316,10,0
32.8,0.521293373601521,0.0100607844643359,0.511232589137185,10,0
33,0.512346876587014,0.00961996114548915,0.502726915441524,10,0
33.2,0.50219695629768,0.00917172862296394,0.493025227674717,10,0
33.4,0.490929756703516,0.00872118596861232,0.482208570734904,10,0
33.6,0.478610004644575,0.00827530227004523,0.47033470237453,10,0
33.8,0.465285460509761,0.00784278737482282,0.457442673134938,10,0
34,0.450985016885196,0.00743360877316994,0.443551408112026,10,0
34.2,0.435720235291563,0.00705862950297543,0.428661605788588,10,0
34.4,0.419484456172242,0.00672967416479981,0.412754782007442,10,0
34.6,0.402250110352719,0.00646060770243562,0.395789502650283,10,0
34.8,0.383964014672447,0.00627048873703612,0.377693525935411,10,0
35,0.3645371240332,0.00619069042370488,0.358346433609495,10,0
35.2,0.343826781445604,0.00628122478545823,0.337545556660145,10,0
35.4,0.321605909491219,0.00667199377045125,0.314933915720768,10,0
35.6,0.297508157623699,0.00768283960938475,0.289825318014315,10,0
35.8,0.270923316882241,0.0102295731983821,0.260693743683859,10,0
36,0.240776859980418,0.0173247468533906,0.223452113127028,10,0
36.2,0.205094412049925,0.0383584129335006,0.166735999116424,10,0
36.4,0.16119800173289,0.0823645687805672,0.078833432952323,10,0
36.6,0.113243763293458,0.0960631913317652,0.0171805719616927,10,0
36.8,0.0933645558992031,0.0570933537644623,0.0362712021347408,10,0
37,0.164399735746378,0.0263101934381171,0.138089542308261,10,0
37.2,0.295752617271013,0.0144427630988655,0.281309854172147,10,0
37.4,0.385086060684218,0.0121081040537871,0.372977956630431,10,0
37.6,0.440968626887947,0.0121896630813101,0.428778963806637,10,0
37.8,0.478227316525511,0.012690735114513,0.465536581410998,10,0
38,0.503317805916008,0.0129936738390178,0.49032413207699,10,0
38.2,0.520284442762457,0.0130310923543101,0.507253350408147,10,0
38.4,0.531559497651494,0.0128804762123438,0.51867902143915,10,0
38.6,0.538576927528837,0.0126187969747344,0.525958130554103,10,0
38.8,0.542222669718265,0.0122956662273404,0.529927003490925,10,0
39,0.54309726498499,0.0119380245650079,0.531159240419982,10,0
39.2,0.541640564250132,0.0115588136590765,0.530081750591055,10,0
39.4,0.538185067361489,0.011163502428824,0.527021564932665,10,0
39.6,0.532985033981187,0.0107541268829552,0.522230907098231,10,0
39.8,0.526237643201894,0.0103316274242809,0.515906015777613,10,0
40,0.518097988002547,0.00989719850823133,0.508200789494316,10,0
40.2,0.508690797262255,0.00945313438458238,0.499237662877672,10,0
40.4,0.498114366701414,0.00900334109887955,0.489111025602535,10,0
40.6,0.486447271039201,0.00855362046225341,0.477893650576947,10,0
40.8,0.473747732689518,0.00811164014063497,0.465636092548883,10,0
41,0.460055960472795,0.00768661625608835,0.452369344216707,10,0
41.2,0.445394924334754,0.00728890660237001,0.438106017732384,10,0
41.4,0.42976916207368,0.00692966832813658,0.422839493745543,10,0
41.6,0.413164743983616,0.00662128086486515,0.40654346311875,10,0
41.8,0.395545372592735,0.0063790366050567,0.389166335987679,10,0
42,0.376845876209266,0.00622543250328975,0.370620443705976,10,0
42.2,0.356959838874931,0.00619982782944031,0.350760011045491,10,0
42.4,0.335717650515214,0.00638118743856642,0.329336463076647,10,0
42.6,0.312848467204766,0.00694847753841759,0.305899989666348,10,0
42.8,0.287911181432423,0.00836679712209874,0.279544384310325,10,0
43,0.260157730036169,0.0120474809560986,0.24811024908007,10,0
43.2,0.228239199022871,0.0227322974809833,0.205506901541888,10,0
43.4,0.189752441233687,0.0528007167954466,0.13695172443824,10,0
43.6,0.14288975968987,0.095985459352448,0.046904300337422,10,0
43.8,0.0994883520556822,0.0835332366053848,0.0159551154502975,10,0
44,0.106509915701223,0.0433001509016942,0.0632097647995289,10,0
20,0.431021786219296,0.00714306441787082,0.423878721801426,10,10
20.2,0.410131978925811,0.00203393364959923,0.408098045276212,10,10
20.4,0.392999879235308,0.00167376939299939,0.391326109842309,10,10
20.6,0.374903853476385,0.00164104366260602,0.373262809813779,10,10
20.8,0.355435658505626,0.00166682257744658,0.353768835928179,10,10
21,0.334409391294331,0.00176845266060766,0.332640938633723,10,10
21.2,0.311508642159221,0.00202033571252534,0.309488306446696,10,10
21.4,0.286115461675241,0.00262661471281457,0.283488846962426,10,10
21.6,0.256860969328249,0.00424961246761064,0.252611356860639,10,10
21.8,0.22005775746843,0.00933224547111521,0.210725511997315,10,10
22,0.164769084215559,0.0251357658330745,0.139633318382484,10,10
22.2,0.078177007367881,0.0415134070255869,0.0366636003422941,10,10
22.4,0.0402397414017251,0.0111026181776714,0.0291371232240537,10,10
22.6,0.164955575485396,0.00123141809048571,0.163724157394911,10,10
22.8,0.333177914299288,0.0015262224940961,0.331651691805191,10,10
23,0.424628128314187,0.00233491292118585,0.422293215393001,10,10
23.2,0.480649587695499,0.00297355031139633,0.477676037384103,10,10
23.4,0.518036483463555,0.00345292258084494,0.51458356088271,10,10
23.6,0.543731084220684,0.00373526224647179,0.539995821974212,10,10
23.8,0.561846444895995,0.00387553915662172,0.557970905739373,10,10
24,0.574874842276083,0.00392772580079204,0.570947116475291,10,10
24.2,0.584340738584267,0.00392615213474241,0.580414586449524,10,10
24.4,0.591181435958237,0.00389120294197119,0.587290233016266,10,10
24.6,0.59596512506999,0.0038347501387406,0.59213037493125,10,10
24.8,0.599022901943272,0.00376363919566864,0.595259262747604,10,10
25,0.600539782926131,0.00368179420996669,0.596857988716164,10,10
25.2,0.600626128481975,0.00359145894180525,0.59703466954017,10,10
25.4,0.599364284728649,0.00349392965363621,0.595870355075013,10,10
25.6,0.596839305785823,0.00338999820714477,0.593449307578678,10,10
25.8,0.593130321232133,0.00328024200023681,0.589850079231896,10,10
26,0.588324449901216,0.0031652467494007,0.585159203151815,10,10
26.2,0.582487193829039,0.00304574775309677,0.579441446075942,10,10
26.4,0.575689693593476,0.00292277096138895,0.572766922632087,10,10
26.6,0.567976070516982,0.00279766477811477,0.565178405738868,10,10
26.8,0.559396239176331,0.00267205122045865,0.556724187955873,10,10
27,0.549975353414991,0.00254777327604924,0.547427580138942,10,10
27.2,0.539743605304406,0.00242659810001061,0.537317007204395,10,10
27.4,0.528711983976132,0.00231019850722506,0.526401785468907,10,10
27.6,0.516895025111488,0.00219981413148956,0.514695210979999,10,10
27.8,0.504296658980775,0.00209640263218002,0.502200256348595,10,10
28,0.49092018988495,0.00200047726930998,0.48891971261564,10,10
28.2,0.476766601834138,0.0019124358538326,0.474854165980306,10,10
28.4,0.461830952679629,0.0018325923011602,0.459998360378469,10,10
28.6,0.446105666029557,0.00176159955049715,0.444344066479059,10,10
28.8,0.429572784267622,0.00170070740000096,0.427872076867621,10,10
29,0.412201384482005,0.00165235869502457,0.41054902578698,10,10
29.2,0.393938559434425,0.00162112543408162,0.392317434000343,10,10
29.4,0.374697295768095,0.00161555716809986,0.373081738599995,10,10
29.6,0.354336757572771,0.00165236358811862,0.352684393984652,10,10
29.8,0.332626856017383,0.00176686132513844,0.330859994692245,10,10
30,0.309177326937857,0.0020428874915689,0.307134439446289,10,10
30.2,0.283267119249669,0.00271248290116094,0.280554636348508,10,10
30.4,0.253334574093511,0.00454103931714606,0.248793534776365,10,10
30.6,0.215166466471991,0.0103617047677752,0.204804761704215,10,10
30.8,0.156554465880243,0.0278667270558853,0.128687738824358,10,10
31,0.0684364151503705,0.0399245860895963,0.0285118290607741,10,10
31.2,0.0454449102099295,0.00858014417348986,0.0368647660364397,10,10
31.4,0.18677349050687,0.00109643821590456,0.185677052290965,10,10
31.6,0.346576418734369,0.00162652088262157,0.344949897851747,10,10
31.8,0.432257903555615,0.00240944971094797,0.429848453844667,10,10
32,0.485683733449557,0.0030359046986774,0.48264782875088,10,10
32.2,0.521481454828202,0.00349324038937061,0.517988214438832,10,10
32.4,0.546158010721452,0.00375691935228205,0.54240109136917,10,10
32.6,0.563600761902081,0.00388532595487663,0.559715435947204,10,10
32.8,0.576167174156558,0.0039302835701083,0.57223689058645,10,10
33,0.58530102539889,0.00392427835608131,0.581376747042808,10,10
33.2,0.591889734873523,0.00388653806453023,0.588003196808993,10,10
33.4,0.596469661591393,0.00382824415004069,0.592641417441352,10,10
33.6,0.599351560174126,0.00375583820124463,0.595595721972881,10,10
33.8,0.600709018569015,0.00367301083208988,0.597036007736925,10,10
34,0.600646848527715,0.003581872442745,0.59706497608497,10,10
34.2,0.599246735708932,0.00348364573029563,0.595763089978636,10,10
34.4,0.5965928571994,0.00337908610280458,0.593213771096595,10,10
34.6,0.592764939572718,0.00326876115720769,0.58949617841551,10,10
34.8,0.587848488582467,0.00315326664915189,0.584695221933315,10,10
35,0.581908534298415,0.00303336041926235,0.578875173879153,10,10
35.2,0.575014593320425,0.00291010580545755,0.572104487514968,10,10
35.4,0.567209898783069,0.00278487851307778,0.564425020269991,10,10
35.6,0.558542994796025,0.0026593331755733,0.555883661620451,10,10
35.8,0.549038455555653,0.00253531355515382,0.546503142000499,10,10
36,0.538724893860031,0.0024145801405456,0.536310313719485,10,10
36.2,0.527613659652809,0.00229877223364777,0.525314887419161,10,10
36.4,0.515717383931213,0.00218908913808585,0.513528294793127,10,10
36.6,0.503041092633479,0.00208644773311961,0.50095464490036,10,10
36.8,0.489586503494565,0.00199132946121692,0.487595174033348,10,10
37,0.475355129147236,0.00190411806683626,0.473451011080399,10,10
37.2,0.460341327371446,0.00182514347130582,0.458516183900141,10,10
37.4,0.444536804516098,0.00175509578357899,0.442781708732519,10,10
37.6,0.427922667898927,0.00169531990664833,0.426227347992278,10,10
37.8,0.410466154648753,0.00164841028497328,0.40881774436378,10,10
38,0.392111731063494,0.00161922525999891,0.390492505803495,10,10
38.2,0.372768141201736,0.00161687084620742,0.371151270355529,10,10
38.4,0.352287723472966,0.00165924726549104,0.350628476207475,10,10
38.6,0.330428766186041,0.00178455424711358,0.328644211938927,10,10
38.8,0.306778899473256,0.00208469155249372,0.304694207920762,10,10
39,0.280567149122442,0.002818286264265,0.277748862858177,10,10
39.2,0.250090331313408,0.00485243818175635,0.245237893131651,10,10
39.4,0.210661324326045,0.0113960559914872,0.199265268334558,10,10
39.6,0.149000518231109,0.0303088741751163,0.118691644055992,10,10
39.8,0.0606822215557738,0.0377160172929066,0.0229662042628672,10,10
40,0.0518592830513511,0.00681531588339463,0.0450439671679565,10,10
40.2,0.205650906670807,0.00104257376441105,0.204608332906396,10,10
40.4,0.357303974435099,0.00171469995084632,0.355589274484253,10,10
40.6,0.438509716653672,0.00247517775234801,0.436034538901324,10,10
40.8,0.48981164780851,0.00308942462486904,0.486722223183641,10,10
41,0.524295050371688,0.00352667840638742,0.5207683719653,10,10
41.2,0.548127215090953,0.00377436976878596,0.544352845322167,10,10
41.4,0.565009949806993,0.00389271786082728,0.561117231946166,10,10
41.6,0.577189734436215,0.00393154842538869,0.573258186010827,10,10
41.8,0.586043643266386,0.00392177061873468,0.582121872647651,10,10
42,0.592417602801128,0.00388163406828805,0.58853596873284,10,10
42.2,0.596821368334533,0.00382173921909023,0.592999629115443,10,10
42.4,0.599548730440841,0.00374818880593757,0.595800541634904,10,10
42.6,0.600764094456396,0.00366447795588457,0.597099616500511,10,10
42.8,0.600567993531276,0.00357260579651123,0.596995387734765,10,10
43,0.599042285780803,0.00347373418198014,0.595568551598822,10,10
43.2,0.59627034304226,0.00336858930850916,0.592901753733751,10,10
43.4,0.592333062712528,0.00325773300900898,0.589075329703519,10,10
43.6,0.587313997731609,0.00314177209928768,0.584172225632322,10,10
43.8,0.581278509779548,0.00302148707034168,0.578257022709207,10,10
44,0.5742939504715,0.00289797622743502,0.571395974244065,10,10
20,0.431021786219296,0.00714306441787082,0.423878721801426,10,30
20.2,0.408871122757421,0.000665594277067437,0.408205528480353,10,30
20.4,0.392137065303145,0.000647452983031206,0.391489612320114,10,30
20.6,0.374081300133545,0.000645391491213409,0.373435908642331,10,30
20.8,0.354597217954928,0.000661694820656506,0.353935523134272,10,30
21,0.333505118400413,0.00071177085613592,0.332793347544277,10,30
21.2,0.31045436484825,0.000831346416051957,0.309623018432198,10,30
21.4,0.284723176252829,0.00112100829920321,0.283602167953625,10,30
21.6,0.254588532521929,0.00192046916793075,0.252668063353998,10,30
21.8,0.214937759996783,0.00454394085492113,0.210393819141862,10,30
22,0.149150098045116,0.0129851429926556,0.13616495505246,10,30
22.2,0.0442110075381652,0.0163811867565175,0.0278298207816477,10,30
22.4,0.0352374132402637,0.00073580269125658,0.0345016105490071,10,30
22.6,0.170945404442914,0.000217242580222103,0.170728161862692,10,30
22.8,0.322865831743761,0.000616758997861752,0.322249072745899,10,30
23,0.40344597761351,0.000917171514278318,0.402528806099232,10,30
23.2,0.450828921601035,0.00113411419031896,0.449694807410716,10,30
23.4,0.481349629420161,0.00126164489693044,0.480087984523231,10,30
23.6,0.501401403735157,0.00132313586821165,0.500078267866946,10,30
23.8,0.514381061787227,0.00134176739087857,0.513039294396348,10,30
24,0.522255393787732,0.00133355894336,0.520921834844372,10,30
24.2,0.526239311814435,0.00130854845032136,0.524930763364114,10,30
24.4,0.527143010857534,0.00127278585880792,0.525870224998726,10,30
24.6,0.525537608960452,0.001229884855418,0.524307724105034,10,30
24.8,0.521835774843766,0.00118205314762095,0.520653721696145,10,30
25,0.51633996910125,0.00113073981032247,0.515209229290928,10,30
25.2,0.509275711981976,0.00107702979189465,0.508198682190081,10,30
25.4,0.500813888163118,0.00102189419388313,0.499791993969235,10,30
25.6,0.491083844575438,0.000966327690534579,0.490117516884904,10,30
25.8,0.480183534918607,0.000911434029812236,0.479272100888795,10,30
26,0.468182179055252,0.000858432843210809,0.467323746212042,10,30
26.2,0.455125603670198,0.000808627958606346,0.454316975711591,10,30
26.4,0.44103708408195,0.000763382767125778,0.440273701314824,10,30
26.6,0.425918806068312,0.000724101569916648,0.425194704498395,10,30
26.8,0.409751869475962,0.000692390325888145,0.409059479150074,10,30
27,0.392492364672442,0.00067042338890387,0.391821941283538,10,30
27.2,0.37406303086992,0.000661792790627386,0.373401238079292,10,30
27.4,0.354334857836697,0.000673416633771901,0.353661441202925,10,30
27.6,0.333089951351611,0.000720239481669069,0.332369711869942,10,30
27.8,0.309941122579525,0.000838663494808369,0.309102459084716,10,30
28,0.284127329371335,0.0011318214678327,0.282995507903502,10,30
28.2,0.253867925214747,0.00194900633098708,0.25191891888376,10,30
28.4,0.213905181850855,0.00464273685234213,0.209262444998513,10,30
28.6,0.147242909537245,0.0132492433762114,0.133993666161034,10,30
28.8,0.0423359692295289,0.0160005329634842,0.0263354362660448,10,30
29,0.0367380085712814,0.000666258916606106,0.0360717496546753,10,30
29.2,0.174775835834864,0.000224771358002669,0.174551064476861,10,30
29.4,0.325187295449994,0.000624071866666667,0.324563223583327,10,30
29.6,0.404706230207886,0.000922704128932328,0.403783526078953,10,30
29.8,0.451623659353239,0.00113767198252401,0.450485987370715,10,30
30,0.481870756721886,0.0012635318670678,0.480607224854819,10,30
30.2,0.501743711126875,0.00132390174674168,0.500419809380133,10,30
30.4,0.514598005364536,0.00134182535449918,0.513256180010037,10,30
30.6,0.522378961250564,0.00133317569246177,0.521045785558103,10,30
30.8,0.52629012278221,0.00130788659461454,0.524982236187595,10,30
31,0.527135322960663,0.00127194246047105,0.525863380500192,10,30
31.2,0.525481644386274,0.00122891823184068,0.524252726154434,10,30
31.4,0.521738975246886,0.00118099998580323,0.520557975261082,10,30
31.6,0.516207847216293,0.00112962569516601,0.515078221521127,10,30
31.8,0.509112397488121,0.00107587579890099,0.50803652168922,10,30
32,0.500622550565148,0.00102072061347372,0.499601829951674,10,30
32.2,0.490866862011141,0.000965156797447361,0.489901705213694,10,30
32.4,0.479942665281271,0.000910290115739287,0.479032375165532,10,30
32.6,0.467918656431536,0.000857343147923472,0.467061313283612,10,30
32.8,0.454840136474212,0.000807620429441167,0.454032516044771,10,30
33,0.4407299578369,0.00076248646457074,0.43996747137233,10,30
33.2,0.425589848980617,0.000723347633352357,0.424866501347265,10,30
33.4,0.409400440635319,0.00069181639962315,0.408708624235696,10,30
33.6,0.392117238431702,0.000670086192418502,0.391447152239284,10,30
33.8,0.373662118852353,0.000661793894076957,0.373000324958276,10,30
34,0.35390467647978,0.000673962508263119,0.353230713971517,10,30
34.2,0.332624514376085,0.000721799050464488,0.331902715325621,10,30
34.4,0.309429392756318,0.000842449182834334,0.308586943573484,10,30
34.6,0.283546154038049,0.0011415272315856,0.282404626806463,10,30
34.8,0.253157599634847,0.00197807118989726,0.251179528444949,10,30
35,0.21287301588029,0.00474362634803991,0.20812938953225,10,30
35.2,0.145329096042948,0.0135121395689606,0.131816956473987,10,30
35.4,0.0405410830510963,0.0156048200422451,0.0249362630088511,10,30
35.6,0.0382865689687199,0.000603979339977551,0.0376825896287424,10,30
35.8,0.178564329407087,0.000232406075250061,0.178331923331837,10,30
36,0.32744725970685,0.000631288002490645,0.326815971704359,10,30
36.2,0.405938388794682,0.000928177540788298,0.405010211253893,10,30
36.4,0.452401312671601,0.00114117496299465,0.451260137708607,10,30
36.6,0.482380282279299,0.00126538355362049,0.481114898725678,10,30
36.8,0.502077684604229,0.00132464769113513,0.500753036913094,10,30
37,0.514808707422663,0.00134187337173635,0.513466834050927,10,30
37.2,0.522497711957985,0.0013327885797253,0.52116492337826,10,30
37.4,0.526337140777223,0.00130722449064788,0.525029916286575,10,30
37.6,0.527124602484051,0.00127110096024932,0.525853501523802,10,30
37.8,0.525423222165267,0.001227954815147,0.52419526735012,10,30
38,0.521640158429159,0.00117995087674475,0.520460207552414,10,30
38.2,0.51607405032674,0.00112851622288818,0.514945534103852,10,30
38.4,0.508947676416862,0.00107472690635066,0.507872949510511,10,30
38.6,0.500430017269257,0.00101955249823325,0.499410464771024,10,30
38.8,0.490648851766587,0.00096399167738677,0.4896848600892,10,30
39,0.479700897871026,0.00090915220484768,0.478791745666178,10,30
39.2,0.467654337957964,0.000856259593260215,0.466798078364704,10,30
39.4,0.454553951104831,0.000806619112457992,0.453747331992373,10,30
39.6,0.440422170115508,0.000761596366869161,0.439660573748638,10,30
39.8,0.425260269417642,0.000722599969201019,0.424537669448441,10,30
40,0.40904840945375,0.000691249085906519,0.408357160367844,10,30
40.2,0.391741508876738,0.000669756607874166,0.391071752268864,10,30
40.4,0.373260574212237,0.000661805111156217,0.372598769101081,10,30
40.6,0.353473789070213,0.000674524454071078,0.352799264616142,10,30
40.8,0.332158220464301,0.000723389513028933,0.331434830951272,10,30
41,0.30891649497944,0.000846307162551348,0.308070187816889,10,30
41.2,0.28296308665771,0.00115144170358718,0.281811644954123,10,30
41.4,0.252443293556134,0.00200787262880248,0.250435420927331,10,30
41.6,0.211829718377806,0.00484719986522888,0.206982518512578,10,30
41.8,0.143390084113308,0.0137762445069985,0.12961383960631,10,30
42,0.0388069529981737,0.0151916840981181,0.0236152689000555,10,30
42.2,0.0398996471320867,0.000547578177531448,0.0393520689545553,10,30
42.4,0.182351609076378,0.000240208767509594,0.182111400308868,10,30
42.6,0.329673176202808,0.000638443067612017,0.329034733135196,10,30
42.8,0.407157592878813,0.00093361390254311,0.40622397897627,10,30
43,0.453171904786916,0.00114463753512059,0.452027267251795,10,30
43.2,0.482885345371852,0.00126720667825766,0.481618138693594,10,30
43.4,0.502408618582617,0.00132537532118143,0.501083243261435,10,30
43.6,0.515017199907141,0.0013419099683639,0.513675289938777,10,30
43.8,0.52261476982876,0.00133239432122839,0.521282375507532,10,30
44,0.526382814145538,0.0013065578051369,0.525076256340401,10,30
20,0.431021786219296,0.00714306441787082,0.423878721801426,10,100
20.2,0.408479515841523,0.00020879344835971,0.408270722393163,10,100
20.4,0.391773081603941,0.000205707803922752,0.391567373800018,10,100
20.6,0.373720087186769,0.000205669975270475,0.373514417211499,10,100
20.8,0.354221856485829,0.000211868731503356,0.354009987754326,10,100
21,0.333091077758295,0.000229590298228127,0.332861487460067,10,100
21.2,0.30995609053626,0.000271418647432427,0.309684671888827,10,100
21.4,0.284031385405078,0.000373519159722491,0.283657866245355,10,100
21.6,0.253366133005621,0.000661080492809903,0.252705052512811,10,100
21.8,0.211869236480659,0.00163330651730031,0.210235929963359,10,100
22,0.138795654579257,0.00481139220349067,0.133984262375766,10,100
22.2,0.0270831514752614,0.00433803835094579,0.0227451131243156,10,100
22.4,0.0324574557047395,4.95203103102798e-05,0.0324079353944292,10,100
22.6,0.153237508058418,8.18184911357693e-05,0.153155689567282,10,100
22.8,0.295473956968891,0.000236526147931521,0.29523743082096,10,100
23,0.369898609988987,0.000320867932764857,0.369577742056222,10,100
23.2,0.409279355151197,0.000365611483738822,0.408913743667458,10,100
23.4,0.431810922321703,0.000384303182206212,0.431426619139497,10,100
23.6,0.4439559074001,0.000386361816059416,0.44356954558404,10,100
23.8,0.449014198035551,0.000378461090646415,0.448635736944905,10,100
24,0.448952484541488,0.00036474427439791,0.44858774026709,10,100
24.2,0.445014709506206,0.000347726192439102,0.444666983313767,10,100
24.4,0.438018962034985,0.000328993226332043,0.437689968808653,10,100
24.6,0.428520897671778,0.000309665576435857,0.428211232095342,10,100
24.8,0.41690422410478,0.000290699353491935,0.416613524751288,10,100
25,0.403429397458298,0.0002731010778896,0.403156296380408,10,100
25.2,0.388257786027037,0.000258119423784067,0.387999666603253,10,100
25.4,0.371459993409397,0.000247510138039613,0.371212483271357,10,100
25.6,0.353010477241935,0.000244088027025281,0.35276638921491,10,100
25.8,0.332762306277561,0.00025316844740953,0.332509137830151,10,100
26,0.310376850562462,0.000286861566492189,0.310089988995969,10,100
26.2,0.28512177279718,0.000378756587653266,0.284743016209526,10,100
26.4,0.255195468459157,0.000642632440769288,0.254552836018388,10,100
26.6,0.215055165041374,0.00152824124615828,0.213526923795215,10,100
26.8,0.14562676800085,0.00449019704410939,0.141136570956741,10,100
27,0.0328875081242284,0.00493784086997782,0.0279496672542506,10,100
27.2,0.0280998928613097,7.33706404507891e-05,0.0280265222208589,10,100
27.4,0.141708088560163,7.3230145417272e-05,0.141634858414746,10,100
27.6,0.287674347458462,0.000229355620432225,0.28744499183803,10,100
27.8,0.366024235110524,0.000317437997217835,0.365706797113306,10,100
28,0.407032952503911,0.000364015941965744,0.406668936561946,10,100
28.2,0.43047776969733,0.000383962951435442,0.430093806745895,10,100
28.4,0.443219960577438,0.000386783265417644,0.44283317731202,10,100
28.6,0.448696058676718,0.000379325449550535,0.448316733227167,10,100
28.8,0.448940815945283,0.000365858938381598,0.448574957006901,10,100
29,0.44523718718593,0.000348974096944079,0.444888213088986,10,100
29.2,0.438426810920313,0.000330297761791126,0.438096513158522,10,100
29.4,0.429080285316493,0.000310967869617266,0.428769317446875,10,100
29.6,0.417591502466165,0.000291943275455596,0.417299559190709,10,100
29.8,0.404228543391221,0.000274221946660186,0.403954321444561,10,100
30,0.389159158519587,0.000259032367542752,0.388900126152044,10,100
30.2,0.372459974973564,0.000248090726031858,0.372211884247532,10,100
30.4,0.354112014073649,0.000244126005792892,0.353867888067857,10,100
30.6,0.333977036849872,0.000252238496503522,0.333724798353369,10,100
30.8,0.311731231508653,0.000283917857623243,0.31144731365103,10,100
31,0.286675812012546,0.000370663850183667,0.286305148162362,10,100
31.2,0.257110092792666,0.000617979795982944,0.256492112996683,10,100
31.4,0.217869790253998,0.00144083490217241,0.216428955351825,10,100
31.6,0.151084804341367,0.00423807248932647,0.146846731852041,10,100
31.8,0.0381492660510174,0.00537456922608994,0.0327746968249275,10,100
32,0.0249612202187597,0.000101030336415008,0.0248601898823447,10,100
32.2,0.13257365634117,6.58067284280225e-05,0.132507849612742,10,100
32.4,0.281128843409355,0.000221951199837842,0.280906892209517,10,100
32.6,0.362839745547471,0.000313736769215001,0.362526008778256,10,100
32.8,0.405241168944121,0.000362154153918873,0.404879014790203,10,100
33,0.429459356016883,0.00038336020191922,0.429075995814963,10,100
33.2,0.442706658438491,0.00038695249146001,0.442319705947031,10,100
33.4,0.448537039651208,0.00037995051298496,0.448157089138223,10,100
33.6,0.449043167276144,0.000366747606885328,0.448676419669259,10,100
33.8,0.44554106418137,0.00035000888711265,0.445191055294257,10,100
34,0.438892238261402,0.000331401837436597,0.438560836423965,10,100
34.2,0.429679814660593,0.000312082932065,0.429367731728528,10,100
34.4,0.418306180331253,0.000293014873882087,0.418013165457371,10,100
34.6,0.405045787672331,0.000275188236584549,0.404770599435746,10,100
34.8,0.390071793791411,0.00025981242936862,0.389811981362042,10,100
35,0.373466064500977,0.000248565430789047,0.373217499070188,10,100
35.2,0.35521552891584,0.000244093537757946,0.354971435378082,10,100
35.4,0.335190015597476,0.000251292384079706,0.334938723213396,10,100
35.6,0.313079675439728,0.000281068793769093,0.312798606645959,10,100
35.8,0.288217270365357,0.00036298310506889,0.287854287260289,10,100
36,0.258995946070709,0.000594928511768712,0.25840101755894,10,100
36.2,0.220600797542693,0.00135974526966515,0.219241052273028,10,100
36.4,0.156319378399116,0.00399347109740794,0.152325907301708,10,100
36.6,0.0439085158628327,0.00575201957509375,0.038156496287739,10,100
36.8,0.0221710110993717,0.000140301154231236,0.0220307099451404,10,100
37,0.123625430890858,5.89520110197198e-05,0.123566478879838,10,100
37.2,0.274309599253285,0.00021418046244821,0.274095418790837,10,100
37.4,0.359539490552038,0.000309910502216842,0.359229580049821,10,100
37.6,0.403394009313436,0.000360201088003802,0.403033808225432,10,100
37.8,0.428406776929025,0.000382699056211095,0.428024077872814,10,100
38,0.442170115971645,0.000387086420135945,0.441783029551509,10,100
38.2,0.448361274406256,0.000380554581506843,0.447980719824749,10,100
38.4,0.449132855125024,0.00036762394289571,0.448765231182128,10,100
38.6,0.44583494592979,0.00035103677780695,0.445483909151983,10,100
38.8,0.439349475036166,0.000332502802021771,0.439016972234144,10,100
39,0.430272398560427,0.000313198061289615,0.429959200499137,10,100
39.2,0.419014760722997,0.00029408982490123,0.418720670898096,10,100
39.4,0.405857466210661,0.000276161880817862,0.405581304329843,10,100
39.6,0.390979107282743,0.000260605354435932,0.390718501928307,10,100
39.8,0.374466773632055,0.000249061552253531,0.374217712079801,10,100
40,0.356313231275236,0.000244097948387951,0.356069133326848,10,100
40.2,0.336396183726226,0.000250416651004865,0.336145767075221,10,100
40.4,0.314419213896851,0.000278377946972885,0.314140835949878,10,100
40.6,0.289744958719027,0.000355740794291845,0.289389217924736,10,100
40.8,0.260854056259139,0.000573391536462798,0.260280664722676,10,100
41,0.223254513314276,0.00128449520441807,0.221970018109858,10,100
41.2,0.161340534898386,0.00375777044657136,0.157582764451815,10,100
41.4,0.0500988863815193,0.00606033628391189,0.0440385500976074,10,100
41.6,0.019721316464261,0.00019506054129314,0.0195262559229679,10,100
41.8,0.114896558115361,5.26810295369459e-05,0.114843877085824,10,100
42,0.267207011723899,0.00020603894146718,0.267000972782432,10,100
42.2,0.356113467796336,0.000305956202408263,0.355807511593928,10,100
42.4,0.401487471261186,0.000358155413880224,0.401129315847306,10,100
42.6,0.427317728953047,0.000381978667657435,0.426935750285389,10,100
42.8,0.441608827695805,0.00038718485882139,0.441221642836983,10,100
43,0.448167735057984,0.000381137889728058,0.447786597168256,10,100
43.2,0.449209162652874,0.000368488414714667,0.448840674238159,10,100
43.4,0.446118325819785,0.000352058344503113,0.445766267475282,10,100
43.6,0.439798160870007,0.00033360125870754,0.439464559611299,10,100
43.8,0.430857781037401,0.000314313834810284,0.430543467202591,10,100
44,0.419717064215439,0.00029516863658285,0.419421895578856,10,100
20,0.431021786219296,0.00714306441787082,0.423878721801426,5,0
20.2,0.414734019128812,0.00679990885102853,0.407934110277784,5,0
20.4,0.397401853714709,0.00652083994178047,0.390881013772928,5,0
20.6,0.378969210982218,0.00632900251348855,0.372640208468729,5,0
20.8,0.35933923576998,0.00626222523199211,0.353077010537987,5,0
21,0.338354776473743,0.00639315388941096,0.331961622584332,5,0
21.2,0.315763735977663,0.00688223861020817,0.308881497367455,5,0
21.4,0.291155715518995,0.00813793214602812,0.283017783372967,5,0
21.6,0.26383742321778,0.0113759122114088,0.252461511006371,5,0
21.8,0.232565420689864,0.0206659296062633,0.211899491083601,5,0
22,0.195083733660047,0.0474819931981956,0.147601740461851,5,0
22.2,0.149142920111288,0.0922279179799478,0.05691500213134,5,0
22.4,0.103585816788925,0.0884234378513458,0.0151623789375794,5,0
22.6,0.100313378603557,0.0476925672271305,0.0526208113764266,5,0
22.8,0.196732071753644,0.0218175031517793,0.174914568601864,5,0
23,0.322459017757047,0.0134139490308986,0.309045068726149,5,0
23.2,0.401119033895543,0.012021305809743,0.389097728085801,5,0
23.4,0.45157881122006,0.0123147954494907,0.43926401577057,5,0
23.6,0.485341558109096,0.0127923474110061,0.47254921069809,5,0
23.8,0.508119631855249,0.0130252282633131,0.495094403591936,5,0
24,0.523499434217452,0.0130075007613638,0.510491933456088,5,0
24.2,0.533613619749128,0.0128230336719302,0.520790586077197,5,0
24.4,0.539726559916101,0.0125424092970206,0.52718415061908,5,0
24.6,0.542635749976226,0.0122087937222568,0.530426956253969,5,0
24.8,0.542894415090762,0.0118448915745246,0.531049523516237,5,0
25,0.540912458219724,0.0114612862064824,0.529451172013241,5,0
25.2,0.537000873782617,0.0110622972651027,0.525938576517514,5,0
25.4,0.531397905774906,0.0106495202553741,0.520748385519532,5,0
25.6,0.524289479562313,0.0102238568545536,0.514065622707759,5,0
25.8,0.515821939409858,0.00978671611621927,0.506035223293639,5,0
26,0.506113388872793,0.00934074790766839,0.496772640965125,5,0
26.2,0.495256979232402,0.00889032968139698,0.486366649551005,5,0
26.4,0.483325645281487,0.00844172741375682,0.47488391786773,5,0
26.6,0.470373758528267,0.00800305540330457,0.462370703124963,5,0
26.8,0.456436643111489,0.00758384307238435,0.448852800039104,5,0
27,0.441532955903039,0.00719467396314286,0.434338281939896,5,0
27.2,0.425662755676881,0.00684694954329003,0.418815806133591,5,0
27.4,0.408806799685548,0.00655354832074759,0.4022532513648,5,0
27.6,0.390922437225423,0.00633104826127528,0.384591388964148,5,0
27.8,0.371935520519825,0.00620498514936847,0.365730535370456,5,0
28,0.351726192109135,0.00622174662933428,0.345504445479801,5,0
28.2,0.330103736182886,0.00647731329931663,0.323626422883569,5,0
28.4,0.306762570162067,0.00719636948225866,0.299566200679808,5,0
28.6,0.281201008067107,0.00898568833553446,0.272215319731572,5,0
28.8,0.252556060462342,0.0137550997042409,0.238800960758101,5,0
29,0.219251049816116,0.0278693841201448,0.191381665695971,5,0
29.2,0.178644544389712,0.0644970456312952,0.114147498758416,5,0
29.4,0.130467440849983,0.0998713005174443,0.0305961403325389,5,0
29.6,0.0937230936241119,0.0728464241093535,0.0208766695147584,5,0
29.8,0.124616977257445,0.0354782627673507,0.0891387144900939,5,0
30,0.248827811860333,0.0170945754499104,0.231733236410423,5,0
30.2,0.357053285366393,0.0125025848060989,0.344550700560294,5,0
30.4,0.422734218979418,0.012046713032405,0.410687505947013,5,0
30.6,0.46601179211289,0.0125115917755522,0.453500200337338,5,0
30.8,0.495068845706751,0.0129138489372396,0.482154996769512,5,0
31,0.514713997690805,0.0130439222466474,0.501670075444158,5,0
31.2,0.52790615848877,0.0129533001961636,0.514952858292607,5,0
31.4,0.536388789439481,0.0127258241946152,0.523662965244866,5,0
31.6,0.541212528055526,0.0124214836705299,0.528791044384996,5,0
31.8,0.543063997706949,0.0120746422553947,0.530989355451555,5,0
32,0.542434404177826,0.0117025600214833,0.530731844156342,5,0
32.2,0.539692226668858,0.0113129064993666,0.528379320169491,5,0
32.4,0.535118316596724,0.0109086532520179,0.524209663344706,5,0
32.6,0.528928769044091,0.0104909537137755,0.518437815330316,5,0
32.8,0.521293373601521,0.0100607844643359,0.511232589137185,5,0
33,0.512346876587014,0.00961996114548915,0.502726915441524,5,0
33.2,0.50219695629768,0.00917172862296394,0.493025227674717,5,0
33.4,0.490929756703516,0.00872118596861232,0.482208570734904,5,0
33.6,0.478610004644575,0.00827530227004523,0.47033470237453,5,0
33.8,0.465285460509761,0.00784278737482282,0.457442673134938,5,0
34,0.450985016885196,0.00743360877316994,0.443551408112026,5,0
34.2,0.435720235291563,0.00705862950297543,0.428661605788588,5,0
34.4,0.419484456172242,0.00672967416479981,0.412754782007442,5,0
34.6,0.402250110352719,0.00646060770243562,0.395789502650283,5,0
34.8,0.383964014672447,0.00627048873703612,0.377693525935411,5,0
35,0.3645371240332,0.00619069042370488,0.358346433609495,5,0
35.2,0.343826781445604,0.00628122478545823,0.337545556660145,5,0
35.4,0.321605909491219,0.00667199377045125,0.314933915720768,5,0
35.6,0.297508157623699,0.00768283960938475,0.289825318014315,5,0
35.8,0.270923316882241,0.0102295731983821,0.260693743683859,5,0
36,0.240776859980418,0.0173247468533906,0.223452113127028,5,0
36.2,0.205094412049925,0.0383584129335006,0.166735999116424,5,0
36.4,0.16119800173289,0.0823645687805672,0.078833432952323,5,0
36.6,0.113243763293458,0.0960631913317652,0.0171805719616927,5,0
36.8,0.0933645558992031,0.0570933537644623,0.0362712021347408,5,0
37,0.164399735746378,0.0263101934381171,0.138089542308261,5,0
37.2,0.295752617271013,0.0144427630988655,0.281309854172147,5,0
37.4,0.385086060684218,0.0121081040537871,0.372977956630431,5,0
37.6,0.440968626887947,0.0121896630813101,0.428778963806637,5,0
37.8,0.478227316525511,0.012690735114513,0.465536581410998,5,0
38,0.503317805916008,0.0129936738390178,0.49032413207699,5,0
38.2,0.520284442762457,0.0130310923543101,0.507253350408147,5,0
38.4,0.531559497651494,0.0128804762123438,0.51867902143915,5,0
38.6,0.538576927528837,0.0126187969747344,0.525958130554103,5,0
38.8,0.542222669718265,0.0122956662273404,0.529927003490925,5,0
39,0.54309726498499,0.0119380245650079,0.531159240419982,5,0
39.2,0.541640564250132,0.0115588136590765,0.530081750591055,5,0
39.4,0.538185067361489,0.011163502428824,0.527021564932665,5,0
39.6,0.532985033981187,0.0107541268829552,0.522230907098231,5,0
39.8,0.526237643201894,0.0103316274242809,0.515906015777613,5,0
40,0.518097988002547,0.00989719850823133,0.508200789494316,5,0
40.2,0.508690797262255,0.00945313438458238,0.499237662877672,5,0
40.4,0.498114366701414,0.00900334109887955,0.489111025602535,5,0
40.6,0.486447271039201,0.00855362046225341,0.477893650576947,5,0
40.8,0.473747732689518,0.00811164014063497,0.465636092548883,5,0
41,0.460055960472795,0.00768661625608835,0.452369344216707,5,0
41.2,0.445394924334754,0.00728890660237001,0.438106017732384,5,0
41.4,0.42976916207368,0.00692966832813658,0.422839493745543,5,0
41.6,0.413164743983616,0.00662128086486515,0.40654346311875,5,0
41.8,0.395545372592735,0.0063790366050567,0.389166335987679,5,0
42,0.376845876209266,0.00622543250328975,0.370620443705976,5,0
42.2,0.356959838874931,0.00619982782944031,0.350760011045491,5,0
42.4,0.335717650515214,0.00638118743856642,0.329336463076647,5,0
42.6,0.312848467204766,0.00694847753841759,0.305899989666348,5,0
42.8,0.287911181432423,0.00836679712209874,0.279544384310325,5,0
43,0.260157730036169,0.0120474809560986,0.24811024908007,5,0
43.2,0.228239199022871,0.0227322974809833,0.205506901541888,5,0
43.4,0.189752441233687,0.0528007167954466,0.13695172443824,5,0
43.6,0.14288975968987,0.095985459352448,0.046904300337422,5,0
43.8,0.0994883520556822,0.0835332366053848,0.0159551154502975,5,0
44,0.106509915701223,0.0433001509016942,0.0632097647995289,5,0
20,0.431021786219296,0.00714306441787082,0.423878721801426,5,10
20.2,0.399838926759482,0.000955457104901278,0.39888346965458,5,10
20.4,0.381758234862544,0.000166920621531472,0.381591314241013,5,10
20.6,0.362916938251939,8.21082202561961e-05,0.362834830031683,5,10
20.8,0.34165186397649,7.67533592777669e-05,0.341575110617212,5,10
21,0.316866203640844,8.44126562551405e-05,0.316781790984589,5,10
21.2,0.285896065049645,0.000110940248450597,0.285785124801194,5,10
21.4,0.241143895504722,0.000209486142100639,0.240934409362622,5,10
21.6,0.16403236991818,0.000863609700254456,0.163168760217926,5,10
21.8,0.0590262709040786,0.00847649148686227,0.0505497794172163,5,10
22,0.0151799648920094,0.00776642846056654,0.00741353643144283,5,10
22.2,0.0657282194701743,0.000695435094319854,0.0650327843758544,5,10
22.4,0.229384441108595,0.000167722502017624,0.229216718606577,5,10
22.6,0.354177887401076,0.000313164197411372,0.353864723203664,5,10
22.8,0.418692308256223,0.000332898961169512,0.418359409295054,5,10
23,0.458394881839667,0.000322367393528905,0.458072514446138,5,10
23.2,0.484515246823485,0.000312054785063588,0.484203192038421,5,10
23.4,0.501957104608655,0.000302719850287042,0.501654384758368,5,10
23.6,0.513393963484074,0.000293597876170949,0.513100365607903,5,10
23.8,0.520387173301668,0.00028406144737395,0.520103111854294,5,10
24,0.523912974387485,0.000273678462882794,0.523639295924602,5,10
24.2,0.524637740083945,0.000262224534195337,0.52437551554975,5,10
24.4,0.523046448892407,0.000249641911887155,0.52279680698052,5,10
24.6,0.519499829141403,0.00023599369241444,0.519263835448989,5,10
24.8,0.514266744020482,0.000221431209156782,0.514045312811326,5,10
25,0.507548399991763,0.000206174589724513,0.507342225402039,5,10
25.2,0.499493747126212,0.000190496963217167,0.499303250162994,5,10
25.4,0.490212834243315,0.000174714372066286,0.490038119871249,5,10
25.6,0.479780636969288,0.000159164303751102,0.479621472665536,5,10
25.8,0.468244506420423,0.000144186203466986,0.468100320216956,5,10
26,0.455625544112019,0.000130092092025064,0.455495452019994,5,10
26.2,0.441920744676526,0.00011714783271615,0.441803596843809,5,10
26.4,0.427103238764862,0.000105572494480799,0.426997666270381,5,10
26.6,0.411115714653832,9.55606768825885e-05,0.411020153976949,5,10
26.8,0.393856376100086,8.73479581690316e-05,0.393769028141917,5,10
27,0.375143640989357,8.1335749846549e-05,0.37506230523951,5,10
27.2,0.354635855806221,7.83648478352204e-05,0.354557490958386,5,10
27.4,0.331630731612696,8.04438241138328e-05,0.331550287788582,5,10
27.6,0.304502273864198,9.32335133453586e-05,0.304409040350853,5,10
27.8,0.26896310855044,0.000137711686078851,0.268825396864361,5,10
28,0.213122027255583,0.000339454334020859,0.212782572921562,5,10
28.2,0.11736479737928,0.00229847388248211,0.115066323496798,5,10
28.4,0.0296598041817963,0.0132037826817723,0.0164560215000239,5,10
28.6,0.0226836508598407,0.00302792699757637,0.0196557238622643,5,10
28.8,0.129067735643721,0.000233222960065271,0.128834512683656,5,10
29,0.294494535532086,0.00024124489895466,0.294253290633132,5,10
29.2,0.386580305948879,0.000331431043901008,0.386248874904978,5,10
29.4,0.438064339507944,0.000328687798495678,0.437735651709449,5,10
29.6,0.471040828284372,0.000317711099323292,0.470723117185049,5,10
29.8,0.492962235843138,0.000307928853023117,0.492654306990115,5,10
30,0.507551657681609,0.000298777078944256,0.507252880602665,5,10
30.2,0.516911673126121,0.00028954390117401,0.516622129224947,5,10
30.4,0.522303024584309,0.000279681451162279,0.522023343133147,5,10
30.6,0.524544209435655,0.00026885100330323,0.524275358432352,5,10
30.8,0.524212830406269,0.000256906817670031,0.523955923588599,5,10
31,0.521734966955673,0.000243848598246077,0.521491118357427,5,10
31.2,0.517428296720997,0.000229780851971868,0.517198515869025,5,10
31.4,0.511529516852624,0.00021488692037982,0.511314629932244,5,10
31.6,0.504215871542631,0.000199411167519671,0.504016460375111,5,10
31.8,0.495618115129158,0.000183647699319012,0.495434467429839,5,10
32,0.485830206100641,0.000167923366996549,0.485662282733645,5,10
32.2,0.474915408547865,0.000152581248952164,0.474762827298912,5,10
32.4,0.462908366350766,0.000137950013683092,0.462770416337083,5,10
32.6,0.449820408223625,0.000124325268262749,0.449696082955362,5,10
32.8,0.435638046450767,0.000111950040780974,0.435526096409987,5,10
33,0.42032240281193,0.000101028090172583,0.420221374721758,5,10
33.2,0.403799664956866,9.17617092319525e-05,0.403707903247634,5,10
33.4,0.385939307068621,8.44368833160613e-05,0.385854870185305,5,10
33.6,0.366504706960702,7.9596926455413e-05,0.366425110034247,5,10
33.8,0.345034941770164,7.84486489833853e-05,0.34495649312118,5,10
34,0.320535560080765,8.40613952991985e-05,0.320451498685466,5,10
34.2,0.290567778563485,0.000106004960609913,0.290461773602875,5,10
34.4,0.248420237000329,0.000186497460566695,0.248233739539763,5,10
34.6,0.17693121048817,0.000669145514403039,0.176262064973767,5,10
34.8,0.0711519542179499,0.0065025852475747,0.0646493689703752,5,10
35,0.0162341929200172,0.00965324395931151,0.00658094896070568,5,10
35.2,0.0515775203641306,0.000991747112561983,0.0505857732515686,5,10
35.4,0.206379938303028,0.000156071587795478,0.206223866715233,5,10
35.6,0.34232703890864,0.000301795613466546,0.342025243295173,5,10
35.8,0.411960537556989,0.000333612581712839,0.411626924975276,5,10
36,0.454060724578729,0.000323821662483347,0.453736902916246,5,10
36.2,0.481630463061101,0.000313342289817216,0.481317120771284,5,10
36.4,0.500036779128723,0.000303929623572863,0.499732849505151,5,10
36.6,0.512163066944779,0.000294821708515059,0.511868245236264,5,10
36.8,0.519680571285507,0.000285371220537533,0.51939520006497,5,10
37,0.523623159043499,0.000275118464922474,0.523348040578576,5,10
37.2,0.524688558718641,0.000263813550086546,0.524424745168555,5,10
37.4,0.523381621234115,0.00025137960560375,0.523130241628512,5,10
37.6,0.520077370987048,0.000237865956230336,0.519839505030818,5,10
37.8,0.515055417187214,0.000223413561554757,0.514832003625659,5,10
38,0.50852473695402,0.000208234489051234,0.508316502464968,5,10
38.2,0.50064051132065,0.000192595243753557,0.500447916076897,5,10
38.4,0.49151760284862,0.000176807559723183,0.491340795288897,5,10
38.6,0.481234996594827,0.000161206573615137,0.481073790021212,5,10
38.8,0.469843992573983,0.000146133905060146,0.469697858668923,5,10
39,0.45736860206926,0.000131905662012043,0.457236696407248,5,10
39.2,0.443809218273509,0.000118795135567561,0.443690423137941,5,10
39.4,0.429142268322856,0.00010702657311301,0.429035241749743,5,10
39.6,0.413315025604462,9.67949563053583e-05,0.413218230648157,5,10
39.8,0.396233139344809,8.83252596577373e-05,0.396144814085151,5,10
40,0.377728781502679,8.19856591117995e-05,0.377646795843568,5,10
40.2,0.357489258114024,7.85321094777999e-05,0.357410726004546,5,10
40.4,0.334880529282962,7.97391588975667e-05,0.334800790124065,5,10
40.6,0.308459652769586,9.0476026748204e-05,0.308369176742838,5,10
40.8,0.274482571223682,0.00012798377473166,0.27435458744895,5,10
41,0.222502056148248,0.00028743808446809,0.22221461806378,5,10
41.2,0.132181214474554,0.00166797985204594,0.130513234622508,5,10
41.4,0.0369236275565284,0.0124954541516319,0.0244281734048965,5,10
41.6,0.0184295765044156,0.00415361844991071,0.0142759580545049,5,10
41.8,0.107209993718784,0.000316346738041924,0.106893646980742,5,10
42,0.276421699583324,0.000217082890398765,0.276204616692926,5,10
42.2,0.377525340003788,0.000328208693114687,0.377197131310674,5,10
42.4,0.432518120766252,0.00033012029437175,0.43218800047188,5,10
42.6,0.467397857666563,0.000319104282433803,0.467078753384129,5,10
42.8,0.490526908409731,0.000309177632564911,0.490217730777166,5,10
43,0.505946091090696,0.00029998601750612,0.50564610507319,5,10
43.2,0.515916342376519,0.000290799502749705,0.51562554287377,5,10
43.4,0.521781879215768,0.000281045043382256,0.521500834172386,5,10
43.6,0.524405093519748,0.000270355611926925,0.524134737907821,5,10
43.8,0.524388843180303,0.000258562410653011,0.52413028076965,5,10
44,0.522176367165617,0.000245648418322756,0.521930718747294,5,10
20,0.431021786219296,0.00714306441787082,0.423878721801426,5,30
20.2,0.396428108486977,1.95845382916206e-05,0.396408523948685,5,30
20.4,0.379509074716469,8.90952336820386e-07,0.379508183764132,5,30
20.6,0.360365890821987,8.20029839190755e-07,0.360365070792148,5,30
20.8,0.338372300521221,8.44275578329363e-07,0.338371456245643,5,30
21,0.312104896180666,1.0115381629696e-06,0.312103884642503,5,30
21.2,0.277538408325577,1.64488647151561e-06,0.277536763439105,5,30
21.4,0.221980905481326,5.1584730360717e-06,0.22197574700829,5,30
21.6,0.112345441492729,6.94980009503031e-05,0.112275943491778,5,30
21.8,0.00757783197825013,0.000929685940402984,0.00664814603784715,5,30
22,0.00285820201227346,2.78393659576161e-05,0.00283036264631585,5,30
22.2,0.0222372688854796,1.23891319351221e-06,0.0222360299722861,5,30
22.4,0.0845000118216198,5.10052876803314e-05,0.0844490065339395,5,30
22.6,0.142449712482805,0.000175766161061854,0.142273946321744,5,30
22.8,0.136442622547965,0.000200483051510295,0.136242139496454,5,30
23,0.0755142276214783,0.000451414080910098,0.0750628135405682,5,30
23.2,0.0113963715189089,0.000863633322715909,0.010532738196193,5,30
23.4,0.00802635665127632,8.38168327827628e-05,0.00794253981849355,5,30
23.6,0.0390792020423602,4.03586207256913e-05,0.0390388434216345,5,30
23.8,0.109656736316985,0.000131634157310181,0.109525102159675,5,30
24,0.160838775328202,0.000161396014342726,0.160677379313859,5,30
24.2,0.160560083648999,0.000128940558073279,0.160431143090926,5,30
24.4,0.115274806110288,0.000217467032091451,0.115057339078197,5,30
24.6,0.0364028612089233,0.000786750681892321,0.035616110527031,5,30
24.8,0.00474857627836404,0.000378806598721324,0.00436976967964272,5,30
25,0.0168516891065953,3.00038144193553e-05,0.016821685292176,5,30
25.2,0.069244542171198,6.13773589320287e-05,0.069183164812266,5,30
25.4,0.140088982890612,0.000165719092457118,0.139923263798155,5,30
25.6,0.165471621151616,0.000142610820157365,0.165329010331459,5,30
25.8,0.142713936237195,0.000149881069596713,0.142564055167599,5,30
26,0.0758072565315082,0.000422156376114311,0.0753851001553939,5,30
26.2,0.0114049165210653,0.000851728437913333,0.010553188083152,5,30
26.4,0.00728141693826468,9.06654244588727e-05,0.0071907515138058,5,30
26.6,0.0375309015507455,2.96903620136476e-05,0.0375012111887318,5,30
26.8,0.108247101694932,0.000123767164049676,0.108123334530883,5,30
27,0.159913103937812,0.000162874174041124,0.159750229763771,5,30
27.2,0.159575551274159,0.000131910011188035,0.159443641262971,5,30
27.4,0.114115326832801,0.000223323933185159,0.113892002899616,5,30
27.6,0.0354922989770291,0.000796717015062615,0.0346955819619664,5,30
27.8,0.00469670688932121,0.000365354160626882,0.00433135272869433,5,30
28,0.0173261893839479,2.94926068422888e-05,0.0172966967771056,5,30
28.2,0.0704097599848776,6.34015516086429e-05,0.070346358433269,5,30
28.4,0.140971836130788,0.000166127107593325,0.140805709023195,5,30
28.6,0.165620293767123,0.000141614734877836,0.165478679032246,5,30
28.8,0.142245290966443,0.000150324566975122,0.142094966399468,5,30
29,0.0747519706336314,0.000429349704684618,0.0743226209289468,5,30
29.2,0.0110340481807827,0.000843222705583114,0.0101908254751996,5,30
29.4,0.0074247900916611,8.72785638157293e-05,0.00733751152784537,5,30
29.6,0.0382022171136931,2.99693107670665e-05,0.038172247802926,5,30
29.8,0.109194113739137,0.000125188684270512,0.109068925054867,5,30
30,0.160222896158213,0.000162374165860652,0.160060521992352,5,30
30.2,0.159265903328205,0.000131963814500677,0.159133939513704,5,30
30.4,0.113206383665999,0.000226557851777036,0.112979825814222,5,30
30.6,0.0345857040808883,0.000806022895797198,0.0337796811850911,5,30
30.8,0.00467473075779575,0.0003534354733709,0.00432129528442485,5,30
31,0.0177182897139755,2.90222488960121e-05,0.0176892674650794,5,30
31.2,0.0714023637098911,6.47784216054432e-05,0.0713375852882857,5,30
31.4,0.141665366616133,0.000166564743504034,0.141498801872629,5,30
31.6,0.16560373728802,0.000141114258719032,0.165462623029301,5,30
31.8,0.141637994330385,0.000151374177443614,0.141486620152942,5,30
32,0.0736356122339749,0.000437507559616509,0.0731981046743584,5,30
32.2,0.0106748628176235,0.000834004027169519,0.00984085879045401,5,30
32.4,0.00758862970809788,8.40179097389892e-05,0.00750461179835889,5,30
32.6,0.0389239213860898,3.04191905442655e-05,0.0388935021955456,5,30
32.8,0.110177711750853,0.000126790022230832,0.110050921728622,5,30
33,0.160534018703241,0.000161868975639102,0.160372149727602,5,30
33.2,0.158947368590277,0.000132026259596486,0.15881534233068,5,30
33.4,0.112284271329602,0.000229898033461266,0.112054373296141,5,30
33.6,0.0336896321217353,0.000815116369507559,0.0328745157522277,5,30
33.8,0.0046596649079495,0.000341772618219574,0.00431789228972993,5,30
34,0.0181189427181173,2.85937698160196e-05,0.0180903489483012,5,30
34.2,0.0724005624836972,6.61855353079328e-05,0.0723343769483893,5,30
34.4,0.142347869118446,0.000166976825188163,0.142180892293258,5,30
34.6,0.165576001487566,0.000140631642919206,0.165435369844647,5,30
34.8,0.141019440558663,0.000152473530831687,0.140866967027832,5,30
35,0.0725164424852053,0.000445842377290461,0.0720706001079148,5,30
35.2,0.0103288093147806,0.000824307975900025,0.00950450133888061,5,30
35.4,0.00775784486049254,8.09015653505229e-05,0.00767694329514202,5,30
35.6,0.039655688251993,3.08954939527904e-05,0.0396247927580402,5,30
35.8,0.111157232231832,0.000128379385071271,0.111028852846761,5,30
36,0.160835485040813,0.00016135410255076,0.160674130938262,5,30
36.2,0.158620783159582,0.000132109187846081,0.158488673971736,5,30
36.4,0.111354019846648,0.000233332376420878,0.111120687470227,5,30
36.6,0.0328062776908519,0.000823952878029788,0.0319823248128222,5,30
36.8,0.00465029047561195,0.000330358718927166,0.00431993175668479,5,30
37,0.0185273987152099,2.8197408167512e-05,0.0184992013070424,5,30
37.2,0.0734029513913422,6.76157257791984e-05,0.073335335665563,5,30
37.4,0.143020479404834,0.000167353728252578,0.142853125676582,5,30
37.6,0.165539977540764,0.000140158953088506,0.165399818587675,5,30
37.8,0.14039261360983,0.00015361193880348,0.140239001671027,5,30
38,0.0713965176182925,0.000454332418485114,0.0709421851998074,5,30
38.2,0.00999557158750696,0.000814164634815568,0.00918140695269139,5,30
38.4,0.00793209870412562,7.79215365943475e-05,0.00785417716753128,5,30
38.6,0.040396500446836,3.1395090555962e-05,0.04036510535628,5,30
38.8,0.112131595460043,0.000129950509063597,0.11200164495098,5,30
39,0.16112734561554,0.000160829314287963,0.160966516301252,5,30
39.2,0.158286482678703,0.000132212167626408,0.158154270511077,5,30
39.4,0.11041606885831,0.000236861051314876,0.110179207806995,5,30
39.6,0.0319360006435749,0.00083251043502292,0.031103490208552,5,30
39.8,0.00464645445067161,0.0003191987074433,0.00432725574322831,5,30
40,0.0189436484192291,2.78317330977734e-05,0.0189158166861313,5,30
40.2,0.0744091634741993,6.90677753863112e-05,0.074340095698813,5,30
40.4,0.143683142136381,0.000167695308524016,0.143515446827857,5,30
40.6,0.165495778379554,0.000139696295041478,0.165356082084512,5,30
40.8,0.139757599872816,0.000154789883233345,0.139602809989582,5,30
41,0.0702762328821137,0.000462975595207868,0.0698132572869058,5,30
41.2,0.00967492642707455,0.000803594697243675,0.00887133172983087,5,30
41.4,0.00811142856369614,7.50727208946916e-05,0.00803635584280145,5,30
41.6,0.041146285933045,3.19180711273748e-05,0.0411143678619176,5,30
41.8,0.113100564252347,0.000131502040472085,0.112969062211875,5,30
42,0.161409644576702,0.000160295291505178,0.161249349285197,5,30
42.2,0.157944481304931,0.000132335451421905,0.157812145853509,5,30
42.4,0.109470506814156,0.000240486143407426,0.109230020670749,5,30
42.6,0.0310790572252825,0.000840768328014646,0.0302382888972678,5,30
42.8,0.00464805637286856,0.000308296865541374,0.00433975950732719,5,30
43,0.0193677629356967,2.74958078887814e-05,0.0193402671278079,5,30
43.2,0.0754189626079176,7.05410541917891e-05,0.0753484215537258,5,30
43.4,0.144335818259855,0.000168001924309361,0.144167816335546,5,30
43.6,0.165443435236236,0.000139243986158435,0.165304191250078,5,30
43.8,0.13911438843889,0.000156008221341755,0.138958380217548,5,30
44,0.0691559284364938,0.000471770166976666,0.0686841582695172,5,30
20,0.431021786219296,0.00714306441787082,0.423878721801426,5,100
20.2,0.395638347173025,1.00484175791731e-09,0.395638346168183,5,100
20.4,0.378636435860276,9.28026267569523e-10,0.37863643493225,5,100
20.6,0.359292018971772,8.82980218308808e-10,0.359292018088792,5,100
20.8,0.33692716665544,9.37487869480842e-10,0.336927165717952,5,100
21,0.309869057973593,1.23742024183971e-09,0.309869056736173,5,100
21.2,0.273202894664081,2.54426695594222e-09,0.273202892119814,5,100
21.4,0.210448653900625,1.3987698827501e-08,0.210448639912926,5,100
21.6,0.0791273235797779,6.68148302319761e-07,0.0791266554314756,5,100
21.8,0.000732264647625004,2.40215238609722e-06,0.000729862495238907,5,100
22,0.000410813775798698,1.79859839540199e-09,0.000410811977200303,5,100
22.2,0.00230595245293023,2.32405279200059e-08,0.00230592921240231,5,100
22.4,0.00547529557780101,5.47248102115557e-07,0.00547474832969889,5,100
22.6,0.00265256071711302,1.16305387759181e-06,0.00265139766323542,5,100
22.8,0.000258929760090209,2.20750507337227e-07,0.000258709009582872,5,100
23,0.000455894995245292,1.26082931138939e-08,0.000455882386952178,5,100
23.2,0.00117832338663355,1.02953547997245e-07,0.00117822043308555,5,100
23.4,0.00108404067584476,2.80622012908391e-07,0.00108376005383185,5,100
23.6,0.000310500736531606,1.67644584627502e-07,0.000310333091946979,5,100
23.8,0.000124053030800639,2.61773666122642e-08,0.000124026853434027,5,100
24,0.000277059523856942,2.28791217783217e-08,0.000277036644735164,5,100
24.2,0.000341887628924916,6.59923232286831e-08,0.000341821636601687,5,100
24.4,0.000176803919311851,6.48969585102344e-08,0.000176739022353341,5,100
24.6,5.80855458361194e-05,2.26461342859483e-08,5.80628997018335e-05,5,100
24.8,6.95891340583951e-05,7.69970093650123e-09,6.95814343574586e-05,5,100
25,9.88795223182285e-05,1.57575936651975e-08,9.88637647245633e-05,5,100
25.2,7.27373767808681e-05,2.0392612760526e-08,7.27169841681076e-05,5,100
25.4,3.05462816034215e-05,1.1547603591597e-08,3.05347339998299e-05,5,100
25.6,2.0504140891508e-05,3.98328422702045e-09,2.05001576072809e-05,5,100
25.8,2.76521254367036e-05,4.05680359269302e-09,2.76480686331109e-05,5,100
26,2.55142730060748e-05,5.86372631099955e-09,2.55084092797638e-05,5,100
26.2,1.40134448221957e-05,4.55897375107391e-09,1.40088858484446e-05,5,100
26.4,7.46329535312537e-06,2.04301752523709e-09,7.46125233560013e-06,5,100
26.6,7.86835219720389e-06,1.2598706866247e-09,7.86709232651726e-06,5,100
26.8,8.19947728281549e-06,1.63702583169406e-09,8.1978402569838e-06,5,100
27,5.60579953622051e-06,1.5655049735464e-09,5.60423403124697e-06,5,100
27.2,3.02567664864038e-06,9.05972435546136e-10,3.02477067620484e-06,5,100
27.4,2.41385172116552e-06,4.76557832157781e-10,2.41337516333336e-06,5,100
27.6,2.52661073088899e-06,4.70999397652728e-10,2.52613973149133e-06,5,100
27.8,2.02922223577428e-06,4.97029703146274e-10,2.02872520607114e-06,5,100
28,1.21985345243576e-06,3.53570660908202e-10,1.21949988177485e-06,5,100
28.2,8.18857822632975e-07,1.94495378302996e-10,8.18663327254672e-07,5,100
28.4,7.77387318312347e-07,1.47674135134422e-10,7.77239644177213e-07,5,100
28.6,6.87394787944515e-07,1.52551197847136e-10,6.87242236746668e-07,5,100
28.8,4.67482771285554e-07,1.25850016995995e-10,4.67356921268558e-07,5,100
29,2.98436134322569e-07,7.77109323912722e-11,2.98358423390178e-07,5,100
29.2,2.47266002700597e-07,5.1099386858478e-11,2.47214903313738e-07,5,100
29.4,2.24444727625671e-07,4.71430709940094e-11,2.24397584554677e-07,5,100
29.6,1.69564503141408e-07,4.21899081149411e-11,1.69522313233293e-07,5,100
29.8,1.11241260326257e-07,2.94186004525826e-11,1.11211841725804e-07,5,100
30,8.26876440000475e-08,1.87943954837467e-11,8.26688496045637e-08,5,100
30.2,7.25715436146473e-08,1.51480948365372e-11,7.25563955198108e-08,5,100
30.4,5.88512644463493e-08,1.37145753297858e-11,5.88375498710195e-08,5,100
30.6,4.09757192540393e-08,1.05570057712386e-11,4.0965162248268e-08,5,100
30.8,2.88717824619493e-08,7.00376402564561e-12,2.88647786979237e-08,5,100
31,2.37530644275222e-08,5.12014024220464e-12,2.374794428728e-08,5,100
31.2,1.98561554745999e-08,4.43845361998885e-12,1.98517170209799e-08,5,100
31.4,1.47108924517128e-08,3.63638324879198e-12,1.4707256068464e-08,5,100
31.6,1.03097899963543e-08,2.5672799496054e-12,1.03072227164047e-08,5,100
31.8,7.96642720066274e-09,1.80014217171589e-12,7.96462705849103e-09,5,100
32,6.62057452657839e-09,1.45940349947397e-12,6.61911512307891e-09,5,100
32.2,5.14601373488681e-09,1.22200271272558e-12,5.14479173217408e-09,5,100
32.4,3.69041423298334e-09,9.16284546777512e-13,3.68949794843657e-09,5,100
32.6,2.73857570155678e-09,6.44159243109622e-13,2.73793154231367e-09,5,100
32.8,2.21220253281642e-09,4.92254453292359e-13,2.21171027836313e-09,5,100
33,1.76540837751419e-09,4.07180104204547e-13,1.76500119740999e-09,5,100
33.2,1.30834815025005e-09,3.18951790054822e-13,1.30802919846e-09,5,100
33.4,9.57060316131539e-10,2.30279524449153e-13,9.5683003660709e-10,5,100
33.6,7.47306186654316e-10,1.69978081387392e-13,7.47136208572929e-10,5,100
33.8,5.99316520955843e-10,1.36298102113826e-13,5.99180222853729e-10,5,100
34,4.57576232667238e-10,1.09082142900413e-13,4.57467150524337e-10,5,100
34.2,3.36477419341997e-10,8.14113932727599e-14,3.36396007948725e-10,5,100
34.4,2.55846077485951e-10,5.95340332915532e-14,2.5578654345266e-10,5,100
34.6,2.03049122896797e-10,4.61756857081278e-14,2.03002947211089e-10,5,100
34.8,1.58100873371954e-10,3.69887832691713e-14,1.58063884588684e-10,5,100
35,1.18047233830704e-10,2.83905547541297e-14,1.1801884327595e-10,5,100
35.2,8.85320646443902e-11,2.0933621698115e-14,8.85111310226921e-11,5,100
35.4,6.90733301756269e-11,1.58509944087405e-14,6.90574791812181e-11,5,100
35.6,5.41963832686661e-11,1.25373671912636e-14,5.41838459014748e-11,5,100
35.8,4.1157070684054e-11,9.7885147873933e-15,4.11472821692666e-11,5,100
36,3.08082839365068e-11,7.33604894643806e-15,3.08009478875604e-11,5,100
36.2,2.36565198465106e-11,5.49433588436715e-15,2.36510255106262e-11,5,100
36.4,1.85211017417166e-11,4.27065378074166e-15,1.85168310879359e-11,5,100
36.6,1.42509088198513e-11,3.35181617032723e-15,1.42475570036809e-11,5,100
36.8,1.07296263177669e-11,2.55381033251327e-15,1.07270725074344e-11,5,100
37,8.15392241527434e-12,1.91305364194196e-15,8.15200936163239e-12,5,100
37.2,6.33470222416359e-12,1.4648226194566e-15,6.33323740154413e-12,5,100
37.4,4.90835235582796e-12,1.14531158260875e-15,4.90720704424535e-12,5,100
37.6,3.7280706995312e-12,8.83091869118377e-16,3.72718760766208e-12,5,100
37.8,2.82231845229822e-12,6.66067145926656e-16,2.8216523851523e-12,5,100
38,2.17328508392002e-12,5.05470039370613e-16,2.17277961388065e-12,5,100
38.2,1.6857941997076e-12,3.91932016385868e-16,1.68540226769122e-12,5,100
38.4,1.29074953636251e-12,3.03901940938649e-16,1.29044563442157e-12,5,100
38.6,9.78422475589882e-13,2.31262680801311e-16,9.7819121290908e-13,5,100
38.8,7.48251882362405e-13,1.75057810114247e-16,7.48076824552291e-13,5,100
39,5.78728198491683e-13,1.3456683456153e-16,5.78593631657122e-13,5,100
39.2,4.45440138740874e-13,1.04345870506507e-16,4.45335792870368e-13,5,100
39.4,3.39019768575908e-13,8.00074046297504e-17,3.38939761171279e-13,5,100
39.6,2.5833582202489e-13,6.06906987010726e-17,2.58275131326189e-13,5,100
39.8,1.98904453791336e-13,4.63631039057954e-17,1.98858090687431e-13,5,100
40,1.53396982205691e-13,3.58264905182682e-17,1.53361155715173e-13,5,100
40.2,1.17278356124681e-13,2.75948596798175e-17,1.17250761265001e-13,5,100
40.4,8.93215248195837e-14,2.1023116815988e-17,8.93005017027677e-14,5,100
40.6,6.84859434553433e-14,1.60140128334479e-17,6.84699294425098e-14,5,100
40.8,5.27832123364356e-14,1.23177603114408e-17,5.27708945761242e-14,5,100
41,4.04964965745516e-14,9.5001520040285e-18,4.04869964225475e-14,5,100
41.2,3.08902164174169e-14,7.26967725198893e-18,3.08829467401649e-14,5,100
41.4,2.36204769747174e-14,5.53778192252373e-18,2.36149391927949e-14,5,100
41.6,1.81669957549037e-14,4.24287947472254e-18,1.8162752875429e-14,5,100
41.8,1.39637801114302e-14,3.26887345366368e-18,1.39605112379765e-14,5,100
42,1.06762682949595e-14,2.50934226388396e-18,1.06737589526956e-14,5,100
42.2,8.15553262857066e-15,1.91499665695443e-18,8.15361763191371e-15,5,100
42.4,6.25792200414691e-15,1.46378506095392e-18,6.25645821908596e-15,5,100
42.6,4.81133175494304e-15,1.12524709739317e-18,4.81020650784565e-15,5,100
42.8,3.68646490310543e-15,8.65064272001739e-19,3.68559983883343e-15,5,100
43,2.81704370997139e-15,6.61735228627773e-19,2.81638197474276e-15,5,100
43.2,2.15767378673549e-15,5.05481598219714e-19,2.15716830513727e-15,5,100
43.4,1.65759829956706e-15,3.87690125915422e-19,1.65721060944114e-15,5,100
43.6,1.27182175725162e-15,2.98042237291141e-19,1.27152371501433e-15,5,100
43.8,9.72916871894591e-16,2.28447511871983e-19,9.72688424382719e-16,5,100
44,7.44489355308767e-16,1.74603028362918e-19,7.44314752280404e-16,5,100
20,0.431021786219296,0.00714306441787082,0.423878721801426,1,0
20.2,0.414734019128812,0.00679990885102853,0.407934110277784,1,0
20.4,0.397401853714709,0.00652083994178047,0.390881013772928,1,0
20.6,0.378969210982218,0.00632900251348855,0.372640208468729,1,0
20.8,0.35933923576998,0.00626222523199211,0.353077010537987,1,0
21,0.338354776473743,0.00639315388941096,0.331961622584332,1,0
21.2,0.315763735977663,0.00688223861020817,0.308881497367455,1,0
21.4,0.291155715518995,0.00813793214602812,0.283017783372967,1,0
21.6,0.26383742321778,0.0113759122114088,0.252461511006371,1,0
21.8,0.232565420689864,0.0206659296062633,0.211899491083601,1,0
22,0.195083733660047,0.0474819931981956,0.147601740461851,1,0
22.2,0.149142920111288,0.0922279179799478,0.05691500213134,1,0
22.4,0.103585816788925,0.0884234378513458,0.0151623789375794,1,0
22.6,0.100313378603557,0.0476925672271305,0.0526208113764266,1,0
22.8,0.196732071753644,0.0218175031517793,0.174914568601864,1,0
23,0.322459017757047,0.0134139490308986,0.309045068726149,1,0
23.2,0.401119033895543,0.012021305809743,0.389097728085801,1,0
23.4,0.45157881122006,0.0123147954494907,0.43926401577057,1,0
23.6,0.485341558109096,0.0127923474110061,0.47254921069809,1,0
23.8,0.508119631855249,0.0130252282633131,0.495094403591936,1,0
24,0.523499434217452,0.0130075007613638,0.510491933456088,1,0
24.2,0.533613619749128,0.0128230336719302,0.520790586077197,1,0
24.4,0.539726559916101,0.0125424092970206,0.52718415061908,1,0
24.6,0.542635749976226,0.0122087937222568,0.530426956253969,1,0
24.8,0.542894415090762,0.0118448915745246,0.531049523516237,1,0
25,0.540912458219724,0.0114612862064824,0.529451172013241,1,0
25.2,0.537000873782617,0.0110622972651027,0.525938576517514,1,0
25.4,0.531397905774906,0.0106495202553741,0.520748385519532,1,0
25.6,0.524289479562313,0.0102238568545536,0.514065622707759,1,0
25.8,0.515821939409858,0.00978671611621927,0.506035223293639,1,0
26,0.506113388872793,0.00934074790766839,0.496772640965125,1,0
26.2,0.495256979232402,0.00889032968139698,0.486366649551005,1,0
26.4,0.483325645281487,0.00844172741375682,0.47488391786773,1,0
26.6,0.470373758528267,0.00800305540330457,0.462370703124963,1,0
26.8,0.456436643111489,0.00758384307238435,0.448852800039104,1,0
27,0.441532955903039,0.00719467396314286,0.434338281939896,1,0
27.2,0.425662755676881,0.00684694954329003,0.418815806133591,1,0
27.4,0.408806799685548,0.00655354832074759,0.4022532513648,1,0
27.6,0.390922437225423,0.00633104826127528,0.384591388964148,1,0
27.8,0.371935520519825,0.00620498514936847,0.365730535370456,1,0
28,0.351726192109135,0.00622174662933428,0.345504445479801,1,0
28.2,0.330103736182886,0.00647731329931663,0.323626422883569,1,0
28.4,0.306762570162067,0.00719636948225866,0.299566200679808,1,0
28.6,0.281201008067107,0.00898568833553446,0.272215319731572,1,0
28.8,0.252556060462342,0.0137550997042409,0.238800960758101,1,0
29,0.219251049816116,0.0278693841201448,0.191381665695971,1,0
29.2,0.178644544389712,0.0644970456312952,0.114147498758416,1,0
29.4,0.130467440849983,0.0998713005174443,0.0305961403325389,1,0
29.6,0.0937230936241119,0.0728464241093535,0.0208766695147584,1,0
29.8,0.124616977257445,0.0354782627673507,0.0891387144900939,1,0
30,0.248827811860333,0.0170945754499104,0.231733236410423,1,0
30.2,0.357053285366393,0.0125025848060989,0.344550700560294,1,0
30.4,0.422734218979418,0.012046713032405,0.410687505947013,1,0
30.6,0.46601179211289,0.0125115917755522,0.453500200337338,1,0
30.8,0.495068845706751,0.0129138489372396,0.482154996769512,1,0
31,0.514713997690805,0.0130439222466474,0.501670075444158,1,0
31.2,0.52790615848877,0.0129533001961636,0.514952858292607,1,0
31.4,0.536388789439481,0.0127258241946152,0.523662965244866,1,0
31.6,0.541212528055526,0.0124214836705299,0.528791044384996,1,0
31.8,0.543063997706949,0.0120746422553947,0.530989355451555,1,0
32,0.542434404177826,0.0117025600214833,0.530731844156342,1,0
32.2,0.539692226668858,0.0113129064993666,0.528379320169491,1,0
32.4,0.535118316596724,0.0109086532520179,0.524209663344706,1,0
32.6,0.528928769044091,0.0104909537137755,0.518437815330316,1,0
32.8,0.521293373601521,0.0100607844643359,0.511232589137185,1,0
33,0.512346876587014,0.00961996114548915,0.502726915441524,1,0
33.2,0.50219695629768,0.00917172862296394,0.493025227674717,1,0
33.4,0.490929756703516,0.00872118596861232,0.482208570734904,1,0
33.6,0.478610004644575,0.00827530227004523,0.47033470237453,1,0
33.8,0.465285460509761,0.00784278737482282,0.457442673134938,1,0
34,0.450985016885196,0.00743360877316994,0.443551408112026,1,0
34.2,0.435720235291563,0.00705862950297543,0.428661605788588,1,0
34.4,0.419484456172242,0.00672967416479981,0.412754782007442,1,0
34.6,0.402250110352719,0.00646060770243562,0.395789502650283,1,0
34.8,0.383964014672447,0.00627048873703612,0.377693525935411,1,0
35,0.3645371240332,0.00619069042370488,0.358346433609495,1,0
35.2,0.343826781445604,0.00628122478545823,0.337545556660145,1,0
35.4,0.321605909491219,0.00667199377045125,0.314933915720768,1,0
35.6,0.297508157623699,0.00768283960938475,0.289825318014315,1,0
35.8,0.270923316882241,0.0102295731983821,0.260693743683859,1,0
36,0.240776859980418,0.0173247468533906,0.223452113127028,1,0
36.2,0.205094412049925,0.0383584129335006,0.166735999116424,1,0
36.4,0.16119800173289,0.0823645687805672,0.078833432952323,1,0
36.6,0.113243763293458,0.0960631913317652,0.0171805719616927,1,0
36.8,0.0933645558992031,0.0570933537644623,0.0362712021347408,1,0
37,0.164399735746378,0.0263101934381171,0.138089542308261,1,0
37.2,0.295752617271013,0.0144427630988655,0.281309854172147,1,0
37.4,0.385086060684218,0.0121081040537871,0.372977956630431,1,0
37.6,0.440968626887947,0.0121896630813101,0.428778963806637,1,0
37.8,0.478227316525511,0.012690735114513,0.465536581410998,1,0
38,0.503317805916008,0.0129936738390178,0.49032413207699,1,0
38.2,0.520284442762457,0.0130310923543101,0.507253350408147,1,0
38.4,0.531559497651494,0.0128804762123438,0.51867902143915,1,0
38.6,0.538576927528837,0.0126187969747344,0.525958130554103,1,0
38.8,0.542222669718265,0.0122956662273404,0.529927003490925,1,0
39,0.54309726498499,0.0119380245650079,0.531159240419982,1,0
39.2,0.541640564250132,0.0115588136590765,0.530081750591055,1,0
39.4,0.538185067361489,0.011163502428824,0.527021564932665,1,0
39.6,0.532985033981187,0.0107541268829552,0.522230907098231,1,0
39.8,0.526237643201894,0.0103316274242809,0.515906015777613,1,0
40,0.518097988002547,0.00989719850823133,0.508200789494316,1,0
40.2,0.508690797262255,0.00945313438458238,0.499237662877672,1,0
40.4,0.498114366701414,0.00900334109887955,0.489111025602535,1,0
40.6,0.486447271039201,0.00855362046225341,0.477893650576947,1,0
40.8,0.473747732689518,0.00811164014063497,0.465636092548883,1,0
41,0.460055960472795,0.00768661625608835,0.452369344216707,1,0
41.2,0.445394924334754,0.00728890660237001,0.438106017732384,1,0
41.4,0.42976916207368,0.00692966832813658,0.422839493745543,1,0
41.6,0.413164743983616,0.00662128086486515,0.40654346311875,1,0
41.8,0.395545372592735,0.0063790366050567,0.389166335987679,1,0
42,0.376845876209266,0.00622543250328975,0.370620443705976,1,0
42.2,0.356959838874931,0.00619982782944031,0.350760011045491,1,0
42.4,0.335717650515214,0.00638118743856642,0.329336463076647,1,0
42.6,0.312848467204766,0.00694847753841759,0.305899989666348,1,0
42.8,0.287911181432423,0.00836679712209874,0.279544384310325,1,0
43,0.260157730036169,0.0120474809560986,0.24811024908007,1,0
43.2,0.228239199022871,0.0227322974809833,0.205506901541888,1,0
43.4,0.189752441233687,0.0528007167954466,0.13695172443824,1,0
43.6,0.14288975968987,0.095985459352448,0.046904300337422,1,0
43.8,0.0994883520556822,0.0835332366053848,0.0159551154502975,1,0
44,0.106509915701223,0.0433001509016942,0.0632097647995289,1,0
20,0.431021786219296,0.00714306441787082,0.423878721801426,1,10
20.2,0.0674566826549017,0.00121740491303344,0.0662392777418683,1,10
20.4,0.0188238406162862,0.00243095281660333,0.0163928877996829,1,10
20.6,0.0120531591811928,0.00250307623851618,0.00955008294267657,1,10
20.8,0.0494619598177164,0.000243179323138271,0.0492187804945782,1,10
21,0.131974150051235,0.000281172646330692,0.131692977404905,1,10
21.2,0.178507058283063,0.000338185631187134,0.178168872651876,1,10
21.4,0.160794239146013,0.000249037942344152,0.160545201203668,1,10
21.6,0.0984391119608973,0.000257298306493725,0.0981818136544036,1,10
21.8,0.0385229401683427,0.00103916425954281,0.0374837759087999,1,10
22,0.0124883459015131,0.00391084541829736,0.00857750048321575,1,10
22.2,0.0191592032294023,0.00122757647652723,0.0179316267528751,1,10
22.4,0.0847815814214884,0.000182674299923512,0.0845989071215649,1,10
22.6,0.165381017883778,0.000201679329629949,0.165179338554148,1,10
22.8,0.182857419212707,0.000238260918477051,0.18261915829423,1,10
23,0.150355215556067,0.000210823701245756,0.150144391854821,1,10
23.2,0.0811761014966022,0.000281934699406885,0.0808941667971953,1,10
23.4,0.0293123444391196,0.00166357269586054,0.027648771743259,1,10
23.6,0.0100869568888645,0.00365399193802759,0.00643296495083696,1,10
23.8,0.0281620413334348,0.000711613457122732,0.0274504278763121,1,10
24,0.107690165235676,0.000144154421944905,0.107546010813731,1,10
24.2,0.176286175876275,0.000210462707673426,0.176075713168602,1,10
24.4,0.180348817896248,0.000226342878587603,0.18012247501766,1,10
24.6,0.137557833703726,0.000202478561524609,0.137355355142201,1,10
24.8,0.0661176588125054,0.000355354722520671,0.0657623040899847,1,10
25,0.0226267172096621,0.00249159029334606,0.0201351269163161,1,10
25.2,0.00985052406093418,0.00297045576282694,0.00688006829810724,1,10
25.4,0.0404325397378451,0.000429395275447327,0.0400031444623978,1,10
25.6,0.128192640796646,0.000144061774364647,0.128048579022281,1,10
25.8,0.182231774553493,0.000220365429496663,0.182011409123996,1,10
26,0.174976042368029,0.000218373342896835,0.174757669025132,1,10
26.2,0.122813278152372,0.000204786466636913,0.122608491685735,1,10
26.4,0.0532854783888292,0.000504502452892097,0.0527809759359371,1,10
26.6,0.0174225711540588,0.00332399844573883,0.0140985727083199,1,10
26.8,0.0116037028157506,0.00217550524679998,0.00942819756895064,1,10
27,0.0561169233342399,0.000270187904600015,0.0558467354296399,1,10
27.2,0.146036552741022,0.000158383491445716,0.145878169249576,1,10
27.4,0.184966338856539,0.000226899270181755,0.184739439586357,1,10
27.6,0.16741227203833,0.000211279247625654,0.167200992790705,1,10
27.8,0.106874415120237,0.000217024257767516,0.10665739086247,1,10
28,0.0425741428845074,0.000780732224166297,0.0417934106603411,1,10
28.2,0.0134860158210099,0.00386170341743104,0.0096243124035789,1,10
28.4,0.0156411041875858,0.00146955364053737,0.0141715505470485,1,10
28.6,0.0747439547634876,0.000185705133180091,0.0745582496303075,1,10
28.8,0.16060139167755,0.000177826050464944,0.160423565627085,1,10
29,0.185113020492587,0.000228825400699708,0.184884195091887,1,10
29.2,0.15774438416593,0.000205163480148341,0.157539220685782,1,10
29.4,0.0906200392812509,0.000244231475982956,0.090375807805268,1,10
29.6,0.0337342848009085,0.00125394530106164,0.0324803394998469,1,10
29.8,0.0108619987998489,0.00388832859597601,0.00697367020387293,1,10
30,0.0224142093132655,0.000937589315593619,0.0214766199976719,1,10
30.2,0.0951940197125094,0.00014795350290014,0.0950460662096092,1,10
30.4,0.171612754404123,0.000196943277109126,0.171415811127014,1,10
30.6,0.182985964952969,0.000226762442857082,0.182759202510112,1,10
30.8,0.145998292301519,0.000201249007320342,0.145797043294198,1,10
31,0.075067211089092,0.000297448808828031,0.074769762280264,1,10
31.2,0.0264627454354108,0.00196065943609503,0.0245020859993157,1,10
31.4,0.00970429632823057,0.0034209258359475,0.00628337049228306,1,10
31.6,0.0323880945041794,0.000579642014871293,0.0318084524893081,1,10
31.8,0.115885465165971,0.000139258941997933,0.115746206223974,1,10
32,0.179175511377059,0.000212486858692896,0.178963024518366,1,10
32.2,0.178748621472424,0.000221863745740535,0.178526757726683,1,10
32.4,0.1323092629725,0.00020127297219842,0.132107990000302,1,10
32.6,0.0610796308340495,0.00039842151916442,0.0606812093148851,1,10
32.8,0.0205280502947625,0.00281542981308252,0.0177126204816799,1,10
33,0.010244198899502,0.00267416705444788,0.00757003184505417,1,10
33.2,0.0458528567443176,0.000358392280881547,0.0454944644634361,1,10
33.4,0.135183933055779,0.000147827027762492,0.135036106028017,1,10
33.6,0.183614384555797,0.000222934276181022,0.183391450279616,1,10
33.8,0.172458269875224,0.000215433709090487,0.172242836166134,1,10
34,0.117043931519978,0.000207754855663733,0.116836176664314,1,10
34.2,0.049099035798182,0.000587522339078072,0.048511513459104,1,10
34.4,0.0158227552686281,0.00357200104777656,0.0122507542208515,1,10
34.6,0.0127998532345419,0.00189792191268128,0.0109019313218607,1,10
34.8,0.0626801180440764,0.000232013498587454,0.0624481045454889,1,10
35,0.151813079649098,0.000165189778652662,0.151647889870446,1,10
35.2,0.18530889937265,0.000228055403018509,0.185080843969631,1,10
35.4,0.16410484017478,0.000208810272378348,0.163896029902401,1,10
35.6,0.100880160889036,0.000224815166636919,0.100655345722399,1,10
35.8,0.0391211744149401,0.000928299251692503,0.0381928751632476,1,10
36,0.0123613718824499,0.00393567201864022,0.00842569986380964,1,10
36.2,0.0177872950795168,0.00125229386420229,0.0165350012153145,1,10
36.4,0.0821302233928051,0.000167467231131103,0.081962756161674,1,10
36.6,0.165066926093001,0.000185086737581893,0.164881839355419,1,10
36.8,0.184585556377164,0.000228460459596498,0.184357095917568,1,10
37,0.153664878896174,0.000203377216789517,0.153461501679384,1,10
37.2,0.0847680448322505,0.000259911168714453,0.084508133663536,1,10
37.4,0.0308932084957148,0.00148758142290038,0.0294056270728145,1,10
37.6,0.010255212713576,0.00376534855024635,0.00648986416332968,1,10
37.8,0.0256872120578249,0.000787360841511897,0.024899851216313,1,10
38,0.102863173688858,0.000142093010904821,0.102721080677953,1,10
38.2,0.174779972846401,0.000203182470965802,0.174576790375435,1,10
38.4,0.181668886506783,0.000225220489229944,0.181443666017554,1,10
38.6,0.141178740618767,0.000200686785145401,0.140978053833622,1,10
38.8,0.069709156231671,0.000327366872106167,0.0693817893595648,1,10
39,0.0241341991104616,0.00226761538098508,0.0218665837294765,1,10
39.2,0.00969063506537662,0.00316465934791703,0.00652597571745959,1,10
39.4,0.0369272739964124,0.000484746795743707,0.0364425272006686,1,10
39.6,0.123220414092245,0.000140904718678015,0.123079509373567,1,10
39.8,0.181150142657758,0.000216954269363337,0.180933188388395,1,10
40,0.176674499222143,0.000219606925170353,0.176454892296973,1,10
40.2,0.126852080573725,0.00020273318355245,0.126649347390172,1,10
40.4,0.056434239684979,0.000454796923605933,0.0559794427613731,1,10
40.6,0.018657120900717,0.0031215996891802,0.0155355212115368,1,10
40.8,0.0109293885929816,0.00238117057198576,0.00854821802099586,1,10
41,0.0516726191871166,0.000302897468489209,0.0513697217186274,1,10
41.2,0.14165753653797,0.000153561582322294,0.141503974955647,1,10
41.4,0.18453712079682,0.000225417206826582,0.184311703589993,1,10
41.6,0.169628977044759,0.000212949683116942,0.169416027361642,1,10
41.8,0.111160666645357,0.000212499121026403,0.110948167524331,1,10
42,0.0452089753620609,0.000691235525184948,0.0445177398368759,1,10
42.2,0.0144016604174674,0.00376400422402783,0.0106376561934396,1,10
42.4,0.0143257477964314,0.00164067353588285,0.0126850742605486,1,10
42.6,0.0695848882500094,0.000202504055078543,0.0693823841949308,1,10
42.8,0.157096555552449,0.000172479900606999,0.156924075651842,1,10
43,0.185309719258257,0.000228702423547525,0.185081016834709,1,10
43.2,0.160509815379598,0.000206598042715716,0.160303217336883,1,10
43.4,0.0948961079932353,0.000235060421456692,0.0946610475717786,1,10
43.6,0.0359092014910699,0.001106003375952,0.0348031981151179,1,10
43.8,0.0114212535212015,0.00393463300536281,0.00748662051583872,1,10
44,0.0203271920430257,0.00106040941062297,0.0192667826324027,1,10
20,0.431021786219296,0.00714306441787082,0.423878721801426,1,30
20.2,0.00194824590793946,3.94351517235459e-05,0.00190881075621592,1,30
20.4,0.00286182596873997,4.58315158662771e-06,0.00285724281715335,1,30
20.6,0.0109264099086146,3.652332175111e-08,0.0109263733852928,1,30
20.8,0.00430040895174818,1.46269907266504e-06,0.00429894625267551,1,30
21,0.000468783933729603,2.53419473868153e-06,0.000466249738990921,1,30
21.2,6.12233013195206e-05,4.42584635710259e-07,6.07807166838103e-05,1,30
21.4,0.000154734530014665,3.29813488281296e-08,0.000154701548665837,1,30
21.6,0.00014482153222158,2.38120684542206e-08,0.000144797720153125,1,30
21.8,3.74783909345375e-05,5.54138862188626e-08,3.74229770483186e-05,1,30
22,4.84807993386605e-06,2.56201343440021e-08,4.82245979952205e-06,1,30
22.2,3.09137518601344e-06,3.99069454679168e-09,3.08738449146665e-06,1,30
22.4,3.69813264681674e-06,6.99950704608988e-10,3.69743269611213e-06,1,30
22.6,1.72608588312687e-06,1.12132354989412e-09,1.72496455957698e-06,1,30
22.8,3.64049463656092e-07,8.72028218122761e-10,3.63177435437969e-07,1,30
23,9.16803549538663e-08,2.56919547688318e-10,9.1423435406178e-08,1,30
23.2,8.73113510399867e-08,4.32263923971272e-11,8.72681246475896e-08,1,30
23.4,5.79952551096913e-08,2.46334025096342e-11,5.79706217071817e-08,1,30
23.6,1.91427619331064e-08,2.37036260016738e-11,1.91190583071048e-08,1,30
23.8,4.35284087984722e-09,1.09755309386435e-11,4.34186534890858e-09,1,30
24,2.21106172747777e-09,2.67108127946834e-12,2.2083906461983e-09,1,30
24.2,1.66770409863432e-09,7.58797533050582e-13,1.66694530110126e-09,1,30
24.4,7.66923984688897e-10,5.97851206131644e-13,7.66326133482765e-10,1,30
24.6,2.18849611991995e-10,3.69303108858903e-13,2.18480308883136e-10,1,30
24.8,7.14000822564825e-11,1.28293251295304e-13,7.12717890051872e-11,1,30
25,4.56865468919497e-11,3.33180905330377e-14,4.56532288014166e-11,1,30
25.2,2.58668949977722e-11,1.6136834406774e-14,2.58507581633654e-11,1,30
25.4,9.54092225067276e-12,1.09283346349831e-14,9.52999391603778e-12,1,30
25.6,2.88616415577913e-12,4.99637019840433e-15,2.88116778558073e-12,1,30
25.8,1.33374124223941e-12,1.53984468239073e-15,1.33220139755702e-12,1,30
26,7.93705118648278e-13,5.32040561586482e-16,7.93173078086692e-13,1,30
26.2,3.59773282000749e-13,3.11798887969276e-16,3.5946148311278e-13,1,30
26.4,1.21679646057505e-13,1.68953177014033e-16,1.21510692880491e-13,1,30
26.6,4.49300903496143e-14,6.41805328456229e-17,4.48659098167687e-14,1,30
26.8,2.38541755228891e-14,2.0817413403141e-17,2.38333581094859e-14,1,30
27,1.22162793786456e-14,9.43583986642304e-18,1.22068435387792e-14,1,30
27.2,4.81189497671703e-15,5.28405151406729e-18,4.80661092520296e-15,1,30
27.4,1.69506788444958e-15,2.38274551128528e-18,1.6926851389383e-15,1,30
27.6,7.53302798794293e-16,8.43143403783453e-19,7.5245965539051e-16,1,30
27.8,3.91836200303468e-16,3.20753083145734e-19,3.91515447220322e-16,1,30
28,1.75310536710555e-16,1.62960604912719e-19,1.75147576105643e-16,1,30
28.2,6.55685728494093e-17,8.11141652339134e-20,6.54874586841754e-17,1,30
28.4,2.58478365241395e-17,3.25248229211082e-20,2.58153117012184e-17,1,30
28.6,1.24834733509064e-17,1.19093154091416e-20,1.24715640354972e-17,1,30
28.8,5.99125736685903e-18,5.24874045071139e-21,5.98600862640832e-18,1,30
29,2.45517050579969e-18,2.6358770538904e-21,2.4525346287458e-18,1,30
29.2,9.4189032298861e-19,1.17417765808567e-21,9.40716145330525e-19,1,30
29.4,4.11549428064694e-19,4.51118037756597e-22,4.11098310026937e-19,1,30
29.6,1.98027753147846e-19,1.80815439511429e-22,1.97846937708335e-19,1,30
29.8,8.76603021081525e-20,8.53260012180373e-23,8.75749761069345e-20,1,30
30,3.48051634963422e-20,4.0214929488394e-23,3.47649485668538e-20,1,30
30.2,1.42363069205947e-20,1.66542612878864e-23,1.42196526593068e-20,1,30
30.4,6.53854832524364e-21,6.53222573349702e-24,6.53201609951014e-21,1,30
30.6,3.01174835339983e-21,2.84371528693864e-24,3.00890463811289e-21,1,30
30.8,1.26315088396642e-21,1.34066631058108e-24,1.26181021765584e-21,1,30
31,5.08965390315423e-22,5.91482731910143e-25,5.08373907583513e-22,1,30
31.2,2.20735449317797e-22,2.38603135644053e-25,2.20496846182153e-22,1,30
31.4,1.01511914525005e-22,9.85433977742856e-26,1.0141337112723e-22,1,30
31.6,4.457784056989e-23,4.46944035702503e-26,4.45331461663197e-23,1,30
31.8,1.83340764140923e-23,2.03556301507363e-26,1.83137207839415e-23,1,30
32,7.66301062698379e-24,8.58908959972481e-27,7.65442153738406e-24,1,30
32.2,3.42445194909465e-24,3.50569094596141e-27,3.42094625814868e-24,1,30
32.4,1.53769432729981e-24,1.51796884586136e-27,1.53617635845395e-24,1,30
32.6,6.53506407681419e-25,6.89840553855894e-28,6.52816567127563e-25,1,30
32.8,2.70962400463772e-25,3.02205684689658e-28,2.70660194779082e-25,1,30
33,1.17141111124791e-25,1.2545330503751e-28,1.17015657819753e-25,1,30
33.2,5.2471111053254e-26,5.27378263302661e-29,5.24183732269238e-26,1,30
33.4,2.2911745465922e-26,2.34047874735163e-29,2.28883406784485e-26,1,30
33.6,9.61935068679907e-27,1.0437042506944e-29,9.60891364429213e-27,1,30
33.8,4.07282660959893e-27,4.45072387071423e-30,4.06837588572822e-27,1,30
34,1.79273174545963e-27,1.85937718809424e-30,1.79087236827153e-27,1,30
34.2,7.9257558492839e-28,8.03313097156331e-31,7.91772271831233e-28,1,30
34.4,3.3933272462644e-28,3.5735062084017e-31,3.389753740056e-28,1,30
34.6,1.4307824319221e-28,1.55779342708526e-31,1.42922463849502e-28,1,30
34.8,6.17778626302585e-29,6.57579758218666e-32,6.17121046544367e-29,1,30
35,2.72516818702369e-29,2.79386259810019e-32,2.72237432442559e-29,1,30
35.2,1.18535914848566e-29,1.2250422315408e-32,1.18413410625412e-29,1,30
35.4,5.03659315240732e-30,5.39328884947021e-33,5.03119986355785e-30,1,30
35.6,2.14918123646974e-30,2.31340124978464e-33,2.14686783521996e-30,1,30
35.8,9.38066631643772e-31,9.79773137977071e-34,9.37086858505795e-31,1,30
36,4.10840304926003e-31,4.2294804813444e-34,4.10417356877868e-31,1,30
36.2,1.76610801191139e-31,1.85824072855546e-34,1.76424977118283e-31,1,30
36.4,7.52057146467928e-32,8.0737428367937e-35,7.51249772184249e-32,1,30
36.6,3.24595541038833e-32,3.44130328873815e-35,3.24251410709959e-32,1,30
36.8,1.41917512392113e-32,1.47153937101062e-35,1.41770358455012e-32,1,30
37,6.1570872680119e-33,6.40911778211517e-36,6.15067815022979e-33,1,30
37.2,2.63432109932613e-33,2.79988291623435e-36,2.6315212164099e-33,1,30
37.4,1.1294251145799e-33,1.20482908816623e-36,1.12822028549174e-33,1,30
37.6,4.90653412397197e-34,5.14390209257254e-37,4.90139022187939e-34,1,30
37.8,2.13676628278726e-34,2.22006491923419e-37,2.13454621786802e-34,1,30
38,9.2056245659906e-35,9.68377014264827e-38,9.19594079584795e-35,1,30
38.2,3.94283301828033e-35,4.19823362867404e-38,3.93863478465166e-35,1,30
38.4,1.70171605716981e-35,1.79947110458603e-38,1.69991658606522e-35,1,30
38.6,7.40173074141873e-36,7.72480759740596e-39,7.39400593382132e-36,1,30
38.8,3.20585430046015e-36,3.35183638758767e-39,3.20250246407256e-36,1,30
39,1.37711150072054e-36,1.45749438639842e-39,1.37565400633414e-36,1,30
39.2,5.92111654359701e-37,6.28260600127745e-40,5.91483393759573e-37,1,30
39.4,2.56554228142518e-37,2.69501946117429e-40,2.562847261964e-37,1,30
39.6,1.11349891145005e-37,1.16319326401845e-40,1.11233571818603e-37,1,30
39.8,4.80279969672984e-38,5.05252733541737e-41,4.79774716939442e-38,1,30
40,2.06410938140117e-38,2.18732984607965e-41,2.06192205155509e-38,1,30
40.2,8.90949390031418e-39,9.40569194027192e-42,8.90008820837391e-39,1,30
40.4,3.86361846439837e-39,4.0472641109533e-42,3.85957120028742e-39,1,30
40.6,1.67161332988981e-39,1.75244892958619e-42,1.66986088096023e-39,1,30
40.8,7.19707154668618e-40,7.59910930419414e-43,7.18947243738198e-40,1,30
41,3.09988884537936e-40,3.27863162950869e-43,3.09661021374986e-40,1,30
41.2,1.34117127001207e-40,1.41033722119315e-43,1.33976093279088e-40,1,30
41.4,5.80919744889568e-41,6.08783403920382e-44,5.80310961485648e-41,1,30
41.6,2.50719794789634e-41,2.6379218824803e-44,2.50456002601386e-41,1,30
41.8,1.07968857445746e-41,1.14096592270728e-44,1.07854760853475e-41,1,30
42,4.6609219604363e-42,4.91531435328071e-45,4.65600664608302e-42,1,30
42.2,2.01769680838949e-42,2.11809525306896e-45,2.01557871313642e-42,1,30
42.4,8.72366516547706e-43,9.16053682199716e-46,8.71450462865506e-43,1,30
42.6,3.76087382973291e-43,3.96568623489791e-46,3.75690814349802e-43,1,30
42.8,1.62157493582794e-43,1.71181227591613e-46,1.61986312355202e-43,1,30
43,7.01003215937644e-44,7.37558245850319e-47,7.00265657691794e-44,1,30
43.2,3.03269258245849e-44,3.1841139284678e-47,3.02950846853002e-44,1,30
43.4,1.30930166813163e-44,1.37776244107855e-47,1.30792390569055e-44,1,30
43.6,5.64496653879862e-45,5.95572458767894e-48,5.63901081421094e-45,1,30
43.8,2.43715088516402e-45,2.56845698792232e-48,2.4345824281761e-45,1,30
44,1.05396862647407e-45,1.10775564358842e-48,1.05286087083048e-45,1,30
20,0.431021786219296,0.00714306441787082,0.423878721801426,1,100
20.2,0.00036755459603506,1.01589029124263e-10,0.000367554494446031,1,100
20.4,0.00378560912284475,2.7544199261035e-15,0.003785609122842,1,100
20.6,0.0069279771373131,9.03762904152653e-13,0.00692797713640933,1,100
20.8,0.00025731739136958,3.85103522960349e-12,0.000257317387518545,1,100
21,3.0673751464432e-07,1.26413001684129e-13,3.06737388231319e-07,1,100
21.2,9.49113101858006e-10,1.45226949963839e-16,9.49112956631056e-10,1,100
21.4,5.52661908887335e-10,5.52134040328356e-19,5.52661908335201e-10,1,100
21.6,3.73443797442660e-11,3.40560980430328e-19,3.73443794037051e-11,1,100
21.8,3.54618152794585e-13,2.03518180105898e-20,3.54618132442767e-13,1,100
22,8.37226038777182e-16,1.76165606090001e-22,8.37225862611576e-16,1,100
22.2,5.57719549997806e-17,4.21647484262201e-25,5.57719545781331e-17,1,100
22.4,4.40215489053669e-18,3.37091445609898e-26,4.40215485682755e-18,1,100
22.6,9.06320488981863e-20,2.4758362768328e-27,9.063204642235e-20,1,100
22.8,5.91165325244658e-22,4.74363739437611e-29,5.91165277808284e-22,1,100
23,7.0728222682519e-24,2.96573193193671e-31,7.07282197167871e-24,1,100
23.2,5.02925903600054e-25,4.09631791393977e-33,5.02925899503736e-25,1,100
23.4,1.54804549554271e-26,2.86746576434135e-34,1.54804546686805e-26,1,100
23.6,1.89722710807199e-28,8.35707821467082e-36,1.89722702450121e-28,1,100
23.8,1.59226301356677e-30,9.80060907280281e-38,1.59226291556068e-30,1,100
24,5.91879476174163e-32,8.54540147003295e-40,5.91879467628762e-32,1,100
24.2,2.25307332277549e-33,3.3809176117313e-41,2.25307328896631e-33,1,100
24.4,4.14036811752087e-35,1.23965729672403e-42,4.14036799355514e-35,1,100
24.6,4.35417545853811e-37,2.19088492916697e-44,4.35417523944962e-37,1,100
24.8,8.14833146688323e-39,2.28246397087309e-46,8.14833123863683e-39,1,100
25,3.06490190248424e-40,4.56906169871569e-48,3.06490185679362e-40,1,100
25.2,7.3748112455971e-42,1.70513290583993e-49,7.37481107508381e-42,1,100
25.4,1.03587051933077e-43,3.97239452563869e-51,1.03587047960683e-43,1,100
25.6,1.44105512276432e-45,5.46056004015483e-53,1.44105506815872e-45,1,100
25.8,4.18839985812676e-47,7.84466612634854e-55,4.1883997796801e-47,1,100
26,1.17196267974725e-48,2.33529627745693e-56,1.17196265639429e-48,1,100
26.2,2.10045951130738e-50,6.39342028151243e-58,2.10045944737317e-50,1,100
26.4,2.93801955423544e-52,1.11974623913388e-59,2.93801944226082e-52,1,100
26.6,6.21449912122954e-54,1.57310075856225e-61,6.21449896391946e-54,1,100
26.8,1.76088364404703e-55,3.43649163847351e-63,1.76088360968212e-55,1,100
27,3.78074286724325e-57,9.68102350416506e-65,3.78074277043301e-57,1,100
27.2,5.97121734163618e-59,2.03706286374182e-66,5.97121713792989e-59,1,100
27.4,1.04061126612728e-60,3.18999223202905e-68,1.04061123422736e-60,1,100
27.6,2.63459081672435e-62,5.67789513799581e-70,2.6345907599454e-62,1,100
27.8,6.28834352102327e-64,1.45137061968432e-71,6.28834337588621e-64,1,100
28,1.14127825024968e-65,3.4168176357527e-73,1.1412782160815e-65,1,100
28.2,1.89791653509478e-67,6.12265997408966e-75,1.89791647386818e-67,1,100
28.4,4.10668811503805e-69,1.02548796520847e-76,4.10668801248925e-69,1,100
28.6,1.00234049943559e-70,2.25418449174484e-78,1.00234047689374e-70,1,100
28.8,2.04239141847079e-72,5.47568018452042e-80,2.04239136371399e-72,1,100
29,3.53843364048876e-74,1.10210467662064e-81,3.53843353027829e-74,1,100
29.2,6.81027839960769e-76,1.90541034113574e-83,6.81027820906665e-76,1,100
29.4,1.58407274560215e-77,3.7140444249264e-85,1.5840727084617e-77,1,100
29.6,3.47277907266352e-79,8.66947196632846e-87,3.4727789859688e-79,1,100
29.8,6.4700753040384e-81,1.88387519690891e-88,6.47007511565088e-81,1,100
30,1.18726572457266e-82,3.48749734522496e-90,1.18726568969769e-82,1,100
30.2,2.55102505069364e-84,6.43886162510394e-92,2.55102498630502e-84,1,100
30.4,5.72694352393219e-86,1.39419166989589e-93,5.72694338451303e-86,1,100
30.6,1.14424888229288e-87,3.11799549677108e-95,1.14424885111292e-87,1,100
30.8,2.11434948391366e-89,6.18549544531868e-97,2.11434942205871e-89,1,100
31,4.24244559138804e-91,1.14350380802074e-98,4.24244547703766e-91,1,100
31.2,9.35390516483691e-93,2.31120293644018e-100,9.35390493371661e-93,1,100
31.4,1.96218105456401e-94,5.100505480498e-102,1.96218100355895e-94,1,100
31.6,3.75337150868369e-96,1.06398626170429e-103,3.75337140228507e-96,1,100
31.8,7.26252359504067e-98,2.02950848929559e-105,7.26252339208982e-98,1,100
32,1.53907378122497e-99,3.94410822826885e-107,1.53907374178389e-99,1,100
32.2,3.29568613673311e-101,8.38909881073173e-109,3.29568605284213e-101,1,100
32.4,6.56044604199026e-103,1.79127759684765e-110,6.5604458628625e-103,1,100
32.6,1.26305512419364e-104,3.55179836786168e-112,1.26305508867566e-104,1,100
32.8,2.57419925603463e-106,6.84624655785162e-114,2.57419918757216e-106,1,100
33,5.48814734204316e-108,1.40097775413886e-115,5.48814720194539e-108,1,100
33.2,1.12683211771892e-109,2.98646176340681e-117,1.1268320878543e-109,1,100
33.4,2.20143691580799e-111,6.11100955200248e-119,2.20143685469789e-111,1,100
33.6,4.37714796658421e-113,1.19264201503396e-120,4.37714784732001e-113,1,100
33.8,9.15600828072695e-115,2.37809432539717e-122,9.15600804291752e-115,1,100
34,1.90990865844967e-116,4.98265151787152e-124,1.90990860862316e-116,1,100
34.2,3.81230211477545e-118,1.03727947642156e-125,3.8123020110475e-118,1,100
34.4,7.52241777323054e-120,2.06627933274113e-127,7.52241756660261e-120,1,100
34.6,1.53976735088129e-121,4.08188789738004e-129,1.53976731006241e-121,1,100
34.8,3.21557458844453e-123,8.37350324683636e-131,3.2155745047095e-123,1,100
35,6.54041798231451e-125,1.74786947092908e-132,6.54041780752756e-125,1,100
35.2,1.29705448565031e-126,3.54804547753783e-134,1.29705445016985e-126,1,100
35.4,2.61334194616831e-128,7.03467314001588e-136,2.61334187582158e-128,1,100
35.6,5.41128199672714e-130,1.41985466241374e-137,5.41128185474168e-130,1,100
35.8,1.113032058522e-131,2.94194848253712e-139,1.11303202910251e-131,1,100
36,2.23154378401083e-133,6.04313850702214e-141,2.23154372357944e-133,1,100
36.2,4.46554125794909e-135,1.21041457821965e-142,4.46554113690764e-135,1,100
36.4,9.13920998425536e-137,2.42434353935342e-144,9.13920974182101e-137,1,100
36.6,1.88511854906598e-138,4.96731252526001e-146,1.88511849939286e-138,1,100
36.8,3.82116961651295e-140,1.02409461984962e-147,3.82116951410349e-140,1,100
37,7.65295603376329e-142,2.07352501363345e-149,7.65295582641079e-142,1,100
37.2,1.55121924707727e-143,4.1531780212023e-151,1.55121920554549e-143,1,100
37.4,3.18898969052134e-145,8.42705326560778e-153,3.18898960625081e-145,1,100
37.6,6.5123742118253e-147,1.73278233633427e-154,6.51237403854706e-147,1,100
37.8,1.31106531796759e-148,3.53559018105218e-156,1.31106528261169e-148,1,100
38,2.64380441622591e-150,7.11474558349598e-158,2.64380434507845e-150,1,100
38.2,5.4023913017646e-152,1.4356165109064e-159,5.40239115820295e-152,1,100
38.4,1.10637379814e-153,2.93520954130816e-161,1.1063737687879e-153,1,100
38.6,2.2410255931018e-155,6.0087161770164e-163,2.24102553301463e-155,1,100
38.8,4.51591305407316e-157,1.21636186625506e-164,4.51591293243697e-157,1,100
39,9.17567082139865e-159,2.45152858838842e-166,9.17567057624579e-159,1,100
39.2,1.87733315523862e-160,4.98409882423365e-168,1.87733310539764e-160,1,100
39.4,3.82054829654296e-162,1.01975274349229e-169,3.82054819456769e-162,1,100
39.6,7.71599641048348e-164,2.07422065019792e-171,7.71599620306142e-164,1,100
39.8,1.56222391894877e-165,4.18842861493985e-173,1.56222387706449e-165,1,100
40,3.18682338426322e-167,8.48363265325032e-175,3.18682329942689e-167,1,100
40.2,6.50026740096761e-169,1.73104904620622e-176,6.5002672278627e-169,1,100
40.4,1.31710781191034e-170,3.52985147370973e-178,1.31710777661183e-170,1,100
40.6,2.66384323449121e-172,7.15007666653253e-180,2.66384316299045e-172,1,100
40.8,5.4165857097095e-174,1.44633962448581e-181,5.41658556507554e-174,1,100
41,1.10487902680279e-175,2.9419054383852e-183,1.10487899738374e-175,1,100
41.2,2.24511671657024e-177,6.000587620442e-185,2.24511665656436e-177,1,100
41.4,4.54435590405375e-179,1.21895205950493e-186,4.54435578215854e-179,1,100
41.6,9.21915625681627e-181,2.46719241255662e-188,9.21915601009703e-181,1,100
41.8,1.87798551369334e-182,5.00649381111615e-190,1.8779854636284e-182,1,100
42,3.82232586663307e-184,1.01995609939447e-191,3.82232576463746e-184,1,100
42.2,7.74973361540004e-186,2.07554267377542e-193,7.74973340784577e-186,1,100
42.4,1.57066655688665e-187,4.20750688561988e-195,1.57066651481158e-187,1,100
42.6,3.19390230335061e-189,8.52861668369205e-197,3.19390221806444e-189,1,100
42.8,6.50298027347049e-191,1.73456598586665e-198,6.50298010001389e-191,1,100
43,1.32065560617478e-192,3.53144827812549e-200,1.32065557086029e-192,1,100
43.2,2.67705404449236e-194,7.17060730128997e-202,2.67705397278629e-194,1,100
43.4,5.43597961900945e-196,1.45354182623902e-203,5.43597947365526e-196,1,100
43.6,1.10619363587263e-197,2.95199121696918e-205,1.10619360635271e-197,1,100
43.8,2.24897489158322e-199,6.00736247243736e-207,2.2489748315096e-199,1,100
44,4.56246678453283e-201,1.22118848521137e-208,4.56246666241398e-201,1,100
20,0.431021786219296,0.00714306441787082,0.423878721801426,0.1,0
20.2,0.414734019128812,0.00679990885102853,0.407934110277784,0.1,0
20.4,0.397401853714709,0.00652083994178047,0.390881013772928,0.1,0
20.6,0.378969210982218,0.00632900251348855,0.372640208468729,0.1,0
20.8,0.35933923576998,0.00626222523199211,0.353077010537987,0.1,0
21,0.338354776473743,0.00639315388941096,0.331961622584332,0.1,0
21.2,0.315763735977663,0.00688223861020817,0.308881497367455,0.1,0
21.4,0.291155715518995,0.00813793214602812,0.283017783372967,0.1,0
21.6,0.26383742321778,0.0113759122114088,0.252461511006371,0.1,0
21.8,0.232565420689864,0.0206659296062633,0.211899491083601,0.1,0
22,0.195083733660047,0.0474819931981956,0.147601740461851,0.1,0
22.2,0.149142920111288,0.0922279179799478,0.05691500213134,0.1,0
22.4,0.103585816788925,0.0884234378513458,0.0151623789375794,0.1,0
22.6,0.100313378603557,0.0476925672271305,0.0526208113764266,0.1,0
22.8,0.196732071753644,0.0218175031517793,0.174914568601864,0.1,0
23,0.322459017757047,0.0134139490308986,0.309045068726149,0.1,0
23.2,0.401119033895543,0.012021305809743,0.389097728085801,0.1,0
23.4,0.45157881122006,0.0123147954494907,0.43926401577057,0.1,0
23.6,0.485341558109096,0.0127923474110061,0.47254921069809,0.1,0
23.8,0.508119631855249,0.0130252282633131,0.495094403591936,0.1,0
24,0.523499434217452,0.0130075007613638,0.510491933456088,0.1,0
24.2,0.533613619749128,0.0128230336719302,0.520790586077197,0.1,0
24.4,0.539726559916101,0.0125424092970206,0.52718415061908,0.1,0
24.6,0.542635749976226,0.0122087937222568,0.530426956253969,0.1,0
24.8,0.542894415090762,0.0118448915745246,0.531049523516237,0.1,0
25,0.540912458219724,0.0114612862064824,0.529451172013241,0.1,0
25.2,0.537000873782617,0.0110622972651027,0.525938576517514,0.1,0
25.4,0.531397905774906,0.0106495202553741,0.520748385519532,0.1,0
25.6,0.524289479562313,0.0102238568545536,0.514065622707759,0.1,0
25.8,0.515821939409858,0.00978671611621927,0.506035223293639,0.1,0
26,0.506113388872793,0.00934074790766839,0.496772640965125,0.1,0
26.2,0.495256979232402,0.00889032968139698,0.486366649551005,0.1,0
26.4,0.483325645281487,0.00844172741375682,0.47488391786773,0.1,0
26.6,0.470373758528267,0.00800305540330457,0.462370703124963,0.1,0
26.8,0.456436643111489,0.00758384307238435,0.448852800039104,0.1,0
27,0.441532955903039,0.00719467396314286,0.434338281939896,0.1,0
27.2,0.425662755676881,0.00684694954329003,0.418815806133591,0.1,0
27.4,0.408806799685548,0.00655354832074759,0.4022532513648,0.1,0
27.6,0.390922437225423,0.00633104826127528,0.384591388964148,0.1,0
27.8,0.371935520519825,0.00620498514936847,0.365730535370456,0.1,0
28,0.351726192109135,0.00622174662933428,0.345504445479801,0.1,0
28.2,0.330103736182886,0.00647731329931663,0.323626422883569,0.1,0
28.4,0.306762570162067,0.00719636948225866,0.299566200679808,0.1,0
28.6,0.281201008067107,0.00898568833553446,0.272215319731572,0.1,0
28.8,0.252556060462342,0.0137550997042409,0.238800960758101,0.1,0
29,0.219251049816116,0.0278693841201448,0.191381665695971,0.1,0
29.2,0.178644544389712,0.0644970456312952,0.114147498758416,0.1,0
29.4,0.130467440849983,0.0998713005174443,0.0305961403325389,0.1,0
29.6,0.0937230936241119,0.0728464241093535,0.0208766695147584,0.1,0
29.8,0.124616977257445,0.0354782627673507,0.0891387144900939,0.1,0
30,0.248827811860333,0.0170945754499104,0.231733236410423,0.1,0
30.2,0.357053285366393,0.0125025848060989,0.344550700560294,0.1,0
30.4,0.422734218979418,0.012046713032405,0.410687505947013,0.1,0
30.6,0.46601179211289,0.0125115917755522,0.453500200337338,0.1,0
30.8,0.495068845706751,0.0129138489372396,0.482154996769512,0.1,0
31,0.514713997690805,0.0130439222466474,0.501670075444158,0.1,0
31.2,0.52790615848877,0.0129533001961636,0.514952858292607,0.1,0
31.4,0.536388789439481,0.0127258241946152,0.523662965244866,0.1,0
31.6,0.541212528055526,0.0124214836705299,0.528791044384996,0.1,0
31.8,0.543063997706949,0.0120746422553947,0.530989355451555,0.1,0
32,0.542434404177826,0.0117025600214833,0.530731844156342,0.1,0
32.2,0.539692226668858,0.0113129064993666,0.528379320169491,0.1,0
32.4,0.535118316596724,0.0109086532520179,0.524209663344706,0.1,0
32.6,0.528928769044091,0.0104909537137755,0.518437815330316,0.1,0
32.8,0.521293373601521,0.0100607844643359,0.511232589137185,0.1,0
33,0.512346876587014,0.00961996114548915,0.502726915441524,0.1,0
33.2,0.50219695629768,0.00917172862296394,0.493025227674717,0.1,0
33.4,0.490929756703516,0.00872118596861232,0.482208570734904,0.1,0
33.6,0.478610004644575,0.00827530227004523,0.47033470237453,0.1,0
33.8,0.465285460509761,0.00784278737482282,0.457442673134938,0.1,0
34,0.450985016885196,0.00743360877316994,0.443551408112026,0.1,0
34.2,0.435720235291563,0.00705862950297543,0.428661605788588,0.1,0
34.4,0.419484456172242,0.00672967416479981,0.412754782007442,0.1,0
34.6,0.402250110352719,0.00646060770243562,0.395789502650283,0.1,0
34.8,0.383964014672447,0.00627048873703612,0.377693525935411,0.1,0
35,0.3645371240332,0.00619069042370488,0.358346433609495,0.1,0
35.2,0.343826781445604,0.00628122478545823,0.337545556660145,0.1,0
35.4,0.321605909491219,0.00667199377045125,0.314933915720768,0.1,0
35.6,0.297508157623699,0.00768283960938475,0.289825318014315,0.1,0
35.8,0.270923316882241,0.0102295731983821,0.260693743683859,0.1,0
36,0.240776859980418,0.0173247468533906,0.223452113127028,0.1,0
36.2,0.205094412049925,0.0383584129335006,0.166735999116424,0.1,0
36.4,0.16119800173289,0.0823645687805672,0.078833432952323,0.1,0
36.6,0.113243763293458,0.0960631913317652,0.0171805719616927,0.1,0
36.8,0.0933645558992031,0.0570933537644623,0.0362712021347408,0.1,0
37,0.164399735746378,0.0263101934381171,0.138089542308261,0.1,0
37.2,0.295752617271013,0.0144427630988655,0.281309854172147,0.1,0
37.4,0.385086060684218,0.0121081040537871,0.372977956630431,0.1,0
37.6,0.440968626887947,0.0121896630813101,0.428778963806637,0.1,0
37.8,0.478227316525511,0.012690735114513,0.465536581410998,0.1,0
38,0.503317805916008,0.0129936738390178,0.49032413207699,0.1,0
38.2,0.520284442762457,0.0130310923543101,0.507253350408147,0.1,0
38.4,0.531559497651494,0.0128804762123438,0.51867902143915,0.1,0
38.6,0.538576927528837,0.0126187969747344,0.525958130554103,0.1,0
38.8,0.542222669718265,0.0122956662273404,0.529927003490925,0.1,0
39,0.54309726498499,0.0119380245650079,0.531159240419982,0.1,0
39.2,0.541640564250132,0.0115588136590765,0.530081750591055,0.1,0
39.4,0.538185067361489,0.011163502428824,0.527021564932665,0.1,0
39.6,0.532985033981187,0.0107541268829552,0.522230907098231,0.1,0
39.8,0.526237643201894,0.0103316274242809,0.515906015777613,0.1,0
40,0.518097988002547,0.00989719850823133,0.508200789494316,0.1,0
40.2,0.508690797262255,0.00945313438458238,0.499237662877672,0.1,0
40.4,0.498114366701414,0.00900334109887955,0.489111025602535,0.1,0
40.6,0.486447271039201,0.00855362046225341,0.477893650576947,0.1,0
40.8,0.473747732689518,0.00811164014063497,0.465636092548883,0.1,0
41,0.460055960472795,0.00768661625608835,0.452369344216707,0.1,0
41.2,0.445394924334754,0.00728890660237001,0.438106017732384,0.1,0
41.4,0.42976916207368,0.00692966832813658,0.422839493745543,0.1,0
41.6,0.413164743983616,0.00662128086486515,0.40654346311875,0.1,0
41.8,0.395545372592735,0.0063790366050567,0.389166335987679,0.1,0
42,0.376845876209266,0.00622543250328975,0.370620443705976,0.1,0
42.2,0.356959838874931,0.00619982782944031,0.350760011045491,0.1,0
42.4,0.335717650515214,0.00638118743856642,0.329336463076647,0.1,0
42.6,0.312848467204766,0.00694847753841759,0.305899989666348,0.1,0
42.8,0.287911181432423,0.00836679712209874,0.279544384310325,0.1,0
43,0.260157730036169,0.0120474809560986,0.24811024908007,0.1,0
43.2,0.228239199022871,0.0227322974809833,0.205506901541888,0.1,0
43.4,0.189752441233687,0.0528007167954466,0.13695172443824,0.1,0
43.6,0.14288975968987,0.095985459352448,0.046904300337422,0.1,0
43.8,0.0994883520556822,0.0835332366053848,0.0159551154502975,0.1,0
44,0.106509915701223,0.0433001509016942,0.0632097647995289,0.1,0
20,0.431021786219296,0.00714306441787082,0.423878721801426,0.1,10
20.2,0.0674437156294033,0.00121743980850936,0.0662262758208939,0.1,10
20.4,0.0187193097082825,0.00243187309823376,0.0162874366100487,0.1,10
20.6,0.00843741952708377,0.00250603919191367,0.0059313803351701,0.1,10
20.8,0.0248582211790383,0.000222191682623445,0.0246360294964148,0.1,10
21,0.03652169227195,7.60908740421427e-05,0.0364456013979079,0.1,10
21.2,0.0250799849089415,0.000261222023185644,0.0248187628857559,0.1,10
21.4,0.0120605177085782,0.000982818232381441,0.0110776994761968,0.1,10
21.6,0.00653714071322971,0.00122417665682839,0.00531296405640132,0.1,10
21.8,0.0114675350755717,0.000383174021755632,0.0110843610538161,0.1,10
22,0.0175481899111202,9.85005461634009e-05,0.0174496893649568,0.1,10
22.2,0.0147278708236587,0.000238042894332664,0.014489827929326,0.1,10
22.4,0.00847841222362345,0.000604655767436292,0.00787375645618716,0.1,10
22.6,0.00568383112466167,0.000686743542741124,0.00499708758192055,0.1,10
22.8,0.00822779070434914,0.000312091466492926,0.00791569923785621,0.1,10
23,0.0112563425172658,0.000125464116396571,0.0111308784008692,0.1,10
23.2,0.0098703537162412,0.000225252760983063,0.00964510095525814,0.1,10
23.4,0.00643690093365513,0.000430002480737868,0.00600689845291726,0.1,10
23.6,0.00505886997215271,0.000445497503569022,0.00461337246858369,0.1,10
23.8,0.00663748849173385,0.000240312780066134,0.00639717571166772,0.1,10
24,0.00819080170520773,0.000137239155099031,0.00805356255010869,0.1,10
24.2,0.00722367606053206,0.000211058547721785,0.00701261751281028,0.1,10
24.4,0.00520373365653884,0.000328361367468383,0.00487537228907046,0.1,10
24.6,0.00457102881526301,0.000315913621798093,0.00425511519346492,0.1,10
24.8,0.00561135998557219,0.000192630598230815,0.00541872938734138,0.1,10
25,0.00638776392905901,0.00014011717504007,0.00624764675401894,0.1,10
25.2,0.00563807306644844,0.00019531339568566,0.00544275967076278,0.1,10
25.4,0.00441499746681443,0.000261508162817735,0.0041534893039967,0.1,10
25.6,0.00416976416549109,0.000239065062233145,0.00393069910325794,0.1,10
25.8,0.00485940928597557,0.000162416353421257,0.00469699293255432,0.1,10
26,0.00521074267002953,0.000138434128973148,0.00507230854105638,0.1,10
26.2,0.00462396318867977,0.000179002331782627,0.00444496085689715,0.1,10
26.4,0.00388010274564165,0.000214556623429874,0.00366554612221178,0.1,10
26.6,0.00382657390684781,0.00019071889870076,0.00363585500814705,0.1,10
26.8,0.00427366619532558,0.000142851359575961,0.00413081483574962,0.1,10
27,0.00439316805736292,0.000134259656393352,0.00425890840096957,0.1,10
27.2,0.00394230309211617,0.000163108032884374,0.00377919505923179,0.1,10
27.4,0.00349500191146678,0.000180405717952823,0.00331459619351396,0.1,10
27.6,0.00352613020811214,0.000159034875621599,0.00336709533249054,0.1,10
27.8,0.00380372910979249,0.000129528798464412,0.00367420031132808,0.1,10
28,0.00380208219496327,0.000128675645330019,0.00367340654963325,0.1,10
28.2,0.00346431652489567,0.000148327350292461,0.00331598917460321,0.1,10
28.4,0.00320130810062764,0.000155069499608056,0.00304623860101959,0.1,10
28.6,0.00326029007361482,0.000137551816460313,0.00312273825715451,0.1,10
28.8,0.0034211766222698,0.000119828614660415,0.00330134800760938,0.1,10
29,0.00336230605614347,0.000122356824779417,0.00323994923136405,0.1,10
29.2,0.00311570946613464,0.00013505066342315,0.00298065880271149,0.1,10
29.4,0.002965719144696,0.000136023564096051,0.00282969558059994,0.1,10
29.6,0.0030244652695559,0.00012249023760406,0.00290197503195184,0.1,10
29.8,0.00310730120052052,0.000112239847967944,0.00299506135255258,0.1,10
30,0.00302738657711226,0.0001157744982422,0.00291161207887006,0.1,10
30.2,0.00285161534201662,0.000123422187163218,0.00272819315485341,0.1,10
30.4,0.00276904891038765,0.000121541213643742,0.0026475076967439,0.1,10
30.6,0.00281562185209474,0.00011154374925088,0.00270407810284386,0.1,10
30.8,0.00284837816828142,0.000105913333600748,0.00274246483468067,0.1,10
31,0.00276685289859347,0.000109264056337799,0.00265758884225567,0.1,10
31.2,0.00264413813664073,0.000113415986652917,0.00253072214998781,0.1,10
31.4,0.00260012842003269,0.000110390816384936,0.00248973760364776,0.1,10
31.6,0.00263128576300226,0.000103271051140373,0.00252801471186189,0.1,10
31.8,0.00263368675985482,0.000100387183881168,0.00253329957597365,0.1,10
32,0.00255994942728218,0.000103052792741454,0.00245689663454072,0.1,10
32.2,0.00247561612881096,0.000104903572033309,0.00237071255677765,0.1,10
32.4,0.00245232965626421,0.000101677354740646,0.00235065230152356,0.1,10
32.6,0.00246912000112707,9.67615843640756e-05,0.002372358416763,0.1,10
32.8,0.00245460724743517,9.54203134472334e-05,0.00235918693398793,0.1,10
33,0.00239222254931058,9.72795519523098e-05,0.00229494299735827,0.1,10
33.2,0.0023347314295992,9.77056171788556e-05,0.00223702581242034,0.1,10
33.4,0.00232156755177642,9.4747392536678e-05,0.00222682015923975,0.1,10
33.6,0.00232679956268729,9.14387609779357e-05,0.00223536080170936,0.1,10
33.8,0.00230415153912759,9.08922958203514e-05,0.00221325924330723,0.1,10
34,0.00225348666316672,9.20137333875184e-05,0.0021614729297792,0.1,10
34.2,0.00221415481398608,9.16276015474561e-05,0.00212252721243862,0.1,10
34.4,0.002205158720988,8.91253856103385e-05,0.00211603333537767,0.1,10
34.6,0.00220202300844121,8.6938385143425e-05,0.00211508462329778,0.1,10
34.8,0.00217666957294484,8.67443092993373e-05,0.0020899252636455,0.1,10
35,0.00213652022583721,8.72737348277207e-05,0.00204924649100949,0.1,10
35.2,0.00210907723622602,8.64820215003437e-05,0.00202259521472568,0.1,10
35.4,0.00210118228847655,8.44677247433662e-05,0.00201671456373319,0.1,10
35.6,0.00209257188114972,8.30311968302118e-05,0.0020095406843195,0.1,10
35.8,0.0020676283599434,8.29456130007057e-05,0.0019846827469427,0.1,10
36,0.00203618464406369,8.30434663129661e-05,0.00195314117775073,0.1,10
36.2,0.00201628067522116,8.21005266113516e-05,0.00193418014860981,0.1,10
36.4,0.00200813370268023,8.05282467062998e-05,0.00192760545597394,0.1,10
36.6,0.00199637324942504,7.95728111934405e-05,0.0019168004382316,0.1,10
36.8,0.00197342485768862,7.94756914828347e-05,0.00189394916620578,0.1,10
37,0.00194880930323077,7.92859350165463e-05,0.00186952336821422,0.1,10
37.2,0.00193354848681436,7.83390916824763e-05,0.00185520939513188,0.1,10
37.4,0.00192474626924234,7.71319875050058e-05,0.00184761428173733,0.1,10
37.6,0.00191154623379437,7.64713467994001e-05,0.00183507488699497,0.1,10
37.8,0.00189122031462637,7.63157284723077e-05,0.00181490458615407,0.1,10
38,0.00187175561513136,7.59535780675209e-05,0.00179580203706384,0.1,10
38.2,0.00185929338267327,7.50787461268282e-05,0.00178421463654644,0.1,10
38.4,0.00184990534396003,7.41552524577907e-05,0.00177575009150224,0.1,10
38.6,0.00183642736182349,7.36667199450884e-05,0.0017627606418784,0.1,10
38.8,0.00181879367761752,7.34453543646642e-05,0.00174534832325286,0.1,10
39,0.00180310696480497,7.2995539256458e-05,0.00173011142554851,0.1,10
39.2,0.00179232554528736,7.22237412383572e-05,0.001720101804049,0.1,10
39.4,0.00178261085426933,7.15106636113382e-05,0.00171110019065799,0.1,10
39.6,0.001769576541031,7.11176713647104e-05,0.00169845886966629,0.1,10
39.8,0.00175441445980591,7.08421330231118e-05,0.0016835723267828,0.1,10
40,0.00174144929411676,7.0362370886569e-05,0.00167108692323019,0.1,10
40.2,0.00173171041404154,6.9698466757379e-05,0.00166201194728416,0.1,10
40.4,0.00172196274609482,6.91361399241141e-05,0.00165282660617071,0.1,10
40.6,0.00170976825161853,6.87938741912541e-05,0.00164097437742728,0.1,10
40.8,0.00169673541363949,6.84822681077975e-05,0.00162825314553169,0.1,10
41,0.00168571737931513,6.80087403089171e-05,0.00161770863900621,0.1,10
41.2,0.00167668299451708,6.7443971527274e-05,0.0016092390229898,0.1,10
41.4,0.00166715551743459,6.69869474200522e-05,0.00160016857001453,0.1,10
41.6,0.00165597309563197,6.66713152266945e-05,0.00158930178040528,0.1,10
41.8,0.00164470442137294,6.63416741433966e-05,0.00157836274722954,0.1,10
42,0.00163508849586633,6.58947004978054e-05,0.00156919379536852,0.1,10
42.2,0.00162659700535092,6.54146007045892e-05,0.00156118240464633,0.1,10
42.4,0.00161747490726236,6.50300971804899e-05,0.00155244481008187,0.1,10
42.6,0.00160733424302945,6.47297221926519e-05,0.0015426045208368,0.1,10
42.8,0.00159749406615589,6.43969786977537e-05,0.00153309708745813,0.1,10
43,0.00158890984672417,6.39860027838651e-05,0.00152492384394031,0.1,10
43.2,0.0015808948764126,6.35750197325385e-05,0.00151731985668006,0.1,10
43.4,0.00157229377267896,6.32404942265391e-05,0.00150905327845242,0.1,10
43.6,0.00156314227578756,6.29512181937745e-05,0.00150019105759379,0.1,10
43.8,0.00155444669662019,6.26262756903102e-05,0.00149182042092988,0.1,10
44,0.00154664964043503,6.22538269076557e-05,0.00148439581352738,0.1,10
20,0.431021786219296,0.00714306441787082,0.423878721801426,0.1,30
20.2,0.00193961413233291,3.94388472367381e-05,0.00190017528509617,0.1,30
20.4,0.00121267448951704,4.58541644813698e-06,0.0012080890730689,0.1,30
20.6,0.000238143039362433,1.97248084269629e-08,0.000238123314554006,0.1,30
20.8,2.32178144957937e-05,5.54105405521391e-09,2.32122734417385e-05,0.1,30
21,7.40227575776363e-07,2.71251081764026e-09,7.37515064958722e-07,0.1,30
21.2,4.60481533968587e-08,2.99732407788315e-10,4.57484209890704e-08,0.1,30
21.4,1.32576934299324e-08,1.4889167216448e-11,1.3242804262716e-08,0.1,30
21.6,1.71218666279983e-09,3.62091919011078e-13,1.71182457088082e-09,0.1,30
21.8,1.1407934200622e-10,1.17918625318284e-13,1.13961423380901e-10,0.1,30
22,4.69182036841383e-12,2.01549647338237e-14,4.67166540368001e-12,0.1,30
22.2,6.47475983461292e-13,1.70333466591372e-15,6.45772648795378e-13,0.1,30
22.4,1.0928460597025e-13,7.10212116621589e-17,1.09213584758587e-13,0.1,30
22.6,1.05806136644972e-14,5.6650256743036e-18,1.05749486388229e-14,0.1,30
22.8,6.09010619652513e-16,1.14897024077744e-18,6.07861649411736e-16,0.1,30
23,4.15824272643034e-17,1.36155012494597e-19,4.14462722518088e-17,0.1,30
23.2,6.29343764134999e-18,9.09097047143868e-21,6.28434667087855e-18,0.1,30
23.4,7.85043218528983e-19,4.8319894271805e-22,7.84560019586265e-19,0.1,30
23.6,6.21547585768082e-20,6.22730367277684e-23,6.20924855400805e-20,0.1,30
23.8,3.85300980495798e-21,9.1019713919527e-24,3.84390783356602e-21,0.1,30
24,3.82841763525658e-22,8.40749996758501e-25,3.820010135289e-22,0.1,30
24.2,5.14003752011517e-23,5.24497110206509e-26,5.13479254901311e-23,0.1,30
24.4,5.1799714597925e-24,4.09285123599672e-27,5.1758786085565e-24,0.1,30
24.6,3.76240019609779e-25,5.56292036630709e-28,3.75683727573148e-25,0.1,30
24.8,2.85223006494947e-26,6.40968115070798e-29,2.84582038379876e-26,0.1,30
25,3.2720538311434e-27,5.08381062350779e-30,3.2669700205199e-27,0.1,30
25.2,3.77458864056438e-28,3.49023294972671e-31,3.77109840761465e-28,0.1,30
25.4,3.31140550587615e-29,3.53632980879174e-32,3.30786917606736e-29,0.1,30
25.6,2.46439985080752e-30,4.36491366589145e-33,2.46003493714162e-30,0.1,30
25.8,2.25412548338679e-31,4.23709634100472e-34,2.24988838704579e-31,0.1,30
26,2.57475246891127e-32,3.19578862296883e-35,2.5715566802883e-32,0.1,30
26.2,2.60588353243996e-33,2.60078145082455e-36,2.60328275098914e-33,0.1,30
26.4,2.14343197024363e-34,2.88763757724602e-37,2.14054433266639e-34,0.1,30
26.6,1.74809408141935e-35,3.15263908472573e-38,1.74494144233462e-35,0.1,30
26.8,1.77111892026995e-36,2.75176363477251e-39,1.76836715663518e-36,0.1,30
27,1.89898608652137e-37,2.15357957193258e-40,1.89683250694944e-37,0.1,30
27.2,1.75313216853253e-38,2.01887224180622e-41,1.75111329629072e-38,0.1,30
27.4,1.44282528002604e-39,2.21101430576548e-42,1.44061426572027e-39,0.1,30
27.6,1.29759261895245e-40,2.17351697754116e-43,1.29541910197491e-40,0.1,30
27.8,1.34592058362078e-41,1.81828279908751e-44,1.34410230082169e-41,0.1,30
28,1.34299335359567e-42,1.54299580421912e-45,1.34145035779145e-42,0.1,30
28.2,1.1817802720094e-43,1.55240579245795e-46,1.18022786621694e-43,0.1,30
28.4,1.0134311147956e-44,1.60933173301323e-47,1.01182178306259e-44,0.1,30
28.6,9.72254452065354e-46,1.47367832176926e-48,9.70780773743585e-46,0.1,30
28.8,9.87460752374779e-47,1.24448368308232e-49,9.86216268691696e-47,0.1,30
29,9.30670454862493e-48,1.14061962700979e-50,9.29529835235483e-48,0.1,30
29.2,8.11671794525832e-49,1.16058911316537e-51,8.10511205412666e-49,0.1,30
29.4,7.32458105438965e-50,1.13457758720688e-52,7.31323527851758e-50,0.1,30
29.6,7.20308989558481e-51,1.00461504901304e-53,7.19304374509468e-51,0.1,30
29.8,7.0563933187521e-52,8.81115817479916e-55,7.0475821605773e-52,0.1,30
30,6.43075229339967e-53,8.46479445830535e-56,6.42228749894136e-53,0.1,30
30.2,5.70292698496614e-54,8.43556762599202e-57,5.69449141734015e-54,0.1,30
30.4,5.35007575640248e-55,7.88710460285401e-58,5.34218865179963e-55,0.1,30
30.6,5.24365744810182e-56,6.96752414863899e-59,5.23668992395318e-56,0.1,30
30.8,4.9689048060737e-57,6.36949465540977e-60,4.96253531141829e-57,0.1,30
31,4.47940030569491e-58,6.21467356958111e-61,4.47318563212533e-58,0.1,30
31.2,4.07676163274984e-59,6.00791994227499e-62,4.07075371280756e-59,0.1,30
31.4,3.89886335937372e-60,5.48171363889344e-63,3.89338164573482e-60,0.1,30
31.6,3.75880894867839e-61,4.92284191017939e-64,3.75388610676821e-61,0.1,30
31.8,3.4839931891541e-62,4.63415281254439e-65,3.47935903634156e-62,0.1,30
32,3.15727235352613e-63,4.49673451257538e-66,3.15277561901356e-63,0.1,30
32.2,2.9387903423836e-64,4.23387838634078e-67,2.93455646399726e-64,0.1,30
32.4,2.81848098065655e-65,3.83974303605411e-68,2.81464123762049e-65,0.1,30
32.6,2.66802504845683e-66,3.52380396965328e-69,2.66450124448718e-66,0.1,30
32.8,2.449616899867e-67,3.3611250204595e-70,2.44625577484654e-67,0.1,30
33,2.24796294972942e-68,3.21445294066519e-71,2.24474849678875e-68,0.1,30
33.2,2.1203459914318e-69,2.97699782448391e-72,2.11736899360731e-69,0.1,30
33.4,2.02018551172983e-70,2.71629686831894e-73,2.01746921486151e-70,0.1,30
33.6,1.88626245364238e-71,2.53667267827103e-74,1.88372578096411e-71,0.1,30
33.8,1.73245488442778e-72,2.42080963790846e-75,1.73003407478987e-72,0.1,30
34,1.60991216663127e-73,2.28112050901271e-76,1.60763104612225e-73,0.1,30
34.2,1.52479829230275e-74,2.09963013076087e-77,1.52269866217199e-74,0.1,30
34.4,1.43906058427879e-75,1.93665067054116e-78,1.43712393360825e-75,0.1,30
34.6,1.33411887662663e-76,1.82590924127154e-79,1.33229296738536e-76,0.1,30
34.8,1.23225511432438e-77,1.73165115497402e-80,1.2305234631694e-77,0.1,30
35,1.1548842992421e-78,1.61469459721505e-81,1.15326960464488e-78,0.1,30
35.2,1.09165321753919e-79,1.48830561335851e-82,1.09016491192583e-79,0.1,30
35.4,1.02194769266502e-80,1.38654911574243e-83,1.02056114354927e-80,0.1,30
35.6,9.46142045997328e-82,1.31027533871704e-84,9.44831770658611e-82,0.1,30
35.8,8.79800281435072e-83,1.23287544977679e-85,8.78567405985295e-83,0.1,30
36,8.27576041850864e-84,1.14391476110348e-86,8.2643212708976e-84,0.1,30
36.2,7.78672246067885e-85,1.05975416315631e-87,7.77612491904729e-85,0.1,30
36.4,7.25397389646231e-86,9.93569074401066e-89,7.2440382057183e-86,0.1,30
36.6,6.73070508858384e-87,9.36807388722994e-90,6.72133701469661e-87,0.1,30
36.8,6.29130235334462e-88,8.75904626093842e-91,6.28254330708368e-88,0.1,30
37,5.91736079434613e-89,8.12349515787048e-92,5.90923729918826e-89,0.1,30
37.2,5.54230065205358e-90,7.56719885869747e-93,5.53473345319488e-90,0.1,30
37.4,5.15465010344398e-91,7.1114965204941e-94,5.14753860692348e-91,0.1,30
37.6,4.79928326670186e-92,6.67873550134733e-95,4.79260453120051e-92,0.1,30
37.8,4.49819578365999e-93,6.22242719138611e-96,4.4919733564686e-93,0.1,30
38,4.22219100449647e-94,5.78338368625365e-97,4.21640762081021e-94,0.1,30
38.2,3.94218511236148e-95,5.40872071231397e-98,3.93677639164916e-95,0.1,30
38.4,3.66874088197169e-96,5.08059786339778e-99,3.66366028410829e-96,0.1,30
38.6,3.42614523238879e-97,4.75406351940416e-100,3.42139116886939e-97,0.1,30
38.8,3.21296847005525e-98,4.42505536979003e-101,3.20854341468546e-98,0.1,30
39,3.00843013180936e-99,4.12468199148462e-102,3.00430544981787e-99,0.1,30
39.2,2.80500170126594e-100,3.86480447629627e-103,2.80113689678964e-100,0.1,30
39.4,2.61474582978346e-101,3.62365127681004e-104,2.61112217850665e-101,0.1,30
39.6,2.44635879124721e-102,3.38280525761658e-105,2.4429759859896e-102,0.1,30
39.8,2.29235153837578e-103,3.15105590861709e-106,2.28920048246717e-103,0.1,30
40,2.14232144770936e-104,2.94410533741993e-107,2.13937734237194e-104,0.1,30
40.2,1.9974132171029e-105,2.75916350337968e-108,1.99465405359952e-105,0.1,30
40.4,1.86507233571949e-106,2.58182036455655e-109,1.86249051535494e-106,0.1,30
40.6,1.74607886964832e-107,2.40800137454706e-110,1.74367086827377e-107,0.1,30
40.8,1.63411287950282e-108,2.24624179568824e-111,1.63186663770713e-108,0.1,30
41,1.52559862892526e-109,2.10153678018767e-112,1.52349709214508e-109,0.1,30
41.2,1.42343429872578e-110,1.96800766938373e-113,1.42146629105639e-110,0.1,30
41.4,1.33068533102591e-111,1.83881873688559e-114,1.32884651228903e-111,0.1,30
41.6,1.24552823959395e-112,1.71525103768811e-115,1.24381298855626e-112,0.1,30
41.8,1.16436523335163e-113,1.60218393568868e-116,1.16276304941594e-113,0.1,30
42,1.08679539674958e-114,1.49953474301305e-117,1.08529586200657e-114,0.1,30
42.2,1.01492650973436e-115,1.40278423894014e-118,1.01352372549542e-115,0.1,30
42.4,9.49301840352547e-117,1.30975554852798e-119,9.47992084804019e-117,0.1,30
42.6,8.88022450516691e-118,1.22254588653295e-120,8.86799904630158e-118,0.1,30
42.8,8.29582908388946e-119,1.14296336169496e-121,8.28439945027251e-119,0.1,30
43,7.74524988813079e-120,1.0694594783844e-122,7.73455529334694e-120,0.1,30
43.2,7.23820100103973e-121,9.99586315918101e-124,7.22820513788055e-121,0.1,30
43.4,6.77034017259781e-122,9.33207689795009e-125,6.76100809569986e-122,0.1,30
43.6,6.32939025108121e-123,8.71710723091757e-126,6.32067314385029e-123,0.1,30
43.8,5.91138880088935e-124,8.15255507572431e-127,5.90323624581362e-124,0.1,30
44,5.52156325547911e-125,7.62431687083109e-128,5.51393893860828e-125,0.1,30
20,0.431021786219296,0.00714306441787082,0.423878721801426,0.1,100
20.2,0.00035904959565412,1.01600066915098e-10,0.000359049494054053,0.1,100
20.4,0.000395253121289339,1.9442331497892e-17,0.000395253121289319,0.1,100
20.6,2.97708421737248e-07,4.18621849873605e-19,2.97708421736829e-07,0.1,100
20.8,2.2591116734588e-12,1.68762458647222e-20,2.25911165658256e-12,0.1,100
21,5.80223006784296e-18,3.88103438204105e-24,5.80222618680857e-18,0.1,100
21.2,7.90449916355967e-20,3.49903874086307e-29,7.90449916006063e-20,0.1,100
21.4,7.00809010440069e-23,5.05193773796541e-34,7.00809010435017e-23,0.1,100
21.6,5.82621084318729e-27,2.58227574884304e-36,5.82621084060502e-27,0.1,100
21.8,8.07125130109984e-32,1.21476031887826e-39,8.07125117962381e-32,0.1,100
22,1.49043755125041e-35,8.06068958495591e-44,1.49043754318972e-35,0.1,100
22.2,1.38113970365361e-38,1.25398112920217e-48,1.38113970352821e-38,0.1,100
22.4,2.67044116052429e-42,4.53760320008e-52,2.67044116007053e-42,0.1,100
22.6,1.35368203508815e-46,2.74699041475383e-55,1.35368203234116e-46,0.1,100
22.8,4.93083937149759e-51,4.16535157113003e-59,4.93083932984407e-51,0.1,100
23,2.70753833023656e-54,1.93278506667084e-63,2.70753832830378e-54,0.1,100
23.2,7.97562574511992e-58,1.131644412341e-67,7.97562574398827e-58,0.1,100
23.4,8.23496567614007e-62,5.80462048875284e-71,8.23496567033544e-62,0.1,100
23.6,3.847708628086e-66,1.37414287534949e-74,3.84770861434457e-66,0.1,100
23.8,5.86960076270118e-70,1.24936564552336e-78,5.86960075020753e-70,0.1,100
24,2.02779864217401e-73,6.28284264378948e-83,2.02779864154572e-73,0.1,100
24.2,3.25665308615785e-77,1.27389994065261e-86,3.25665308488395e-77,0.1,100
24.4,2.4787387383633e-81,3.75823489548989e-90,2.47873873460506e-81,0.1,100
24.6,1.89055204204358e-85,5.2885614006845e-94,1.89055203675501e-85,0.1,100
24.8,4.90474866647357e-89,3.84346685285379e-98,4.90474866263011e-89,0.1,100
25,1.03643532215187e-92,3.64478471295611e-102,1.03643532178739e-92,0.1,100
25.2,1.16115440336443e-96,9.52499410201027e-106,1.16115440241193e-96,0.1,100
25.4,8.78656964166153e-101,1.78519720302232e-109,8.78656962380956e-101,0.1,100
25.6,1.28892580326895e-104,1.85068969459863e-113,1.28892580141826e-104,0.1,100
25.8,2.94394301790362e-108,1.48979690261365e-117,2.94394301641382e-108,0.1,100
26,4.37754364097162e-112,2.50060768827558e-121,4.37754363847101e-112,0.1,100
26.2,4.11893275565551e-116,5.31208763161321e-125,4.11893275034342e-116,0.1,100
26.4,4.22176900064172e-120,7.26467612870642e-129,4.22176899337704e-120,0.1,100
26.6,8.10946801706643e-124,6.72083073554682e-133,8.1094680103456e-124,0.1,100
26.8,1.4370901670101e-127,7.72565813023818e-137,1.43709016623754e-127,0.1,100
27,1.70277303485886e-131,1.50318057352439e-140,1.70277303335568e-131,0.1,100
27.2,1.65680027633946e-135,2.47849688121146e-144,1.65680027386097e-135,0.1,100
27.4,2.37690182899926e-139,2.80315381315995e-148,2.3769018261961e-139,0.1,100
27.6,4.36798894504001e-143,2.85281339521597e-152,4.3679889421872e-143,0.1,100
27.8,6.22707117022989e-147,4.38774245248406e-156,6.22707116584215e-147,0.1,100
28,6.70760122448462e-151,7.76570067653806e-160,6.70760121671892e-151,0.1,100
28.2,7.88230685204191e-155,1.04947292862482e-163,7.88230684154718e-155,0.1,100
28.4,1.3060470132997e-158,1.12616396541535e-167,1.30604701217354e-158,0.1,100
28.6,2.08138809840528e-162,1.4106413516266e-171,2.08138809699463e-162,0.1,100
28.8,2.57367979620884e-166,2.3587496489954e-175,2.57367979385009e-166,0.1,100
29,2.88252964651743e-170,3.59642640565699e-179,2.882529642921e-170,0.1,100
29.2,4.07030185516655e-174,4.32783104664576e-183,4.07030185083872e-174,0.1,100
29.4,6.61225566451402e-178,4.9956463415576e-187,6.61225565951838e-178,0.1,100
29.6,9.20433927645511e-182,7.32629002707733e-191,9.20433926912882e-182,0.1,100
29.8,1.08210477110658e-185,1.16514583213581e-194,1.08210476994144e-185,0.1,100
30,1.36152882269036e-189,1.56855084943804e-198,1.36152882112181e-189,0.1,100
30.2,2.08108102317578e-193,1.84575497323383e-202,2.08108102133003e-193,0.1,100
30.4,3.10855747533926e-197,2.40900813594087e-206,3.10855747293025e-197,0.1,100
30.6,3.96582643440227e-201,3.70198544575768e-210,3.96582643070028e-201,0.1,100
30.8,4.81534158994568e-205,5.38130111556931e-214,4.81534158456438e-205,0.1,100
31,6.72140157942683e-209,6.75946767869385e-218,6.72140157266736e-209,0.1,100
31.2,1.01585351388174e-212,8.36877331113518e-222,1.01585351304486e-212,0.1,100
31.4,1.39586234231411e-216,1.19313825470456e-225,1.39586234112098e-216,0.1,100
31.6,1.73483568534351e-220,1.78056539008794e-229,1.73483568356295e-220,0.1,100
31.8,2.26210689193854e-224,2.39695982151337e-233,2.26210688954158e-224,0.1,100
32,3.30013438039858e-228,2.98538813113209e-237,3.30013437741319e-228,0.1,100
32.2,4.74077022833299e-232,3.97682410788965e-241,4.74077022435616e-232,0.1,100
32.4,6.18159744998363e-236,5.81840505022833e-245,6.18159744416523e-236,0.1,100
32.6,7.86590606371879e-240,8.21982162825315e-249,7.86590605549897e-240,0.1,100
32.8,1.08884185647883e-243,1.06245447075338e-252,1.08884185541638e-243,0.1,100
33,1.57661891190402e-247,1.36868352312533e-256,1.57661891053534e-247,0.1,100
33.2,2.15205171696417e-251,1.91751485035709e-260,2.15205171504665e-251,0.1,100
33.4,2.7691261805561e-255,2.75495789701896e-264,2.76912617780115e-255,0.1,100
33.6,3.68033506243314e-259,3.71413742266285e-268,3.68033505871901e-259,0.1,100
33.8,5.2221821234546e-263,4.78902154377609e-272,5.22218211866558e-263,0.1,100
34,7.32978454470281e-267,6.44552706250091e-276,7.32978453825728e-267,0.1,100
34.2,9.69902789547232e-271,9.15878598606093e-280,9.69902788631354e-271,0.1,100
34.4,1.26838350278165e-274,1.2724263773042e-283,1.26838350150923e-274,0.1,100
34.6,1.74544002443563e-278,1.67551978106966e-287,1.74544002276011e-278,0.1,100
34.8,2.46355406547023e-282,2.20806114213179e-291,2.46355406326217e-282,0.1,100
35,3.35207521647213e-286,3.05948394604713e-295,3.35207521341265e-286,0.1,100
35.2,4.40659805867305e-290,4.29724889426704e-299,4.40659805437581e-290,0.1,100
35.4,5.91741193522647e-294,5.80394788404707e-303,5.91741192942252e-294,0.1,100
35.6,8.25667139032214e-298,7.64243055935479e-307,8.25667138267971e-298,0.1,100
35.8,1.14319834498357e-301,1.03394428615253e-310,1.14319834394962e-301,0.1,100
36,1.52741577907455e-305,1.44359572547035e-314,1.52741577763096e-305,0.1,100
36.2,2.02966113192601e-309,2.0971653875588e-318,2.02966112982885e-309,0.1,100
36.4,2.78159992806594e-313,1.13847546771198e-319,2.78159878959048e-313,0.1,100
36.6,3.91900972957869e-317,1.13847546771198e-319,3.90762497490157e-317,0.1,100
36.8,5.36678807795054e-319,1.13847546771198e-319,4.22831261023856e-319,0.1,100
37,5.31728270023725e-319,1.13847546771198e-319,4.17880723252526e-319,0.1,100
37.2,5.31728270023725e-319,1.13847546771198e-319,4.17880723252526e-319,0.1,100
37.4,5.31728270023725e-319,1.13847546771198e-319,4.17880723252526e-319,0.1,100
37.6,5.31728270023725e-319,1.13847546771198e-319,4.17880723252526e-319,0.1,100
37.8,5.31728270023725e-319,1.13847546771198e-319,4.17880723252526e-319,0.1,100
38,5.31728270023725e-319,1.13847546771198e-319,4.17880723252526e-319,0.1,100
38.2,5.31728270023725e-319,1.13847546771198e-319,4.17880723252526e-319,0.1,100
38.4,5.31728270023725e-319,1.13847546771198e-319,4.17880723252526e-319,0.1,100
38.6,5.31728270023725e-319,1.13847546771198e-319,4.17880723252526e-319,0.1,100
38.8,5.31728270023725e-319,1.13847546771198e-319,4.17880723252526e-319,0.1,100
39,5.31728270023725e-319,1.13847546771198e-319,4.17880723252526e-319,0.1,100
39.2,5.31728270023725e-319,1.13847546771198e-319,4.17880723252526e-319,0.1,100
39.4,5.31728270023725e-319,1.13847546771198e-319,4.17880723252526e-319,0.1,100
39.6,5.31728270023725e-319,1.13847546771198e-319,4.17880723252526e-319,0.1,100
39.8,5.31728270023725e-319,1.13847546771198e-319,4.17880723252526e-319,0.1,100
40,5.31728270023725e-319,1.13847546771198e-319,4.17880723252526e-319,0.1,100
40.2,5.31728270023725e-319,1.13847546771198e-319,4.17880723252526e-319,0.1,100
40.4,5.31728270023725e-319,1.13847546771198e-319,4.17880723252526e-319,0.1,100
40.6,5.31728270023725e-319,1.13847546771198e-319,4.17880723252526e-319,0.1,100
40.8,5.31728270023725e-319,1.13847546771198e-319,4.17880723252526e-319,0.1,100
41,5.31728270023725e-319,1.13847546771198e-319,4.17880723252526e-319,0.1,100
41.2,5.31728270023725e-319,1.13847546771198e-319,4.17880723252526e-319,0.1,100
41.4,5.31728270023725e-319,1.13847546771198e-319,4.17880723252526e-319,0.1,100
41.6,5.31728270023725e-319,1.13847546771198e-319,4.17880723252526e-319,0.1,100
41.8,5.31728270023725e-319,1.13847546771198e-319,4.17880723252526e-319,0.1,100
42,5.31728270023725e-319,1.13847546771198e-319,4.17880723252526e-319,0.1,100
42.2,5.31728270023725e-319,1.13847546771198e-319,4.17880723252526e-319,0.1,100
42.4,5.31728270023725e-319,1.13847546771198e-319,4.17880723252526e-319,0.1,100
42.6,5.31728270023725e-319,1.13847546771198e-319,4.17880723252526e-319,0.1,100
42.8,5.31728270023725e-319,1.13847546771198e-319,4.17880723252526e-319,0.1,100
43,5.31728270023725e-319,1.13847546771198e-319,4.17880723252526e-319,0.1,100
43.2,5.31728270023725e-319,1.13847546771198e-319,4.17880723252526e-319,0.1,100
43.4,5.31728270023725e-319,1.13847546771198e-319,4.17880723252526e-319,0.1,100
43.6,5.31728270023725e-319,1.13847546771198e-319,4.17880723252526e-319,0.1,100
43.8,5.31728270023725e-319,1.13847546771198e-319,4.17880723252526e-319,0.1,100
44,5.31728270023725e-319,1.13847546771198e-319,4.17880723252526e-319,0.1,100
20,0.431021786219296,0.00714306441787082,0.423878721801426,0.03,0
20.2,0.414734019128812,0.00679990885102853,0.407934110277784,0.03,0
20.4,0.397401853714709,0.00652083994178047,0.390881013772928,0.03,0
20.6,0.378969210982218,0.00632900251348855,0.372640208468729,0.03,0
20.8,0.35933923576998,0.00626222523199211,0.353077010537987,0.03,0
21,0.338354776473743,0.00639315388941096,0.331961622584332,0.03,0
21.2,0.315763735977663,0.00688223861020817,0.308881497367455,0.03,0
21.4,0.291155715518995,0.00813793214602812,0.283017783372967,0.03,0
21.6,0.26383742321778,0.0113759122114088,0.252461511006371,0.03,0
21.8,0.232565420689864,0.0206659296062633,0.211899491083601,0.03,0
22,0.195083733660047,0.0474819931981956,0.147601740461851,0.03,0
22.2,0.149142920111288,0.0922279179799478,0.05691500213134,0.03,0
22.4,0.103585816788925,0.0884234378513458,0.0151623789375794,0.03,0
22.6,0.100313378603557,0.0476925672271305,0.0526208113764266,0.03,0
22.8,0.196732071753644,0.0218175031517793,0.174914568601864,0.03,0
23,0.322459017757047,0.0134139490308986,0.309045068726149,0.03,0
23.2,0.401119033895543,0.012021305809743,0.389097728085801,0.03,0
23.4,0.45157881122006,0.0123147954494907,0.43926401577057,0.03,0
23.6,0.485341558109096,0.0127923474110061,0.47254921069809,0.03,0
23.8,0.508119631855249,0.0130252282633131,0.495094403591936,0.03,0
24,0.523499434217452,0.0130075007613638,0.510491933456088,0.03,0
24.2,0.533613619749128,0.0128230336719302,0.520790586077197,0.03,0
24.4,0.539726559916101,0.0125424092970206,0.52718415061908,0.03,0
24.6,0.542635749976226,0.0122087937222568,0.530426956253969,0.03,0
24.8,0.542894415090762,0.0118448915745246,0.531049523516237,0.03,0
25,0.540912458219724,0.0114612862064824,0.529451172013241,0.03,0
25.2,0.537000873782617,0.0110622972651027,0.525938576517514,0.03,0
25.4,0.531397905774906,0.0106495202553741,0.520748385519532,0.03,0
25.6,0.524289479562313,0.0102238568545536,0.514065622707759,0.03,0
25.8,0.515821939409858,0.00978671611621927,0.506035223293639,0.03,0
26,0.506113388872793,0.00934074790766839,0.496772640965125,0.03,0
26.2,0.495256979232402,0.00889032968139698,0.486366649551005,0.03,0
26.4,0.483325645281487,0.00844172741375682,0.47488391786773,0.03,0
26.6,0.470373758528267,0.00800305540330457,0.462370703124963,0.03,0
26.8,0.456436643111489,0.00758384307238435,0.448852800039104,0.03,0
27,0.441532955903039,0.00719467396314286,0.434338281939896,0.03,0
27.2,0.425662755676881,0.00684694954329003,0.418815806133591,0.03,0
27.4,0.408806799685548,0.00655354832074759,0.4022532513648,0.03,0
27.6,0.390922437225423,0.00633104826127528,0.384591388964148,0.03,0
27.8,0.371935520519825,0.00620498514936847,0.365730535370456,0.03,0
28,0.351726192109135,0.00622174662933428,0.345504445479801,0.03,0
28.2,0.330103736182886,0.00647731329931663,0.323626422883569,0.03,0
28.4,0.306762570162067,0.00719636948225866,0.299566200679808,0.03,0
28.6,0.281201008067107,0.00898568833553446,0.272215319731572,0.03,0
28.8,0.252556060462342,0.0137550997042409,0.238800960758101,0.03,0
29,0.219251049816116,0.0278693841201448,0.191381665695971,0.03,0
29.2,0.178644544389712,0.0644970456312952,0.114147498758416,0.03,0
29.4,0.130467440849983,0.0998713005174443,0.0305961403325389,0.03,0
29.6,0.0937230936241119,0.0728464241093535,0.0208766695147584,0.03,0
29.8,0.124616977257445,0.0354782627673507,0.0891387144900939,0.03,0
30,0.248827811860333,0.0170945754499104,0.231733236410423,0.03,0
30.2,0.357053285366393,0.0125025848060989,0.344550700560294,0.03,0
30.4,0.422734218979418,0.012046713032405,0.410687505947013,0.03,0
30.6,0.46601179211289,0.0125115917755522,0.453500200337338,0.03,0
30.8,0.495068845706751,0.0129138489372396,0.482154996769512,0.03,0
31,0.514713997690805,0.0130439222466474,0.501670075444158,0.03,0
31.2,0.52790615848877,0.0129533001961636,0.514952858292607,0.03,0
31.4,0.536388789439481,0.0127258241946152,0.523662965244866,0.03,0
31.6,0.541212528055526,0.0124214836705299,0.528791044384996,0.03,0
31.8,0.543063997706949,0.0120746422553947,0.530989355451555,0.03,0
32,0.542434404177826,0.0117025600214833,0.530731844156342,0.03,0
32.2,0.539692226668858,0.0113129064993666,0.528379320169491,0.03,0
32.4,0.535118316596724,0.0109086532520179,0.524209663344706,0.03,0
32.6,0.528928769044091,0.0104909537137755,0.518437815330316,0.03,0
32.8,0.521293373601521,0.0100607844643359,0.511232589137185,0.03,0
33,0.512346876587014,0.00961996114548915,0.502726915441524,0.03,0
33.2,0.50219695629768,0.00917172862296394,0.493025227674717,0.03,0
33.4,0.490929756703516,0.00872118596861232,0.482208570734904,0.03,0
33.6,0.478610004644575,0.00827530227004523,0.47033470237453,0.03,0
33.8,0.465285460509761,0.00784278737482282,0.457442673134938,0.03,0
34,0.450985016885196,0.00743360877316994,0.443551408112026,0.03,0
34.2,0.435720235291563,0.00705862950297543,0.428661605788588,0.03,0
34.4,0.419484456172242,0.00672967416479981,0.412754782007442,0.03,0
34.6,0.402250110352719,0.00646060770243562,0.395789502650283,0.03,0
34.8,0.383964014672447,0.00627048873703612,0.377693525935411,0.03,0
35,0.3645371240332,0.00619069042370488,0.358346433609495,0.03,0
35.2,0.343826781445604,0.00628122478545823,0.337545556660145,0.03,0
35.4,0.321605909491219,0.00667199377045125,0.314933915720768,0.03,0
35.6,0.297508157623699,0.00768283960938475,0.289825318014315,0.03,0
35.8,0.270923316882241,0.0102295731983821,0.260693743683859,0.03,0
36,0.240776859980418,0.0173247468533906,0.223452113127028,0.03,0
36.2,0.205094412049925,0.0383584129335006,0.166735999116424,0.03,0
36.4,0.16119800173289,0.0823645687805672,0.078833432952323,0.03,0
36.6,0.113243763293458,0.0960631913317652,0.0171805719616927,0.03,0
36.8,0.0933645558992031,0.0570933537644623,0.0362712021347408,0.03,0
37,0.164399735746378,0.0263101934381171,0.138089542308261,0.03,0
37.2,0.295752617271013,0.0144427630988655,0.281309854172147,0.03,0
37.4,0.385086060684218,0.0121081040537871,0.372977956630431,0.03,0
37.6,0.440968626887947,0.0121896630813101,0.428778963806637,0.03,0
37.8,0.478227316525511,0.012690735114513,0.465536581410998,0.03,0
38,0.503317805916008,0.0129936738390178,0.49032413207699,0.03,0
38.2,0.520284442762457,0.0130310923543101,0.507253350408147,0.03,0
38.4,0.531559497651494,0.0128804762123438,0.51867902143915,0.03,0
38.6,0.538576927528837,0.0126187969747344,0.525958130554103,0.03,0
38.8,0.542222669718265,0.0122956662273404,0.529927003490925,0.03,0
39,0.54309726498499,0.0119380245650079,0.531159240419982,0.03,0
39.2,0.541640564250132,0.0115588136590765,0.530081750591055,0.03,0
39.4,0.538185067361489,0.011163502428824,0.527021564932665,0.03,0
39.6,0.532985033981187,0.0107541268829552,0.522230907098231,0.03,0
39.8,0.526237643201894,0.0103316274242809,0.515906015777613,0.03,0
40,0.518097988002547,0.00989719850823133,0.508200789494316,0.03,0
40.2,0.508690797262255,0.00945313438458238,0.499237662877672,0.03,0
40.4,0.498114366701414,0.00900334109887955,0.489111025602535,0.03,0
40.6,0.486447271039201,0.00855362046225341,0.477893650576947,0.03,0
40.8,0.473747732689518,0.00811164014063497,0.465636092548883,0.03,0
41,0.460055960472795,0.00768661625608835,0.452369344216707,0.03,0
41.2,0.445394924334754,0.00728890660237001,0.438106017732384,0.03,0
41.4,0.42976916207368,0.00692966832813658,0.422839493745543,0.03,0
41.6,0.413164743983616,0.00662128086486515,0.40654346311875,0.03,0
41.8,0.395545372592735,0.0063790366050567,0.389166335987679,0.03,0
42,0.376845876209266,0.00622543250328975,0.370620443705976,0.03,0
42.2,0.356959838874931,0.00619982782944031,0.350760011045491,0.03,0
42.4,0.335717650515214,0.00638118743856642,0.329336463076647,0.03,0
42.6,0.312848467204766,0.00694847753841759,0.305899989666348,0.03,0
42.8,0.287911181432423,0.00836679712209874,0.279544384310325,0.03,0
43,0.260157730036169,0.0120474809560986,0.24811024908007,0.03,0
43.2,0.228239199022871,0.0227322974809833,0.205506901541888,0.03,0
43.4,0.189752441233687,0.0528007167954466,0.13695172443824,0.03,0
43.6,0.14288975968987,0.095985459352448,0.046904300337422,0.03,0
43.8,0.0994883520556822,0.0835332366053848,0.0159551154502975,0.03,0
44,0.106509915701223,0.0433001509016942,0.0632097647995289,0.03,0
20,0.431021786219296,0.00714306441787082,0.423878721801426,0.03,10
20.2,0.067442758332173,0.00121743940664801,0.066225318925525,0.03,10
20.4,0.018529348123131,0.00243193464823793,0.0160974134748931,0.03,10
20.6,0.00674732722162677,0.00250725593993428,0.00424007128169248,0.03,10
20.8,0.0138536387472891,0.00021979546179034,0.0136338432854988,0.03,10
21,0.0161918529461612,4.5375534207657e-05,0.0161464774119535,0.03,10
21.2,0.010936373520798,0.000179162589479903,0.0107572109313181,0.03,10
21.4,0.00513477570558878,0.000637162680540765,0.00449761302504802,0.03,10
21.6,0.00291692775877248,0.000550170810918734,0.00236675694785374,0.03,10
21.8,0.00404894659052721,0.000137565218383952,0.00391138137214326,0.03,10
22,0.00452174762788949,3.92172728130777e-05,0.00448253035507641,0.03,10
22.2,0.00324950084747049,0.00010613877064939,0.0031433620768211,0.03,10
22.4,0.00177385454390697,0.000201613084082507,0.00157224145982446,0.03,10
22.6,0.00129400318658004,0.000151090737352287,0.00114291244922775,0.03,10
22.8,0.00153226508995684,5.34567327196273e-05,0.00147880835723721,0.03,10
23,0.00152668161473571,2.76951062640841e-05,0.00149898650847163,0.03,10
23.2,0.0010955557100665,5.1667692558776e-05,0.00104388801750772,0.03,10
23.4,0.000680172810694752,6.83150702147052e-05,0.000611857740480046,0.03,10
23.6,0.000564069195702113,4.7138587390716e-05,0.000516930608311397,0.03,10
23.8,0.000600911195904754,2.10167614154247e-05,0.00057989443448933,0.03,10
24,0.000547806382703173,1.55784239886319e-05,0.000532227958714541,0.03,10
24.2,0.000394923705714081,2.24287714477705e-05,0.000372494934266311,0.03,10
24.4,0.000273122807453235,2.38388887170594e-05,0.000249283918736176,0.03,10
24.6,0.00023926593656652,1.59063330225498e-05,0.00022335960354397,0.03,10
24.8,0.000235536699291574,8.67920129097282e-06,0.000226857498000601,0.03,10
25,0.000202258276793219,7.61365162889471e-06,0.000194644625164325,0.03,10
25.2,0.000148500954573746,9.15139618536544e-06,0.000139349558388381,0.03,10
25.4,0.000111280644901674,8.49397810247531e-06,0.000102786666799198,0.03,10
25.6,9.8995324450642e-05,5.69485081703825e-06,9.33004736336037e-05,0.03,10
25.8,9.18499071646783e-05,3.66682629535436e-06,8.81830808693239e-05,0.03,10
26,7.61031771974458e-05,3.41330474938038e-06,7.26898724480654e-05,0.03,10
26.2,5.73432702486652e-05,3.61207955605412e-06,5.37311906926111e-05,0.03,10
26.4,4.53339233438403e-05,3.08741614810419e-06,4.22465071957361e-05,0.03,10
26.6,4.0183374200906e-05,2.13328046170291e-06,3.80500937392031e-05,0.03,10
26.8,3.57099533215674e-05,1.54790693711524e-06,3.41620463844521e-05,0.03,10
27,2.90588530950811e-05,1.4501063093641e-06,2.7608746785717e-05,0.03,10
27.2,2.24888030443906e-05,1.40246481337764e-06,2.1086338231013e-05,0.03,10
27.4,1.83642712050904e-05,1.14477029771441e-06,1.7219500907376e-05,0.03,10
27.6,1.60948820376139e-05,8.24410094038368e-07,1.52704719435755e-05,0.03,10
27.8,1.38800184264013e-05,6.45916413142652e-07,1.32341020132586e-05,0.03,10
28,1.12239271921407e-05,5.95674981851878e-07,1.06282522102888e-05,0.03,10
28.2,8.89063686517517e-06,5.41110570638298e-07,8.34952629453687e-06,0.03,10
28.4,7.38870462518293e-06,4.32369520989816e-07,6.95633510419311e-06,0.03,10
28.6,6.39135681703198e-06,3.24560045525049e-07,6.06679677150693e-06,0.03,10
28.8,5.40391746351922e-06,2.65793683644165e-07,5.13812377987506e-06,0.03,10
29,4.37240991992993e-06,2.39658559727083e-07,4.13275136020284e-06,0.03,10
29.2,3.52663066554985e-06,2.08706764521542e-07,3.31792390102831e-06,0.03,10
29.4,2.95458445710529e-06,1.65850477702355e-07,2.78873397940294e-06,0.03,10
29.6,2.52513629823578e-06,1.2895463388923e-07,2.39618166434655e-06,0.03,10
29.8,2.10930621419338e-06,1.08000264672625e-07,2.00130594952075e-06,0.03,10
30,1.71345094734824e-06,9.52364216955951e-08,1.61821452565265e-06,0.03,10
30.2,1.39991958448407e-06,8.07279241432014e-08,1.31919166034086e-06,0.03,10
30.4,1.17573194276932e-06,6.43710827397707e-08,1.11136086002955e-06,0.03,10
30.6,9.94976948052776e-07,5.14026966766162e-08,9.4357425137616e-07,0.03,10
30.8,8.25567187012e-07,4.34424922423655e-08,7.82124694769634e-07,0.03,10
31,6.74027709955821e-07,3.75864338914637e-08,6.36441276064357e-07,0.03,10
31.2,5.55381888531713e-07,3.13548586691889e-08,5.24027029862524e-07,0.03,10
31.4,4.66202773819165e-07,2.51886678224601e-08,4.41014105996705e-07,0.03,10
31.6,3.91608245178146e-07,2.04889237971134e-08,3.71119321381032e-07,0.03,10
31.8,3.23910083362731e-07,1.73440386986656e-08,3.06566044664065e-07,0.03,10
32,2.65739430137099e-07,1.47845585211082e-08,2.50954871615991e-07,0.03,10
32.2,2.2009069441558e-07,1.22298487279402e-08,2.07860845687639e-07,0.03,10
32.4,1.84411832018532e-07,9.90722797886485e-09,1.74504604039667e-07,0.03,10
32.6,1.54098444874427e-07,8.15421424057162e-09,1.45944230633856e-07,0.03,10
32.8,1.27335083702016e-07,6.88837607807546e-09,1.20446707623941e-07,0.03,10
33,1.04890932639577e-07,5.8085571849102e-09,9.90823754546671e-08,0.03,10
33.2,8.71164063239654e-08,4.78780667836325e-09,8.23285996456021e-08,0.03,10
33.4,7.28341029056558e-08,3.90807188296428e-09,6.89260310226915e-08,0.03,10
33.6,6.0653833169858e-08,3.23871187397512e-09,5.74151212958829e-08,0.03,10
33.8,5.01304106605637e-08,2.72643230501027e-09,4.74039783555534e-08,0.03,10
34,4.14216127434313e-08,2.28209656822378e-09,3.91395161752075e-08,0.03,10
34.2,3.44465853490953e-08,1.87977907606772e-09,3.25668062730276e-08,0.03,10
34.4,2.8740319494679e-08,1.54377259882822e-09,2.71965468958508e-08,0.03,10
34.6,2.38844607088732e-08,1.28387877051856e-09,2.26005819383546e-08,0.03,10
34.8,1.97554300987536e-08,1.07686642011332e-09,1.86785636786403e-08,0.03,10
35,1.63588215024662e-08,8.97135785544467e-10,1.54616857169217e-08,0.03,10
35.2,1.36092537057454e-08,7.39575674573042e-10,1.28696780311724e-08,0.03,10
35.4,1.13356921625622e-08,6.101168586348e-10,1.07255753039274e-08,0.03,10
35.6,9.40983558056425e-09,5.08130657549258e-10,8.90170492301499e-09,0.03,10
35.8,7.79016312264729e-09,4.24836324008832e-10,7.36532679863846e-09,0.03,10
36,6.45990908066071e-09,3.5296061883565e-10,6.10694846182506e-09,0.03,10
36.2,5.37354311166435e-09,2.9138278500048e-10,5.08216032666387e-09,0.03,10
36.4,4.47016078275389e-09,2.41118270423827e-10,4.22904251233006e-09,0.03,10
36.6,3.708804159071e-09,2.00859725942946e-10,3.50794443312806e-09,0.03,10
36.8,3.07302745325125e-09,1.67509218249837e-10,2.90551823500142e-09,0.03,10
37,2.55044725828507e-09,1.38972962425626e-10,2.41147429585945e-09,0.03,10
37.2,2.12084570352504e-09,1.14899562241185e-10,2.00594614128386e-09,0.03,10
37.4,1.76272890564203e-09,9.52645220308452e-11,1.66746438361118e-09,0.03,10
37.6,1.46228766629248e-09,7.93290329625523e-11,1.38295863332992e-09,0.03,10
37.8,1.21246179170563e-09,6.60350020218948e-11,1.14642678968374e-09,0.03,10
38,1.0067414505054e-09,5.47543070864505e-11,9.51987143418946e-10,0.03,10
38.2,8.36844632928677e-10,4.53294672183724e-11,7.91515165710304e-10,0.03,10
38.4,6.95136139464053e-10,3.76256416414639e-11,6.57510497822589e-10,0.03,10
38.6,5.7668583905914e-10,3.13127849996376e-11,5.45373054059502e-10,0.03,10
38.8,4.78412260290155e-10,2.6032562296961e-11,4.52379697993194e-10,0.03,10
39,3.97321552347389e-10,2.1583618402383e-11,3.75737933945006e-10,0.03,10
39.2,3.30153192768777e-10,1.78871595640731e-11,3.12266033204704e-10,0.03,10
39.4,2.74150854325541e-10,1.48557424417329e-11,2.59295111883808e-10,0.03,10
39.6,2.27467263462537e-10,1.23554497923627e-11,2.15111813670175e-10,0.03,10
39.8,1.88773485423347e-10,1.02638043282204e-11,1.78509681095126e-10,0.03,10
40,1.56785264643899e-10,8.5110896885663e-12,1.48274174955333e-10,0.03,10
40.2,1.30242619680709e-10,7.05885467506435e-12,1.23183765005645e-10,0.03,10
40.4,1.08129965458096e-10,5.86389205854592e-12,1.0226607339955e-10,0.03,10
40.6,8.97314444118434e-11,4.87428626831542e-12,8.4857158143528e-11,0.03,10
40.8,7.44852111931871e-11,4.04726267310659e-12,7.04379485200805e-11,0.03,10
41,6.18619961118527e-11,3.35697784966557e-12,5.85050182621872e-11,0.03,10
41.2,5.13780683177453e-11,2.78562620916007e-12,4.85924421085852e-11,0.03,10
41.4,4.26515279518535e-11,2.31412622645454e-12,4.0337401725399e-11,0.03,10
41.6,3.53994887884802e-11,1.92275460978987e-12,3.34767341786904e-11,0.03,10
41.8,2.93889548123853e-11,1.59614845723476e-12,2.77928063551506e-11,0.03,10
42,2.44068944083237e-11,1.3242630544193e-12,2.30826313539044e-11,0.03,10
42.2,2.02675339372429e-11,1.09923472948952e-12,1.91682992077533e-11,0.03,10
42.4,1.68247393296783e-11,9.13112206585707e-13,1.59116271230926e-11,0.03,10
42.6,1.39657002288415e-11,7.58445077634577e-13,1.32072551512069e-11,0.03,10
42.8,1.15953234765547e-11,6.29555835506365e-13,1.09657676410483e-11,0.03,10
43,9.62902266315956e-12,5.22437604918227e-13,9.10658505824133e-12,0.03,10
43.2,7.99517968546639e-12,4.33742607003788e-13,7.5614370784626e-12,0.03,10
43.4,6.63713124418178e-12,3.60262597329071e-13,6.27686864685271e-12,0.03,10
43.6,5.50977171455408e-12,2.99175904819072e-13,5.210595809735e-12,0.03,10
43.8,4.57475948125825e-12,2.48331923171538e-13,4.32642755808671e-12,0.03,10
44,3.79875301718841e-12,2.06115469861442e-13,3.59263754732697e-12,0.03,10
20,0.431021786219296,0.00714306441787082,0.423878721801426,0.03,30
20.2,0.00192439458921777,3.94386198431147e-05,0.00188495596937466,0.03,30
20.4,0.000243889603723977,4.5868184554994e-06,0.000239302785268478,0.03,30
20.6,2.85059495752017e-05,1.95840920401661e-08,2.84863654831615e-05,0.03,30
20.8,1.74969827254412e-06,5.0007034509272e-10,1.74919820219903e-06,0.03,30
21,3.71809470506501e-08,1.70197386787244e-10,3.70107496638629e-08,0.03,30
21.2,1.06277793157799e-09,1.7814215715555e-11,1.04496371586243e-09,0.03,30
21.4,1.14825215152964e-10,7.41120881029579e-13,1.14084094271934e-10,0.03,30
21.6,1.00174868980139e-11,8.57366866306038e-15,1.00089132293508e-11,0.03,30
21.8,4.18859068185304e-13,5.59776784984317e-16,4.1829929140032e-13,0.03,30
22,1.05168404077137e-14,7.47317053787239e-17,1.04421087023349e-14,0.03,30
22.2,5.13936934588299e-16,5.30518272256545e-18,5.08631751865734e-16,0.03,30
22.4,4.7054822575859e-17,1.61170846696424e-19,4.68936517291626e-17,0.03,30
22.6,2.94353084573714e-18,3.52772653457706e-21,2.94000311920256e-18,0.03,30
22.8,1.07441225053319e-19,2.98955378144155e-22,1.07142269675175e-19,0.03,30
23,3.48222206596241e-21,2.74501124229667e-23,3.45477195353944e-21,0.03,30
23.2,2.20300503618928e-22,1.40628494817441e-24,2.18894218670754e-22,0.03,30
23.4,1.63553463871188e-23,4.08944681040244e-26,1.63144519190147e-23,0.03,30
23.6,8.30129203542041e-25,1.51724683902878e-27,8.28611956703012e-25,0.03,30
23.8,2.99330002272499e-26,1.26612193287237e-28,2.98063880339626e-26,0.03,30
24,1.26113652206137e-27,8.72922461142464e-30,1.25240729744994e-27,0.03,30
24.2,8.39129398149886e-29,3.72094769297983e-31,8.35408450456906e-29,0.03,30
24.4,5.20178346808938e-30,1.20891328205537e-32,5.18969433526883e-30,0.03,30
24.6,2.35113098201812e-31,6.25929798448652e-34,2.34487168403364e-31,0.03,30
24.8,9.11409098357409e-33,4.61627374502025e-35,9.06792824612388e-33,0.03,30
25,4.61494858289441e-34,2.59572169017456e-36,4.58899136599267e-34,0.03,30
25.2,2.923750326334e-35,1.02777144885759e-37,2.91347261184542e-35,0.03,30
25.4,1.5868107471283e-36,4.01183003721221e-39,1.58279891709109e-36,0.03,30
25.6,6.86410509557066e-38,2.39098543702611e-40,6.8401952412004e-38,0.03,30
25.8,2.96700946478593e-39,1.53436901148962e-41,2.95166577467104e-39,0.03,30
26,1.63840633259065e-40,7.56329146643832e-43,1.63084304112421e-40,0.03,30
26.2,9.60912658587996e-42,3.02852179613362e-44,9.57884136791863e-42,0.03,30
26.4,4.78264423744889e-43,1.40003642077112e-45,4.76864387324118e-43,0.03,30
26.6,2.08893272344536e-44,8.49428473154062e-47,2.08043843871382e-44,0.03,30
26.8,9.9648119067396e-46,4.84018841523231e-48,9.91641002258728e-46,0.03,30
27,5.59726591135444e-47,2.22468054146101e-49,5.57501910593983e-47,0.03,30
27.2,3.0522317744368e-48,9.49177402798975e-51,3.04274000040881e-48,0.03,30
27.4,1.45188015918141e-49,4.88899997581884e-52,1.4469911592056e-49,0.03,30
27.6,6.59997948157931e-51,2.85583596387189e-53,6.5714211219406e-51,0.03,30
27.8,3.35764919402004e-52,1.49054803417093e-54,3.34274371367833e-52,0.03,30
28,1.85055949932288e-53,6.71813619598649e-56,1.84384136312689e-53,0.03,30
28.2,9.54345688070834e-55,3.09711238218692e-57,9.51248575688647e-55,0.03,30
28.4,4.48412880208348e-56,1.67129881023005e-58,4.46741581398118e-56,0.03,30
28.6,2.13642945581872e-57,9.25405641473431e-60,2.12717539940399e-57,0.03,30
28.8,1.11924005842034e-58,4.57062073608481e-61,1.11466943768426e-58,0.03,30
29,5.97844771014155e-60,2.0912527511165e-62,5.95753518263038e-60,0.03,30
29.2,2.97582665647011e-61,1.02706901065927e-63,2.96555596636352e-61,0.03,30
29.4,1.4114236097577e-62,5.57027798901093e-65,1.40585333176869e-62,0.03,30
29.6,6.98684006934279e-64,2.93613638277433e-66,6.95747870551504e-64,0.03,30
29.8,3.67683899270591e-65,1.4129178786729e-67,3.66270981391918e-65,0.03,30
30,1.9054329608134e-66,6.67077662324529e-69,1.89876218419016e-66,0.03,30
30.2,9.32716816042451e-68,3.40453979377737e-70,9.29312276248674e-68,0.03,30
30.4,4.50967609933177e-69,1.81727494519307e-71,4.49150334987984e-69,0.03,30
30.6,2.28574825200188e-70,9.2350880961386e-73,2.27651316390574e-70,0.03,30
30.8,1.19230124356124e-71,4.42673266279264e-74,1.18787451089844e-71,0.03,30
31,6.03864687926179e-73,2.15870184786673e-75,6.01705986078312e-73,0.03,30
31.2,2.94799968650172e-74,1.11920314601312e-76,2.93680765504159e-74,0.03,30
31.4,1.45375584469427e-75,5.84187763771082e-78,1.44791396705656e-75,0.03,30
31.6,7.44313673276727e-77,2.90435662463732e-79,7.4140931665209e-77,0.03,30
31.8,3.83078562579088e-78,1.40519745040621e-80,3.81673365128682e-78,0.03,30
32,1.91339986832842e-79,7.02225190038578e-82,1.90637761642804e-79,0.03,30
32.2,9.39326766106984e-81,3.64232818530112e-83,9.35684437921683e-81,0.03,30
32.4,4.702240617511e-82,1.86262523941022e-84,4.6836143651169e-82,0.03,30
32.6,2.40919170139429e-83,9.17630063688811e-86,2.4000154007574e-83,0.03,30
32.8,1.22440805743669e-84,4.50343926779836e-87,1.21990461816889e-84,0.03,30
33,6.07989975703308e-86,2.28251476815058e-88,6.05707460935157e-86,0.03,30
33.2,3.01072538685752e-87,1.17521083389749e-89,2.99897327851855e-87,0.03,30
33.4,1.52048977062447e-88,5.92147936251888e-91,1.51456829126195e-88,0.03,30
33.6,7.75703376432708e-90,2.91707018013632e-92,7.72786306252571e-90,0.03,30
33.8,3.90603203268667e-91,1.45084158174394e-93,3.89152361686923e-91,0.03,30
34,1.9391945579975e-92,7.39215350518917e-95,1.93180240449231e-92,0.03,30
34.2,9.68158438701804e-94,3.7697279321947e-96,9.64388710769609e-94,0.03,30
34.4,4.9061428766763e-95,1.88356269003863e-97,4.88730724977591e-95,0.03,30
34.6,2.48846977136572e-96,9.32367624412396e-99,2.4791460951216e-96,0.03,30
34.8,1.24643692630133e-97,4.68173692459556e-100,1.24175518937673e-97,0.03,30
35,6.20584928245135e-99,2.38399494284884e-101,6.18200933302286e-99,0.03,30
35.2,3.11667331240815e-100,1.20549972188594e-102,3.10461831518929e-100,0.03,30
35.4,1.57904203541815e-101,6.00520299943605e-104,1.57303683241872e-101,0.03,30
35.6,7.96747135768258e-103,2.9911809521643e-105,7.93755954816094e-103,0.03,30
35.8,3.98296221915217e-104,1.5098169237745e-106,3.96786404991443e-104,0.03,30
36,1.99059995655637e-105,7.66171372720189e-108,1.98293824282917e-105,0.03,30
36.2,1.00298931265346e-106,3.8515238044145e-109,9.99137788849045e-107,0.03,30
36.4,5.07124298838799e-108,1.91970456572661e-110,5.05204594273072e-108,0.03,30
36.6,2.54946093831824e-109,9.6143686137728e-112,2.53984656970446e-109,0.03,30
36.8,1.27482625287506e-110,4.86107069209258e-113,1.26996518218296e-110,0.03,30
37,6.39272997751521e-112,2.45669451861575e-114,6.36816303232905e-112,0.03,30
37.2,3.22462678390371e-113,1.2311147985131e-115,3.21231563591858e-113,0.03,30
37.4,1.62634769755388e-114,6.15040324077276e-117,1.62019729431311e-114,0.03,30
37.6,8.15995156520895e-116,3.09175659347026e-118,8.12903399927424e-116,0.03,30
37.8,4.08591733634399e-117,1.56233330626299e-119,4.07029400328136e-117,0.03,30
38,2.05366137726417e-118,7.86842100087365e-121,2.0457929562633e-118,0.03,30
38.2,1.03560945829322e-119,3.9393992940411e-122,1.03167005899918e-119,0.03,30
38.4,5.21196519129734e-121,1.97331601955065e-123,5.19223203110183e-121,0.03,30
38.6,2.61340758212989e-122,9.93860336064766e-125,2.60346897876924e-122,0.03,30
38.8,1.31074161055804e-123,5.01422577187286e-126,1.30572738478617e-123,0.03,30
39,6.59598191912649e-125,2.51951745203845e-127,6.57078674460611e-125,0.03,30
39.2,3.32303396347146e-126,1.26198562318843e-128,3.31041410723957e-126,0.03,30
39.4,1.66999846580923e-127,6.33554361373909e-130,1.66366292219549e-127,0.03,30
39.6,8.37583884643158e-129,3.19247770852035e-131,8.34391406934638e-129,0.03,30
39.8,4.20660514280288e-130,1.6078639517496e-132,4.19052650328539e-130,0.03,30
40,2.11757836271714e-131,8.06987696745477e-134,2.10950848574969e-131,0.03,30
40.2,1.06569473898148e-132,4.04638111473585e-135,1.06164835786674e-132,0.03,30
40.4,5.35179287948699e-134,2.03433049686712e-136,5.33144957451831e-134,0.03,30
40.6,2.68589666523223e-135,1.02473045660665e-137,2.67564936066616e-135,0.03,30
40.8,1.35015201890505e-136,5.15371873794322e-139,1.34499830016711e-136,0.03,30
41,6.79521761528482e-138,2.58598739779953e-140,6.76935774130682e-138,0.03,30
41.2,3.41680071617823e-139,1.29812936464246e-141,3.4038194225318e-139,0.03,30
41.4,1.71557327379061e-140,6.53085491798843e-143,1.70904241887263e-140,0.03,30
41.6,8.61588091203876e-142,3.28735141498268e-144,8.58300739788893e-142,0.03,30
41.8,4.33293552906798e-143,1.65184904682363e-145,4.31641703859974e-143,0.03,30
42,2.1797937890083e-144,8.29072532400875e-147,2.17150306368429e-144,0.03,30
42.2,1.09544316196049e-145,4.16554668799573e-148,1.09127761527249e-145,0.03,30
42.4,5.50105364307514e-147,2.09593671149956e-149,5.48009427596014e-147,0.03,30
42.6,2.76424158382511e-148,1.05423089923963e-150,2.75369927483272e-148,0.03,30
42.8,1.39026319527617e-149,5.29521133528122e-152,1.38496798394089e-149,0.03,30
43,6.99093620531563e-151,2.65897099298792e-153,6.96434649538575e-151,0.03,30
43.2,3.51234356600196e-152,1.33669672794673e-154,3.49897659872249e-152,0.03,30
43.4,1.76432455535718e-153,6.7243907239698e-156,1.75760016463321e-153,0.03,30
43.6,8.86867249376218e-155,3.38037827382606e-157,8.83486871102392e-155,0.03,30
43.8,4.45995056591439e-156,1.69780921044512e-158,4.44297247380994e-156,0.03,30
44,2.24190183967348e-157,8.52952972385069e-160,2.23337230994963e-157,0.03,30
20,0.431021786219296,0.00714306441787082,0.423878721801426,0.03,100
20.2,0.000281832873694796,1.01596374031776e-10,0.000281832772098422,0.03,100
20.4,3.72544580731373e-06,1.94483682360931e-17,3.72544580729428e-06,0.03,100
20.6,2.08457635098903e-11,3.96137200789154e-22,2.08457635094941e-11,0.03,100
20.8,6.57946696925502e-18,2.07359211028376e-24,6.57946489566291e-18,0.03,100
21,7.14993209969516e-23,6.07519752147718e-29,7.14992602449764e-23,0.03,100
21.2,4.18125282397837e-26,7.7512638158068e-35,4.18125281622711e-26,0.03,100
21.4,1.26867022806215e-30,5.88389548455086e-41,1.26867022800331e-30,0.03,100
21.6,4.40474692258354e-36,2.72393534724774e-44,4.40474689534418e-36,0.03,100
21.8,5.20419858644901e-42,1.56068814672561e-48,5.20419702576087e-42,0.03,100
22,5.93548570935786e-46,1.255622840534e-53,5.93548558379558e-46,0.03,100
22.2,2.98852564599616e-50,2.27402434777075e-59,2.98852564372213e-50,0.03,100
22.4,3.26419020419425e-55,4.15983570787354e-64,3.26419020003442e-55,0.03,100
22.6,1.04401276856817e-60,2.97335719041124e-68,1.0440127388346e-60,0.03,100
22.8,1.01812476940209e-65,5.34997249947166e-73,1.01812471590236e-65,0.03,100
23,5.83100988514694e-70,2.90773720180335e-78,5.83100985606956e-70,0.03,100
23.2,1.1599579591553e-74,1.1903174615481e-83,1.15995795796498e-74,0.03,100
23.4,8.34788246661905e-80,5.34466395226837e-88,8.34788241317241e-80,0.03,100
23.6,3.85711597657173e-85,1.48515517675216e-92,3.85711582805621e-85,0.03,100
23.8,1.10009993708953e-89,1.57308703286777e-97,1.10009992135866e-89,0.03,100
24,3.06655859833711e-94,7.97264998464938e-103,3.06655859036446e-94,0.03,100
24.2,3.75277834276943e-99,1.06781147524803e-107,3.75277833209132e-99,0.03,100
24.4,2.34665453308671e-104,3.44406937332494e-112,2.34665449864602e-104,0.03,100
24.6,2.50361670281125e-109,5.62509510762493e-117,2.5036166465603e-109,0.03,100
24.8,7.09056417514686e-114,4.53474894130194e-122,7.09056412979937e-114,0.03,100
25,1.23964100448712e-118,3.32618296720473e-127,1.23964100116094e-118,0.03,100
25.2,1.15462002087888e-123,7.57464140618736e-132,1.15462001330424e-123,0.03,100
25.4,8.79690135369694e-129,1.61172162937178e-136,8.79690119252478e-129,0.03,100
25.6,1.62463097808804e-133,1.89619885297799e-141,1.62463095912605e-133,0.03,100
25.8,3.44004359924438e-138,1.46760829804274e-146,3.4400435845683e-138,0.03,100
26,4.42549485840464e-143,1.8699896218672e-151,4.42549483970475e-143,0.03,100
26.2,3.79294818889273e-148,4.1135034853468e-156,3.79294814775769e-148,0.03,100
26.4,4.36237375340954e-153,6.37869615061873e-161,4.36237368962257e-153,0.03,100
26.6,8.78857929619823e-158,6.28016890841343e-166,8.78857923339654e-158,0.03,100
26.8,1.41996647274221e-162,5.97757359071158e-171,1.41996646676464e-162,0.03,100
27,1.52460193188074e-167,1.03328425980738e-175,1.5246019215479e-167,0.03,100
27.2,1.47339925872536e-172,1.86668181930275e-180,1.47339924005854e-172,0.03,100
27.4,2.28421898295844e-177,2.32801251408099e-185,2.28421895967831e-177,0.03,100
27.6,4.07453116036524e-182,2.24990741230005e-190,4.07453113786616e-182,0.03,100
27.8,5.38098128137781e-187,2.86068272794158e-195,5.38098125277099e-187,0.03,100
28,5.50192500487998e-192,5.09162589340019e-200,5.50192495396372e-192,0.03,100
28.2,6.64506082581192e-197,7.58230964123566e-205,6.64506074998882e-197,0.03,100
28.4,1.11681942459853e-201,8.414680294292e-210,1.11681941618385e-201,0.03,100
28.6,1.70131162160047e-206,9.1743086832808e-215,1.70131161242617e-206,0.03,100
28.8,1.99291231976451e-211,1.39509128683292e-219,1.9929123058136e-211,0.03,100
29,2.19044620990327e-216,2.2589946237815e-224,2.19044618731333e-216,0.03,100
29.2,3.13728735370648e-221,2.91395126924099e-229,3.13728732456696e-221,0.03,100
29.4,5.01237422679635e-226,3.19956577596615e-234,5.01237419480069e-226,0.03,100
29.6,6.7021469263513e-231,4.10011839351733e-239,6.70214688535011e-231,0.03,100
29.8,7.6093841642467e-236,6.46460159036274e-244,7.60938409960068e-236,0.03,100
30,9.48986168638538e-241,9.31849947473486e-249,9.48986159320039e-241,0.03,100
30.2,1.44269037804879e-245,1.11315593725631e-253,1.44269036691723e-245,0.03,100
30.4,2.10411552574961e-250,1.31133388071227e-258,2.10411551263627e-250,0.03,100
30.6,2.59995955947546e-255,1.8705657103921e-263,2.59995954076981e-255,0.03,100
30.8,3.07919201691675e-260,2.81808924582425e-268,3.07919198873586e-260,0.03,100
31,4.24550438789792e-265,3.7028095440897e-273,4.24550435086982e-265,0.03,100
31.2,6.32552796156137e-270,4.38738687199537e-278,6.32552791768751e-270,0.03,100
31.4,8.49581040189767e-275,5.67302117890127e-283,8.49581034516746e-275,0.03,100
31.6,1.02761450124469e-279,8.3373017093937e-288,1.02761449290739e-279,0.03,100
31.8,1.3093934893618e-284,1.17236310621291e-292,1.30939347763817e-284,0.03,100
32,1.88085886095561e-289,1.46464609440437e-297,1.88085884630915e-289,0.03,100
32.2,2.65988949890766e-294,1.80735547388747e-302,2.6598894808341e-294,0.03,100
32.4,3.39367396051646e-299,2.49417789116994e-307,3.39367393557468e-299,0.03,100
32.6,4.20400112636741e-304,3.58702986714119e-312,4.20400109049711e-304,0.03,100
32.8,5.68871547989905e-309,4.76797952705966e-317,5.68871543221926e-309,0.03,100
33,8.11424723570842e-314,1.14064935655369e-319,8.11423582921485e-314,0.03,100
33.2,1.32174911903679e-318,1.13847546771198e-319,1.2079015722656e-318,0.03,100
33.4,2.32620928031434e-319,1.13847546771198e-319,1.18773381260236e-319,0.03,100
33.6,2.32606106062059e-319,1.13847546771198e-319,1.1875855929086e-319,0.03,100
33.8,2.32606106062059e-319,1.13847546771198e-319,1.1875855929086e-319,0.03,100
34,2.32606106062059e-319,1.13847546771198e-319,1.1875855929086e-319,0.03,100
34.2,2.32606106062059e-319,1.13847546771198e-319,1.1875855929086e-319,0.03,100
34.4,2.32606106062059e-319,1.13847546771198e-319,1.1875855929086e-319,0.03,100
34.6,2.32606106062059e-319,1.13847546771198e-319,1.1875855929086e-319,0.03,100
34.8,2.32606106062059e-319,1.13847546771198e-319,1.1875855929086e-319,0.03,100
35,2.32606106062059e-319,1.13847546771198e-319,1.1875855929086e-319,0.03,100
35.2,2.32606106062059e-319,1.13847546771198e-319,1.1875855929086e-319,0.03,100
35.4,2.32606106062059e-319,1.13847546771198e-319,1.1875855929086e-319,0.03,100
35.6,2.32606106062059e-319,1.13847546771198e-319,1.1875855929086e-319,0.03,100
35.8,2.32606106062059e-319,1.13847546771198e-319,1.1875855929086e-319,0.03,100
36,2.32606106062059e-319,1.13847546771198e-319,1.1875855929086e-319,0.03,100
36.2,2.32606106062059e-319,1.13847546771198e-319,1.1875855929086e-319,0.03,100
36.4,2.32606106062059e-319,1.13847546771198e-319,1.1875855929086e-319,0.03,100
36.6,2.32606106062059e-319,1.13847546771198e-319,1.1875855929086e-319,0.03,100
36.8,2.32606106062059e-319,1.13847546771198e-319,1.1875855929086e-319,0.03,100
37,2.32606106062059e-319,1.13847546771198e-319,1.1875855929086e-319,0.03,100
37.2,2.32606106062059e-319,1.13847546771198e-319,1.1875855929086e-319,0.03,100
37.4,2.32606106062059e-319,1.13847546771198e-319,1.1875855929086e-319,0.03,100
37.6,2.32606106062059e-319,1.13847546771198e-319,1.1875855929086e-319,0.03,100
37.8,2.32606106062059e-319,1.13847546771198e-319,1.1875855929086e-319,0.03,100
38,2.32606106062059e-319,1.13847546771198e-319,1.1875855929086e-319,0.03,100
38.2,2.32606106062059e-319,1.13847546771198e-319,1.1875855929086e-319,0.03,100
38.4,2.32606106062059e-319,1.13847546771198e-319,1.1875855929086e-319,0.03,100
38.6,2.32606106062059e-319,1.13847546771198e-319,1.1875855929086e-319,0.03,100
38.8,2.32606106062059e-319,1.13847546771198e-319,1.1875855929086e-319,0.03,100
39,2.32606106062059e-319,1.13847546771198e-319,1.1875855929086e-319,0.03,100
39.2,2.32606106062059e-319,1.13847546771198e-319,1.1875855929086e-319,0.03,100
39.4,2.32606106062059e-319,1.13847546771198e-319,1.1875855929086e-319,0.03,100
39.6,2.32606106062059e-319,1.13847546771198e-319,1.1875855929086e-319,0.03,100
39.8,2.32606106062059e-319,1.13847546771198e-319,1.1875855929086e-319,0.03,100
40,2.32606106062059e-319,1.13847546771198e-319,1.1875855929086e-319,0.03,100
40.2,2.32606106062059e-319,1.13847546771198e-319,1.1875855929086e-319,0.03,100
40.4,2.32606106062059e-319,1.13847546771198e-319,1.1875855929086e-319,0.03,100
40.6,2.32606106062059e-319,1.13847546771198e-319,1.1875855929086e-319,0.03,100
40.8,2.32606106062059e-319,1.13847546771198e-319,1.1875855929086e-319,0.03,100
41,2.32606106062059e-319,1.13847546771198e-319,1.1875855929086e-319,0.03,100
41.2,2.32606106062059e-319,1.13847546771198e-319,1.1875855929086e-319,0.03,100
41.4,2.32606106062059e-319,1.13847546771198e-319,1.1875855929086e-319,0.03,100
41.6,2.32606106062059e-319,1.13847546771198e-319,1.1875855929086e-319,0.03,100
41.8,2.32606106062059e-319,1.13847546771198e-319,1.1875855929086e-319,0.03,100
42,2.32606106062059e-319,1.13847546771198e-319,1.1875855929086e-319,0.03,100
42.2,2.32606106062059e-319,1.13847546771198e-319,1.1875855929086e-319,0.03,100
42.4,2.32606106062059e-319,1.13847546771198e-319,1.1875855929086e-319,0.03,100
42.6,2.32606106062059e-319,1.13847546771198e-319,1.1875855929086e-319,0.03,100
42.8,2.32606106062059e-319,1.13847546771198e-319,1.1875855929086e-319,0.03,100
43,2.32606106062059e-319,1.13847546771198e-319,1.1875855929086e-319,0.03,100
43.2,2.32606106062059e-319,1.13847546771198e-319,1.1875855929086e-319,0.03,100
43.4,2.32606106062059e-319,1.13847546771198e-319,1.1875855929086e-319,0.03,100
43.6,2.32606106062059e-319,1.13847546771198e-319,1.1875855929086e-319,0.03,100
43.8,2.32606106062059e-319,1.13847546771198e-319,1.1875855929086e-319,0.03,100
44,2.32606106062059e-319,1.13847546771198e-319,1.1875855929086e-319,0.03,100
