"time","rel_diff","comparison"
500,0,"Peaks only vs. Constant"
500.2,0,"Peaks only vs. Constant"
500.4,0,"Peaks only vs. Constant"
500.6,0,"Peaks only vs. Constant"
500.8,0,"Peaks only vs. Constant"
501,0,"Peaks only vs. Constant"
501.2,0,"Peaks only vs. Constant"
501.4,0,"Peaks only vs. Constant"
501.6,0,"Peaks only vs. Constant"
501.8,0,"Peaks only vs. Constant"
502,0,"Peaks only vs. Constant"
502.2,0,"Peaks only vs. Constant"
502.4,0,"Peaks only vs. Constant"
502.6,0,"Peaks only vs. Constant"
502.8,0,"Peaks only vs. Constant"
503,0,"Peaks only vs. Constant"
503.2,0,"Peaks only vs. Constant"
503.4,0,"Peaks only vs. Constant"
503.6,0,"Peaks only vs. Constant"
503.8,0,"Peaks only vs. Constant"
504,0,"Peaks only vs. Constant"
504.2,0,"Peaks only vs. Constant"
504.4,0,"Peaks only vs. Constant"
504.6,0.0421774802060473,"Peaks only vs. Constant"
504.8,0.0963056045316623,"Peaks only vs. Constant"
505,0.136436420183541,"Peaks only vs. Constant"
505.2,0.163118082438786,"Peaks only vs. Constant"
505.4,0.176705298121028,"Peaks only vs. Constant"
505.6,0.178105611746682,"Peaks only vs. Constant"
505.8,0.127666346584733,"Peaks only vs. Constant"
506,0.0693573182912038,"Peaks only vs. Constant"
506.2,0.0321077136795391,"Peaks only vs. Constant"
506.4,0.0115101033922836,"Peaks only vs. Constant"
506.6,0.00297957544255244,"Peaks only vs. Constant"
506.8,0.00377164380695529,"Peaks only vs. Constant"
507,0.0108462179871546,"Peaks only vs. Constant"
507.2,0.0196885835458576,"Peaks only vs. Constant"
507.4,0.0249121590861215,"Peaks only vs. Constant"
507.6,0.02228933432198,"Peaks only vs. Constant"
507.8,0.0111727930271654,"Peaks only vs. Constant"
508,-0.0051985474391182,"Peaks only vs. Constant"
508.2,-0.0212434574425475,"Peaks only vs. Constant"
508.4,-0.0318379260497661,"Peaks only vs. Constant"
508.6,-0.0358025190534761,"Peaks only vs. Constant"
508.8,-0.0363213891862084,"Peaks only vs. Constant"
509,-0.0372732471373961,"Peaks only vs. Constant"
509.2,-0.0402355878241689,"Peaks only vs. Constant"
509.4,-0.0449794876311233,"Peaks only vs. Constant"
509.6,-0.0507596362114393,"Peaks only vs. Constant"
509.8,-0.0566252432191313,"Peaks only vs. Constant"
510,-0.061329946680214,"Peaks only vs. Constant"
510.2,-0.0631116752209318,"Peaks only vs. Constant"
510.4,-0.0199093490796806,"Peaks only vs. Constant"
510.6,0.0424349906391705,"Peaks only vs. Constant"
510.8,0.102438203030006,"Peaks only vs. Constant"
511,0.161260378236477,"Peaks only vs. Constant"
511.2,0.216488519386566,"Peaks only vs. Constant"
511.4,0.262881973769653,"Peaks only vs. Constant"
511.6,0.294868955666286,"Peaks only vs. Constant"
511.8,0.26096602068134,"Peaks only vs. Constant"
512,0.204211578214179,"Peaks only vs. Constant"
512.2,0.156155388802169,"Peaks only vs. Constant"
512.4,0.115711512075341,"Peaks only vs. Constant"
512.6,0.0827077634933435,"Peaks only vs. Constant"
512.8,0.0574297471083338,"Peaks only vs. Constant"
513,0.0387484669732753,"Peaks only vs. Constant"
513.2,0.0248073399779375,"Peaks only vs. Constant"
513.4,0.0149313449870372,"Peaks only vs. Constant"
513.6,0.00900247315183765,"Peaks only vs. Constant"
513.8,0.00353777620117756,"Peaks only vs. Constant"
514,-0.00705198462866842,"Peaks only vs. Constant"
514.2,-0.02374910291834,"Peaks only vs. Constant"
514.4,-0.0422898595778806,"Peaks only vs. Constant"
514.6,-0.0589580082429094,"Peaks only vs. Constant"
514.8,-0.0738911263399915,"Peaks only vs. Constant"
515,-0.0887718496991081,"Peaks only vs. Constant"
515.2,-0.103635578786659,"Peaks only vs. Constant"
515.4,-0.116927918728331,"Peaks only vs. Constant"
515.6,-0.127231369113093,"Peaks only vs. Constant"
515.8,-0.134115155914889,"Peaks only vs. Constant"
516,-0.137401897373483,"Peaks only vs. Constant"
516.2,-0.0995217271561682,"Peaks only vs. Constant"
516.4,-0.0426164278101387,"Peaks only vs. Constant"
516.6,0.0175344042647908,"Peaks only vs. Constant"
516.8,0.0880014032973347,"Peaks only vs. Constant"
517,0.172748463060285,"Peaks only vs. Constant"
517.2,0.269913239650668,"Peaks only vs. Constant"
517.4,0.370041089956291,"Peaks only vs. Constant"
517.6,0.402303344724394,"Peaks only vs. Constant"
517.8,0.390460818913765,"Peaks only vs. Constant"
518,0.358263138350955,"Peaks only vs. Constant"
518.2,0.30454794948551,"Peaks only vs. Constant"
518.4,0.237343837460534,"Peaks only vs. Constant"
518.6,0.167901700286057,"Peaks only vs. Constant"
518.8,0.104492357929207,"Peaks only vs. Constant"
519,0.0524409265239857,"Peaks only vs. Constant"
519.2,0.0165893538071553,"Peaks only vs. Constant"
519.4,-8.9275634621695e-05,"Peaks only vs. Constant"
519.6,-0.00211029639373711,"Peaks only vs. Constant"
519.8,-0.00183966933646228,"Peaks only vs. Constant"
520,-0.0108846115128796,"Peaks only vs. Constant"
520.2,-0.0324392213225607,"Peaks only vs. Constant"
520.4,-0.0622790882460755,"Peaks only vs. Constant"
520.6,-0.0946444496338933,"Peaks only vs. Constant"
520.8,-0.126225001395519,"Peaks only vs. Constant"
521,-0.155457638451031,"Peaks only vs. Constant"
521.2,-0.180382888400257,"Peaks only vs. Constant"
521.4,-0.198956481592852,"Peaks only vs. Constant"
521.6,-0.210441285051986,"Peaks only vs. Constant"
521.8,-0.215186105967255,"Peaks only vs. Constant"
522,-0.212870716529972,"Peaks only vs. Constant"
522.2,-0.169066885712503,"Peaks only vs. Constant"
522.4,-0.0996285417080376,"Peaks only vs. Constant"
522.6,-0.0170464700197013,"Peaks only vs. Constant"
522.8,0.0875196894532642,"Peaks only vs. Constant"
523,0.220837338278293,"Peaks only vs. Constant"
523.2,0.380342006118797,"Peaks only vs. Constant"
523.4,0.546775304348465,"Peaks only vs. Constant"
523.6,0.621214553490008,"Peaks only vs. Constant"
523.8,0.614154569044921,"Peaks only vs. Constant"
524,0.552442059140534,"Peaks only vs. Constant"
524.2,0.448147592797065,"Peaks only vs. Constant"
524.4,0.326290091694004,"Peaks only vs. Constant"
524.6,0.21004250432422,"Peaks only vs. Constant"
524.8,0.11407907583455,"Peaks only vs. Constant"
525,0.0467253297784508,"Peaks only vs. Constant"
525.2,0.010624642763741,"Peaks only vs. Constant"
525.4,0.00033851255945586,"Peaks only vs. Constant"
525.6,0.00185839787873418,"Peaks only vs. Constant"
525.8,-0.00250764329427069,"Peaks only vs. Constant"
526,-0.0247544072413815,"Peaks only vs. Constant"
526.2,-0.0650530355615059,"Peaks only vs. Constant"
526.4,-0.114823366523591,"Peaks only vs. Constant"
526.6,-0.164501413103862,"Peaks only vs. Constant"
526.8,-0.208511146763971,"Peaks only vs. Constant"
527,-0.244829289908196,"Peaks only vs. Constant"
527.2,-0.272558671947811,"Peaks only vs. Constant"
527.4,-0.2910842903219,"Peaks only vs. Constant"
527.6,-0.300021740250026,"Peaks only vs. Constant"
527.8,-0.298615336679156,"Peaks only vs. Constant"
528,-0.256665223986733,"Peaks only vs. Constant"
528.2,-0.187265093021673,"Peaks only vs. Constant"
528.4,-0.0997929885266718,"Peaks only vs. Constant"
528.6,0.0173846788495388,"Peaks only vs. Constant"
528.8,0.176089213599643,"Peaks only vs. Constant"
529,0.379540361547514,"Peaks only vs. Constant"
529.2,0.611463689833395,"Peaks only vs. Constant"
529.4,0.760919476904156,"Peaks only vs. Constant"
529.6,0.816913965184382,"Peaks only vs. Constant"
529.8,0.788148307090812,"Peaks only vs. Constant"
530,0.677883400761074,"Peaks only vs. Constant"
530.2,0.520354540833246,"Peaks only vs. Constant"
530.4,0.357332576797029,"Peaks only vs. Constant"
530.6,0.218046319552096,"Peaks only vs. Constant"
530.8,0.115586953062992,"Peaks only vs. Constant"
531,0.0506525201101243,"Peaks only vs. Constant"
531.2,0.0157711900377529,"Peaks only vs. Constant"
531.4,-0.00136472960395196,"Peaks only vs. Constant"
531.6,-0.0152134296691509,"Peaks only vs. Constant"
531.8,-0.0391997522204138,"Peaks only vs. Constant"
532,-0.0806277294542933,"Peaks only vs. Constant"
532.2,-0.136802122260013,"Peaks only vs. Constant"
532.4,-0.197793372886401,"Peaks only vs. Constant"
532.6,-0.253856965831172,"Peaks only vs. Constant"
532.8,-0.300220966667405,"Peaks only vs. Constant"
533,-0.335988682376934,"Peaks only vs. Constant"
533.2,-0.36073449108402,"Peaks only vs. Constant"
533.4,-0.373086032501254,"Peaks only vs. Constant"
533.6,-0.370938634374962,"Peaks only vs. Constant"
533.8,-0.326427161713823,"Peaks only vs. Constant"
534,-0.250113877840875,"Peaks only vs. Constant"
534.2,-0.150445177430092,"Peaks only vs. Constant"
534.4,-0.0176085474432248,"Peaks only vs. Constant"
534.6,0.15899221228528,"Peaks only vs. Constant"
534.8,0.383003992237025,"Peaks only vs. Constant"
535,0.641053026638697,"Peaks only vs. Constant"
535.2,0.823199832424705,"Peaks only vs. Constant"
535.4,0.917957736370815,"Peaks only vs. Constant"
535.6,0.929886435394464,"Peaks only vs. Constant"
535.8,0.850309516176759,"Peaks only vs. Constant"
536,0.704490135626876,"Peaks only vs. Constant"
536.2,0.533484202166034,"Peaks only vs. Constant"
536.4,0.370769573106993,"Peaks only vs. Constant"
536.6,0.23460494950231,"Peaks only vs. Constant"
536.8,0.130298126947153,"Peaks only vs. Constant"
537,0.0546712840089582,"Peaks only vs. Constant"
537.2,0.000321960363137417,"Peaks only vs. Constant"
537.4,-0.0413062286059552,"Peaks only vs. Constant"
537.6,-0.0790039486184649,"Peaks only vs. Constant"
537.8,-0.121336012975375,"Peaks only vs. Constant"
538,-0.173289192824566,"Peaks only vs. Constant"
538.2,-0.232720532953794,"Peaks only vs. Constant"
538.4,-0.292226676906262,"Peaks only vs. Constant"
538.6,-0.344613897606242,"Peaks only vs. Constant"
538.8,-0.386047257365102,"Peaks only vs. Constant"
539,-0.414824482547333,"Peaks only vs. Constant"
539.2,-0.428731945186201,"Peaks only vs. Constant"
539.4,-0.424115101564826,"Peaks only vs. Constant"
539.6,-0.396315119514077,"Peaks only vs. Constant"
539.8,-0.315847333774304,"Peaks only vs. Constant"
540,-0.190426760996094,"Peaks only vs. Constant"
540.2,-0.0307441801663412,"Peaks only vs. Constant"
540.4,0.164685647876299,"Peaks only vs. Constant"
540.6,0.393377776053252,"Peaks only vs. Constant"
540.8,0.641812014928315,"Peaks only vs. Constant"
541,0.877509554643683,"Peaks only vs. Constant"
541.2,0.971012862073285,"Peaks only vs. Constant"
541.4,0.96016934600459,"Peaks only vs. Constant"
541.6,0.911514014906352,"Peaks only vs. Constant"
541.8,0.82671959828473,"Peaks only vs. Constant"
542,0.705878400519371,"Peaks only vs. Constant"
542.2,0.559310166247385,"Peaks only vs. Constant"
542.4,0.403193413333218,"Peaks only vs. Constant"
542.6,0.254062431706798,"Peaks only vs. Constant"
542.8,0.123788514013905,"Peaks only vs. Constant"
543,0.0167077683571065,"Peaks only vs. Constant"
543.2,-0.0685739720808802,"Peaks only vs. Constant"
543.4,-0.135687166973025,"Peaks only vs. Constant"
543.6,-0.18963472579846,"Peaks only vs. Constant"
543.8,-0.237386992065769,"Peaks only vs. Constant"
544,-0.285453729486592,"Peaks only vs. Constant"
544.2,-0.335501478918082,"Peaks only vs. Constant"
544.4,-0.383779442093944,"Peaks only vs. Constant"
544.6,-0.424590163062422,"Peaks only vs. Constant"
544.8,-0.453076712819826,"Peaks only vs. Constant"
545,-0.464830555432669,"Peaks only vs. Constant"
545.2,-0.454328258028723,"Peaks only vs. Constant"
545.4,-0.415047957510377,"Peaks only vs. Constant"
545.6,-0.317439823496507,"Peaks only vs. Constant"
545.8,-0.170832497304473,"Peaks only vs. Constant"
546,0.00755461873706483,"Peaks only vs. Constant"
546.2,0.208164419138306,"Peaks only vs. Constant"
546.4,0.418026609719201,"Peaks only vs. Constant"
546.6,0.619084622504259,"Peaks only vs. Constant"
546.8,0.786488298943835,"Peaks only vs. Constant"
547,0.828655654727534,"Peaks only vs. Constant"
547.2,0.841507360818304,"Peaks only vs. Constant"
547.4,0.886293138195717,"Peaks only vs. Constant"
547.6,0.917251700249684,"Peaks only vs. Constant"
547.8,0.889081347843199,"Peaks only vs. Constant"
548,0.781510120860595,"Peaks only vs. Constant"
548.2,0.60709652617458,"Peaks only vs. Constant"
548.4,0.402714611904713,"Peaks only vs. Constant"
548.6,0.205426531046231,"Peaks only vs. Constant"
548.8,0.0366727406505512,"Peaks only vs. Constant"
549,-0.0962132730851323,"Peaks only vs. Constant"
549.2,-0.193551504169547,"Peaks only vs. Constant"
549.4,-0.260291407956228,"Peaks only vs. Constant"
549.6,-0.30551233125292,"Peaks only vs. Constant"
549.8,-0.340939468148836,"Peaks only vs. Constant"
550,-0.376502040054318,"Peaks only vs. Constant"
550.2,-0.414999076699417,"Peaks only vs. Constant"
550.4,-0.451117653346237,"Peaks only vs. Constant"
550.6,-0.475593152859908,"Peaks only vs. Constant"
550.8,-0.479600380698173,"Peaks only vs. Constant"
551,-0.456136590270433,"Peaks only vs. Constant"
551.2,-0.400072890779952,"Peaks only vs. Constant"
551.4,-0.309429077155574,"Peaks only vs. Constant"
551.6,-0.158058259455875,"Peaks only vs. Constant"
551.8,0.0313730786338769,"Peaks only vs. Constant"
552,0.22575196386851,"Peaks only vs. Constant"
552.2,0.404137816626224,"Peaks only vs. Constant"
552.4,0.546247088343028,"Peaks only vs. Constant"
552.6,0.643539304386712,"Peaks only vs. Constant"
552.8,0.723751365910262,"Peaks only vs. Constant"
553,0.755185260259919,"Peaks only vs. Constant"
553.2,0.827911485982934,"Peaks only vs. Constant"
553.4,0.936336518834086,"Peaks only vs. Constant"
553.6,0.998730522355866,"Peaks only vs. Constant"
553.8,0.957632378131159,"Peaks only vs. Constant"
554,0.801248619929704,"Peaks only vs. Constant"
554.2,0.567516632530442,"Peaks only vs. Constant"
554.4,0.314601611387471,"Peaks only vs. Constant"
554.6,0.0871930391246649,"Peaks only vs. Constant"
554.8,-0.0939598500730705,"Peaks only vs. Constant"
555,-0.226242530912534,"Peaks only vs. Constant"
555.2,-0.316181385044183,"Peaks only vs. Constant"
555.4,-0.373100130975195,"Peaks only vs. Constant"
555.6,-0.407670220307314,"Peaks only vs. Constant"
555.8,-0.431782565563049,"Peaks only vs. Constant"
556,-0.454258658022614,"Peaks only vs. Constant"
556.2,-0.475352511888888,"Peaks only vs. Constant"
556.4,-0.486913097718587,"Peaks only vs. Constant"
556.6,-0.477961451770583,"Peaks only vs. Constant"
556.8,-0.440301677081699,"Peaks only vs. Constant"
557,-0.371317929248045,"Peaks only vs. Constant"
557.2,-0.274248585035964,"Peaks only vs. Constant"
557.4,-0.126288154432698,"Peaks only vs. Constant"
557.6,0.0465732924472098,"Peaks only vs. Constant"
557.8,0.21067107301113,"Peaks only vs. Constant"
558,0.345833302700005,"Peaks only vs. Constant"
558.2,0.436554020561552,"Peaks only vs. Constant"
558.4,0.495228480322359,"Peaks only vs. Constant"
558.6,0.569616446352291,"Peaks only vs. Constant"
558.8,0.624883773057556,"Peaks only vs. Constant"
559,0.736671842718913,"Peaks only vs. Constant"
559.2,0.899498133794816,"Peaks only vs. Constant"
559.4,1.03237366697108,"Peaks only vs. Constant"
559.6,1.06299480219839,"Peaks only vs. Constant"
559.8,0.954586737280233,"Peaks only vs. Constant"
560,0.728054645648513,"Peaks only vs. Constant"
560.2,0.446893173240058,"Peaks only vs. Constant"
560.4,0.176041580998701,"Peaks only vs. Constant"
560.6,-0.0467077728836661,"Peaks only vs. Constant"
560.8,-0.212147372871727,"Peaks only vs. Constant"
561,-0.326450013262553,"Peaks only vs. Constant"
561.2,-0.399861333001478,"Peaks only vs. Constant"
561.4,-0.443343726029361,"Peaks only vs. Constant"
561.6,-0.468002880224825,"Peaks only vs. Constant"
561.8,-0.482836681434538,"Peaks only vs. Constant"
562,-0.491122321839311,"Peaks only vs. Constant"
562.2,-0.48869769016047,"Peaks only vs. Constant"
562.4,-0.467112791274001,"Peaks only vs. Constant"
562.6,-0.419644726035761,"Peaks only vs. Constant"
562.8,-0.345927975463043,"Peaks only vs. Constant"
563,-0.252568733165062,"Peaks only vs. Constant"
563.2,-0.118459872812159,"Peaks only vs. Constant"
563.4,0.0300161082064236,"Peaks only vs. Constant"
563.6,0.162575430827934,"Peaks only vs. Constant"
563.8,0.264243276779839,"Peaks only vs. Constant"
564,0.32743798499706,"Peaks only vs. Constant"
564.2,0.373904651318241,"Peaks only vs. Constant"
564.4,0.447161867154873,"Peaks only vs. Constant"
564.6,0.506553948857346,"Peaks only vs. Constant"
564.8,0.623027519117154,"Peaks only vs. Constant"
565,0.798490866068484,"Peaks only vs. Constant"
565.2,0.965939835640565,"Peaks only vs. Constant"
565.4,1.05932679173434,"Peaks only vs. Constant"
565.6,1.02738734992934,"Peaks only vs. Constant"
565.8,0.859445463122479,"Peaks only vs. Constant"
566,0.597319751422122,"Peaks only vs. Constant"
566.2,0.310213018078122,"Peaks only vs. Constant"
566.4,0.0539388585988662,"Peaks only vs. Constant"
566.6,-0.147363846120597,"Peaks only vs. Constant"
566.8,-0.292665153958169,"Peaks only vs. Constant"
567,-0.390311834991812,"Peaks only vs. Constant"
567.2,-0.451272704654086,"Peaks only vs. Constant"
567.4,-0.485921063340791,"Peaks only vs. Constant"
567.6,-0.501804436515391,"Peaks only vs. Constant"
567.8,-0.502652775486429,"Peaks only vs. Constant"
568,-0.488181942614233,"Peaks only vs. Constant"
568.2,-0.455320287017064,"Peaks only vs. Constant"
568.4,-0.401605291392741,"Peaks only vs. Constant"
568.6,-0.328650623046694,"Peaks only vs. Constant"
568.8,-0.243180388990669,"Peaks only vs. Constant"
569,-0.154687544343396,"Peaks only vs. Constant"
569.2,-0.0364933160703011,"Peaks only vs. Constant"
569.4,0.0853292666214913,"Peaks only vs. Constant"
569.6,0.181088456519949,"Peaks only vs. Constant"
569.8,0.244347650263813,"Peaks only vs. Constant"
570,0.290566920446341,"Peaks only vs. Constant"
570.2,0.356197172809652,"Peaks only vs. Constant"
570.4,0.464861040179271,"Peaks only vs. Constant"
570.6,0.548875158984693,"Peaks only vs. Constant"
570.8,0.673718060580281,"Peaks only vs. Constant"
571,0.835307908682465,"Peaks only vs. Constant"
571.2,0.967434719781684,"Peaks only vs. Constant"
571.4,1.0162825475966,"Peaks only vs. Constant"
571.6,0.945442199130516,"Peaks only vs. Constant"
571.8,0.755551694947323,"Peaks only vs. Constant"
572,0.491694061623419,"Peaks only vs. Constant"
572.2,0.216290068637162,"Peaks only vs. Constant"
572.4,-0.02556021540599,"Peaks only vs. Constant"
572.6,-0.215660967764199,"Peaks only vs. Constant"
572.8,-0.352971500824924,"Peaks only vs. Constant"
573,-0.444229016261679,"Peaks only vs. Constant"
573.2,-0.498616327109487,"Peaks only vs. Constant"
573.4,-0.524079952477086,"Peaks only vs. Constant"
573.6,-0.52557065943333,"Peaks only vs. Constant"
573.8,-0.505382016511528,"Peaks only vs. Constant"
574,-0.464697536384627,"Peaks only vs. Constant"
574.2,-0.405578940870756,"Peaks only vs. Constant"
574.4,-0.332576783441466,"Peaks only vs. Constant"
574.6,-0.25276533273055,"Peaks only vs. Constant"
574.8,-0.174361753865191,"Peaks only vs. Constant"
575,-0.0710307252251467,"Peaks only vs. Constant"
575.2,0.0325703492192567,"Peaks only vs. Constant"
575.4,0.112363905815818,"Peaks only vs. Constant"
575.6,0.167224612755908,"Peaks only vs. Constant"
575.8,0.209835949055223,"Peaks only vs. Constant"
576,0.268394298196549,"Peaks only vs. Constant"
576.2,0.363661834391918,"Peaks only vs. Constant"
576.4,0.434669785808022,"Peaks only vs. Constant"
576.6,0.54483114364008,"Peaks only vs. Constant"
576.8,0.698567973357101,"Peaks only vs. Constant"
577,0.846196743699746,"Peaks only vs. Constant"
577.2,0.946595725625425,"Peaks only vs. Constant"
577.4,0.960238955674448,"Peaks only vs. Constant"
577.6,0.861667481941172,"Peaks only vs. Constant"
577.8,0.661134517793251,"Peaks only vs. Constant"
578,0.403925124965397,"Peaks only vs. Constant"
578.2,0.143449505509094,"Peaks only vs. Constant"
578.4,-0.0832785012277215,"Peaks only vs. Constant"
578.6,-0.260104257331604,"Peaks only vs. Constant"
578.8,-0.385973314922882,"Peaks only vs. Constant"
579,-0.467967761457855,"Peaks only vs. Constant"
579.2,-0.514581944957889,"Peaks only vs. Constant"
579.4,-0.531505192102865,"Peaks only vs. Constant"
579.6,-0.521029060423801,"Peaks only vs. Constant"
579.8,-0.484310039791207,"Peaks only vs. Constant"
580,-0.42473226238451,"Peaks only vs. Constant"
580.2,-0.349841461518935,"Peaks only vs. Constant"
580.4,-0.269838419524572,"Peaks only vs. Constant"
580.6,-0.193928836803741,"Peaks only vs. Constant"
580.8,-0.128204040691033,"Peaks only vs. Constant"
581,-0.0405979563505258,"Peaks only vs. Constant"
581.2,0.0458005367132428,"Peaks only vs. Constant"
581.4,0.108585279927783,"Peaks only vs. Constant"
581.6,0.152758085861484,"Peaks only vs. Constant"
581.8,0.199164084872667,"Peaks only vs. Constant"
582,0.273280381803233,"Peaks only vs. Constant"
582.2,0.327442124747738,"Peaks only vs. Constant"
582.4,0.421127901844294,"Peaks only vs. Constant"
582.6,0.560306294859107,"Peaks only vs. Constant"
582.8,0.70495084808166,"Peaks only vs. Constant"
583,0.828495071268639,"Peaks only vs. Constant"
583.2,0.90362788922111,"Peaks only vs. Constant"
583.4,0.897914017730919,"Peaks only vs. Constant"
583.6,0.790763696346248,"Peaks only vs. Constant"
583.8,0.593232708387496,"Peaks only vs. Constant"
584,0.346092570830672,"Peaks only vs. Constant"
584.2,0.0971814438852186,"Peaks only vs. Constant"
584.4,-0.118642870502031,"Peaks only vs. Constant"
584.6,-0.285475550324955,"Peaks only vs. Constant"
584.8,-0.403048795363478,"Peaks only vs. Constant"
585,-0.478532530635201,"Peaks only vs. Constant"
585.2,-0.518941681608416,"Peaks only vs. Constant"
585.4,-0.527920061818076,"Peaks only vs. Constant"
585.6,-0.506497969950227,"Peaks only vs. Constant"
585.8,-0.456464607550736,"Peaks only vs. Constant"
586,-0.384337308019963,"Peaks only vs. Constant"
586.2,-0.302119689237058,"Peaks only vs. Constant"
586.4,-0.222828138554614,"Peaks only vs. Constant"
586.6,-0.154976714066566,"Peaks only vs. Constant"
586.8,-0.0681150807272126,"Peaks only vs. Constant"
587,0.0147675524713146,"Peaks only vs. Constant"
587.2,0.0714488004687807,"Peaks only vs. Constant"
587.4,0.104985941021812,"Peaks only vs. Constant"
587.6,0.13340453503655,"Peaks only vs. Constant"
587.8,0.184810714065173,"Peaks only vs. Constant"
588,0.273611272223167,"Peaks only vs. Constant"
588.2,0.336588550416539,"Peaks only vs. Constant"
588.4,0.430401779193185,"Peaks only vs. Constant"
588.6,0.560645037775791,"Peaks only vs. Constant"
588.8,0.689884177597523,"Peaks only vs. Constant"
589,0.79347475710147,"Peaks only vs. Constant"
589.2,0.844900045561409,"Peaks only vs. Constant"
589.4,0.817176722041026,"Peaks only vs. Constant"
589.6,0.698544688864334,"Peaks only vs. Constant"
589.8,0.50339068445041,"Peaks only vs. Constant"
590,0.267257119098101,"Peaks only vs. Constant"
590.2,0.03145096928411,"Peaks only vs. Constant"
590.4,-0.171442510758844,"Peaks only vs. Constant"
590.6,-0.325954100855129,"Peaks only vs. Constant"
590.8,-0.432084678929539,"Peaks only vs. Constant"
591,-0.496484782086226,"Peaks only vs. Constant"
591.2,-0.524950864470211,"Peaks only vs. Constant"
591.4,-0.519805116441623,"Peaks only vs. Constant"
591.6,-0.481563376880701,"Peaks only vs. Constant"
591.8,-0.413732731669861,"Peaks only vs. Constant"
592,-0.327522106883427,"Peaks only vs. Constant"
592.2,-0.240381618424566,"Peaks only vs. Constant"
592.4,-0.167385714431956,"Peaks only vs. Constant"
592.6,-0.0815238715074904,"Peaks only vs. Constant"
592.8,-0.00413291537343826,"Peaks only vs. Constant"
593,0.0452846107586432,"Peaks only vs. Constant"
593.2,0.0696550385341075,"Peaks only vs. Constant"
593.4,0.0840108437157711,"Peaks only vs. Constant"
593.6,0.116079297091042,"Peaks only vs. Constant"
593.8,0.185300116873017,"Peaks only vs. Constant"
594,0.23687893647911,"Peaks only vs. Constant"
594.2,0.32076400573599,"Peaks only vs. Constant"
594.4,0.440534209196965,"Peaks only vs. Constant"
594.6,0.562143416756797,"Peaks only vs. Constant"
594.8,0.66812242484322,"Peaks only vs. Constant"
595,0.742683740335612,"Peaks only vs. Constant"
595.2,0.765496776758137,"Peaks only vs. Constant"
595.4,0.718746047524447,"Peaks only vs. Constant"
595.6,0.596895607048109,"Peaks only vs. Constant"
595.8,0.411954823443672,"Peaks only vs. Constant"
596,0.192505314701678,"Peaks only vs. Constant"
596.2,-0.0245441409485183,"Peaks only vs. Constant"
596.4,-0.209216235952672,"Peaks only vs. Constant"
596.6,-0.348711104783743,"Peaks only vs. Constant"
596.8,-0.443519042647582,"Peaks only vs. Constant"
597,-0.49815792916036,"Peaks only vs. Constant"
597.2,-0.515557945150768,"Peaks only vs. Constant"
597.4,-0.496213021521413,"Peaks only vs. Constant"
597.6,-0.441116557217587,"Peaks only vs. Constant"
597.8,-0.357461705500115,"Peaks only vs. Constant"
598,-0.262362939917789,"Peaks only vs. Constant"
598.2,-0.177397599910205,"Peaks only vs. Constant"
598.4,-0.116537184183541,"Peaks only vs. Constant"
598.6,-0.0461963948418946,"Peaks only vs. Constant"
598.8,0.0144982068143898,"Peaks only vs. Constant"
599,0.0473261838750154,"Peaks only vs. Constant"
599.2,0.0597732524587619,"Peaks only vs. Constant"
599.4,0.0744336138925939,"Peaks only vs. Constant"
599.6,0.118411758180171,"Peaks only vs. Constant"
599.8,0.200436760621939,"Peaks only vs. Constant"
600,0.255888771543545,"Peaks only vs. Constant"
600.2,0.335694218069745,"Peaks only vs. Constant"
600.4,0.442263706411006,"Peaks only vs. Constant"
600.6,0.543760211518459,"Peaks only vs. Constant"
600.8,0.627139650946126,"Peaks only vs. Constant"
601,0.680492189044308,"Peaks only vs. Constant"
601.2,0.687831537835631,"Peaks only vs. Constant"
601.4,0.634751278956604,"Peaks only vs. Constant"
601.6,0.515099866385478,"Peaks only vs. Constant"
601.8,0.336657460377727,"Peaks only vs. Constant"
602,0.125135890449469,"Peaks only vs. Constant"
602.2,-0.0823296258891644,"Peaks only vs. Constant"
602.4,-0.255688642920654,"Peaks only vs. Constant"
602.6,-0.38279038302996,"Peaks only vs. Constant"
602.8,-0.464368072437814,"Peaks only vs. Constant"
603,-0.50464875126386,"Peaks only vs. Constant"
603.2,-0.50618668912119,"Peaks only vs. Constant"
603.4,-0.46975374280343,"Peaks only vs. Constant"
603.6,-0.39827992608103,"Peaks only vs. Constant"
603.8,-0.303023855779332,"Peaks only vs. Constant"
604,-0.205661161616945,"Peaks only vs. Constant"
604.2,-0.129290834712536,"Peaks only vs. Constant"
604.4,-0.0506865554303939,"Peaks only vs. Constant"
604.6,0.00922304111171359,"Peaks only vs. Constant"
604.8,0.0366015364756556,"Peaks only vs. Constant"
605,0.0408036968953805,"Peaks only vs. Constant"
605.2,0.0406680334103037,"Peaks only vs. Constant"
605.4,0.0631313788422296,"Peaks only vs. Constant"
605.6,0.123572748619058,"Peaks only vs. Constant"
605.8,0.167358164488959,"Peaks only vs. Constant"
606,0.240471947937893,"Peaks only vs. Constant"
606.2,0.342806611884347,"Peaks only vs. Constant"
606.4,0.441164315047634,"Peaks only vs. Constant"
606.6,0.523152873556862,"Peaks only vs. Constant"
606.8,0.583044646872397,"Peaks only vs. Constant"
607,0.613222841163775,"Peaks only vs. Constant"
607.2,0.604261715754634,"Peaks only vs. Constant"
607.4,0.546431569175082,"Peaks only vs. Constant"
607.6,0.432584221047721,"Peaks only vs. Constant"
607.8,0.266682694291511,"Peaks only vs. Constant"
608,0.072045183701769,"Peaks only vs. Constant"
608.2,-0.117157788220578,"Peaks only vs. Constant"
608.4,-0.274888288560833,"Peaks only vs. Constant"
608.6,-0.390330152852609,"Peaks only vs. Constant"
608.8,-0.462321744800282,"Peaks only vs. Constant"
609,-0.492413447997481,"Peaks only vs. Constant"
609.2,-0.481677428129148,"Peaks only vs. Constant"
609.4,-0.431502889118527,"Peaks only vs. Constant"
609.6,-0.347839723535407,"Peaks only vs. Constant"
609.8,-0.246450744028224,"Peaks only vs. Constant"
610,-0.15218997301119,"Peaks only vs. Constant"
610.2,-0.0871971317716337,"Peaks only vs. Constant"
610.4,-0.0224938665260298,"Peaks only vs. Constant"
610.6,0.0231864010775601,"Peaks only vs. Constant"
610.8,0.0373991314517199,"Peaks only vs. Constant"
611,0.0334243410666768,"Peaks only vs. Constant"
611.2,0.0352019993759001,"Peaks only vs. Constant"
611.4,0.0674391231515108,"Peaks only vs. Constant"
611.6,0.0909953354668311,"Peaks only vs. Constant"
611.8,0.151872659813896,"Peaks only vs. Constant"
612,0.248305966117824,"Peaks only vs. Constant"
612.2,0.344407348512822,"Peaks only vs. Constant"
612.4,0.425474686267309,"Peaks only vs. Constant"
612.6,0.488659678075269,"Peaks only vs. Constant"
612.8,0.531649453153716,"Peaks only vs. Constant"
613,0.549384207561851,"Peaks only vs. Constant"
613.2,0.534572865350121,"Peaks only vs. Constant"
613.4,0.47776852559797,"Peaks only vs. Constant"
613.6,0.370588811222239,"Peaks only vs. Constant"
613.8,0.216272146491178,"Peaks only vs. Constant"
614,0.0367199508946374,"Peaks only vs. Constant"
614.2,-0.137850726823865,"Peaks only vs. Constant"
614.4,-0.284169328066401,"Peaks only vs. Constant"
614.6,-0.390608932151963,"Peaks only vs. Constant"
614.8,-0.453777321520706,"Peaks only vs. Constant"
615,-0.473834511982377,"Peaks only vs. Constant"
615.2,-0.451977522209683,"Peaks only vs. Constant"
615.4,-0.391310456188434,"Peaks only vs. Constant"
615.6,-0.300764848401506,"Peaks only vs. Constant"
615.8,-0.199009136481372,"Peaks only vs. Constant"
616,-0.111631210318052,"Peaks only vs. Constant"
616.2,-0.0234585577295912,"Peaks only vs. Constant"
616.4,0.0360813091761737,"Peaks only vs. Constant"
616.6,0.0514952264991509,"Peaks only vs. Constant"
616.8,0.0374097299993364,"Peaks only vs. Constant"
617,0.0184108586511553,"Peaks only vs. Constant"
617.2,0.0236892935420125,"Peaks only vs. Constant"
617.4,0.0676149001984647,"Peaks only vs. Constant"
617.6,0.0979517623934986,"Peaks only vs. Constant"
617.8,0.158768838967995,"Peaks only vs. Constant"
618,0.248164923836195,"Peaks only vs. Constant"
618.2,0.332375893874061,"Peaks only vs. Constant"
618.4,0.39786656454638,"Peaks only vs. Constant"
618.6,0.441387535489386,"Peaks only vs. Constant"
618.8,0.463140525272933,"Peaks only vs. Constant"
619,0.463745505820309,"Peaks only vs. Constant"
619.2,0.440149929836786,"Peaks only vs. Constant"
619.4,0.382752128092364,"Peaks only vs. Constant"
619.6,0.281228502806422,"Peaks only vs. Constant"
619.8,0.138631200318723,"Peaks only vs. Constant"
620,-0.0240426379814645,"Peaks only vs. Constant"
620.2,-0.179667811052806,"Peaks only vs. Constant"
620.4,-0.307465739937088,"Peaks only vs. Constant"
620.6,-0.396377740267262,"Peaks only vs. Constant"
620.8,-0.442419706072891,"Peaks only vs. Constant"
621,-0.445253260818444,"Peaks only vs. Constant"
621.2,-0.406869123034263,"Peaks only vs. Constant"
621.4,-0.333120072522592,"Peaks only vs. Constant"
621.6,-0.236914752247207,"Peaks only vs. Constant"
621.8,-0.139772314926409,"Peaks only vs. Constant"
622,-0.0319500708590556,"Peaks only vs. Constant"
622.2,0.0464313068379155,"Peaks only vs. Constant"
622.4,0.0701842352541376,"Peaks only vs. Constant"
622.6,0.0521663875385125,"Peaks only vs. Constant"
622.8,0.0191091950787772,"Peaks only vs. Constant"
623,0.00349678407607002,"Peaks only vs. Constant"
623.2,0.0248119911685248,"Peaks only vs. Constant"
623.4,0.0378324857579509,"Peaks only vs. Constant"
623.6,0.0859900475699128,"Peaks only vs. Constant"
623.8,0.168127871658175,"Peaks only vs. Constant"
624,0.250460857458509,"Peaks only vs. Constant"
624.2,0.315858566924108,"Peaks only vs. Constant"
624.4,0.357915836456302,"Peaks only vs. Constant"
624.6,0.377284878106626,"Peaks only vs. Constant"
624.8,0.37953565271829,"Peaks only vs. Constant"
625,0.369439214385846,"Peaks only vs. Constant"
625.2,0.344164035503041,"Peaks only vs. Constant"
625.4,0.292399326065002,"Peaks only vs. Constant"
625.6,0.203964139863129,"Peaks only vs. Constant"
625.8,0.0811765514406172,"Peaks only vs. Constant"
626,-0.0601011774195652,"Peaks only vs. Constant"
626.2,-0.197304603712801,"Peaks only vs. Constant"
626.4,-0.309562429384823,"Peaks only vs. Constant"
626.6,-0.383385594298993,"Peaks only vs. Constant"
626.8,-0.413309582440323,"Peaks only vs. Constant"
627,-0.399672510973779,"Peaks only vs. Constant"
627.2,-0.347248514266167,"Peaks only vs. Constant"
627.4,-0.265815309935652,"Peaks only vs. Constant"
627.6,-0.171313017136418,"Peaks only vs. Constant"
627.8,-0.085282639146527,"Peaks only vs. Constant"
628,0.00718038044664846,"Peaks only vs. Constant"
628.2,0.0679542417244632,"Peaks only vs. Constant"
628.4,0.0739485138127562,"Peaks only vs. Constant"
628.6,0.0435223351451382,"Peaks only vs. Constant"
628.8,0.010841460128196,"Peaks only vs. Constant"
629,0.00663260074407912,"Peaks only vs. Constant"
629.2,0.0394576652323418,"Peaks only vs. Constant"
629.4,0.0555086710838788,"Peaks only vs. Constant"
629.6,0.0998634093657253,"Peaks only vs. Constant"
629.8,0.170795260798263,"Peaks only vs. Constant"
630,0.23656044568242,"Peaks only vs. Constant"
630.2,0.283770188675418,"Peaks only vs. Constant"
630.4,0.308774241044094,"Peaks only vs. Constant"
630.6,0.314573253861898,"Peaks only vs. Constant"
630.8,0.308138241650383,"Peaks only vs. Constant"
631,0.293419318845873,"Peaks only vs. Constant"
631.2,0.26520035626638,"Peaks only vs. Constant"
631.4,0.211724761717386,"Peaks only vs. Constant"
631.6,0.125889571983058,"Peaks only vs. Constant"
631.8,0.0127704974646945,"Peaks only vs. Constant"
632,-0.112009078376477,"Peaks only vs. Constant"
632.2,-0.228288292684864,"Peaks only vs. Constant"
632.4,-0.318070300292456,"Peaks only vs. Constant"
632.6,-0.370060127151208,"Peaks only vs. Constant"
632.8,-0.380345313554943,"Peaks only vs. Constant"
633,-0.351020636606801,"Peaks only vs. Constant"
633.2,-0.289284046128975,"Peaks only vs. Constant"
633.4,-0.207255424423497,"Peaks only vs. Constant"
633.6,-0.121554361305465,"Peaks only vs. Constant"
633.8,-0.0163809209882403,"Peaks only vs. Constant"
634,0.0663638099307642,"Peaks only vs. Constant"
634.2,0.0921404541747999,"Peaks only vs. Constant"
634.4,0.0682718532939341,"Peaks only vs. Constant"
634.6,0.0256860765702513,"Peaks only vs. Constant"
634.8,0.00139945525076631,"Peaks only vs. Constant"
635,0.0128803800815706,"Peaks only vs. Constant"
635.2,0.0125794716097061,"Peaks only vs. Constant"
635.4,0.0441367266346321,"Peaks only vs. Constant"
635.6,0.107005714967395,"Peaks only vs. Constant"
635.8,0.170830705778763,"Peaks only vs. Constant"
636,0.220645983999357,"Peaks only vs. Constant"
636.2,0.249203544652102,"Peaks only vs. Constant"
636.4,0.255971193447656,"Peaks only vs. Constant"
636.6,0.247985114475491,"Peaks only vs. Constant"
636.8,0.234456779514543,"Peaks only vs. Constant"
637,0.218293743770706,"Peaks only vs. Constant"
637.2,0.192909310502776,"Peaks only vs. Constant"
637.4,0.147993467960623,"Peaks only vs. Constant"
637.6,0.0773118457728096,"Peaks only vs. Constant"
637.8,-0.0175116937746297,"Peaks only vs. Constant"
638,-0.124981471206937,"Peaks only vs. Constant"
638.2,-0.225679211356006,"Peaks only vs. Constant"
638.4,-0.30025503664873,"Peaks only vs. Constant"
638.6,-0.336932001177103,"Peaks only vs. Constant"
638.8,-0.333234657138441,"Peaks only vs. Constant"
639,-0.294069203904411,"Peaks only vs. Constant"
639.2,-0.229455145713452,"Peaks only vs. Constant"
639.4,-0.152667846107418,"Peaks only vs. Constant"
639.6,-0.0788791244004024,"Peaks only vs. Constant"
639.8,0.0124891516389462,"Peaks only vs. Constant"
640,0.0809456647807761,"Peaks only vs. Constant"
640.2,0.0933786376399264,"Peaks only vs. Constant"
640.4,0.0615985219266755,"Peaks only vs. Constant"
640.6,0.0215687480470244,"Peaks only vs. Constant"
640.8,0.0070399824601585,"Peaks only vs. Constant"
641,-0.0147926585943116,"Peaks only vs. Constant"
641.2,0.000745014632298493,"Peaks only vs. Constant"
641.4,0.0520577804551611,"Peaks only vs. Constant"
641.6,0.109268211514738,"Peaks only vs. Constant"
641.8,0.158705783963011,"Peaks only vs. Constant"
642,0.193469744616765,"Peaks only vs. Constant"
642.2,0.208989098081988,"Peaks only vs. Constant"
642.4,0.206237398663367,"Peaks only vs. Constant"
642.6,0.192898719288313,"Peaks only vs. Constant"
642.8,0.17744695965615,"Peaks only vs. Constant"
643,0.161794163608694,"Peaks only vs. Constant"
643.2,0.140300966979235,"Peaks only vs. Constant"
643.4,0.104480772058803,"Peaks only vs. Constant"
643.6,0.0469783722345138,"Peaks only vs. Constant"
643.8,-0.0335868319305009,"Peaks only vs. Constant"
644,-0.126934937160544,"Peaks only vs. Constant"
644.2,-0.213223918549272,"Peaks only vs. Constant"
644.4,-0.273285828156384,"Peaks only vs. Constant"
644.6,-0.296847014838762,"Peaks only vs. Constant"
644.8,-0.283683660802892,"Peaks only vs. Constant"
645,-0.240836182230987,"Peaks only vs. Constant"
645.2,-0.17932378170192,"Peaks only vs. Constant"
645.4,-0.11156669568777,"Peaks only vs. Constant"
645.6,-0.0150080845057493,"Peaks only vs. Constant"
645.8,0.0722734450873389,"Peaks only vs. Constant"
646,0.110370221663367,"Peaks only vs. Constant"
646.2,0.093744672712902,"Peaks only vs. Constant"
646.4,0.0472471357677601,"Peaks only vs. Constant"
646.6,0.0116994985721396,"Peaks only vs. Constant"
646.8,0.00888031432898462,"Peaks only vs. Constant"
647,-0.00689725120518107,"Peaks only vs. Constant"
647.2,0.00814939025368142,"Peaks only vs. Constant"
647.4,0.0530310279068635,"Peaks only vs. Constant"
647.6,0.100079482316495,"Peaks only vs. Constant"
647.8,0.136787794596314,"Peaks only vs. Constant"
648,0.156072545805694,"Peaks only vs. Constant"
648.2,0.155421090498991,"Peaks only vs. Constant"
648.4,0.139824862441773,"Peaks only vs. Constant"
648.6,0.119034485230668,"Peaks only vs. Constant"
648.8,0.100059394316153,"Peaks only vs. Constant"
649,0.0828898907633537,"Peaks only vs. Constant"
649.2,0.0630764253905404,"Peaks only vs. Constant"
649.4,0.0347705141570655,"Peaks only vs. Constant"
649.6,-0.00826142971112888,"Peaks only vs. Constant"
649.8,-0.0680539579947477,"Peaks only vs. Constant"
650,-0.136404432543426,"Peaks only vs. Constant"
650.2,-0.19645985525933,"Peaks only vs. Constant"
650.4,-0.232264455933604,"Peaks only vs. Constant"
650.6,-0.236762490066187,"Peaks only vs. Constant"
650.8,-0.212786247269141,"Peaks only vs. Constant"
651,-0.169366272166816,"Peaks only vs. Constant"
651.2,-0.117262429839989,"Peaks only vs. Constant"
651.4,-0.0316076096958718,"Peaks only vs. Constant"
651.6,0.0547382008382604,"Peaks only vs. Constant"
651.8,0.106489116992641,"Peaks only vs. Constant"
652,0.110557500314728,"Peaks only vs. Constant"
652.2,0.0748873424814806,"Peaks only vs. Constant"
652.4,0.0331045230902444,"Peaks only vs. Constant"
652.6,0.0143666711404928,"Peaks only vs. Constant"
652.8,-0.0176860640964529,"Peaks only vs. Constant"
653,-0.0162361300261937,"Peaks only vs. Constant"
653.2,0.0175777057613007,"Peaks only vs. Constant"
653.4,0.0559473998708532,"Peaks only vs. Constant"
653.6,0.0871140480043203,"Peaks only vs. Constant"
653.8,0.104815554398572,"Peaks only vs. Constant"
654,0.105207277263551,"Peaks only vs. Constant"
654.2,0.0900007496788944,"Peaks only vs. Constant"
654.4,0.0667882981610381,"Peaks only vs. Constant"
654.6,0.0441918879389041,"Peaks only vs. Constant"
654.8,0.0267906296811151,"Peaks only vs. Constant"
655,0.014814438877354,"Peaks only vs. Constant"
655.2,0.00543202588832825,"Peaks only vs. Constant"
655.4,-0.00804025254967985,"Peaks only vs. Constant"
655.6,-0.0337404012205613,"Peaks only vs. Constant"
655.8,-0.0737031489967996,"Peaks only vs. Constant"
656,-0.11891465817282,"Peaks only vs. Constant"
656.2,-0.15401725137795,"Peaks only vs. Constant"
656.4,-0.167525786405494,"Peaks only vs. Constant"
656.6,-0.157705777724455,"Peaks only vs. Constant"
656.8,-0.130812725033647,"Peaks only vs. Constant"
657,-0.095767441656061,"Peaks only vs. Constant"
657.2,-0.0600033305749759,"Peaks only vs. Constant"
657.4,0.00774911258708156,"Peaks only vs. Constant"
657.6,0.0756384021901772,"Peaks only vs. Constant"
657.8,0.109309380392485,"Peaks only vs. Constant"
658,0.100965719752781,"Peaks only vs. Constant"
658.2,0.0666568490713541,"Peaks only vs. Constant"
658.4,0.037544357554176,"Peaks only vs. Constant"
658.6,0.0304073461096038,"Peaks only vs. Constant"
658.8,0.000591334109626536,"Peaks only vs. Constant"
659,-0.00223233122460995,"Peaks only vs. Constant"
659.2,0.0211466148631067,"Peaks only vs. Constant"
659.4,0.0451642659474107,"Peaks only vs. Constant"
659.6,0.0612721260163851,"Peaks only vs. Constant"
659.8,0.065363139778812,"Peaks only vs. Constant"
660,0.0554523527379428,"Peaks only vs. Constant"
660.2,0.0342116768106345,"Peaks only vs. Constant"
660.4,0.00800706115890038,"Peaks only vs. Constant"
660.6,-0.0173252931933618,"Peaks only vs. Constant"
660.8,-0.0385252089030306,"Peaks only vs. Constant"
661,-0.0534954793001255,"Peaks only vs. Constant"
661.2,-0.0618356309310012,"Peaks only vs. Constant"
661.4,-0.0670622161976229,"Peaks only vs. Constant"
661.6,-0.0749707509486435,"Peaks only vs. Constant"
661.8,-0.0878848237894804,"Peaks only vs. Constant"
662,-0.101011518635414,"Peaks only vs. Constant"
662.2,-0.106013569591401,"Peaks only vs. Constant"
662.4,-0.0983293497878928,"Peaks only vs. Constant"
662.6,-0.080415744003724,"Peaks only vs. Constant"
662.8,-0.0587827880845469,"Peaks only vs. Constant"
663,-0.0391415380495887,"Peaks only vs. Constant"
663.2,0.0122875454668851,"Peaks only vs. Constant"
663.4,0.0672496854618238,"Peaks only vs. Constant"
663.6,0.0992420393374904,"Peaks only vs. Constant"
663.8,0.102414096240607,"Peaks only vs. Constant"
664,0.0816927437059611,"Peaks only vs. Constant"
664.2,0.0571530352021751,"Peaks only vs. Constant"
664.4,0.0451642040390098,"Peaks only vs. Constant"
664.6,0.00523670331574728,"Peaks only vs. Constant"
664.8,-0.00867450547621258,"Peaks only vs. Constant"
665,0.00568724158195651,"Peaks only vs. Constant"
665.2,0.0224274578738171,"Peaks only vs. Constant"
665.4,0.0326686361744689,"Peaks only vs. Constant"
665.6,0.0333615691829775,"Peaks only vs. Constant"
665.8,0.0228990664376115,"Peaks only vs. Constant"
666,0.00253222196475412,"Peaks only vs. Constant"
666.2,-0.0234517087713485,"Peaks only vs. Constant"
666.4,-0.0501212584241295,"Peaks only vs. Constant"
666.6,-0.0736170397911425,"Peaks only vs. Constant"
666.8,-0.0902126975635002,"Peaks only vs. Constant"
667,-0.0966759916501223,"Peaks only vs. Constant"
667.2,-0.0933803040572449,"Peaks only vs. Constant"
667.4,-0.0848350442498834,"Peaks only vs. Constant"
667.6,-0.0757941289773796,"Peaks only vs. Constant"
667.8,-0.0669425804136064,"Peaks only vs. Constant"
668,-0.0550045892613184,"Peaks only vs. Constant"
668.2,-0.0376081806497064,"Peaks only vs. Constant"
668.4,-0.0173567716150519,"Peaks only vs. Constant"
668.6,-0.000293687805064312,"Peaks only vs. Constant"
668.8,0.00896092256858251,"Peaks only vs. Constant"
669,0.0472984206849372,"Peaks only vs. Constant"
669.2,0.0872930667259583,"Peaks only vs. Constant"
669.4,0.107149932117982,"Peaks only vs. Constant"
669.6,0.105549911567015,"Peaks only vs. Constant"
669.8,0.0863126114912968,"Peaks only vs. Constant"
670,0.0650139980836299,"Peaks only vs. Constant"
670.2,0.0550548136344998,"Peaks only vs. Constant"
670.4,0.0131090898869724,"Peaks only vs. Constant"
670.6,-0.00762130749510741,"Peaks only vs. Constant"
670.8,-0.00115349696135607,"Peaks only vs. Constant"
671,0.0083651221760366,"Peaks only vs. Constant"
671.2,0.0114555894473698,"Peaks only vs. Constant"
671.4,0.00522872205095094,"Peaks only vs. Constant"
671.6,-0.0106913772811307,"Peaks only vs. Constant"
671.8,-0.034315921420905,"Peaks only vs. Constant"
672,-0.0617578495969862,"Peaks only vs. Constant"
672.2,-0.0890955550537726,"Peaks only vs. Constant"
672.4,-0.113429730410795,"Peaks only vs. Constant"
672.6,-0.131373867699789,"Peaks only vs. Constant"
672.8,-0.13852245897824,"Peaks only vs. Constant"
673,-0.132613577006421,"Peaks only vs. Constant"
673.2,-0.11528544836773,"Peaks only vs. Constant"
673.4,-0.089717826523108,"Peaks only vs. Constant"
673.6,-0.0574986320488518,"Peaks only vs. Constant"
673.8,-0.0186405574756941,"Peaks only vs. Constant"
674,0.0245595941502214,"Peaks only vs. Constant"
674.2,0.0642065581403594,"Peaks only vs. Constant"
674.4,0.0896537334110251,"Peaks only vs. Constant"
674.6,0.0946957837315526,"Peaks only vs. Constant"
674.8,0.0813406315179291,"Peaks only vs. Constant"
675,0.0966180281765461,"Peaks only vs. Constant"
675.2,0.114736532279127,"Peaks only vs. Constant"
675.4,0.114072805659329,"Peaks only vs. Constant"
675.6,0.0971725609609204,"Peaks only vs. Constant"
675.8,0.0762185281741256,"Peaks only vs. Constant"
676,0.0670029317168879,"Peaks only vs. Constant"
676.2,0.070404092290746,"Peaks only vs. Constant"
676.4,0.032214166881762,"Peaks only vs. Constant"
676.6,0.00765836756124456,"Peaks only vs. Constant"
676.8,0.00363493994721985,"Peaks only vs. Constant"
677,-0.00100911837811299,"Peaks only vs. Constant"
677.2,-0.0122974951302319,"Peaks only vs. Constant"
677.4,-0.031265359599256,"Peaks only vs. Constant"
677.6,-0.0568771564401208,"Peaks only vs. Constant"
677.8,-0.0862902471724012,"Peaks only vs. Constant"
678,-0.116439503585151,"Peaks only vs. Constant"
678.2,-0.145709580699158,"Peaks only vs. Constant"
678.4,-0.172611264298949,"Peaks only vs. Constant"
678.6,-0.192621111565424,"Peaks only vs. Constant"
678.8,-0.199162761005179,"Peaks only vs. Constant"
679,-0.187709218264249,"Peaks only vs. Constant"
679.2,-0.157136594578223,"Peaks only vs. Constant"
679.4,-0.108046334197029,"Peaks only vs. Constant"
679.6,-0.0419245384789554,"Peaks only vs. Constant"
679.8,0.036052444553585,"Peaks only vs. Constant"
680,0.112794920662482,"Peaks only vs. Constant"
680.2,0.168990817360845,"Peaks only vs. Constant"
680.4,0.189524657135029,"Peaks only vs. Constant"
680.6,0.173101299114507,"Peaks only vs. Constant"
680.8,0.173264221882816,"Peaks only vs. Constant"
681,0.168137244128018,"Peaks only vs. Constant"
681.2,0.143572727481826,"Peaks only vs. Constant"
681.4,0.108634634949363,"Peaks only vs. Constant"
681.6,0.0766397462098349,"Peaks only vs. Constant"
681.8,0.0642828379921393,"Peaks only vs. Constant"
682,0.0736985609050709,"Peaks only vs. Constant"
682.2,0.0450799196795834,"Peaks only vs. Constant"
682.4,0.0245645813103006,"Peaks only vs. Constant"
682.6,0.0180091504678994,"Peaks only vs. Constant"
682.8,0.00681077348756927,"Peaks only vs. Constant"
683,-0.0120345558164968,"Peaks only vs. Constant"
683.2,-0.0384853087329405,"Peaks only vs. Constant"
683.4,-0.0711925090240432,"Peaks only vs. Constant"
683.6,-0.106398275310172,"Peaks only vs. Constant"
683.8,-0.140014706196109,"Peaks only vs. Constant"
684,-0.170308437961497,"Peaks only vs. Constant"
684.2,-0.197514433745154,"Peaks only vs. Constant"
684.4,-0.220016469969296,"Peaks only vs. Constant"
684.6,-0.2326791013449,"Peaks only vs. Constant"
684.8,-0.22985258555616,"Peaks only vs. Constant"
685,-0.207599940085689,"Peaks only vs. Constant"
685.2,-0.162767011753925,"Peaks only vs. Constant"
685.4,-0.0921983486421452,"Peaks only vs. Constant"
685.6,0.0040659812213091,"Peaks only vs. Constant"
685.8,0.115458771409551,"Peaks only vs. Constant"
686,0.216818822344727,"Peaks only vs. Constant"
686.2,0.278108235578377,"Peaks only vs. Constant"
686.4,0.283641868614405,"Peaks only vs. Constant"
686.6,0.240986727961008,"Peaks only vs. Constant"
686.8,0.215827496812358,"Peaks only vs. Constant"
687,0.188713483187673,"Peaks only vs. Constant"
687.2,0.146000352365561,"Peaks only vs. Constant"
687.4,0.10038821296196,"Peaks only vs. Constant"
687.6,0.0704223194545942,"Peaks only vs. Constant"
687.8,0.0696556435677299,"Peaks only vs. Constant"
688,0.0457143373039649,"Peaks only vs. Constant"
688.2,0.0356977040969937,"Peaks only vs. Constant"
688.4,0.0360065343614163,"Peaks only vs. Constant"
688.6,0.0235833469977205,"Peaks only vs. Constant"
688.8,-0.00109499414170887,"Peaks only vs. Constant"
689,-0.0327168537309547,"Peaks only vs. Constant"
689.2,-0.0692249223551378,"Peaks only vs. Constant"
689.4,-0.108578980106402,"Peaks only vs. Constant"
689.6,-0.146905235381964,"Peaks only vs. Constant"
689.8,-0.18096759781024,"Peaks only vs. Constant"
690,-0.210188355773018,"Peaks only vs. Constant"
690.2,-0.234775763094571,"Peaks only vs. Constant"
690.4,-0.252386184581115,"Peaks only vs. Constant"
690.6,-0.25845050162009,"Peaks only vs. Constant"
690.8,-0.248156587537565,"Peaks only vs. Constant"
691,-0.216343152155625,"Peaks only vs. Constant"
691.2,-0.156726822534208,"Peaks only vs. Constant"
691.4,-0.0637126446313418,"Peaks only vs. Constant"
691.6,0.0609356530964665,"Peaks only vs. Constant"
691.8,0.198706707748365,"Peaks only vs. Constant"
692,0.313462134827385,"Peaks only vs. Constant"
692.2,0.369427014000948,"Peaks only vs. Constant"
692.4,0.3551044706404,"Peaks only vs. Constant"
692.6,0.335400278198336,"Peaks only vs. Constant"
692.8,0.293659249594087,"Peaks only vs. Constant"
693,0.224150607239587,"Peaks only vs. Constant"
693.2,0.146832867231943,"Peaks only vs. Constant"
693.4,0.0845106244563937,"Peaks only vs. Constant"
693.6,0.059123566483474,"Peaks only vs. Constant"
693.8,0.0717073228860747,"Peaks only vs. Constant"
694,0.0555065466054662,"Peaks only vs. Constant"
694.2,0.0458585332147089,"Peaks only vs. Constant"
694.4,0.0399694812958601,"Peaks only vs. Constant"
694.6,0.0179074575587693,"Peaks only vs. Constant"
694.8,-0.0178512672966074,"Peaks only vs. Constant"
695,-0.0616873411254488,"Peaks only vs. Constant"
695.2,-0.109834285686928,"Peaks only vs. Constant"
695.4,-0.157515985336292,"Peaks only vs. Constant"
695.6,-0.199833903629374,"Peaks only vs. Constant"
695.8,-0.235020524922205,"Peaks only vs. Constant"
696,-0.264245503921432,"Peaks only vs. Constant"
696.2,-0.287486896040673,"Peaks only vs. Constant"
696.4,-0.301323078978004,"Peaks only vs. Constant"
696.6,-0.300564244465833,"Peaks only vs. Constant"
696.8,-0.279394481173173,"Peaks only vs. Constant"
697,-0.230571362036499,"Peaks only vs. Constant"
697.2,-0.145239259019562,"Peaks only vs. Constant"
697.4,-0.0170582896682248,"Peaks only vs. Constant"
697.6,0.147141753659695,"Peaks only vs. Constant"
697.8,0.316115982533773,"Peaks only vs. Constant"
698,0.439754340746154,"Peaks only vs. Constant"
698.2,0.478742785581526,"Peaks only vs. Constant"
698.4,0.484397331877974,"Peaks only vs. Constant"
698.6,0.436988394217753,"Peaks only vs. Constant"
698.8,0.340120169741279,"Peaks only vs. Constant"
699,0.227055542446298,"Peaks only vs. Constant"
699.2,0.127683065980623,"Peaks only vs. Constant"
699.4,0.0694466215586419,"Peaks only vs. Constant"
699.6,0.0614193847963656,"Peaks only vs. Constant"
699.8,0.0435497788155764,"Peaks only vs. Constant"
700,0.0465357263459615,"Peaks only vs. Constant"
700.2,0.0575408649737468,"Peaks only vs. Constant"
700.4,0.0453341524544764,"Peaks only vs. Constant"
700.6,0.00840218941424698,"Peaks only vs. Constant"
700.8,-0.0434059520837514,"Peaks only vs. Constant"
701,-0.101473797747871,"Peaks only vs. Constant"
701.2,-0.159248632284998,"Peaks only vs. Constant"
701.4,-0.210871464378964,"Peaks only vs. Constant"
701.6,-0.25292391256857,"Peaks only vs. Constant"
701.8,-0.285669004686576,"Peaks only vs. Constant"
702,-0.310379766920161,"Peaks only vs. Constant"
702.2,-0.326406251376815,"Peaks only vs. Constant"
702.4,-0.331257603031297,"Peaks only vs. Constant"
702.6,-0.320671692694317,"Peaks only vs. Constant"
702.8,-0.287267433898534,"Peaks only vs. Constant"
703,-0.219902814624868,"Peaks only vs. Constant"
703.2,-0.106144771530841,"Peaks only vs. Constant"
703.4,0.0593728262554562,"Peaks only vs. Constant"
703.6,0.260452114894005,"Peaks only vs. Constant"
703.8,0.450270872891068,"Peaks only vs. Constant"
704,0.568125870862697,"Peaks only vs. Constant"
704.2,0.578790098276522,"Peaks only vs. Constant"
704.4,0.55080926380219,"Peaks only vs. Constant"
704.6,0.471710296308679,"Peaks only vs. Constant"
704.8,0.348389569971316,"Peaks only vs. Constant"
705,0.219273472405546,"Peaks only vs. Constant"
705.2,0.120102002047095,"Peaks only vs. Constant"
705.4,0.0740040579364813,"Peaks only vs. Constant"
705.6,0.0777613602630934,"Peaks only vs. Constant"
705.8,0.0627892078259949,"Peaks only vs. Constant"
706,0.0620108863196922,"Peaks only vs. Constant"
706.2,0.0627528323223886,"Peaks only vs. Constant"
706.4,0.0368334102294738,"Peaks only vs. Constant"
706.6,-0.0132270454169181,"Peaks only vs. Constant"
706.8,-0.0754796775368859,"Peaks only vs. Constant"
707,-0.140270439547533,"Peaks only vs. Constant"
707.2,-0.201046421289015,"Peaks only vs. Constant"
707.4,-0.253444255903409,"Peaks only vs. Constant"
707.6,-0.296238774971199,"Peaks only vs. Constant"
707.8,-0.330548945815753,"Peaks only vs. Constant"
708,-0.356411609334777,"Peaks only vs. Constant"
708.2,-0.371427599432857,"Peaks only vs. Constant"
708.4,-0.371641515868432,"Peaks only vs. Constant"
708.6,-0.351253762101994,"Peaks only vs. Constant"
708.8,-0.301128250015911,"Peaks only vs. Constant"
709,-0.208600699971416,"Peaks only vs. Constant"
709.2,-0.0615554498695191,"Peaks only vs. Constant"
709.4,0.140307406512701,"Peaks only vs. Constant"
709.6,0.36946038540622,"Peaks only vs. Constant"
709.8,0.566301528280404,"Peaks only vs. Constant"
710,0.666085600678607,"Peaks only vs. Constant"
710.2,0.703763547334919,"Peaks only vs. Constant"
710.4,0.648286318903171,"Peaks only vs. Constant"
710.6,0.510217927663605,"Peaks only vs. Constant"
710.8,0.344949866338917,"Peaks only vs. Constant"
711,0.200976911142806,"Peaks only vs. Constant"
711.2,0.111413148633756,"Peaks only vs. Constant"
711.4,0.0819255644699704,"Peaks only vs. Constant"
711.6,0.0508985458499272,"Peaks only vs. Constant"
711.8,0.0525736282924868,"Peaks only vs. Constant"
712,0.0707899261390499,"Peaks only vs. Constant"
712.2,0.0654052177772,"Peaks only vs. Constant"
712.4,0.0265046432397705,"Peaks only vs. Constant"
712.6,-0.0368732201868415,"Peaks only vs. Constant"
712.8,-0.11022814031398,"Peaks only vs. Constant"
713,-0.181671401013504,"Peaks only vs. Constant"
713.2,-0.244289103599549,"Peaks only vs. Constant"
713.4,-0.295515149999618,"Peaks only vs. Constant"
713.6,-0.335785123127031,"Peaks only vs. Constant"
713.8,-0.365898180715857,"Peaks only vs. Constant"
714,-0.385276073525962,"Peaks only vs. Constant"
714.2,-0.392361669630835,"Peaks only vs. Constant"
714.4,-0.383998999446149,"Peaks only vs. Constant"
714.6,-0.353202685301987,"Peaks only vs. Constant"
714.8,-0.287880939542461,"Peaks only vs. Constant"
715,-0.172723179227427,"Peaks only vs. Constant"
715.2,0.00368003535705947,"Peaks only vs. Constant"
715.4,0.234790261257957,"Peaks only vs. Constant"
715.6,0.481207966508971,"Peaks only vs. Constant"
715.8,0.674154197810616,"Peaks only vs. Constant"
716,0.750756675448264,"Peaks only vs. Constant"
716.2,0.759926297451611,"Peaks only vs. Constant"
716.4,0.677355021553401,"Peaks only vs. Constant"
716.6,0.517317608164359,"Peaks only vs. Constant"
716.8,0.340430658461515,"Peaks only vs. Constant"
717,0.198810434218689,"Peaks only vs. Constant"
717.2,0.11945167412819,"Peaks only vs. Constant"
717.4,0.0535139247113051,"Peaks only vs. Constant"
717.6,0.0395292163634723,"Peaks only vs. Constant"
717.8,0.0617061274237444,"Peaks only vs. Constant"
718,0.0747931307019928,"Peaks only vs. Constant"
718.2,0.0569413781001692,"Peaks only vs. Constant"
718.4,0.00661750661923285,"Peaks only vs. Constant"
718.6,-0.0650056361922405,"Peaks only vs. Constant"
718.8,-0.142965838974242,"Peaks only vs. Constant"
719,-0.215708912795294,"Peaks only vs. Constant"
719.2,-0.27749523009121,"Peaks only vs. Constant"
719.4,-0.326942125932218,"Peaks only vs. Constant"
719.6,-0.364422073836604,"Peaks only vs. Constant"
719.8,-0.390034820719194,"Peaks only vs. Constant"
720,-0.403602645982023,"Peaks only vs. Constant"
720.2,-0.40434458144928,"Peaks only vs. Constant"
720.4,-0.388471863279293,"Peaks only vs. Constant"
720.6,-0.346939611518217,"Peaks only vs. Constant"
720.8,-0.265594640435396,"Peaks only vs. Constant"
721,-0.128793256834803,"Peaks only vs. Constant"
721.2,0.0716753438537239,"Peaks only vs. Constant"
721.4,0.321853564482354,"Peaks only vs. Constant"
721.6,0.57377222616995,"Peaks only vs. Constant"
721.8,0.755354874862098,"Peaks only vs. Constant"
722,0.876204251310409,"Peaks only vs. Constant"
722.2,0.87049516607974,"Peaks only vs. Constant"
722.4,0.729881853465103,"Peaks only vs. Constant"
722.6,0.523347236464203,"Peaks only vs. Constant"
722.8,0.326204539020886,"Peaks only vs. Constant"
723,0.189855956974848,"Peaks only vs. Constant"
723.2,0.123255046187382,"Peaks only vs. Constant"
723.4,0.0631011376856534,"Peaks only vs. Constant"
723.6,0.0481278996323088,"Peaks only vs. Constant"
723.8,0.0638316368053678,"Peaks only vs. Constant"
724,0.0676872546046642,"Peaks only vs. Constant"
724.2,0.0394654378446672,"Peaks only vs. Constant"
724.4,-0.0220523346349605,"Peaks only vs. Constant"
724.6,-0.103690752188157,"Peaks only vs. Constant"
724.8,-0.187805909651701,"Peaks only vs. Constant"
725,-0.262339441470142,"Peaks only vs. Constant"
725.2,-0.323423251703593,"Peaks only vs. Constant"
725.4,-0.371511953163504,"Peaks only vs. Constant"
725.6,-0.406863106549745,"Peaks only vs. Constant"
725.8,-0.42862850342144,"Peaks only vs. Constant"
726,-0.436023884055378,"Peaks only vs. Constant"
726.2,-0.427539052222867,"Peaks only vs. Constant"
726.4,-0.398145372509844,"Peaks only vs. Constant"
726.6,-0.337226928894089,"Peaks only vs. Constant"
726.8,-0.229558477322401,"Peaks only vs. Constant"
727,-0.060908382183976,"Peaks only vs. Constant"
727.2,0.170552937798402,"Peaks only vs. Constant"
727.4,0.439732931356222,"Peaks only vs. Constant"
727.6,0.688730894136773,"Peaks only vs. Constant"
727.8,0.913348434177464,"Peaks only vs. Constant"
728,1.01342055688689,"Peaks only vs. Constant"
728.2,0.937103975697155,"Peaks only vs. Constant"
728.4,0.737126985136847,"Peaks only vs. Constant"
728.6,0.50257817418504,"Peaks only vs. Constant"
728.8,0.312160948763551,"Peaks only vs. Constant"
729,0.19562939304266,"Peaks only vs. Constant"
729.2,0.0954016898552399,"Peaks only vs. Constant"
729.4,0.0542647595636295,"Peaks only vs. Constant"
729.6,0.0588711210745399,"Peaks only vs. Constant"
729.8,0.0679326253956077,"Peaks only vs. Constant"
730,0.0568700626264317,"Peaks only vs. Constant"
730.2,0.012661797019301,"Peaks only vs. Constant"
730.4,-0.0623448775455967,"Peaks only vs. Constant"
730.6,-0.151860421947759,"Peaks only vs. Constant"
730.8,-0.237663943273259,"Peaks only vs. Constant"
731,-0.309886593676665,"Peaks only vs. Constant"
731.2,-0.367045621334557,"Peaks only vs. Constant"
731.4,-0.409961732184049,"Peaks only vs. Constant"
731.6,-0.438461407205709,"Peaks only vs. Constant"
731.8,-0.452360432791397,"Peaks only vs. Constant"
732,-0.451441499967174,"Peaks only vs. Constant"
732.2,-0.432942451157239,"Peaks only vs. Constant"
732.4,-0.38904859100345,"Peaks only vs. Constant"
732.6,-0.306625028727284,"Peaks only vs. Constant"
732.8,-0.17043372660894,"Peaks only vs. Constant"
733,0.0291794372539133,"Peaks only vs. Constant"
733.2,0.284572978714557,"Peaks only vs. Constant"
733.4,0.560213087658759,"Peaks only vs. Constant"
733.6,0.793973207067374,"Peaks only vs. Constant"
733.8,0.991105155757619,"Peaks only vs. Constant"
734,1.0577559115248,"Peaks only vs. Constant"
734.2,0.949008266907181,"Peaks only vs. Constant"
734.4,0.729062654586249,"Peaks only vs. Constant"
734.6,0.496553167108018,"Peaks only vs. Constant"
734.8,0.321694905935072,"Peaks only vs. Constant"
735,0.217234519634055,"Peaks only vs. Constant"
735.2,0.117572305038139,"Peaks only vs. Constant"
735.4,0.0704832276957213,"Peaks only vs. Constant"
735.6,0.0635557663156728,"Peaks only vs. Constant"
735.8,0.0581780136782294,"Peaks only vs. Constant"
736,0.0334595095673547,"Peaks only vs. Constant"
736.2,-0.0211746902270371,"Peaks only vs. Constant"
736.4,-0.101959814861179,"Peaks only vs. Constant"
736.6,-0.192833245720975,"Peaks only vs. Constant"
736.8,-0.27761474476427,"Peaks only vs. Constant"
737,-0.348870771599264,"Peaks only vs. Constant"
737.2,-0.405968391520925,"Peaks only vs. Constant"
737.4,-0.448694828556922,"Peaks only vs. Constant"
737.6,-0.475504730692424,"Peaks only vs. Constant"
737.8,-0.485029131601199,"Peaks only vs. Constant"
738,-0.47572966969053,"Peaks only vs. Constant"
738.2,-0.443514352909901,"Peaks only vs. Constant"
738.4,-0.379766156653036,"Peaks only vs. Constant"
738.6,-0.271897493063556,"Peaks only vs. Constant"
738.8,-0.107748248468358,"Peaks only vs. Constant"
739,0.115847074042215,"Peaks only vs. Constant"
739.2,0.382563488247302,"Peaks only vs. Constant"
739.4,0.650399910590816,"Peaks only vs. Constant"
739.6,0.927256672573371,"Peaks only vs. Constant"
739.8,1.10856096523813,"Peaks only vs. Constant"
740,1.10736162131918,"Peaks only vs. Constant"
740.2,0.94378624776161,"Peaks only vs. Constant"
740.4,0.705621447297841,"Peaks only vs. Constant"
740.6,0.488676561257209,"Peaks only vs. Constant"
740.8,0.335359996955547,"Peaks only vs. Constant"
741,0.190170826037886,"Peaks only vs. Constant"
741.2,0.109033657544931,"Peaks only vs. Constant"
741.4,0.0802330413661269,"Peaks only vs. Constant"
741.6,0.065878545407476,"Peaks only vs. Constant"
741.8,0.0466581181699386,"Peaks only vs. Constant"
742,0.00792518151701587,"Peaks only vs. Constant"
742.2,-0.0579811219285446,"Peaks only vs. Constant"
742.4,-0.144534917731604,"Peaks only vs. Constant"
742.6,-0.235540801477508,"Peaks only vs. Constant"
742.8,-0.317336491258821,"Peaks only vs. Constant"
743,-0.384593538509804,"Peaks only vs. Constant"
743.2,-0.436634118745049,"Peaks only vs. Constant"
743.4,-0.472904246939198,"Peaks only vs. Constant"
743.6,-0.492625799341501,"Peaks only vs. Constant"
743.8,-0.494911256659958,"Peaks only vs. Constant"
744,-0.477059737242711,"Peaks only vs. Constant"
744.2,-0.432644323167067,"Peaks only vs. Constant"
744.4,-0.35127598259151,"Peaks only vs. Constant"
744.6,-0.221096699287403,"Peaks only vs. Constant"
744.8,-0.034381823086293,"Peaks only vs. Constant"
745,0.204688465404974,"Peaks only vs. Constant"
745.2,0.473032349135847,"Peaks only vs. Constant"
745.4,0.726956116830028,"Peaks only vs. Constant"
745.6,0.981953080640797,"Peaks only vs. Constant"
745.8,1.1378629709485,"Peaks only vs. Constant"
746,1.11274188420172,"Peaks only vs. Constant"
746.2,0.936659397321191,"Peaks only vs. Constant"
746.4,0.704822122907821,"Peaks only vs. Constant"
746.6,0.503176685275989,"Peaks only vs. Constant"
746.8,0.304202788307656,"Peaks only vs. Constant"
747,0.180659405769466,"Peaks only vs. Constant"
747.2,0.121019047249586,"Peaks only vs. Constant"
747.4,0.0852876399685257,"Peaks only vs. Constant"
747.6,0.0571393191417293,"Peaks only vs. Constant"
747.8,0.0254178070472935,"Peaks only vs. Constant"
748,-0.0223152654581924,"Peaks only vs. Constant"
748.2,-0.092727394820911,"Peaks only vs. Constant"
748.4,-0.179529381680977,"Peaks only vs. Constant"
748.6,-0.268224797697933,"Peaks only vs. Constant"
748.8,-0.346861222711569,"Peaks only vs. Constant"
749,-0.410307925204971,"Peaks only vs. Constant"
749.2,-0.457416374660258,"Peaks only vs. Constant"
749.4,-0.488136283736631,"Peaks only vs. Constant"
749.6,-0.502319793653414,"Peaks only vs. Constant"
749.8,-0.498371383960372,"Peaks only vs. Constant"
750,-0.471783739273288,"Peaks only vs. Constant"
750.2,-0.414575572795907,"Peaks only vs. Constant"
750.4,-0.316424841690956,"Peaks only vs. Constant"
750.6,-0.16808763561098,"Peaks only vs. Constant"
750.8,0.0331598686792553,"Peaks only vs. Constant"
751,0.277682912853902,"Peaks only vs. Constant"
751.2,0.539557000084415,"Peaks only vs. Constant"
751.4,0.842847698671356,"Peaks only vs. Constant"
751.6,1.0969865138854,"Peaks only vs. Constant"
751.8,1.19649285694224,"Peaks only vs. Constant"
752,1.11636865364313,"Peaks only vs. Constant"
752.2,0.915349642129804,"Peaks only vs. Constant"
752.4,0.694292181898613,"Peaks only vs. Constant"
752.6,0.512048360577403,"Peaks only vs. Constant"
752.8,0.320058622268631,"Peaks only vs. Constant"
753,0.193873827473197,"Peaks only vs. Constant"
753.2,0.125679871259742,"Peaks only vs. Constant"
753.4,0.0791606902839033,"Peaks only vs. Constant"
753.6,0.0394210056642665,"Peaks only vs. Constant"
753.8,-0.00471427072937732,"Peaks only vs. Constant"
754,-0.0635428680291921,"Peaks only vs. Constant"
754.2,-0.140288420045929,"Peaks only vs. Constant"
754.4,-0.227754677546246,"Peaks only vs. Constant"
754.6,-0.313875917627801,"Peaks only vs. Constant"
754.8,-0.389222824129657,"Peaks only vs. Constant"
755,-0.448900678903023,"Peaks only vs. Constant"
755.2,-0.491108462661351,"Peaks only vs. Constant"
755.4,-0.515490748840468,"Peaks only vs. Constant"
755.6,-0.521387662300185,"Peaks only vs. Constant"
755.8,-0.506094063273834,"Peaks only vs. Constant"
756,-0.463707250068608,"Peaks only vs. Constant"
756.2,-0.385519282651408,"Peaks only vs. Constant"
756.4,-0.262729525640506,"Peaks only vs. Constant"
756.6,-0.0910801503762038,"Peaks only vs. Constant"
756.8,0.124683005380945,"Peaks only vs. Constant"
757,0.368536396398129,"Peaks only vs. Constant"
757.2,0.672747744287186,"Peaks only vs. Constant"
757.4,0.969178869476282,"Peaks only vs. Constant"
757.6,1.16178294613682,"Peaks only vs. Constant"
757.8,1.1972171489251,"Peaks only vs. Constant"
758,1.0826580708119,"Peaks only vs. Constant"
758.2,0.894212426559748,"Peaks only vs. Constant"
758.4,0.704679633321273,"Peaks only vs. Constant"
758.6,0.478207510786454,"Peaks only vs. Constant"
758.8,0.313037696628816,"Peaks only vs. Constant"
759,0.209607462298036,"Peaks only vs. Constant"
759.2,0.132474299100165,"Peaks only vs. Constant"
759.4,0.0693033263032988,"Peaks only vs. Constant"
759.6,0.0124191389912545,"Peaks only vs. Constant"
759.8,-0.0465937286801734,"Peaks only vs. Constant"
760,-0.114606506107623,"Peaks only vs. Constant"
760.2,-0.193156206312548,"Peaks only vs. Constant"
760.4,-0.277007699771952,"Peaks only vs. Constant"
760.6,-0.357290569228081,"Peaks only vs. Constant"
760.8,-0.425736137794312,"Peaks only vs. Constant"
761,-0.477496489889129,"Peaks only vs. Constant"
761.2,-0.511610770642045,"Peaks only vs. Constant"
761.4,-0.528252276581794,"Peaks only vs. Constant"
761.6,-0.525570195843482,"Peaks only vs. Constant"
761.8,-0.498388102470562,"Peaks only vs. Constant"
762,-0.438694633745956,"Peaks only vs. Constant"
762.2,-0.337998660363601,"Peaks only vs. Constant"
762.4,-0.191538862904027,"Peaks only vs. Constant"
762.6,-0.00229536780719425,"Peaks only vs. Constant"
762.8,0.218101446601096,"Peaks only vs. Constant"
763,0.451164281557426,"Peaks only vs. Constant"
763.2,0.735116202378804,"Peaks only vs. Constant"
763.4,1.00390196971317,"Peaks only vs. Constant"
763.6,1.1650914647087,"Peaks only vs. Constant"
763.8,1.17849814986143,"Peaks only vs. Constant"
764,1.06937594403689,"Peaks only vs. Constant"
764.2,0.907034424666973,"Peaks only vs. Constant"
764.4,0.737624349815707,"Peaks only vs. Constant"
764.6,0.511811374651131,"Peaks only vs. Constant"
764.8,0.337234313444135,"Peaks only vs. Constant"
765,0.21847629310634,"Peaks only vs. Constant"
765.2,0.124586178413245,"Peaks only vs. Constant"
765.4,0.0467062482455468,"Peaks only vs. Constant"
765.6,-0.0215657609849103,"Peaks only vs. Constant"
765.8,-0.0876881427235653,"Peaks only vs. Constant"
766,-0.158075691554539,"Peaks only vs. Constant"
766.2,-0.235530289773926,"Peaks only vs. Constant"
766.4,-0.3173532431475,"Peaks only vs. Constant"
766.6,-0.39603041746058,"Peaks only vs. Constant"
766.8,-0.462621682613106,"Peaks only vs. Constant"
767,-0.511234640105601,"Peaks only vs. Constant"
767.2,-0.540128486733241,"Peaks only vs. Constant"
767.4,-0.548654729320389,"Peaks only vs. Constant"
767.6,-0.534062780223621,"Peaks only vs. Constant"
767.8,-0.490501942181675,"Peaks only vs. Constant"
768,-0.410307410391853,"Peaks only vs. Constant"
768.2,-0.287587249967612,"Peaks only vs. Constant"
768.4,-0.122975242685718,"Peaks only vs. Constant"
768.6,0.074054992279729,"Peaks only vs. Constant"
768.8,0.287760658469425,"Peaks only vs. Constant"
769,0.5561342802894,"Peaks only vs. Constant"
769.2,0.831573072584143,"Peaks only vs. Constant"
769.4,1.04341448342379,"Peaks only vs. Constant"
769.6,1.14936121928086,"Peaks only vs. Constant"
769.8,1.14052662234788,"Peaks only vs. Constant"
770,1.0534959843194,"Peaks only vs. Constant"
770.2,0.925693871254456,"Peaks only vs. Constant"
770.4,0.700993661777747,"Peaks only vs. Constant"
770.6,0.503863992044245,"Peaks only vs. Constant"
770.8,0.353429627682647,"Peaks only vs. Constant"
771,0.224675162494434,"Peaks only vs. Constant"
771.2,0.114807997808574,"Peaks only vs. Constant"
771.4,0.0219526279737689,"Peaks only vs. Constant"
771.6,-0.0584670875290183,"Peaks only vs. Constant"
771.8,-0.131692812234746,"Peaks only vs. Constant"
772,-0.203281110002006,"Peaks only vs. Constant"
772.2,-0.2776613886568,"Peaks only vs. Constant"
772.4,-0.354342273944892,"Peaks only vs. Constant"
772.6,-0.426464069840474,"Peaks only vs. Constant"
772.8,-0.485434278329652,"Peaks only vs. Constant"
773,-0.526470953286658,"Peaks only vs. Constant"
773.2,-0.548333954045152,"Peaks only vs. Constant"
773.4,-0.549299578116484,"Peaks only vs. Constant"
773.6,-0.524586149057106,"Peaks only vs. Constant"
773.8,-0.466810542890913,"Peaks only vs. Constant"
774,-0.36887000529488,"Peaks only vs. Constant"
774.2,-0.228600415641816,"Peaks only vs. Constant"
774.4,-0.0526440988845965,"Peaks only vs. Constant"
774.6,0.144588159843432,"Peaks only vs. Constant"
774.8,0.346726893355141,"Peaks only vs. Constant"
775,0.597427274961955,"Peaks only vs. Constant"
775.2,0.851131860978703,"Peaks only vs. Constant"
775.4,1.03990219811694,"Peaks only vs. Constant"
775.6,1.13163199988714,"Peaks only vs. Constant"
775.8,1.13105674090821,"Peaks only vs. Constant"
776,1.06835554296239,"Peaks only vs. Constant"
776.2,0.879605324851505,"Peaks only vs. Constant"
776.4,0.68929105914791,"Peaks only vs. Constant"
776.6,0.523707865313408,"Peaks only vs. Constant"
776.8,0.3637880969787,"Peaks only vs. Constant"
777,0.218163697138904,"Peaks only vs. Constant"
777.2,0.0946392938464099,"Peaks only vs. Constant"
777.4,-0.007587385305164,"Peaks only vs. Constant"
777.6,-0.0932625804153162,"Peaks only vs. Constant"
777.8,-0.167916973460936,"Peaks only vs. Constant"
778,-0.237979761633329,"Peaks only vs. Constant"
778.2,-0.309008573142702,"Peaks only vs. Constant"
778.4,-0.380888585739116,"Peaks only vs. Constant"
778.6,-0.446906178947022,"Peaks only vs. Constant"
778.8,-0.499537408150696,"Peaks only vs. Constant"
779,-0.534806109151112,"Peaks only vs. Constant"
779.2,-0.550803598879371,"Peaks only vs. Constant"
779.4,-0.544236629107911,"Peaks only vs. Constant"
779.6,-0.50904887956961,"Peaks only vs. Constant"
779.8,-0.4378583217134,"Peaks only vs. Constant"
780,-0.325607059619068,"Peaks only vs. Constant"
780.2,-0.174215932180335,"Peaks only vs. Constant"
780.4,0.00528754699152761,"Peaks only vs. Constant"
780.6,0.19655485249537,"Peaks only vs. Constant"
780.8,0.436325267216269,"Peaks only vs. Constant"
781,0.687185309803253,"Peaks only vs. Constant"
781.2,0.89594821486442,"Peaks only vs. Constant"
781.4,1.03475715229731,"Peaks only vs. Constant"
781.6,1.09847948766553,"Peaks only vs. Constant"
781.8,1.10943710243211,"Peaks only vs. Constant"
782,1.07527626762515,"Peaks only vs. Constant"
782.2,0.901157799774264,"Peaks only vs. Constant"
782.4,0.710016217040222,"Peaks only vs. Constant"
782.6,0.533603855882475,"Peaks only vs. Constant"
782.8,0.36008815071446,"Peaks only vs. Constant"
783,0.201241269669262,"Peaks only vs. Constant"
783.2,0.0648951544749626,"Peaks only vs. Constant"
783.4,-0.0483188981358424,"Peaks only vs. Constant"
783.6,-0.140825626058346,"Peaks only vs. Constant"
783.8,-0.217474561439814,"Peaks only vs. Constant"
784,-0.28612164436103,"Peaks only vs. Constant"
784.2,-0.353942954209829,"Peaks only vs. Constant"
784.4,-0.421017053664344,"Peaks only vs. Constant"
784.6,-0.480585331967602,"Peaks only vs. Constant"
784.8,-0.525555682875283,"Peaks only vs. Constant"
785,-0.551940290232632,"Peaks only vs. Constant"
785.2,-0.557098289226856,"Peaks only vs. Constant"
785.4,-0.536737093773388,"Peaks only vs. Constant"
785.6,-0.484258327614464,"Peaks only vs. Constant"
785.8,-0.393365651602129,"Peaks only vs. Constant"
786,-0.262842238754118,"Peaks only vs. Constant"
786.2,-0.100601716128403,"Peaks only vs. Constant"
786.4,0.0773406203200119,"Peaks only vs. Constant"
786.6,0.300392046472236,"Peaks only vs. Constant"
786.8,0.534011234595964,"Peaks only vs. Constant"
787,0.736357164484717,"Peaks only vs. Constant"
787.2,0.890729248375995,"Peaks only vs. Constant"
787.4,0.993933816812416,"Peaks only vs. Constant"
787.6,1.06577137821507,"Peaks only vs. Constant"
787.8,1.11381626803622,"Peaks only vs. Constant"
788,1.02355108579598,"Peaks only vs. Constant"
788.2,0.889630348023067,"Peaks only vs. Constant"
788.4,0.73430114876858,"Peaks only vs. Constant"
788.6,0.546398907637805,"Peaks only vs. Constant"
788.8,0.351624770026919,"Peaks only vs. Constant"
789,0.173463280223868,"Peaks only vs. Constant"
789.2,0.0224441961131948,"Peaks only vs. Constant"
789.4,-0.0991164646899479,"Peaks only vs. Constant"
789.6,-0.193657889277749,"Peaks only vs. Constant"
789.8,-0.267979714916683,"Peaks only vs. Constant"
790,-0.331866339100801,"Peaks only vs. Constant"
790.2,-0.392693824159992,"Peaks only vs. Constant"
790.4,-0.450704866710557,"Peaks only vs. Constant"
790.6,-0.500879299298902,"Peaks only vs. Constant"
790.8,-0.537344827249737,"Peaks only vs. Constant"
791,-0.555170518434615,"Peaks only vs. Constant"
791.2,-0.549553673163236,"Peaks only vs. Constant"
791.4,-0.514569406887928,"Peaks only vs. Constant"
791.6,-0.443911515932104,"Peaks only vs. Constant"
791.8,-0.334416289299755,"Peaks only vs. Constant"
792,-0.190463375027877,"Peaks only vs. Constant"
792.2,-0.0253970305459929,"Peaks only vs. Constant"
792.4,0.142996330225151,"Peaks only vs. Constant"
792.6,0.349235258296968,"Peaks only vs. Constant"
792.8,0.560326523590455,"Peaks only vs. Constant"
793,0.736136945113943,"Peaks only vs. Constant"
793.2,0.868933757593667,"Peaks only vs. Constant"
793.4,0.972951634782505,"Peaks only vs. Constant"
793.6,1.07017873697042,"Peaks only vs. Constant"
793.8,1.14590533167115,"Peaks only vs. Constant"
794,1.0640436916741,"Peaks only vs. Constant"
794.2,0.922886209646293,"Peaks only vs. Constant"
794.4,0.748686840054785,"Peaks only vs. Constant"
794.6,0.539098317336878,"Peaks only vs. Constant"
794.8,0.326935187042677,"Peaks only vs. Constant"
795,0.137407261940545,"Peaks only vs. Constant"
795.2,-0.0193351360765365,"Peaks only vs. Constant"
795.4,-0.142266594446434,"Peaks only vs. Constant"
795.6,-0.235974694591376,"Peaks only vs. Constant"
795.8,-0.309381177632663,"Peaks only vs. Constant"
796,-0.372685617302854,"Peaks only vs. Constant"
796.2,-0.431838934399225,"Peaks only vs. Constant"
796.4,-0.485855377458358,"Peaks only vs. Constant"
796.6,-0.529435137880731,"Peaks only vs. Constant"
796.8,-0.556678576443866,"Peaks only vs. Constant"
797,-0.562458690397693,"Peaks only vs. Constant"
797.2,-0.541824180834546,"Peaks only vs. Constant"
797.4,-0.48942440676769,"Peaks only vs. Constant"
797.6,-0.401061096300384,"Peaks only vs. Constant"
797.8,-0.277559399153624,"Peaks only vs. Constant"
798,-0.128110167757232,"Peaks only vs. Constant"
798.2,0.030864476833144,"Peaks only vs. Constant"
798.4,0.226334656359029,"Peaks only vs. Constant"
798.6,0.424644702009464,"Peaks only vs. Constant"
798.8,0.590399690590951,"Peaks only vs. Constant"
799,0.720751813953983,"Peaks only vs. Constant"
799.2,0.830871298890131,"Peaks only vs. Constant"
799.4,0.949700281698992,"Peaks only vs. Constant"
799.6,1.08080649814749,"Peaks only vs. Constant"
799.8,1.18079822210306,"Peaks only vs. Constant"
800,1.1911517387017,"Peaks only vs. Constant"
500,0,"Troughs only vs. Constant"
500.2,0.0364626698173552,"Troughs only vs. Constant"
500.4,0.0780057216778988,"Troughs only vs. Constant"
500.6,0.0644293527611906,"Troughs only vs. Constant"
500.8,0.0348301536229143,"Troughs only vs. Constant"
501,0.0142336048497687,"Troughs only vs. Constant"
501.2,0.00035964533836848,"Troughs only vs. Constant"
501.4,-0.0087522656240582,"Troughs only vs. Constant"
501.6,-0.013019953545022,"Troughs only vs. Constant"
501.8,-0.0122652750555307,"Troughs only vs. Constant"
502,-0.00744948270451689,"Troughs only vs. Constant"
502.2,-0.00025104777620721,"Troughs only vs. Constant"
502.4,0.00587672002538985,"Troughs only vs. Constant"
502.6,0.00632286460347706,"Troughs only vs. Constant"
502.8,4.69777674496976e-05,"Troughs only vs. Constant"
503,-0.00939211033772972,"Troughs only vs. Constant"
503.2,-0.018082841943565,"Troughs only vs. Constant"
503.4,-0.0240214453963256,"Troughs only vs. Constant"
503.6,0.0179603614686338,"Troughs only vs. Constant"
503.8,0.0567107928104255,"Troughs only vs. Constant"
504,0.0769643086597427,"Troughs only vs. Constant"
504.2,0.0459765986176364,"Troughs only vs. Constant"
504.4,0.0161120024413593,"Troughs only vs. Constant"
504.6,0.004907555168166,"Troughs only vs. Constant"
504.8,-0.0001244835192219,"Troughs only vs. Constant"
505,-0.00207335309028591,"Troughs only vs. Constant"
505.2,-0.000631001874225516,"Troughs only vs. Constant"
505.4,0.00307746781537115,"Troughs only vs. Constant"
505.6,0.00409752718465541,"Troughs only vs. Constant"
505.8,-0.00366133616784438,"Troughs only vs. Constant"
506,-0.0206667027043954,"Troughs only vs. Constant"
506.2,-0.0395898246281753,"Troughs only vs. Constant"
506.4,-0.051586903794679,"Troughs only vs. Constant"
506.6,-0.0529448114093422,"Troughs only vs. Constant"
506.8,-0.0455038183651286,"Troughs only vs. Constant"
507,-0.0330904695291777,"Troughs only vs. Constant"
507.2,-0.0187139812600911,"Troughs only vs. Constant"
507.4,-0.00457253155122171,"Troughs only vs. Constant"
507.6,0.00640648152687112,"Troughs only vs. Constant"
507.8,0.0108685931188411,"Troughs only vs. Constant"
508,0.00810546219218401,"Troughs only vs. Constant"
508.2,0.00153611222207668,"Troughs only vs. Constant"
508.4,-0.00369630081567881,"Troughs only vs. Constant"
508.6,-0.00424984785131917,"Troughs only vs. Constant"
508.8,-9.17372765823224e-05,"Troughs only vs. Constant"
509,0.00697349352369346,"Troughs only vs. Constant"
509.2,0.0152105702036558,"Troughs only vs. Constant"
509.4,0.0231533347388455,"Troughs only vs. Constant"
509.6,0.0762640073840756,"Troughs only vs. Constant"
509.8,0.11754846179327,"Troughs only vs. Constant"
510,0.0829129551017868,"Troughs only vs. Constant"
510.2,0.0505613206745445,"Troughs only vs. Constant"
510.4,0.0405403472724048,"Troughs only vs. Constant"
510.6,0.0372497720585084,"Troughs only vs. Constant"
510.8,0.0345505769303309,"Troughs only vs. Constant"
511,0.0291350465166768,"Troughs only vs. Constant"
511.2,0.018150893039895,"Troughs only vs. Constant"
511.4,-0.0013992854151697,"Troughs only vs. Constant"
511.6,-0.0314425405670092,"Troughs only vs. Constant"
511.8,-0.0695156400460738,"Troughs only vs. Constant"
512,-0.10627637030203,"Troughs only vs. Constant"
512.2,-0.129262384660036,"Troughs only vs. Constant"
512.4,-0.131371550586407,"Troughs only vs. Constant"
512.6,-0.1147892725793,"Troughs only vs. Constant"
512.8,-0.0872157639191159,"Troughs only vs. Constant"
513,-0.0563296170546815,"Troughs only vs. Constant"
513.2,-0.0275013949484767,"Troughs only vs. Constant"
513.4,-0.00478677024498372,"Troughs only vs. Constant"
513.6,0.007552102762872,"Troughs only vs. Constant"
513.8,0.00680967931079895,"Troughs only vs. Constant"
514,-0.00355748291037916,"Troughs only vs. Constant"
514.2,-0.014105571405766,"Troughs only vs. Constant"
514.4,-0.016192494581807,"Troughs only vs. Constant"
514.6,-0.00780621591802916,"Troughs only vs. Constant"
514.8,0.00694695679530725,"Troughs only vs. Constant"
515,0.0234215183323401,"Troughs only vs. Constant"
515.2,0.0397232034712858,"Troughs only vs. Constant"
515.4,0.101718089703497,"Troughs only vs. Constant"
515.6,0.148696214479133,"Troughs only vs. Constant"
515.8,0.169326554200132,"Troughs only vs. Constant"
516,0.128617094972785,"Troughs only vs. Constant"
516.2,0.0982092489829473,"Troughs only vs. Constant"
516.4,0.0927132015535398,"Troughs only vs. Constant"
516.6,0.0946635977159601,"Troughs only vs. Constant"
516.8,0.0952414373431084,"Troughs only vs. Constant"
517,0.0861602941106074,"Troughs only vs. Constant"
517.2,0.0600230866586809,"Troughs only vs. Constant"
517.4,0.012312186422726,"Troughs only vs. Constant"
517.6,-0.0553904185466176,"Troughs only vs. Constant"
517.8,-0.131708548364022,"Troughs only vs. Constant"
518,-0.197110757196141,"Troughs only vs. Constant"
518.2,-0.23384325895956,"Troughs only vs. Constant"
518.4,-0.23560626900795,"Troughs only vs. Constant"
518.6,-0.208032065148403,"Troughs only vs. Constant"
518.8,-0.162420906368797,"Troughs only vs. Constant"
519,-0.110018754346991,"Troughs only vs. Constant"
519.2,-0.0599870913298538,"Troughs only vs. Constant"
519.4,-0.0201665558279281,"Troughs only vs. Constant"
519.6,0.00187906542060253,"Troughs only vs. Constant"
519.8,0.0015985553832766,"Troughs only vs. Constant"
520,-0.0157337152481382,"Troughs only vs. Constant"
520.2,-0.0342845112415617,"Troughs only vs. Constant"
520.4,-0.038152175085151,"Troughs only vs. Constant"
520.6,-0.022199531607906,"Troughs only vs. Constant"
520.8,0.00638136680492699,"Troughs only vs. Constant"
521,0.036793346504154,"Troughs only vs. Constant"
521.2,0.109560166746053,"Troughs only vs. Constant"
521.4,0.167813655182535,"Troughs only vs. Constant"
521.6,0.201807121741538,"Troughs only vs. Constant"
521.8,0.173369574079024,"Troughs only vs. Constant"
522,0.155314160322643,"Troughs only vs. Constant"
522.2,0.156880661203222,"Troughs only vs. Constant"
522.4,0.164321708165433,"Troughs only vs. Constant"
522.6,0.175710965788459,"Troughs only vs. Constant"
522.8,0.184542902559911,"Troughs only vs. Constant"
523,0.177677823406976,"Troughs only vs. Constant"
523.2,0.1401705245033,"Troughs only vs. Constant"
523.4,0.0641019886454812,"Troughs only vs. Constant"
523.6,-0.0428028353287244,"Troughs only vs. Constant"
523.8,-0.156261715581419,"Troughs only vs. Constant"
524,-0.247367067591768,"Troughs only vs. Constant"
524.2,-0.298509899334896,"Troughs only vs. Constant"
524.4,-0.308165604379123,"Troughs only vs. Constant"
524.6,-0.284171853903018,"Troughs only vs. Constant"
524.8,-0.23649243051028,"Troughs only vs. Constant"
525,-0.174930837340132,"Troughs only vs. Constant"
525.2,-0.109782049126676,"Troughs only vs. Constant"
525.4,-0.0526731820519187,"Troughs only vs. Constant"
525.6,-0.0160301488152799,"Troughs only vs. Constant"
525.8,-0.00848279544050808,"Troughs only vs. Constant"
526,-0.0261058637857323,"Troughs only vs. Constant"
526.2,-0.0501815188611209,"Troughs only vs. Constant"
526.4,-0.059008135237331,"Troughs only vs. Constant"
526.6,-0.0421856901111769,"Troughs only vs. Constant"
526.8,-0.00527679653549151,"Troughs only vs. Constant"
527,0.0370442128947913,"Troughs only vs. Constant"
527.2,0.119266308245657,"Troughs only vs. Constant"
527.4,0.186161518865919,"Troughs only vs. Constant"
527.6,0.175648575592438,"Troughs only vs. Constant"
527.8,0.177783492885145,"Troughs only vs. Constant"
528,0.196109342992724,"Troughs only vs. Constant"
528.2,0.21229683834674,"Troughs only vs. Constant"
528.4,0.229047925373517,"Troughs only vs. Constant"
528.6,0.24915706073149,"Troughs only vs. Constant"
528.8,0.267707847313511,"Troughs only vs. Constant"
529,0.270179796008912,"Troughs only vs. Constant"
529.2,0.236837620408349,"Troughs only vs. Constant"
529.4,0.154537117452346,"Troughs only vs. Constant"
529.6,0.0303337928397732,"Troughs only vs. Constant"
529.8,-0.107148399839858,"Troughs only vs. Constant"
530,-0.224576608698516,"Troughs only vs. Constant"
530.2,-0.302513926901781,"Troughs only vs. Constant"
530.4,-0.338007321853048,"Troughs only vs. Constant"
530.6,-0.336088822951163,"Troughs only vs. Constant"
530.8,-0.303309890571157,"Troughs only vs. Constant"
531,-0.24675979796281,"Troughs only vs. Constant"
531.2,-0.175669265293148,"Troughs only vs. Constant"
531.4,-0.102937680867115,"Troughs only vs. Constant"
531.6,-0.0448840243805663,"Troughs only vs. Constant"
531.8,-0.0164814100377948,"Troughs only vs. Constant"
532,-0.0210847211289889,"Troughs only vs. Constant"
532.2,-0.0442080848022333,"Troughs only vs. Constant"
532.4,-0.0620943788394101,"Troughs only vs. Constant"
532.6,-0.0575062080349756,"Troughs only vs. Constant"
532.8,-0.0281127398569775,"Troughs only vs. Constant"
533,0.0560989531705329,"Troughs only vs. Constant"
533.2,0.134971575976537,"Troughs only vs. Constant"
533.4,0.185061733911639,"Troughs only vs. Constant"
533.6,0.181015995473304,"Troughs only vs. Constant"
533.8,0.196172669645509,"Troughs only vs. Constant"
534,0.226724542922717,"Troughs only vs. Constant"
534.2,0.251488569632517,"Troughs only vs. Constant"
534.4,0.272957090524584,"Troughs only vs. Constant"
534.6,0.295732222724426,"Troughs only vs. Constant"
534.8,0.317197530069826,"Troughs only vs. Constant"
535,0.323627848311089,"Troughs only vs. Constant"
535.2,0.293060796749023,"Troughs only vs. Constant"
535.4,0.208056660350412,"Troughs only vs. Constant"
535.6,0.0732929237686421,"Troughs only vs. Constant"
535.8,-0.0807679081631487,"Troughs only vs. Constant"
536,-0.217171595880575,"Troughs only vs. Constant"
536.2,-0.313759653189652,"Troughs only vs. Constant"
536.4,-0.366015893243824,"Troughs only vs. Constant"
536.6,-0.377936234043334,"Troughs only vs. Constant"
536.8,-0.355026893123624,"Troughs only vs. Constant"
537,-0.303084266793737,"Troughs only vs. Constant"
537.2,-0.230120994352109,"Troughs only vs. Constant"
537.4,-0.148739265032809,"Troughs only vs. Constant"
537.6,-0.0767577032985001,"Troughs only vs. Constant"
537.8,-0.0328327610242938,"Troughs only vs. Constant"
538,-0.0254081474856166,"Troughs only vs. Constant"
538.2,-0.0439655374095331,"Troughs only vs. Constant"
538.4,-0.0648728590581538,"Troughs only vs. Constant"
538.6,-0.067052075914951,"Troughs only vs. Constant"
538.8,-0.00591476017047673,"Troughs only vs. Constant"
539,0.0726137870695006,"Troughs only vs. Constant"
539.2,0.129757919223506,"Troughs only vs. Constant"
539.4,0.130598428779437,"Troughs only vs. Constant"
539.6,0.155594036459542,"Troughs only vs. Constant"
539.8,0.206687730791895,"Troughs only vs. Constant"
540,0.252324399177133,"Troughs only vs. Constant"
540.2,0.286829835634113,"Troughs only vs. Constant"
540.4,0.314605587508716,"Troughs only vs. Constant"
540.6,0.340632249909111,"Troughs only vs. Constant"
540.8,0.363416726779299,"Troughs only vs. Constant"
541,0.370453237630144,"Troughs only vs. Constant"
541.2,0.340632449809298,"Troughs only vs. Constant"
541.4,0.256649279321211,"Troughs only vs. Constant"
541.6,0.121894774842843,"Troughs only vs. Constant"
541.8,-0.0360683944589025,"Troughs only vs. Constant"
542,-0.183078330336045,"Troughs only vs. Constant"
542.2,-0.296587388662999,"Troughs only vs. Constant"
542.4,-0.36848636008038,"Troughs only vs. Constant"
542.6,-0.398970417572922,"Troughs only vs. Constant"
542.8,-0.391156988756505,"Troughs only vs. Constant"
543,-0.349324229895429,"Troughs only vs. Constant"
543.2,-0.280107405208545,"Troughs only vs. Constant"
543.4,-0.195038059131215,"Troughs only vs. Constant"
543.6,-0.112060793117549,"Troughs only vs. Constant"
543.8,-0.0522502425620656,"Troughs only vs. Constant"
544,-0.0290866466451099,"Troughs only vs. Constant"
544.2,-0.0378481053272753,"Troughs only vs. Constant"
544.4,-0.0580546677895562,"Troughs only vs. Constant"
544.6,-0.0672157911877193,"Troughs only vs. Constant"
544.8,-0.0162105504742843,"Troughs only vs. Constant"
545,0.0565054994188038,"Troughs only vs. Constant"
545.2,0.115425526255044,"Troughs only vs. Constant"
545.4,0.121768320875591,"Troughs only vs. Constant"
545.6,0.151925731892842,"Troughs only vs. Constant"
545.8,0.211368915058675,"Troughs only vs. Constant"
546,0.267002772768539,"Troughs only vs. Constant"
546.2,0.310197832482136,"Troughs only vs. Constant"
546.4,0.343887729878258,"Troughs only vs. Constant"
546.6,0.373155185712274,"Troughs only vs. Constant"
546.8,0.398104993303505,"Troughs only vs. Constant"
547,0.408459013197571,"Troughs only vs. Constant"
547.2,0.38424787071779,"Troughs only vs. Constant"
547.4,0.306303562605663,"Troughs only vs. Constant"
547.6,0.17325392434001,"Troughs only vs. Constant"
547.8,0.00909270295234329,"Troughs only vs. Constant"
548,-0.150998526450098,"Troughs only vs. Constant"
548.2,-0.280650586770817,"Troughs only vs. Constant"
548.4,-0.368446392715834,"Troughs only vs. Constant"
548.6,-0.412968373105901,"Troughs only vs. Constant"
548.8,-0.416781193342048,"Troughs only vs. Constant"
549,-0.383632484752331,"Troughs only vs. Constant"
549.2,-0.319057594776436,"Troughs only vs. Constant"
549.4,-0.233147281808769,"Troughs only vs. Constant"
549.6,-0.14312739152448,"Troughs only vs. Constant"
549.8,-0.0714758389338056,"Troughs only vs. Constant"
550,-0.0356600276047949,"Troughs only vs. Constant"
550.2,-0.0357767711904105,"Troughs only vs. Constant"
550.4,-0.0541456528949768,"Troughs only vs. Constant"
550.6,-0.0320507100401944,"Troughs only vs. Constant"
550.8,0.0108220743546404,"Troughs only vs. Constant"
551,0.0515856784820708,"Troughs only vs. Constant"
551.2,0.0521308393790715,"Troughs only vs. Constant"
551.4,0.0769708972229428,"Troughs only vs. Constant"
551.6,0.141291687913065,"Troughs only vs. Constant"
551.8,0.213180737181657,"Troughs only vs. Constant"
552,0.275761245064505,"Troughs only vs. Constant"
552.2,0.324727151494279,"Troughs only vs. Constant"
552.4,0.362206160145105,"Troughs only vs. Constant"
552.6,0.392372847465681,"Troughs only vs. Constant"
552.8,0.415521138134675,"Troughs only vs. Constant"
553,0.423311519762034,"Troughs only vs. Constant"
553.2,0.399796432555516,"Troughs only vs. Constant"
553.4,0.329117667976646,"Troughs only vs. Constant"
553.6,0.207581229055469,"Troughs only vs. Constant"
553.8,0.0512719186316409,"Troughs only vs. Constant"
554,-0.110731405442972,"Troughs only vs. Constant"
554.2,-0.25095916987301,"Troughs only vs. Constant"
554.4,-0.352785475256986,"Troughs only vs. Constant"
554.6,-0.410613585526857,"Troughs only vs. Constant"
554.8,-0.425254761889815,"Troughs only vs. Constant"
555,-0.400033473952614,"Troughs only vs. Constant"
555.2,-0.340213729064146,"Troughs only vs. Constant"
555.4,-0.255271352864572,"Troughs only vs. Constant"
555.6,-0.161716981895052,"Troughs only vs. Constant"
555.8,-0.0822446821067493,"Troughs only vs. Constant"
556,-0.0366430876706608,"Troughs only vs. Constant"
556.2,-0.0290098068234939,"Troughs only vs. Constant"
556.4,-0.0450046350462307,"Troughs only vs. Constant"
556.6,-0.0262584221195507,"Troughs only vs. Constant"
556.8,0.0093093424606589,"Troughs only vs. Constant"
557,0.00259548893338768,"Troughs only vs. Constant"
557.2,0.0113074839268069,"Troughs only vs. Constant"
557.4,0.063899258354912,"Troughs only vs. Constant"
557.6,0.137603693028324,"Troughs only vs. Constant"
557.8,0.212016346818289,"Troughs only vs. Constant"
558,0.276550943394574,"Troughs only vs. Constant"
558.2,0.327781804076858,"Troughs only vs. Constant"
558.4,0.367007284352677,"Troughs only vs. Constant"
558.6,0.398130969784048,"Troughs only vs. Constant"
558.8,0.422621070198272,"Troughs only vs. Constant"
559,0.434512007394856,"Troughs only vs. Constant"
559.2,0.42003384395383,"Troughs only vs. Constant"
559.4,0.362672895851937,"Troughs only vs. Constant"
559.6,0.253339812959339,"Troughs only vs. Constant"
559.8,0.101174628773931,"Troughs only vs. Constant"
560,-0.0666606705942812,"Troughs only vs. Constant"
560.2,-0.218660980516079,"Troughs only vs. Constant"
560.4,-0.333136370158334,"Troughs only vs. Constant"
560.6,-0.40179938032169,"Troughs only vs. Constant"
560.8,-0.424998107595123,"Troughs only vs. Constant"
561,-0.406437413752226,"Troughs only vs. Constant"
561.2,-0.351519582406781,"Troughs only vs. Constant"
561.4,-0.269132099000223,"Troughs only vs. Constant"
561.6,-0.174734839413267,"Troughs only vs. Constant"
561.8,-0.0906440535370882,"Troughs only vs. Constant"
562,-0.0382147381039777,"Troughs only vs. Constant"
562.2,-0.0247566339810613,"Troughs only vs. Constant"
562.4,-0.00219320388862874,"Troughs only vs. Constant"
562.6,0.0158940382938154,"Troughs only vs. Constant"
562.8,0.0203509593933619,"Troughs only vs. Constant"
563,-0.0101532440352236,"Troughs only vs. Constant"
563.2,-0.00841317455268077,"Troughs only vs. Constant"
563.4,0.0457624851059404,"Troughs only vs. Constant"
563.6,0.123205142755184,"Troughs only vs. Constant"
563.8,0.201260611477028,"Troughs only vs. Constant"
564,0.268168608167434,"Troughs only vs. Constant"
564.2,0.320102302995222,"Troughs only vs. Constant"
564.4,0.357906131266579,"Troughs only vs. Constant"
564.6,0.38447694616799,"Troughs only vs. Constant"
564.8,0.401097244883506,"Troughs only vs. Constant"
565,0.404410699629104,"Troughs only vs. Constant"
565.2,0.38529488141607,"Troughs only vs. Constant"
565.4,0.330640750076409,"Troughs only vs. Constant"
565.6,0.231244069736641,"Troughs only vs. Constant"
565.8,0.0923097995261255,"Troughs only vs. Constant"
566,-0.0642357452431157,"Troughs only vs. Constant"
566.2,-0.209546060944342,"Troughs only vs. Constant"
566.4,-0.32122969553104,"Troughs only vs. Constant"
566.6,-0.38892751788869,"Troughs only vs. Constant"
566.8,-0.41132335902087,"Troughs only vs. Constant"
567,-0.391500434371621,"Troughs only vs. Constant"
567.2,-0.335239261842078,"Troughs only vs. Constant"
567.4,-0.252340573289704,"Troughs only vs. Constant"
567.6,-0.15892485375179,"Troughs only vs. Constant"
567.8,-0.0771322338580032,"Troughs only vs. Constant"
568,-0.0275395876831369,"Troughs only vs. Constant"
568.2,0.0202660937634114,"Troughs only vs. Constant"
568.4,0.0441685382580143,"Troughs only vs. Constant"
568.6,0.0348940688868763,"Troughs only vs. Constant"
568.8,-0.0219803066183493,"Troughs only vs. Constant"
569,-0.0495400328247677,"Troughs only vs. Constant"
569.2,-0.0185557223369052,"Troughs only vs. Constant"
569.4,0.0466580551595861,"Troughs only vs. Constant"
569.6,0.123381736329346,"Troughs only vs. Constant"
569.8,0.196105640569143,"Troughs only vs. Constant"
570,0.256707331392238,"Troughs only vs. Constant"
570.2,0.3019625981114,"Troughs only vs. Constant"
570.4,0.331748602997149,"Troughs only vs. Constant"
570.6,0.348693320585598,"Troughs only vs. Constant"
570.8,0.356622981951327,"Troughs only vs. Constant"
571,0.356664722950171,"Troughs only vs. Constant"
571.2,0.342323616614664,"Troughs only vs. Constant"
571.4,0.299032006707701,"Troughs only vs. Constant"
571.6,0.213244987787169,"Troughs only vs. Constant"
571.8,0.0858564679275339,"Troughs only vs. Constant"
572,-0.0626671650776077,"Troughs only vs. Constant"
572.2,-0.202263093554759,"Troughs only vs. Constant"
572.4,-0.308819238808023,"Troughs only vs. Constant"
572.6,-0.371008765100359,"Troughs only vs. Constant"
572.8,-0.387478721070224,"Troughs only vs. Constant"
573,-0.362140919056395,"Troughs only vs. Constant"
573.2,-0.302215456198101,"Troughs only vs. Constant"
573.4,-0.218872979785872,"Troughs only vs. Constant"
573.6,-0.128708103724868,"Troughs only vs. Constant"
573.8,-0.0531444266212637,"Troughs only vs. Constant"
574,-0.0112991270292212,"Troughs only vs. Constant"
574.2,0.0293492160692114,"Troughs only vs. Constant"
574.4,0.0464619132128942,"Troughs only vs. Constant"
574.6,-0.00732867077091445,"Troughs only vs. Constant"
574.8,-0.0557033921905238,"Troughs only vs. Constant"
575,-0.0521157212110359,"Troughs only vs. Constant"
575.2,-0.00859637279693304,"Troughs only vs. Constant"
575.4,0.0559378009435496,"Troughs only vs. Constant"
575.6,0.125362347797405,"Troughs only vs. Constant"
575.8,0.188864810888598,"Troughs only vs. Constant"
576,0.240505235632645,"Troughs only vs. Constant"
576.2,0.277554222501085,"Troughs only vs. Constant"
576.4,0.300783910051252,"Troughs only vs. Constant"
576.6,0.314501901873544,"Troughs only vs. Constant"
576.8,0.323943807235297,"Troughs only vs. Constant"
577,0.32997064972469,"Troughs only vs. Constant"
577.2,0.323580596501477,"Troughs only vs. Constant"
577.4,0.287047978305627,"Troughs only vs. Constant"
577.6,0.205394656783305,"Troughs only vs. Constant"
577.8,0.0806855837491661,"Troughs only vs. Constant"
578,-0.0643620168408891,"Troughs only vs. Constant"
578.2,-0.198594761239183,"Troughs only vs. Constant"
578.4,-0.298402662920261,"Troughs only vs. Constant"
578.6,-0.35363524561742,"Troughs only vs. Constant"
578.8,-0.364129643021903,"Troughs only vs. Constant"
579,-0.334862807775686,"Troughs only vs. Constant"
579.2,-0.273879178428055,"Troughs only vs. Constant"
579.4,-0.192667599365544,"Troughs only vs. Constant"
579.6,-0.10744980518465,"Troughs only vs. Constant"
579.8,-0.0386576071356914,"Troughs only vs. Constant"
580,0.0334088413365416,"Troughs only vs. Constant"
580.2,0.0726971870600064,"Troughs only vs. Constant"
580.4,0.0608673702802727,"Troughs only vs. Constant"
580.6,-0.0143170270603593,"Troughs only vs. Constant"
580.8,-0.0650497823735745,"Troughs only vs. Constant"
581,-0.055811898463764,"Troughs only vs. Constant"
581.2,-0.00911725519499899,"Troughs only vs. Constant"
581.4,0.0538356789332679,"Troughs only vs. Constant"
581.6,0.118234938772446,"Troughs only vs. Constant"
581.8,0.17517185201451,"Troughs only vs. Constant"
582,0.219309744708077,"Troughs only vs. Constant"
582.2,0.247210107858229,"Troughs only vs. Constant"
582.4,0.259346016683446,"Troughs only vs. Constant"
582.6,0.261808156328853,"Troughs only vs. Constant"
582.8,0.262758190906039,"Troughs only vs. Constant"
583,0.264724356462459,"Troughs only vs. Constant"
583.2,0.259117478816637,"Troughs only vs. Constant"
583.4,0.22885536051923,"Troughs only vs. Constant"
583.6,0.159078928949277,"Troughs only vs. Constant"
583.8,0.0502255120058213,"Troughs only vs. Constant"
584,-0.0776434754337667,"Troughs only vs. Constant"
584.2,-0.195520196193831,"Troughs only vs. Constant"
584.4,-0.280678847540794,"Troughs only vs. Constant"
584.6,-0.323096329047538,"Troughs only vs. Constant"
584.8,-0.322999058516035,"Troughs only vs. Constant"
585,-0.286540386047062,"Troughs only vs. Constant"
585.2,-0.223323699649291,"Troughs only vs. Constant"
585.4,-0.145776722983306,"Troughs only vs. Constant"
585.6,-0.069618450770437,"Troughs only vs. Constant"
585.8,-0.0132282646054231,"Troughs only vs. Constant"
586,0.0468781194494107,"Troughs only vs. Constant"
586.2,0.0754036607112683,"Troughs only vs. Constant"
586.4,0.0160219415030729,"Troughs only vs. Constant"
586.6,-0.0491988808626285,"Troughs only vs. Constant"
586.8,-0.0649138888017398,"Troughs only vs. Constant"
587,-0.040008953292241,"Troughs only vs. Constant"
587.2,0.00743911898506087,"Troughs only vs. Constant"
587.4,0.0624346030991802,"Troughs only vs. Constant"
587.6,0.115321490406627,"Troughs only vs. Constant"
587.8,0.160442588970245,"Troughs only vs. Constant"
588,0.193536259894243,"Troughs only vs. Constant"
588.2,0.212248610311104,"Troughs only vs. Constant"
588.4,0.218947745602727,"Troughs only vs. Constant"
588.6,0.221068770689575,"Troughs only vs. Constant"
588.8,0.226005170332449,"Troughs only vs. Constant"
589,0.233271420826793,"Troughs only vs. Constant"
589.2,0.2311930114297,"Troughs only vs. Constant"
589.4,0.202096491128511,"Troughs only vs. Constant"
589.6,0.133621384777205,"Troughs only vs. Constant"
589.8,0.0297479647186835,"Troughs only vs. Constant"
590,-0.0880676990609769,"Troughs only vs. Constant"
590.2,-0.192490441369103,"Troughs only vs. Constant"
590.4,-0.263783135315626,"Troughs only vs. Constant"
590.6,-0.294477281537569,"Troughs only vs. Constant"
590.8,-0.286474148678224,"Troughs only vs. Constant"
591,-0.246862872837488,"Troughs only vs. Constant"
591.2,-0.185482408762918,"Troughs only vs. Constant"
591.4,-0.114260613221593,"Troughs only vs. Constant"
591.6,-0.0477051406756957,"Troughs only vs. Constant"
591.8,0.0351921251075491,"Troughs only vs. Constant"
592,0.0910669801071353,"Troughs only vs. Constant"
592.2,0.0881089646540364,"Troughs only vs. Constant"
592.4,0.00665612244488035,"Troughs only vs. Constant"
592.6,-0.0586828244355468,"Troughs only vs. Constant"
592.8,-0.0658013405045228,"Troughs only vs. Constant"
593,-0.0357602538703536,"Troughs only vs. Constant"
593.2,0.0105584788504689,"Troughs only vs. Constant"
593.4,0.0596125868329253,"Troughs only vs. Constant"
593.6,0.104368497466217,"Troughs only vs. Constant"
593.8,0.140430295550201,"Troughs only vs. Constant"
594,0.163153207309607,"Troughs only vs. Constant"
594.2,0.170173028730668,"Troughs only vs. Constant"
594.4,0.165766142690394,"Troughs only vs. Constant"
594.6,0.159869068330495,"Troughs only vs. Constant"
594.8,0.160605772494052,"Troughs only vs. Constant"
595,0.166944756029647,"Troughs only vs. Constant"
595.2,0.167584109075597,"Troughs only vs. Constant"
595.4,0.146084586431035,"Troughs only vs. Constant"
595.6,0.0907401343284167,"Troughs only vs. Constant"
595.8,0.00474256393022888,"Troughs only vs. Constant"
596,-0.0926619066720975,"Troughs only vs. Constant"
596.2,-0.176768101858253,"Troughs only vs. Constant"
596.4,-0.229958647113106,"Troughs only vs. Constant"
596.6,-0.246425614170851,"Troughs only vs. Constant"
596.8,-0.229639907344403,"Troughs only vs. Constant"
597,-0.187951136325926,"Troughs only vs. Constant"
597.2,-0.13148106279291,"Troughs only vs. Constant"
597.4,-0.0710643378677917,"Troughs only vs. Constant"
597.6,0.0177337274747141,"Troughs only vs. Constant"
597.8,0.0929710211852876,"Troughs only vs. Constant"
598,0.112656496339527,"Troughs only vs. Constant"
598.2,0.0381323423257063,"Troughs only vs. Constant"
598.4,-0.0397138801252318,"Troughs only vs. Constant"
598.6,-0.0659725235725877,"Troughs only vs. Constant"
598.8,-0.0533385258161023,"Troughs only vs. Constant"
599,-0.0202645053481465,"Troughs only vs. Constant"
599.2,0.0188696020528296,"Troughs only vs. Constant"
599.4,0.0561657568257826,"Troughs only vs. Constant"
599.6,0.088005802010901,"Troughs only vs. Constant"
599.8,0.110201069798997,"Troughs only vs. Constant"
600,0.118264730966256,"Troughs only vs. Constant"
600.2,0.112848922781659,"Troughs only vs. Constant"
600.4,0.102251935516637,"Troughs only vs. Constant"
600.6,0.0972720707997793,"Troughs only vs. Constant"
600.8,0.10293692331176,"Troughs only vs. Constant"
601,0.114617191446882,"Troughs only vs. Constant"
601.2,0.119843614145463,"Troughs only vs. Constant"
601.4,0.103957989977108,"Troughs only vs. Constant"
601.6,0.0587469074857979,"Troughs only vs. Constant"
601.8,-0.0103576915065714,"Troughs only vs. Constant"
602,-0.0853464768775261,"Troughs only vs. Constant"
602.2,-0.145585254884593,"Troughs only vs. Constant"
602.4,-0.178170545139062,"Troughs only vs. Constant"
602.6,-0.181009508506391,"Troughs only vs. Constant"
602.8,-0.159519712988383,"Troughs only vs. Constant"
603,-0.12200565621487,"Troughs only vs. Constant"
603.2,-0.0769122130115524,"Troughs only vs. Constant"
603.4,-0.0325253911547135,"Troughs only vs. Constant"
603.6,0.0396123012101245,"Troughs only vs. Constant"
603.8,0.0978615568799019,"Troughs only vs. Constant"
604,0.061589281562498,"Troughs only vs. Constant"
604.2,-0.00639752404905117,"Troughs only vs. Constant"
604.4,-0.0444020094241183,"Troughs only vs. Constant"
604.6,-0.0494146164150455,"Troughs only vs. Constant"
604.8,-0.0320950406997436,"Troughs only vs. Constant"
605,-0.00515897424291007,"Troughs only vs. Constant"
605.2,0.0220913005315062,"Troughs only vs. Constant"
605.4,0.0460566505917333,"Troughs only vs. Constant"
605.6,0.065135727176864,"Troughs only vs. Constant"
605.8,0.0763159565022341,"Troughs only vs. Constant"
606,0.0771815678413362,"Troughs only vs. Constant"
606.2,0.0702331744509777,"Troughs only vs. Constant"
606.4,0.0631479261166308,"Troughs only vs. Constant"
606.6,0.0631921473446999,"Troughs only vs. Constant"
606.8,0.0714973447156292,"Troughs only vs. Constant"
607,0.0821318960695162,"Troughs only vs. Constant"
607.2,0.0848222501487826,"Troughs only vs. Constant"
607.4,0.0696800888080799,"Troughs only vs. Constant"
607.6,0.0330427407072053,"Troughs only vs. Constant"
607.8,-0.0187265919046923,"Troughs only vs. Constant"
608,-0.0713925126951866,"Troughs only vs. Constant"
608.2,-0.110484684251103,"Troughs only vs. Constant"
608.4,-0.128250931201089,"Troughs only vs. Constant"
608.6,-0.124926629252509,"Troughs only vs. Constant"
608.8,-0.105596727481874,"Troughs only vs. Constant"
609,-0.0766847699857195,"Troughs only vs. Constant"
609.2,-0.0442868155091446,"Troughs only vs. Constant"
609.4,0.0225350902649121,"Troughs only vs. Constant"
609.6,0.0873295782848321,"Troughs only vs. Constant"
609.8,0.111409465324279,"Troughs only vs. Constant"
610,0.0493623441542809,"Troughs only vs. Constant"
610.2,-0.0191752128281581,"Troughs only vs. Constant"
610.4,-0.0455862993889299,"Troughs only vs. Constant"
610.6,-0.042490079085207,"Troughs only vs. Constant"
610.8,-0.02470723366641,"Troughs only vs. Constant"
611,-0.00350013924522886,"Troughs only vs. Constant"
611.2,0.0150947634125005,"Troughs only vs. Constant"
611.4,0.0294548901702575,"Troughs only vs. Constant"
611.6,0.0377816693640542,"Troughs only vs. Constant"
611.8,0.037070373132536,"Troughs only vs. Constant"
612,0.0270198453769551,"Troughs only vs. Constant"
612.2,0.0128050247494497,"Troughs only vs. Constant"
612.4,0.00251775411119814,"Troughs only vs. Constant"
612.6,0.0017988786577504,"Troughs only vs. Constant"
612.8,0.0107991539213277,"Troughs only vs. Constant"
613,0.0243078348806721,"Troughs only vs. Constant"
613.2,0.0338837751798331,"Troughs only vs. Constant"
613.4,0.0318380089190573,"Troughs only vs. Constant"
613.6,0.0157069558971946,"Troughs only vs. Constant"
613.8,-0.00952181811865449,"Troughs only vs. Constant"
614,-0.0339465620805546,"Troughs only vs. Constant"
614.2,-0.0489978671015369,"Troughs only vs. Constant"
614.4,-0.052000133431085,"Troughs only vs. Constant"
614.6,-0.0454652496376007,"Troughs only vs. Constant"
614.8,-0.0334989385220516,"Troughs only vs. Constant"
615,-0.0193713282664346,"Troughs only vs. Constant"
615.2,-0.00542381000422551,"Troughs only vs. Constant"
615.4,0.0438003496709392,"Troughs only vs. Constant"
615.6,0.0919123846073436,"Troughs only vs. Constant"
615.8,0.0611597865670595,"Troughs only vs. Constant"
616,0.0069187968656921,"Troughs only vs. Constant"
616.2,-0.0210155850309838,"Troughs only vs. Constant"
616.4,-0.0266015328107102,"Troughs only vs. Constant"
616.6,-0.0200492038548189,"Troughs only vs. Constant"
616.8,-0.0094847815429913,"Troughs only vs. Constant"
617,-0.000345677573011125,"Troughs only vs. Constant"
617.2,0.00549727236104825,"Troughs only vs. Constant"
617.4,0.00800195428643256,"Troughs only vs. Constant"
617.6,0.00630267264763527,"Troughs only vs. Constant"
617.8,-0.000806240013309229,"Troughs only vs. Constant"
618,-0.0120989012834856,"Troughs only vs. Constant"
618.2,-0.023132968578322,"Troughs only vs. Constant"
618.4,-0.029141888981713,"Troughs only vs. Constant"
618.6,-0.0280133952017719,"Troughs only vs. Constant"
618.8,-0.0206969587740059,"Troughs only vs. Constant"
619,-0.0103760358976065,"Troughs only vs. Constant"
619.2,-0.00108441216919166,"Troughs only vs. Constant"
619.4,0.00423193915355564,"Troughs only vs. Constant"
619.6,0.00530930603765439,"Troughs only vs. Constant"
619.8,0.00461945992688789,"Troughs only vs. Constant"
620,0.00530082801013299,"Troughs only vs. Constant"
620.2,0.0084346662039288,"Troughs only vs. Constant"
620.4,0.0124779548604651,"Troughs only vs. Constant"
620.6,0.0152397325807786,"Troughs only vs. Constant"
620.8,0.0158040106121394,"Troughs only vs. Constant"
621,0.0146277988159637,"Troughs only vs. Constant"
621.2,0.050419516599084,"Troughs only vs. Constant"
621.4,0.0905981925386851,"Troughs only vs. Constant"
621.6,0.10391474648054,"Troughs only vs. Constant"
621.8,0.0483008380214498,"Troughs only vs. Constant"
622,-0.0053570664355234,"Troughs only vs. Constant"
622.2,-0.0211400593317687,"Troughs only vs. Constant"
622.4,-0.0186283562580245,"Troughs only vs. Constant"
622.6,-0.0120448799904966,"Troughs only vs. Constant"
622.8,-0.00753939939392136,"Troughs only vs. Constant"
623,-0.0069584798366308,"Troughs only vs. Constant"
623.2,-0.0102717107846081,"Troughs only vs. Constant"
623.4,-0.0177341746996032,"Troughs only vs. Constant"
623.6,-0.0301823500255462,"Troughs only vs. Constant"
623.8,-0.0469632089980404,"Troughs only vs. Constant"
624,-0.0645612590738314,"Troughs only vs. Constant"
624.2,-0.0782271875130067,"Troughs only vs. Constant"
624.4,-0.0846304926882657,"Troughs only vs. Constant"
624.6,-0.082586034835416,"Troughs only vs. Constant"
624.8,-0.0726608085271385,"Troughs only vs. Constant"
625,-0.0566321829251202,"Troughs only vs. Constant"
625.2,-0.036324672359408,"Troughs only vs. Constant"
625.4,-0.0125395118727658,"Troughs only vs. Constant"
625.6,0.0148223532286684,"Troughs only vs. Constant"
625.8,0.0449780928010877,"Troughs only vs. Constant"
626,0.0739434081893995,"Troughs only vs. Constant"
626.2,0.0947858607074538,"Troughs only vs. Constant"
626.4,0.101701076866201,"Troughs only vs. Constant"
626.6,0.0939945964508789,"Troughs only vs. Constant"
626.8,0.0759100962369665,"Troughs only vs. Constant"
627,0.0926785210010687,"Troughs only vs. Constant"
627.2,0.114136031943336,"Troughs only vs. Constant"
627.4,0.113733924100169,"Troughs only vs. Constant"
627.6,0.0516232059693794,"Troughs only vs. Constant"
627.8,-0.00303845683645442,"Troughs only vs. Constant"
628,-0.0145614923467769,"Troughs only vs. Constant"
628.2,-0.00683393298679453,"Troughs only vs. Constant"
628.4,0.000443083737903069,"Troughs only vs. Constant"
628.6,2.41211878158029e-05,"Troughs only vs. Constant"
628.8,-0.0073749777988972,"Troughs only vs. Constant"
629,-0.0193600434278461,"Troughs only vs. Constant"
629.2,-0.0354215865194677,"Troughs only vs. Constant"
629.4,-0.055820010596581,"Troughs only vs. Constant"
629.6,-0.0789571360008339,"Troughs only vs. Constant"
629.8,-0.100802355503292,"Troughs only vs. Constant"
630,-0.117126166354209,"Troughs only vs. Constant"
630.2,-0.126090556556007,"Troughs only vs. Constant"
630.4,-0.128016118211454,"Troughs only vs. Constant"
630.6,-0.123342189454601,"Troughs only vs. Constant"
630.8,-0.111567227960678,"Troughs only vs. Constant"
631,-0.0910729061654097,"Troughs only vs. Constant"
631.2,-0.0592564789013869,"Troughs only vs. Constant"
631.4,-0.0135398511160353,"Troughs only vs. Constant"
631.6,0.045799524169313,"Troughs only vs. Constant"
631.8,0.111532199070464,"Troughs only vs. Constant"
632,0.168483645922416,"Troughs only vs. Constant"
632.2,0.200300078293777,"Troughs only vs. Constant"
632.4,0.19967390147506,"Troughs only vs. Constant"
632.6,0.171674024352535,"Troughs only vs. Constant"
632.8,0.128237898743988,"Troughs only vs. Constant"
633,0.121791953893395,"Troughs only vs. Constant"
633.2,0.121993041511566,"Troughs only vs. Constant"
633.4,0.0624877574024135,"Troughs only vs. Constant"
633.6,0.00433480237047548,"Troughs only vs. Constant"
633.8,-0.00988306136322127,"Troughs only vs. Constant"
634,0.00270268923575806,"Troughs only vs. Constant"
634.2,0.0172180331184862,"Troughs only vs. Constant"
634.4,0.018803820432458,"Troughs only vs. Constant"
634.6,0.00618640345110563,"Troughs only vs. Constant"
634.8,-0.0145042417677723,"Troughs only vs. Constant"
635,-0.0384438949730605,"Troughs only vs. Constant"
635.2,-0.0642383615972851,"Troughs only vs. Constant"
635.4,-0.0907666933272758,"Troughs only vs. Constant"
635.6,-0.115148337922954,"Troughs only vs. Constant"
635.8,-0.133902413883405,"Troughs only vs. Constant"
636,-0.145708259765547,"Troughs only vs. Constant"
636.2,-0.152106883887719,"Troughs only vs. Constant"
636.4,-0.154815395708905,"Troughs only vs. Constant"
636.6,-0.152979392494268,"Troughs only vs. Constant"
636.8,-0.142746111582692,"Troughs only vs. Constant"
637,-0.118351522891362,"Troughs only vs. Constant"
637.2,-0.0737493758760087,"Troughs only vs. Constant"
637.4,-0.00534511711528462,"Troughs only vs. Constant"
637.6,0.0832327005977998,"Troughs only vs. Constant"
637.8,0.176529905053807,"Troughs only vs. Constant"
638,0.249791478491154,"Troughs only vs. Constant"
638.2,0.281845996290362,"Troughs only vs. Constant"
638.4,0.267884297660957,"Troughs only vs. Constant"
638.6,0.219515885007483,"Troughs only vs. Constant"
638.8,0.198009433080587,"Troughs only vs. Constant"
639,0.177190600345901,"Troughs only vs. Constant"
639.2,0.137618069943966,"Troughs only vs. Constant"
639.4,0.0499046844711208,"Troughs only vs. Constant"
639.6,-0.00996220792369329,"Troughs only vs. Constant"
639.8,-0.0121509605795723,"Troughs only vs. Constant"
640,0.0101844128722698,"Troughs only vs. Constant"
640.2,0.0264545927095413,"Troughs only vs. Constant"
640.4,0.0226569721131572,"Troughs only vs. Constant"
640.6,0.00143677901096774,"Troughs only vs. Constant"
640.8,-0.0283869945328144,"Troughs only vs. Constant"
641,-0.0618872445014378,"Troughs only vs. Constant"
641.2,-0.0976800863363209,"Troughs only vs. Constant"
641.4,-0.132978312932972,"Troughs only vs. Constant"
641.6,-0.162881308949258,"Troughs only vs. Constant"
641.8,-0.183678316893596,"Troughs only vs. Constant"
642,-0.19538534801516,"Troughs only vs. Constant"
642.2,-0.200506374823564,"Troughs only vs. Constant"
642.4,-0.200671698038531,"Troughs only vs. Constant"
642.6,-0.194221302518863,"Troughs only vs. Constant"
642.8,-0.17574340248887,"Troughs only vs. Constant"
643,-0.137232307457639,"Troughs only vs. Constant"
643.2,-0.0703848774302164,"Troughs only vs. Constant"
643.4,0.0289445734853698,"Troughs only vs. Constant"
643.6,0.153128815860321,"Troughs only vs. Constant"
643.8,0.276814296036803,"Troughs only vs. Constant"
644,0.363890293029961,"Troughs only vs. Constant"
644.2,0.388700708960626,"Troughs only vs. Constant"
644.4,0.351776430300604,"Troughs only vs. Constant"
644.6,0.274538601539199,"Troughs only vs. Constant"
644.8,0.227698098705184,"Troughs only vs. Constant"
645,0.185515467124599,"Troughs only vs. Constant"
645.2,0.0875672378682148,"Troughs only vs. Constant"
645.4,0.00710380182036965,"Troughs only vs. Constant"
645.6,-0.0128913627739069,"Troughs only vs. Constant"
645.8,0.00667325331932373,"Troughs only vs. Constant"
646,0.0339755988867903,"Troughs only vs. Constant"
646.2,0.0436428011225239,"Troughs only vs. Constant"
646.4,0.0276424939552691,"Troughs only vs. Constant"
646.6,-0.00625217735910013,"Troughs only vs. Constant"
646.8,-0.0471304188161455,"Troughs only vs. Constant"
647,-0.0892361494238371,"Troughs only vs. Constant"
647.2,-0.129979286533529,"Troughs only vs. Constant"
647.4,-0.165777053809076,"Troughs only vs. Constant"
647.6,-0.192658121656295,"Troughs only vs. Constant"
647.8,-0.209634860646066,"Troughs only vs. Constant"
648,-0.219473763619026,"Troughs only vs. Constant"
648.2,-0.225562826233371,"Troughs only vs. Constant"
648.4,-0.228125698714249,"Troughs only vs. Constant"
648.6,-0.222489373610267,"Troughs only vs. Constant"
648.8,-0.199823586665267,"Troughs only vs. Constant"
649,-0.149353410002346,"Troughs only vs. Constant"
649.2,-0.0616179582849737,"Troughs only vs. Constant"
649.4,0.0655558481361381,"Troughs only vs. Constant"
649.6,0.218004034162955,"Troughs only vs. Constant"
649.8,0.360719346024636,"Troughs only vs. Constant"
650,0.450459326474925,"Troughs only vs. Constant"
650.2,0.462016301548657,"Troughs only vs. Constant"
650.4,0.402740422647353,"Troughs only vs. Constant"
650.6,0.350732100602495,"Troughs only vs. Constant"
650.8,0.286937477287746,"Troughs only vs. Constant"
651,0.201555784146493,"Troughs only vs. Constant"
651.2,0.0757536082501921,"Troughs only vs. Constant"
651.4,-0.0051536587939596,"Troughs only vs. Constant"
651.6,-0.0137263791555898,"Troughs only vs. Constant"
651.8,0.0142042400434733,"Troughs only vs. Constant"
652,0.0423736003613591,"Troughs only vs. Constant"
652.2,0.0465237128217858,"Troughs only vs. Constant"
652.4,0.0222493002355356,"Troughs only vs. Constant"
652.6,-0.0202986068847711,"Troughs only vs. Constant"
652.8,-0.0700742773054259,"Troughs only vs. Constant"
653,-0.121151424064675,"Troughs only vs. Constant"
653.2,-0.169395285932376,"Troughs only vs. Constant"
653.4,-0.209634733212487,"Troughs only vs. Constant"
653.6,-0.23799539038976,"Troughs only vs. Constant"
653.8,-0.254721491520572,"Troughs only vs. Constant"
654,-0.263211928150114,"Troughs only vs. Constant"
654.2,-0.266591120318522,"Troughs only vs. Constant"
654.4,-0.264354121515577,"Troughs only vs. Constant"
654.6,-0.250615084358658,"Troughs only vs. Constant"
654.8,-0.214802203513943,"Troughs only vs. Constant"
655,-0.144151597492137,"Troughs only vs. Constant"
655.2,-0.028112728437786,"Troughs only vs. Constant"
655.4,0.133117818001915,"Troughs only vs. Constant"
655.6,0.317139501972552,"Troughs only vs. Constant"
655.8,0.477032875772313,"Troughs only vs. Constant"
656,0.562112539780566,"Troughs only vs. Constant"
656.2,0.55042353561075,"Troughs only vs. Constant"
656.4,0.514441568466084,"Troughs only vs. Constant"
656.6,0.437164816724893,"Troughs only vs. Constant"
656.8,0.318324629485244,"Troughs only vs. Constant"
657,0.147441017561641,"Troughs only vs. Constant"
657.2,0.0244245641333469,"Troughs only vs. Constant"
657.4,-0.0141920161222693,"Troughs only vs. Constant"
657.6,6.17163166505698e-05,"Troughs only vs. Constant"
657.8,0.033142991165464,"Troughs only vs. Constant"
658,0.0549034858455458,"Troughs only vs. Constant"
658.2,0.0473463897598891,"Troughs only vs. Constant"
658.4,0.0107367219238967,"Troughs only vs. Constant"
658.6,-0.0437636867445348,"Troughs only vs. Constant"
658.8,-0.10481718491948,"Troughs only vs. Constant"
659,-0.164275242037339,"Troughs only vs. Constant"
659.2,-0.215526808948872,"Troughs only vs. Constant"
659.4,-0.253547255686028,"Troughs only vs. Constant"
659.6,-0.277293351729409,"Troughs only vs. Constant"
659.8,-0.289887395494921,"Troughs only vs. Constant"
660,-0.295785758883399,"Troughs only vs. Constant"
660.2,-0.297200756568871,"Troughs only vs. Constant"
660.4,-0.291214667824387,"Troughs only vs. Constant"
660.6,-0.268926991620706,"Troughs only vs. Constant"
660.8,-0.216946276022401,"Troughs only vs. Constant"
661,-0.12064716192687,"Troughs only vs. Constant"
661.2,0.0296328162529658,"Troughs only vs. Constant"
661.4,0.22739293722538,"Troughs only vs. Constant"
661.6,0.43834072777006,"Troughs only vs. Constant"
661.8,0.604080970001181,"Troughs only vs. Constant"
662,0.671536418508864,"Troughs only vs. Constant"
662.2,0.627246076508422,"Troughs only vs. Constant"
662.4,0.558230700572016,"Troughs only vs. Constant"
662.6,0.451532395508287,"Troughs only vs. Constant"
662.8,0.261406493322731,"Troughs only vs. Constant"
663,0.0985052943251798,"Troughs only vs. Constant"
663.2,0.0188837649860118,"Troughs only vs. Constant"
663.4,0.00340899440729883,"Troughs only vs. Constant"
663.6,0.0237029205163968,"Troughs only vs. Constant"
663.8,0.0512661106036335,"Troughs only vs. Constant"
664,0.0610673594233846,"Troughs only vs. Constant"
664.2,0.0403326109090504,"Troughs only vs. Constant"
664.4,-0.00779617782377439,"Troughs only vs. Constant"
664.6,-0.0709877942038003,"Troughs only vs. Constant"
664.8,-0.136687237829795,"Troughs only vs. Constant"
665,-0.196044880117751,"Troughs only vs. Constant"
665.2,-0.243576725490887,"Troughs only vs. Constant"
665.4,-0.277149498831366,"Troughs only vs. Constant"
665.6,-0.298469760060555,"Troughs only vs. Constant"
665.8,-0.311490046136257,"Troughs only vs. Constant"
666,-0.319375137733032,"Troughs only vs. Constant"
666.2,-0.321633630111089,"Troughs only vs. Constant"
666.4,-0.312384141772598,"Troughs only vs. Constant"
666.6,-0.280511966830573,"Troughs only vs. Constant"
666.8,-0.211603709100645,"Troughs only vs. Constant"
667,-0.0916624957657735,"Troughs only vs. Constant"
667.2,0.0856275265578357,"Troughs only vs. Constant"
667.4,0.306983156568537,"Troughs only vs. Constant"
667.6,0.529741754856857,"Troughs only vs. Constant"
667.8,0.690353961025227,"Troughs only vs. Constant"
668,0.737770316838795,"Troughs only vs. Constant"
668.2,0.728957961268486,"Troughs only vs. Constant"
668.4,0.638492339065854,"Troughs only vs. Constant"
668.6,0.475893745538215,"Troughs only vs. Constant"
668.8,0.250157818493389,"Troughs only vs. Constant"
669,0.0855921019666099,"Troughs only vs. Constant"
669.2,0.0181598462761468,"Troughs only vs. Constant"
669.4,0.0113027161311948,"Troughs only vs. Constant"
669.6,0.0324149790337253,"Troughs only vs. Constant"
669.8,0.0543284342237072,"Troughs only vs. Constant"
670,0.055619191428113,"Troughs only vs. Constant"
670.2,0.0260940662694315,"Troughs only vs. Constant"
670.4,-0.0309188339127123,"Troughs only vs. Constant"
670.6,-0.102892896819846,"Troughs only vs. Constant"
670.8,-0.175532019625586,"Troughs only vs. Constant"
671,-0.238351846324775,"Troughs only vs. Constant"
671.2,-0.286209561787189,"Troughs only vs. Constant"
671.4,-0.318593263957109,"Troughs only vs. Constant"
671.6,-0.338144045790676,"Troughs only vs. Constant"
671.8,-0.348593298459187,"Troughs only vs. Constant"
672,-0.352266004219842,"Troughs only vs. Constant"
672.2,-0.347469766316525,"Troughs only vs. Constant"
672.4,-0.326933445891193,"Troughs only vs. Constant"
672.6,-0.278118135385015,"Troughs only vs. Constant"
672.8,-0.185502322000565,"Troughs only vs. Constant"
673,-0.0355819133395648,"Troughs only vs. Constant"
673.2,0.173663889265816,"Troughs only vs. Constant"
673.4,0.419929698742528,"Troughs only vs. Constant"
673.6,0.650264372395938,"Troughs only vs. Constant"
673.8,0.796687698360348,"Troughs only vs. Constant"
674,0.881318312812311,"Troughs only vs. Constant"
674.2,0.845394212333798,"Troughs only vs. Constant"
674.4,0.684077939906531,"Troughs only vs. Constant"
674.6,0.412795977238199,"Troughs only vs. Constant"
674.8,0.190761469567441,"Troughs only vs. Constant"
675,0.0756153503842055,"Troughs only vs. Constant"
675.2,0.0332775306784124,"Troughs only vs. Constant"
675.4,0.0316895148963819,"Troughs only vs. Constant"
675.6,0.0461486377875525,"Troughs only vs. Constant"
675.8,0.0558498520134506,"Troughs only vs. Constant"
676,0.0440515507064447,"Troughs only vs. Constant"
676.2,0.00187651467024238,"Troughs only vs. Constant"
676.4,-0.0668033698248846,"Troughs only vs. Constant"
676.6,-0.146961894171015,"Troughs only vs. Constant"
676.8,-0.221830973745203,"Troughs only vs. Constant"
677,-0.28142676246623,"Troughs only vs. Constant"
677.2,-0.32383149449562,"Troughs only vs. Constant"
677.4,-0.351617050172676,"Troughs only vs. Constant"
677.6,-0.36844854506933,"Troughs only vs. Constant"
677.8,-0.377093498152037,"Troughs only vs. Constant"
678,-0.377557221574496,"Troughs only vs. Constant"
678.2,-0.365380313639182,"Troughs only vs. Constant"
678.4,-0.33094435318624,"Troughs only vs. Constant"
678.6,-0.260334768251589,"Troughs only vs. Constant"
678.8,-0.138403192496384,"Troughs only vs. Constant"
679,0.0447651826147583,"Troughs only vs. Constant"
679.2,0.283356387703446,"Troughs only vs. Constant"
679.4,0.544826549477964,"Troughs only vs. Constant"
679.6,0.768964586105681,"Troughs only vs. Constant"
679.8,0.888869730653341,"Troughs only vs. Constant"
680,0.939095572654881,"Troughs only vs. Constant"
680.2,0.867197988023988,"Troughs only vs. Constant"
680.4,0.613587465977148,"Troughs only vs. Constant"
680.6,0.352802767519098,"Troughs only vs. Constant"
680.8,0.184632904753987,"Troughs only vs. Constant"
681,0.0963672351644336,"Troughs only vs. Constant"
681.2,0.0601375568710881,"Troughs only vs. Constant"
681.4,0.052204674769313,"Troughs only vs. Constant"
681.6,0.0537512590198631,"Troughs only vs. Constant"
681.8,0.0491208473939908,"Troughs only vs. Constant"
682,0.0246276867354442,"Troughs only vs. Constant"
682.2,-0.0270328317153377,"Troughs only vs. Constant"
682.4,-0.100455130179427,"Troughs only vs. Constant"
682.6,-0.179990722135522,"Troughs only vs. Constant"
682.8,-0.250401953962739,"Troughs only vs. Constant"
683,-0.304889337336828,"Troughs only vs. Constant"
683.2,-0.344341228474477,"Troughs only vs. Constant"
683.4,-0.372109385186713,"Troughs only vs. Constant"
683.6,-0.390603744871075,"Troughs only vs. Constant"
683.8,-0.400086500924023,"Troughs only vs. Constant"
684,-0.397803704894416,"Troughs only vs. Constant"
684.2,-0.37723420977195,"Troughs only vs. Constant"
684.4,-0.327976034210956,"Troughs only vs. Constant"
684.6,-0.236875799268343,"Troughs only vs. Constant"
684.8,-0.0913734303042071,"Troughs only vs. Constant"
685,0.113784069317066,"Troughs only vs. Constant"
685.2,0.366629069838863,"Troughs only vs. Constant"
685.4,0.629108993056391,"Troughs only vs. Constant"
685.6,0.839249902635542,"Troughs only vs. Constant"
685.8,1.00647659986905,"Troughs only vs. Constant"
686,1.03888971653905,"Troughs only vs. Constant"
686.2,0.899383828133286,"Troughs only vs. Constant"
686.4,0.600040905133265,"Troughs only vs. Constant"
686.6,0.337737914907926,"Troughs only vs. Constant"
686.8,0.185472319475573,"Troughs only vs. Constant"
687,0.107517999739019,"Troughs only vs. Constant"
687.2,0.071873398762161,"Troughs only vs. Constant"
687.4,0.0573010914505187,"Troughs only vs. Constant"
687.6,0.0491426663492324,"Troughs only vs. Constant"
687.8,0.0345196620075043,"Troughs only vs. Constant"
688,0.000119480071458647,"Troughs only vs. Constant"
688.2,-0.0609470505409771,"Troughs only vs. Constant"
688.4,-0.141201585542141,"Troughs only vs. Constant"
688.6,-0.223313349979913,"Troughs only vs. Constant"
688.8,-0.292793441982259,"Troughs only vs. Constant"
689,-0.344875749783444,"Troughs only vs. Constant"
689.2,-0.38163458756198,"Troughs only vs. Constant"
689.4,-0.406393137328713,"Troughs only vs. Constant"
689.6,-0.42085541166129,"Troughs only vs. Constant"
689.8,-0.424106968925054,"Troughs only vs. Constant"
690,-0.411959391682999,"Troughs only vs. Constant"
690.2,-0.376550329669054,"Troughs only vs. Constant"
690.4,-0.306707109278466,"Troughs only vs. Constant"
690.6,-0.189915235121503,"Troughs only vs. Constant"
690.8,-0.0167940882579498,"Troughs only vs. Constant"
691,0.211702733685604,"Troughs only vs. Constant"
691.2,0.475869168603147,"Troughs only vs. Constant"
691.4,0.732065163462442,"Troughs only vs. Constant"
691.6,0.91879392743796,"Troughs only vs. Constant"
691.8,1.05557852644777,"Troughs only vs. Constant"
692,1.05590145719761,"Troughs only vs. Constant"
692.2,0.820086987771149,"Troughs only vs. Constant"
692.4,0.538944278200825,"Troughs only vs. Constant"
692.6,0.338075360290681,"Troughs only vs. Constant"
692.8,0.212348114004078,"Troughs only vs. Constant"
693,0.137134064934034,"Troughs only vs. Constant"
693.2,0.0920824706974495,"Troughs only vs. Constant"
693.4,0.0633830291577757,"Troughs only vs. Constant"
693.6,0.0411180927241609,"Troughs only vs. Constant"
693.8,0.0143604415371905,"Troughs only vs. Constant"
694,-0.0289777848930004,"Troughs only vs. Constant"
694.2,-0.0941003662722503,"Troughs only vs. Constant"
694.4,-0.172971225101755,"Troughs only vs. Constant"
694.6,-0.250189743424757,"Troughs only vs. Constant"
694.8,-0.314657318967555,"Troughs only vs. Constant"
695,-0.364081126278673,"Troughs only vs. Constant"
695.2,-0.40087222555357,"Troughs only vs. Constant"
695.4,-0.426927501738364,"Troughs only vs. Constant"
695.6,-0.441593117582433,"Troughs only vs. Constant"
695.8,-0.441576081390255,"Troughs only vs. Constant"
696,-0.4210211220085,"Troughs only vs. Constant"
696.2,-0.371567595415715,"Troughs only vs. Constant"
696.4,-0.28306656212007,"Troughs only vs. Constant"
696.6,-0.145792541823108,"Troughs only vs. Constant"
696.8,0.045282079861042,"Troughs only vs. Constant"
697,0.284232979884662,"Troughs only vs. Constant"
697.2,0.547376635532971,"Troughs only vs. Constant"
697.4,0.789954857100797,"Troughs only vs. Constant"
697.6,1.02690842232943,"Troughs only vs. Constant"
697.8,1.15133685592659,"Troughs only vs. Constant"
698,1.08450200036878,"Troughs only vs. Constant"
698.2,0.803834444640618,"Troughs only vs. Constant"
698.4,0.525000151689356,"Troughs only vs. Constant"
698.6,0.342284487872952,"Troughs only vs. Constant"
698.8,0.226344533795813,"Troughs only vs. Constant"
699,0.149979438202008,"Troughs only vs. Constant"
699.2,0.0969889298564913,"Troughs only vs. Constant"
699.4,0.0582242805548638,"Troughs only vs. Constant"
699.6,0.0260365715064689,"Troughs only vs. Constant"
699.8,-0.010492849837515,"Troughs only vs. Constant"
700,-0.0630030961682449,"Troughs only vs. Constant"
700.2,-0.134562512906308,"Troughs only vs. Constant"
700.4,-0.215458463161265,"Troughs only vs. Constant"
700.6,-0.291188540763283,"Troughs only vs. Constant"
700.8,-0.352786175152178,"Troughs only vs. Constant"
701,-0.399039451818577,"Troughs only vs. Constant"
701.2,-0.43228150286017,"Troughs only vs. Constant"
701.4,-0.453823605558081,"Troughs only vs. Constant"
701.6,-0.462046127999845,"Troughs only vs. Constant"
701.8,-0.452426260039374,"Troughs only vs. Constant"
702,-0.417916016576322,"Troughs only vs. Constant"
702.2,-0.34956218104002,"Troughs only vs. Constant"
702.4,-0.238184852609316,"Troughs only vs. Constant"
702.6,-0.0774892929504199,"Troughs only vs. Constant"
702.8,0.131885547137667,"Troughs only vs. Constant"
703,0.377974655809404,"Troughs only vs. Constant"
703.2,0.633408199316035,"Troughs only vs. Constant"
703.4,0.923474518243003,"Troughs only vs. Constant"
703.6,1.1485688456021,"Troughs only vs. Constant"
703.8,1.19944770239831,"Troughs only vs. Constant"
704,0.990523409261677,"Troughs only vs. Constant"
704.2,0.720515256733766,"Troughs only vs. Constant"
704.4,0.515995793988697,"Troughs only vs. Constant"
704.6,0.366812303021058,"Troughs only vs. Constant"
704.8,0.254469655047807,"Troughs only vs. Constant"
705,0.167450891363787,"Troughs only vs. Constant"
705.2,0.0996116294099781,"Troughs only vs. Constant"
705.4,0.0465715749940795,"Troughs only vs. Constant"
705.6,0.000966545946647533,"Troughs only vs. Constant"
705.8,-0.048005621863931,"Troughs only vs. Constant"
706,-0.109085311909209,"Troughs only vs. Constant"
706.2,-0.182134915045385,"Troughs only vs. Constant"
706.4,-0.258104209703817,"Troughs only vs. Constant"
706.6,-0.326655190776756,"Troughs only vs. Constant"
706.8,-0.382365453691439,"Troughs only vs. Constant"
707,-0.424921217344849,"Troughs only vs. Constant"
707.2,-0.455599362115379,"Troughs only vs. Constant"
707.4,-0.473671595210441,"Troughs only vs. Constant"
707.6,-0.475292672194387,"Troughs only vs. Constant"
707.8,-0.454092709839369,"Troughs only vs. Constant"
708,-0.402047132691599,"Troughs only vs. Constant"
708.2,-0.310948018333609,"Troughs only vs. Constant"
708.4,-0.175005636014387,"Troughs only vs. Constant"
708.6,0.00628274214703968,"Troughs only vs. Constant"
708.8,0.226092697353827,"Troughs only vs. Constant"
709,0.468397862594322,"Troughs only vs. Constant"
709.2,0.705421079317367,"Troughs only vs. Constant"
709.4,0.968584438544452,"Troughs only vs. Constant"
709.6,1.16060936448047,"Troughs only vs. Constant"
709.8,1.09900978969901,"Troughs only vs. Constant"
710,0.904621509464324,"Troughs only vs. Constant"
710.2,0.714178695253734,"Troughs only vs. Constant"
710.4,0.54863775011919,"Troughs only vs. Constant"
710.6,0.405439838195625,"Troughs only vs. Constant"
710.8,0.281901761572192,"Troughs only vs. Constant"
711,0.177824470507037,"Troughs only vs. Constant"
711.2,0.0937945153866605,"Troughs only vs. Constant"
711.4,0.0274444752946332,"Troughs only vs. Constant"
711.6,-0.0281862605728381,"Troughs only vs. Constant"
711.8,-0.0825529205594806,"Troughs only vs. Constant"
712,-0.143103741581383,"Troughs only vs. Constant"
712.2,-0.21085577405396,"Troughs only vs. Constant"
712.4,-0.280534098875121,"Troughs only vs. Constant"
712.6,-0.345195862471176,"Troughs only vs. Constant"
712.8,-0.40010173859785,"Troughs only vs. Constant"
713,-0.443413608124151,"Troughs only vs. Constant"
713.2,-0.474058619737046,"Troughs only vs. Constant"
713.4,-0.489173310822869,"Troughs only vs. Constant"
713.6,-0.483521568091922,"Troughs only vs. Constant"
713.8,-0.450265982647953,"Troughs only vs. Constant"
714,-0.382103959915229,"Troughs only vs. Constant"
714.2,-0.273166671805665,"Troughs only vs. Constant"
714.4,-0.121564371310685,"Troughs only vs. Constant"
714.6,0.0688708561760142,"Troughs only vs. Constant"
714.8,0.288174586809393,"Troughs only vs. Constant"
715,0.519411965186694,"Troughs only vs. Constant"
715.2,0.801513420412071,"Troughs only vs. Constant"
715.4,1.05787380868716,"Troughs only vs. Constant"
715.6,1.18641809596588,"Troughs only vs. Constant"
715.8,1.07439685788421,"Troughs only vs. Constant"
716,0.881419563898141,"Troughs only vs. Constant"
716.2,0.716344604073894,"Troughs only vs. Constant"
716.4,0.566683385744661,"Troughs only vs. Constant"
716.6,0.42377388910595,"Troughs only vs. Constant"
716.8,0.290909818784772,"Troughs only vs. Constant"
717,0.175108761920442,"Troughs only vs. Constant"
717.2,0.0802120400022619,"Troughs only vs. Constant"
717.4,0.0034999520021257,"Troughs only vs. Constant"
717.6,-0.0621922989059418,"Troughs only vs. Constant"
717.8,-0.124392609445962,"Troughs only vs. Constant"
718,-0.188212691063828,"Troughs only vs. Constant"
718.2,-0.254675206261216,"Troughs only vs. Constant"
718.4,-0.320649279490921,"Troughs only vs. Constant"
718.6,-0.380965450556133,"Troughs only vs. Constant"
718.8,-0.431324026978605,"Troughs only vs. Constant"
719,-0.469485125363412,"Troughs only vs. Constant"
719.2,-0.493544673326056,"Troughs only vs. Constant"
719.4,-0.499645919442672,"Troughs only vs. Constant"
719.6,-0.481556179533248,"Troughs only vs. Constant"
719.8,-0.43176943101567,"Troughs only vs. Constant"
720,-0.343525207588523,"Troughs only vs. Constant"
720.2,-0.213785011435983,"Troughs only vs. Constant"
720.4,-0.0457323225209457,"Troughs only vs. Constant"
720.6,0.151467738948667,"Troughs only vs. Constant"
720.8,0.364863698021657,"Troughs only vs. Constant"
721,0.578115436455701,"Troughs only vs. Constant"
721.2,0.836024794729196,"Troughs only vs. Constant"
721.4,1.06391067501219,"Troughs only vs. Constant"
721.6,1.08560279215849,"Troughs only vs. Constant"
721.8,0.989735508981073,"Troughs only vs. Constant"
722,0.879810456739622,"Troughs only vs. Constant"
722.2,0.755439742034693,"Troughs only vs. Constant"
722.4,0.610307869568172,"Troughs only vs. Constant"
722.6,0.453234221123822,"Troughs only vs. Constant"
722.8,0.301267450512141,"Troughs only vs. Constant"
723,0.168796450375074,"Troughs only vs. Constant"
723.2,0.0610814749328215,"Troughs only vs. Constant"
723.4,-0.0247400737110925,"Troughs only vs. Constant"
723.6,-0.0950991052189915,"Troughs only vs. Constant"
723.8,-0.156802785115138,"Troughs only vs. Constant"
724,-0.215999896052986,"Troughs only vs. Constant"
724.2,-0.276859618209983,"Troughs only vs. Constant"
724.4,-0.339277853423649,"Troughs only vs. Constant"
724.6,-0.398759263304087,"Troughs only vs. Constant"
724.8,-0.449512544430138,"Troughs only vs. Constant"
725,-0.487020165218544,"Troughs only vs. Constant"
725.2,-0.507490776172184,"Troughs only vs. Constant"
725.4,-0.506061853932914,"Troughs only vs. Constant"
725.6,-0.476380358514903,"Troughs only vs. Constant"
725.8,-0.411799463393388,"Troughs only vs. Constant"
726,-0.307760169605311,"Troughs only vs. Constant"
726.2,-0.164774122971909,"Troughs only vs. Constant"
726.4,0.0101036717774703,"Troughs only vs. Constant"
726.6,0.205125612838005,"Troughs only vs. Constant"
726.8,0.407014355862626,"Troughs only vs. Constant"
727,0.661468719446868,"Troughs only vs. Constant"
727.2,0.91342342452007,"Troughs only vs. Constant"
727.4,1.08274037537401,"Troughs only vs. Constant"
727.6,1.05813122010662,"Troughs only vs. Constant"
727.8,0.96552200666097,"Troughs only vs. Constant"
728,0.882377902873488,"Troughs only vs. Constant"
728.2,0.775115870263407,"Troughs only vs. Constant"
728.4,0.630142990400676,"Troughs only vs. Constant"
728.6,0.46276389226299,"Troughs only vs. Constant"
728.8,0.298357770958615,"Troughs only vs. Constant"
729,0.154870228517149,"Troughs only vs. Constant"
729.2,0.0371732994010359,"Troughs only vs. Constant"
729.4,-0.0579172237666884,"Troughs only vs. Constant"
729.6,-0.135407473254157,"Troughs only vs. Constant"
729.8,-0.200376170347413,"Troughs only vs. Constant"
730,-0.25890886555981,"Troughs only vs. Constant"
730.2,-0.316596795647421,"Troughs only vs. Constant"
730.4,-0.374613010220259,"Troughs only vs. Constant"
730.6,-0.429025306129862,"Troughs only vs. Constant"
730.8,-0.474010201653364,"Troughs only vs. Constant"
731,-0.504474339075471,"Troughs only vs. Constant"
731.2,-0.515793881760904,"Troughs only vs. Constant"
731.4,-0.502318245218125,"Troughs only vs. Constant"
731.6,-0.45726542137591,"Troughs only vs. Constant"
731.8,-0.374653969011854,"Troughs only vs. Constant"
732,-0.252608665087283,"Troughs only vs. Constant"
732.2,-0.0962565015501355,"Troughs only vs. Constant"
732.4,0.0826986809689449,"Troughs only vs. Constant"
732.6,0.270324078560009,"Troughs only vs. Constant"
732.8,0.508862746853445,"Troughs only vs. Constant"
733,0.755937463282357,"Troughs only vs. Constant"
733.2,0.948461719214952,"Troughs only vs. Constant"
733.4,0.980050671604501,"Troughs only vs. Constant"
733.6,0.955150666556547,"Troughs only vs. Constant"
733.8,0.947586849567592,"Troughs only vs. Constant"
734,0.912877762826331,"Troughs only vs. Constant"
734.2,0.814901079087763,"Troughs only vs. Constant"
734.4,0.656543050333412,"Troughs only vs. Constant"
734.6,0.469406889388863,"Troughs only vs. Constant"
734.8,0.287594567347035,"Troughs only vs. Constant"
735,0.129737255186118,"Troughs only vs. Constant"
735.2,7.03097876640055e-06,"Troughs only vs. Constant"
735.4,-0.103184235329682,"Troughs only vs. Constant"
735.6,-0.182763294049544,"Troughs only vs. Constant"
735.8,-0.244076761141079,"Troughs only vs. Constant"
736,-0.296059583394596,"Troughs only vs. Constant"
736.2,-0.347390014900627,"Troughs only vs. Constant"
736.4,-0.400627991558356,"Troughs only vs. Constant"
736.6,-0.451304550692638,"Troughs only vs. Constant"
736.8,-0.491883787450161,"Troughs only vs. Constant"
737,-0.515456577799,"Troughs only vs. Constant"
737.2,-0.516138529815851,"Troughs only vs. Constant"
737.4,-0.487828299043905,"Troughs only vs. Constant"
737.6,-0.424485054869687,"Troughs only vs. Constant"
737.8,-0.322704659373999,"Troughs only vs. Constant"
738,-0.185085380059996,"Troughs only vs. Constant"
738.2,-0.0216459526149879,"Troughs only vs. Constant"
738.4,0.152965741682471,"Troughs only vs. Constant"
738.6,0.325123494697257,"Troughs only vs. Constant"
738.8,0.541892224372444,"Troughs only vs. Constant"
739,0.76139112706304,"Troughs only vs. Constant"
739.2,0.853036634716188,"Troughs only vs. Constant"
739.4,0.886920595487957,"Troughs only vs. Constant"
739.6,0.93977128098654,"Troughs only vs. Constant"
739.8,0.982263841435415,"Troughs only vs. Constant"
740,0.962336427284554,"Troughs only vs. Constant"
740.2,0.853440453348727,"Troughs only vs. Constant"
740.4,0.673027412075623,"Troughs only vs. Constant"
740.6,0.465001287945229,"Troughs only vs. Constant"
740.8,0.26776508817253,"Troughs only vs. Constant"
741,0.100028384232317,"Troughs only vs. Constant"
741.2,-0.0340597640894473,"Troughs only vs. Constant"
741.4,-0.136334454276154,"Troughs only vs. Constant"
741.6,-0.211320331308629,"Troughs only vs. Constant"
741.8,-0.267252365925481,"Troughs only vs. Constant"
742,-0.315631622797759,"Troughs only vs. Constant"
742.2,-0.365817714027331,"Troughs only vs. Constant"
742.4,-0.419103717840927,"Troughs only vs. Constant"
742.6,-0.468852623438954,"Troughs only vs. Constant"
742.8,-0.50573040013496,"Troughs only vs. Constant"
743,-0.521980491978143,"Troughs only vs. Constant"
743.2,-0.511795796132865,"Troughs only vs. Constant"
743.4,-0.470030274531325,"Troughs only vs. Constant"
743.6,-0.392559491912067,"Troughs only vs. Constant"
743.8,-0.278826729407932,"Troughs only vs. Constant"
744,-0.134622934630763,"Troughs only vs. Constant"
744.2,0.0276545131454849,"Troughs only vs. Constant"
744.4,0.192813530355089,"Troughs only vs. Constant"
744.6,0.399249347043901,"Troughs only vs. Constant"
744.8,0.61012124351572,"Troughs only vs. Constant"
745,0.778606202935904,"Troughs only vs. Constant"
745.2,0.825270221905883,"Troughs only vs. Constant"
745.4,0.856139623780823,"Troughs only vs. Constant"
745.6,0.933545669697891,"Troughs only vs. Constant"
745.8,0.997649607720612,"Troughs only vs. Constant"
746,0.983175840191494,"Troughs only vs. Constant"
746.2,0.865460331399485,"Troughs only vs. Constant"
746.4,0.671165535274065,"Troughs only vs. Constant"
746.6,0.450315093141282,"Troughs only vs. Constant"
746.8,0.241936568729617,"Troughs only vs. Constant"
747,0.0646514157017758,"Troughs only vs. Constant"
747.2,-0.0760199181094667,"Troughs only vs. Constant"
747.4,-0.18085224735702,"Troughs only vs. Constant"
747.6,-0.255109668020866,"Troughs only vs. Constant"
747.8,-0.308556139351344,"Troughs only vs. Constant"
748,-0.35332849951476,"Troughs only vs. Constant"
748.2,-0.398634892923303,"Troughs only vs. Constant"
748.4,-0.445635211728684,"Troughs only vs. Constant"
748.6,-0.487588081443865,"Troughs only vs. Constant"
748.8,-0.514855963075768,"Troughs only vs. Constant"
749,-0.519195848549916,"Troughs only vs. Constant"
749.2,-0.494518204393969,"Troughs only vs. Constant"
749.4,-0.436299562907344,"Troughs only vs. Constant"
749.6,-0.342591367175468,"Troughs only vs. Constant"
749.8,-0.216527746416122,"Troughs only vs. Constant"
750,-0.0678525930117316,"Troughs only vs. Constant"
750.2,0.0887953524759478,"Troughs only vs. Constant"
750.4,0.23893586831094,"Troughs only vs. Constant"
750.6,0.425770607278877,"Troughs only vs. Constant"
750.8,0.613414871227299,"Troughs only vs. Constant"
751,0.693264246399581,"Troughs only vs. Constant"
751.2,0.745231089807043,"Troughs only vs. Constant"
751.4,0.8467520763055,"Troughs only vs. Constant"
751.6,0.968562096456096,"Troughs only vs. Constant"
751.8,1.04521289130943,"Troughs only vs. Constant"
752,1.01929827013292,"Troughs only vs. Constant"
752.2,0.879431328770519,"Troughs only vs. Constant"
752.4,0.664222888127757,"Troughs only vs. Constant"
752.6,0.428138699342239,"Troughs only vs. Constant"
752.8,0.210671870854624,"Troughs only vs. Constant"
753,0.0303679861832765,"Troughs only vs. Constant"
753.2,-0.108156045014959,"Troughs only vs. Constant"
753.4,-0.207947332421588,"Troughs only vs. Constant"
753.6,-0.277268969624238,"Troughs only vs. Constant"
753.8,-0.327963995141243,"Troughs only vs. Constant"
754,-0.372252773002211,"Troughs only vs. Constant"
754.2,-0.41773430963551,"Troughs only vs. Constant"
754.4,-0.463360667768345,"Troughs only vs. Constant"
754.6,-0.500849796065679,"Troughs only vs. Constant"
754.8,-0.520168404469793,"Troughs only vs. Constant"
755,-0.51352728780669,"Troughs only vs. Constant"
755.2,-0.475988587591801,"Troughs only vs. Constant"
755.4,-0.405004628842253,"Troughs only vs. Constant"
755.6,-0.301268442201174,"Troughs only vs. Constant"
755.8,-0.170552529910144,"Troughs only vs. Constant"
756,-0.0243234219089495,"Troughs only vs. Constant"
756.2,0.122659922915451,"Troughs only vs. Constant"
756.4,0.304748742340952,"Troughs only vs. Constant"
756.6,0.485919057962663,"Troughs only vs. Constant"
756.8,0.626966080536547,"Troughs only vs. Constant"
757,0.667825891694261,"Troughs only vs. Constant"
757.2,0.718449009401281,"Troughs only vs. Constant"
757.4,0.841308459237431,"Troughs only vs. Constant"
757.6,0.981397858063123,"Troughs only vs. Constant"
757.8,1.06222805329961,"Troughs only vs. Constant"
758,1.02764138749711,"Troughs only vs. Constant"
758.2,0.87428837481107,"Troughs only vs. Constant"
758.4,0.646435755842178,"Troughs only vs. Constant"
758.6,0.399405227237453,"Troughs only vs. Constant"
758.8,0.173047207411935,"Troughs only vs. Constant"
759,-0.0126097534570773,"Troughs only vs. Constant"
759.2,-0.152320087908193,"Troughs only vs. Constant"
759.4,-0.25044870179521,"Troughs only vs. Constant"
759.6,-0.317019303504066,"Troughs only vs. Constant"
759.8,-0.364377089575963,"Troughs only vs. Constant"
760,-0.404223734221185,"Troughs only vs. Constant"
760.2,-0.443568713247921,"Troughs only vs. Constant"
760.4,-0.481092465565799,"Troughs only vs. Constant"
760.6,-0.508484369615574,"Troughs only vs. Constant"
760.8,-0.515677701711743,"Troughs only vs. Constant"
761,-0.494933039523628,"Troughs only vs. Constant"
761.2,-0.442135040162454,"Troughs only vs. Constant"
761.4,-0.356985028315756,"Troughs only vs. Constant"
761.6,-0.243543617346161,"Troughs only vs. Constant"
761.8,-0.110719293156162,"Troughs only vs. Constant"
762,0.028663293396368,"Troughs only vs. Constant"
762.2,0.204302112811657,"Troughs only vs. Constant"
762.4,0.379448206280427,"Troughs only vs. Constant"
762.6,0.513284560786798,"Troughs only vs. Constant"
762.8,0.545767943303668,"Troughs only vs. Constant"
763,0.581521888664087,"Troughs only vs. Constant"
763.2,0.69732682175918,"Troughs only vs. Constant"
763.4,0.863065259138936,"Troughs only vs. Constant"
763.6,1.01638298982497,"Troughs only vs. Constant"
763.8,1.08730998411578,"Troughs only vs. Constant"
764,1.03188941777723,"Troughs only vs. Constant"
764.2,0.857760663496702,"Troughs only vs. Constant"
764.4,0.612561022433724,"Troughs only vs. Constant"
764.6,0.352568992446828,"Troughs only vs. Constant"
764.8,0.120081359558734,"Troughs only vs. Constant"
765,-0.0639149917300088,"Troughs only vs. Constant"
765.2,-0.196810425157812,"Troughs only vs. Constant"
765.4,-0.287200289638146,"Troughs only vs. Constant"
765.6,-0.347816640738764,"Troughs only vs. Constant"
765.8,-0.39127604861712,"Troughs only vs. Constant"
766,-0.427851741216922,"Troughs only vs. Constant"
766.2,-0.46244027771633,"Troughs only vs. Constant"
766.4,-0.492120045150797,"Troughs only vs. Constant"
766.6,-0.508098695004753,"Troughs only vs. Constant"
766.8,-0.500745083503819,"Troughs only vs. Constant"
767,-0.463588885848529,"Troughs only vs. Constant"
767.2,-0.394999425528473,"Troughs only vs. Constant"
767.4,-0.298219001860119,"Troughs only vs. Constant"
767.6,-0.180607558109689,"Troughs only vs. Constant"
767.8,-0.0526811000010931,"Troughs only vs. Constant"
768,0.0733590790541166,"Troughs only vs. Constant"
768.2,0.231168134511546,"Troughs only vs. Constant"
768.4,0.384370434462404,"Troughs only vs. Constant"
768.6,0.439455200802003,"Troughs only vs. Constant"
768.8,0.472252656725024,"Troughs only vs. Constant"
769,0.566276078982607,"Troughs only vs. Constant"
769.2,0.721999212441055,"Troughs only vs. Constant"
769.4,0.9029687451839,"Troughs only vs. Constant"
769.6,1.04961279188257,"Troughs only vs. Constant"
769.8,1.09969326617955,"Troughs only vs. Constant"
770,1.02081608067884,"Troughs only vs. Constant"
770.2,0.828118588647255,"Troughs only vs. Constant"
770.4,0.572019806877809,"Troughs only vs. Constant"
770.6,0.309674619292112,"Troughs only vs. Constant"
770.8,0.0819506401466575,"Troughs only vs. Constant"
771,-0.0939426929915215,"Troughs only vs. Constant"
771.2,-0.219649835156414,"Troughs only vs. Constant"
771.4,-0.306211700124766,"Troughs only vs. Constant"
771.6,-0.366252836418552,"Troughs only vs. Constant"
771.8,-0.410494988218183,"Troughs only vs. Constant"
772,-0.446545603087614,"Troughs only vs. Constant"
772.2,-0.477091996693885,"Troughs only vs. Constant"
772.4,-0.498534393274705,"Troughs only vs. Constant"
772.6,-0.50298604556605,"Troughs only vs. Constant"
772.8,-0.482578526204631,"Troughs only vs. Constant"
773,-0.432978903022248,"Troughs only vs. Constant"
773.2,-0.354965106241322,"Troughs only vs. Constant"
773.4,-0.254011091536609,"Troughs only vs. Constant"
773.6,-0.138733902923659,"Troughs only vs. Constant"
773.8,-0.0195114573876875,"Troughs only vs. Constant"
774,0.133840140620587,"Troughs only vs. Constant"
774.2,0.286264215336268,"Troughs only vs. Constant"
774.4,0.398617455472847,"Troughs only vs. Constant"
774.6,0.418216464452585,"Troughs only vs. Constant"
774.8,0.447450274094079,"Troughs only vs. Constant"
775,0.558465568050186,"Troughs only vs. Constant"
775.2,0.729829890397474,"Troughs only vs. Constant"
775.4,0.914919110009628,"Troughs only vs. Constant"
775.6,1.05334434155431,"Troughs only vs. Constant"
775.8,1.08900013451233,"Troughs only vs. Constant"
776,0.995567834278028,"Troughs only vs. Constant"
776.2,0.789770826379568,"Troughs only vs. Constant"
776.4,0.523190234785801,"Troughs only vs. Constant"
776.6,0.255777552464561,"Troughs only vs. Constant"
776.8,0.0292571696677105,"Troughs only vs. Constant"
777,-0.141728013463798,"Troughs only vs. Constant"
777.2,-0.2619521825873,"Troughs only vs. Constant"
777.4,-0.343657592887254,"Troughs only vs. Constant"
777.6,-0.399061418724968,"Troughs only vs. Constant"
777.8,-0.437860170404588,"Troughs only vs. Constant"
778,-0.466472611536096,"Troughs only vs. Constant"
778.2,-0.486783561460409,"Troughs only vs. Constant"
778.4,-0.495223458475942,"Troughs only vs. Constant"
778.6,-0.484705354573959,"Troughs only vs. Constant"
778.8,-0.448797679552417,"Troughs only vs. Constant"
779,-0.385416708969253,"Troughs only vs. Constant"
779.2,-0.298315699362487,"Troughs only vs. Constant"
779.4,-0.195608982128447,"Troughs only vs. Constant"
779.6,-0.0868288091398929,"Troughs only vs. Constant"
779.8,0.0188912196999768,"Troughs only vs. Constant"
780,0.155812166262222,"Troughs only vs. Constant"
780.2,0.289539370752926,"Troughs only vs. Constant"
780.4,0.332221347404823,"Troughs only vs. Constant"
780.6,0.35637951066447,"Troughs only vs. Constant"
780.8,0.439384796551305,"Troughs only vs. Constant"
781,0.583914367727346,"Troughs only vs. Constant"
781.2,0.76544288055712,"Troughs only vs. Constant"
781.4,0.94149394574815,"Troughs only vs. Constant"
781.6,1.05915491239121,"Troughs only vs. Constant"
781.8,1.07198296830767,"Troughs only vs. Constant"
782,0.96005525570529,"Troughs only vs. Constant"
782.2,0.743540875625442,"Troughs only vs. Constant"
782.4,0.475741960248479,"Troughs only vs. Constant"
782.6,0.214959226695567,"Troughs only vs. Constant"
782.8,-0.00181884004179789,"Troughs only vs. Constant"
783,-0.164802395011439,"Troughs only vs. Constant"
783.2,-0.281009542283115,"Troughs only vs. Constant"
783.4,-0.362094756519387,"Troughs only vs. Constant"
783.6,-0.418145720962333,"Troughs only vs. Constant"
783.8,-0.456261578495369,"Troughs only vs. Constant"
784,-0.48069431165597,"Troughs only vs. Constant"
784.2,-0.492471370967023,"Troughs only vs. Constant"
784.4,-0.488910419072801,"Troughs only vs. Constant"
784.6,-0.465125270826234,"Troughs only vs. Constant"
784.8,-0.417315145915791,"Troughs only vs. Constant"
785,-0.345807769059302,"Troughs only vs. Constant"
785.2,-0.256137804880653,"Troughs only vs. Constant"
785.4,-0.15712507155243,"Troughs only vs. Constant"
785.6,-0.0576944626601985,"Troughs only vs. Constant"
785.8,0.0735798029768874,"Troughs only vs. Constant"
786,0.20511101805411,"Troughs only vs. Constant"
786.2,0.301041024088713,"Troughs only vs. Constant"
786.4,0.312920140559565,"Troughs only vs. Constant"
786.6,0.335916513140431,"Troughs only vs. Constant"
786.8,0.434423759863113,"Troughs only vs. Constant"
787,0.591515306822756,"Troughs only vs. Constant"
787.2,0.774616817237875,"Troughs only vs. Constant"
787.4,0.941291882923338,"Troughs only vs. Constant"
787.6,1.04404570636543,"Troughs only vs. Constant"
787.8,1.04156699784275,"Troughs only vs. Constant"
788,0.915628612465383,"Troughs only vs. Constant"
788.2,0.688108317107915,"Troughs only vs. Constant"
788.4,0.415637346661415,"Troughs only vs. Constant"
788.6,0.157464462368493,"Troughs only vs. Constant"
788.8,-0.0525877325722997,"Troughs only vs. Constant"
789,-0.208412242013443,"Troughs only vs. Constant"
789.2,-0.318382623422449,"Troughs only vs. Constant"
789.4,-0.393832458493725,"Troughs only vs. Constant"
789.6,-0.443945462248732,"Troughs only vs. Constant"
789.8,-0.474639605273976,"Troughs only vs. Constant"
790,-0.489059295793021,"Troughs only vs. Constant"
790.2,-0.487815678108129,"Troughs only vs. Constant"
790.4,-0.469024664633154,"Troughs only vs. Constant"
790.6,-0.429850298767594,"Troughs only vs. Constant"
790.8,-0.369339723461656,"Troughs only vs. Constant"
791,-0.290695319002284,"Troughs only vs. Constant"
791.2,-0.201385567451042,"Troughs only vs. Constant"
791.4,-0.110354250672798,"Troughs only vs. Constant"
791.6,0.0116457186395796,"Troughs only vs. Constant"
791.8,0.135663481238232,"Troughs only vs. Constant"
792,0.227864187961199,"Troughs only vs. Constant"
792.2,0.236750674886818,"Troughs only vs. Constant"
792.4,0.245664398310212,"Troughs only vs. Constant"
792.6,0.319860628607056,"Troughs only vs. Constant"
792.8,0.450689661751364,"Troughs only vs. Constant"
793,0.616921229972603,"Troughs only vs. Constant"
793.2,0.790727549247468,"Troughs only vs. Constant"
793.4,0.937220861737474,"Troughs only vs. Constant"
793.6,1.01668013906646,"Troughs only vs. Constant"
793.8,0.991430292477087,"Troughs only vs. Constant"
794,0.846597065663463,"Troughs only vs. Constant"
794.2,0.610591264598481,"Troughs only vs. Constant"
794.4,0.34338136702137,"Troughs only vs. Constant"
794.6,0.099209981776284,"Troughs only vs. Constant"
794.8,-0.0963900691019827,"Troughs only vs. Constant"
795,-0.24187375531412,"Troughs only vs. Constant"
795.2,-0.345690083793265,"Troughs only vs. Constant"
795.4,-0.417129169775782,"Troughs only vs. Constant"
795.6,-0.462771754428467,"Troughs only vs. Constant"
795.8,-0.486203627980217,"Troughs only vs. Constant"
796,-0.489093062497822,"Troughs only vs. Constant"
796.2,-0.472143935613192,"Troughs only vs. Constant"
796.4,-0.435722830577672,"Troughs only vs. Constant"
796.6,-0.380909627685126,"Troughs only vs. Constant"
796.8,-0.310667901438648,"Troughs only vs. Constant"
797,-0.230516732431873,"Troughs only vs. Constant"
797.2,-0.148082231237951,"Troughs only vs. Constant"
797.4,-0.070634605387046,"Troughs only vs. Constant"
797.6,0.0350721560143026,"Troughs only vs. Constant"
797.8,0.140358183811042,"Troughs only vs. Constant"
798,0.168503138060799,"Troughs only vs. Constant"
798.2,0.178546126180136,"Troughs only vs. Constant"
798.4,0.234330264176722,"Troughs only vs. Constant"
798.6,0.339427751429048,"Troughs only vs. Constant"
798.8,0.481107508461244,"Troughs only vs. Constant"
799,0.640910487655486,"Troughs only vs. Constant"
799.2,0.795953937969048,"Troughs only vs. Constant"
799.4,0.918671120321653,"Troughs only vs. Constant"
799.6,0.975360206958131,"Troughs only vs. Constant"
799.8,0.933407022097727,"Troughs only vs. Constant"
800,0.783183397120825,"Troughs only vs. Constant"
