"time","biomass","method"
0,4.46750633808926,"projectToSteady()"
0.2,6.47886708487173,"projectToSteady()"
0.4,8.76263460041207,"projectToSteady()"
0.6,11.2361727019257,"projectToSteady()"
0.8,13.8217232999016,"projectToSteady()"
1,16.4324780591049,"projectToSteady()"
1.2,18.9725730604707,"projectToSteady()"
1.4,21.3436872380552,"projectToSteady()"
1.6,23.4694553466912,"projectToSteady()"
1.8,25.3485991998081,"projectToSteady()"
2,27.095994245357,"projectToSteady()"
2.2,28.8887728855083,"projectToSteady()"
2.4,30.8557322530173,"projectToSteady()"
2.6,33.0540070681546,"projectToSteady()"
2.8,35.5143308424315,"projectToSteady()"
3,38.2551904507549,"projectToSteady()"
3.2,41.2801245545503,"projectToSteady()"
3.4,44.5806424995879,"projectToSteady()"
3.6,48.1419897516171,"projectToSteady()"
3.8,51.9521071334218,"projectToSteady()"
4,56.0098461806983,"projectToSteady()"
4.2,60.3282109205832,"projectToSteady()"
4.4,64.9320877486749,"projectToSteady()"
4.6,69.8539623512639,"projectToSteady()"
4.8,75.1306491863271,"projectToSteady()"
5,80.8012015233336,"projectToSteady()"
5.2,86.9052586316555,"projectToSteady()"
5.4,93.4818287230982,"projectToSteady()"
5.6,100.568836981855,"projectToSteady()"
5.8,108.203548172303,"projectToSteady()"
6,116.42366266214,"projectToSteady()"
6.2,125.268671536366,"projectToSteady()"
6.4,134.781080517241,"projectToSteady()"
6.6,145.00731485059,"projectToSteady()"
6.8,155.99830045925,"projectToSteady()"
7,167.809782454398,"projectToSteady()"
7.2,180.502442475928,"projectToSteady()"
7.4,194.1418824626,"projectToSteady()"
7.6,208.798558687585,"projectToSteady()"
7.8,224.547750469236,"projectToSteady()"
8,241.46962434794,"projectToSteady()"
8.2,259.649417969511,"projectToSteady()"
8.4,279.177735006607,"projectToSteady()"
8.6,300.150923364482,"projectToSteady()"
8.8,322.671503420889,"projectToSteady()"
9,346.848615409218,"projectToSteady()"
9.2,372.798460786693,"projectToSteady()"
9.4,400.644719955982,"projectToSteady()"
9.6,430.518937166323,"projectToSteady()"
9.8,462.560871184679,"projectToSteady()"
10,496.918815601041,"projectToSteady()"
10.2,533.749894534754,"projectToSteady()"
10.4,573.22033837667,"projectToSteady()"
10.6,615.505741107538,"projectToSteady()"
10.8,660.791296823033,"projectToSteady()"
11,709.2720092124,"projectToSteady()"
11.2,761.152864388843,"projectToSteady()"
11.4,816.648954931976,"projectToSteady()"
11.6,875.985541372634,"projectToSteady()"
11.8,939.398036550083,"projectToSteady()"
12,1007.13189808128,"projectToSteady()"
12.2,1079.44241432473,"projectToSteady()"
12.4,1156.5943694588,"projectToSteady()"
12.6,1238.86157348534,"projectToSteady()"
12.8,1326.52624308138,"projectToSteady()"
13,1419.87821931561,"projectToSteady()"
13.2,1519.21400844121,"projectToSteady()"
13.4,1624.83563242831,"projectToSteady()"
13.6,1737.04927676904,"projectToSteady()"
13.8,1856.16372452463,"projectToSteady()"
14,1982.48856770483,"projectToSteady()"
14.2,2116.33218995348,"projectToSteady()"
14.4,2257.99951819664,"projectToSteady()"
14.6,2407.78954538942,"projectToSteady()"
14.8,2565.9926317373,"projectToSteady()"
15,2732.8875976965,"projectToSteady()"
15.2,2908.73862857242,"projectToSteady()"
15.4,3093.79201749809,"projectToSteady()"
15.6,3288.27278081043,"projectToSteady()"
15.8,3492.38118713909,"projectToSteady()"
16,3706.28924862804,"projectToSteady()"
16.2,3930.13722933995,"projectToSteady()"
16.4,4164.030231733,"projectToSteady()"
16.6,4408.03492682316,"projectToSteady()"
16.8,4662.17649692646,"projectToSteady()"
17,4926.43586141166,"projectToSteady()"
17.2,5200.74725542555,"projectToSteady()"
17.4,5484.99622888678,"projectToSteady()"
17.6,5779.01812807267,"projectToSteady()"
17.8,6082.59711484211,"projectToSteady()"
18,6395.46576905337,"projectToSteady()"
18.2,6717.3053082729,"projectToSteady()"
18.4,7047.74644576449,"projectToSteady()"
18.6,7386.3708934315,"projectToSteady()"
18.8,7732.71350136924,"projectToSteady()"
19,8086.26501053287,"projectToSteady()"
19.2,8446.47538032098,"projectToSteady()"
19.4,8812.7576391851,"projectToSteady()"
19.6,9184.49219422429,"projectToSteady()"
19.8,9561.03152556019,"projectToSteady()"
20,9941.70518345919,"projectToSteady()"
20.2,10325.8250009096,"projectToSteady()"
20.4,10712.6904317798,"projectToSteady()"
20.6,11101.5939247638,"projectToSteady()"
20.8,11491.8262459308,"projectToSteady()"
21,11882.6816676003,"projectToSteady()"
21.2,12273.4629481489,"projectToSteady()"
21.4,12663.4860358421,"projectToSteady()"
21.6,13052.0844394644,"projectToSteady()"
21.8,13438.6132189744,"projectToSteady()"
22,13822.4525602247,"projectToSteady()"
22.2,14203.0109085814,"projectToSteady()"
22.4,14579.7276467133,"projectToSteady()"
22.6,14952.0753116221,"projectToSteady()"
22.8,15319.5613549092,"projectToSteady()"
23,15681.7294581838,"projectToSteady()"
23.2,16038.1604222787,"projectToSteady()"
23.4,16388.4726545271,"projectToSteady()"
23.6,16732.3222827517,"projectToSteady()"
23.8,17069.402927866,"projectToSteady()"
24,17399.4451691624,"projectToSteady()"
24.2,17722.215737553,"projectToSteady()"
24.4,18037.5164723466,"projectToSteady()"
24.6,18345.1830767173,"projectToSteady()"
24.8,18645.0837059535,"projectToSteady()"
25,18937.1174210142,"projectToSteady()"
25.2,19221.2125379504,"projectToSteady()"
25.4,19497.3249015094,"projectToSteady()"
25.6,19765.4361087943,"projectToSteady()"
25.8,20025.5517063115,"projectToSteady()"
26,20277.6993811578,"projectToSteady()"
26.2,20521.9271645434,"projectToSteady()"
26.4,20758.3016633707,"projectToSteady()"
26.6,20986.9063332176,"projectToSteady()"
26.8,21207.8398038453,"projectToSteady()"
0,0.712999999999914,"project()"
0.2,0.749626393151786,"project()"
0.4,0.827155483359952,"project()"
0.6,0.905337002812399,"project()"
0.8,0.983772631170239,"project()"
1,1.06260688292739,"project()"
1.2,1.1425020370503,"project()"
1.4,1.22474850758303,"project()"
1.6,1.31139780797838,"project()"
1.8,1.40509751666479,"project()"
2,1.50821786356852,"project()"
2.2,1.62184368192953,"project()"
2.4,1.74601996396628,"project()"
2.6,1.88079476721684,"project()"
2.8,2.0264504024478,"project()"
3,2.18329567453895,"project()"
3.2,2.35172425371054,"project()"
3.4,2.53231003913408,"project()"
3.6,2.7258727056102,"project()"
3.8,2.93349892160755,"project()"
4,3.15649392711801,"project()"
4.2,3.39629630665737,"project()"
4.4,3.65441162118978,"project()"
4.6,3.93239076459415,"project()"
4.8,4.23183442052113,"project()"
5,4.55440280049013,"project()"
5.2,4.90183017555355,"project()"
5.4,5.27594807988716,"project()"
5.6,5.67871455304506,"project()"
5.8,6.11224377945316,"project()"
6,6.57883115557944,"project()"
6.2,7.08097166581289,"project()"
6.4,7.62137283219084,"project()"
6.6,8.2029650255878,"project()"
6.8,8.82891143016682,"project()"
7,9.50261901354347,"project()"
7.2,10.2277514749265,"project()"
7.4,11.0082450343845,"project()"
7.6,11.8483276011142,"project()"
7.8,12.752541349849,"project()"
8,13.7257683157507,"project()"
8.2,14.7732584538143,"project()"
8.4,15.9006596896682,"project()"
8.6,17.1140496946884,"project()"
8.8,18.4199693290732,"project()"
9,19.825457863913,"project()"
9.2,21.3380902218764,"project()"
9.4,22.9660165710764,"project()"
9.6,24.718004658854,"project()"
9.8,26.6034852760181,"project()"
10,4.46750633808926,"project()"
10.2,6.47886708487173,"project()"
10.4,8.76263460041207,"project()"
10.6,11.2361727019257,"project()"
10.8,13.8217232999016,"project()"
11,16.4324780591049,"project()"
11.2,18.9725730604707,"project()"
11.4,21.3436872380552,"project()"
11.6,23.4694553466912,"project()"
11.8,25.3485991998081,"project()"
12,27.095994245357,"project()"
12.2,28.8887728855083,"project()"
12.4,30.8557322530173,"project()"
12.6,33.0540070681546,"project()"
12.8,35.5143308424315,"project()"
13,38.2551904507549,"project()"
13.2,41.2801245545503,"project()"
13.4,44.5806424995879,"project()"
13.6,48.1419897516171,"project()"
13.8,51.9521071334218,"project()"
14,56.0098461806983,"project()"
14.2,60.3282109205832,"project()"
14.4,64.9320877486749,"project()"
14.6,69.8539623512639,"project()"
14.8,75.1306491863271,"project()"
15,80.8012015233336,"project()"
15.2,86.9052586316555,"project()"
15.4,93.4818287230982,"project()"
15.6,100.568836981855,"project()"
15.8,108.203548172303,"project()"
16,116.42366266214,"project()"
16.2,125.268671536366,"project()"
16.4,134.781080517241,"project()"
16.6,145.00731485059,"project()"
16.8,155.99830045925,"project()"
17,167.809782454398,"project()"
17.2,180.502442475928,"project()"
17.4,194.1418824626,"project()"
17.6,208.798558687585,"project()"
17.8,224.547750469236,"project()"
18,241.46962434794,"project()"
18.2,259.649417969511,"project()"
18.4,279.177735006607,"project()"
18.6,300.150923364482,"project()"
18.8,322.671503420889,"project()"
19,346.848615409218,"project()"
19.2,372.798460786693,"project()"
19.4,400.644719955982,"project()"
19.6,430.518937166323,"project()"
19.8,462.560871184679,"project()"
20,496.918815601041,"project()"
20.2,533.749894534754,"project()"
20.4,573.22033837667,"project()"
20.6,615.505741107538,"project()"
20.8,660.791296823033,"project()"
21,709.2720092124,"project()"
21.2,761.152864388843,"project()"
21.4,816.648954931976,"project()"
21.6,875.985541372634,"project()"
21.8,939.398036550083,"project()"
22,1007.13189808128,"project()"
22.2,1079.44241432473,"project()"
22.4,1156.5943694588,"project()"
22.6,1238.86157348534,"project()"
22.8,1326.52624308138,"project()"
23,1419.87821931561,"project()"
23.2,1519.21400844121,"project()"
23.4,1624.83563242831,"project()"
23.6,1737.04927676904,"project()"
23.8,1856.16372452463,"project()"
24,1982.48856770483,"project()"
24.2,2116.33218995348,"project()"
24.4,2257.99951819664,"project()"
24.6,2407.78954538942,"project()"
24.8,2565.9926317373,"project()"
25,2732.8875976965,"project()"
25.2,2908.73862857242,"project()"
25.4,3093.79201749809,"project()"
25.6,3288.27278081043,"project()"
25.8,3492.38118713909,"project()"
26,3706.28924862804,"project()"
26.2,3930.13722933995,"project()"
26.4,4164.030231733,"project()"
26.6,4408.03492682316,"project()"
26.8,4662.17649692646,"project()"
27,4926.43586141166,"project()"
27.2,5200.74725542555,"project()"
27.4,5484.99622888678,"project()"
27.6,5779.01812807267,"project()"
27.8,6082.59711484211,"project()"
28,6395.46576905337,"project()"
28.2,6717.3053082729,"project()"
28.4,7047.74644576449,"project()"
28.6,7386.3708934315,"project()"
28.8,7732.71350136924,"project()"
29,8086.26501053287,"project()"
29.2,8446.47538032098,"project()"
29.4,8812.7576391851,"project()"
29.6,9184.49219422429,"project()"
29.8,9561.03152556019,"project()"
30,9941.70518345919,"project()"
30.2,10325.8250009096,"project()"
30.4,10712.6904317798,"project()"
30.6,11101.5939247638,"project()"
30.8,11491.8262459308,"project()"
31,11882.6816676003,"project()"
31.2,12273.4629481489,"project()"
31.4,12663.4860358421,"project()"
31.6,13052.0844394644,"project()"
31.8,13438.6132189744,"project()"
32,13822.4525602247,"project()"
32.2,14203.0109085814,"project()"
32.4,14579.7276467133,"project()"
32.6,14952.0753116221,"project()"
32.8,15319.5613549092,"project()"
33,15681.7294581838,"project()"
33.2,16038.1604222787,"project()"
33.4,16388.4726545271,"project()"
33.6,16732.3222827517,"project()"
33.8,17069.402927866,"project()"
34,17399.4451691624,"project()"
34.2,17722.215737553,"project()"
34.4,18037.5164723466,"project()"
34.6,18345.1830767173,"project()"
34.8,18645.0837059535,"project()"
35,18937.1174210142,"project()"
35.2,19221.2125379504,"project()"
35.4,19497.3249015094,"project()"
35.6,19765.4361087943,"project()"
35.8,20025.5517063115,"project()"
36,20277.6993811578,"project()"
36.2,20521.9271645434,"project()"
36.4,20758.3016633707,"project()"
36.6,20986.9063332176,"project()"
36.8,21207.8398038453,"project()"
37,21421.2142662853,"project()"
37.2,21627.1539286569,"project()"
37.4,21825.7935461541,"project()"
37.6,22017.277029094,"project()"
37.8,22201.7561315605,"project()"
38,22379.3892219782,"project()"
38.2,22550.3401359212,"project()"
38.4,22714.7771105799,"project()"
38.6,22872.8717995653,"project()"
38.8,23024.7983661189,"project()"
39,23170.7326522969,"project()"
39.2,23310.8514213052,"project()"
39.4,23445.3316698585,"project()"
39.6,23574.3500072201,"project()"
39.8,23698.0820974238,"project()"
40,23816.7021610989,"project()"
40.2,23930.3825332753,"project()"
40.4,24039.293273559,"project()"
40.6,24143.60182511,"project()"
40.8,24243.4727189297,"project()"
41,24339.0673200627,"project()"
41.2,24430.5436124359,"project()"
41.4,24518.0560191899,"project()"
41.6,24601.7552554985,"project()"
41.8,24681.788211024,"project()"
42,24758.2978593081,"project()"
42.2,24831.423191555,"project()"
42.4,24901.2991724193,"project()"
42.6,24968.0567155651,"project()"
42.8,25031.8226769138,"project()"
43,25092.7198636449,"project()"
43.2,25150.8670571578,"project()"
43.4,25206.3790483349,"project()"
43.6,25259.3666835832,"project()"
43.8,25309.9369202478,"project()"
44,25358.192890115,"project()"
44.2,25404.2339698295,"project()"
44.4,25448.1558571555,"project()"
44.6,25490.0506521094,"project()"
44.8,25530.0069420833,"project()"
45,25568.1098901616,"project()"
45.2,25604.4413259152,"project()"
45.4,25639.0798380286,"project()"
45.6,25672.1008681823,"project()"
45.8,25703.5768056791,"project()"
46,25733.5770823551,"project()"
46.2,25762.1682673736,"project()"
46.4,25789.414161546,"project()"
46.6,25815.3758908678,"project()"
46.8,25840.1119989998,"project()"
47,25863.6785384598,"project()"
47.2,25886.129160324,"project()"
47.4,25907.5152022674,"project()"
47.6,25927.8857747999,"project()"
47.8,25947.2878455798,"project()"
48,25965.766321707,"project()"
48.2,25983.3641299206,"project()"
48.4,26000.1222946409,"project()"
48.6,26016.0800138136,"project()"
48.8,26031.2747325267,"project()"
49,26045.7422143843,"project()"
49.2,26059.5166106317,"project()"
49.4,26072.6305270354,"project()"
49.6,26085.1150885335,"project()"
49.8,26097.0000016726,"project()"
50,26108.3136148628,"project()"
50.2,26119.0829764785,"project()"
50.4,26129.3338908453,"project()"
50.6,26139.0909721515,"project()"
50.8,26148.3776963303,"project()"
51,26157.2164509571,"project()"
51.2,26165.628583214,"project()"
51.4,26173.634445969,"project()"
51.6,26181.2534420241,"project()"
51.8,26188.5040665844,"project()"
52,26195.403948001,"project()"
52.2,26201.9698868432,"project()"
52.4,26208.2178933507,"project()"
52.6,26214.1632233232,"project()"
52.8,26219.8204124967,"project()"
53,26225.2033094622,"project()"
53.2,26230.3251071758,"project()"
53.4,26235.1983731139,"project()"
53.6,26239.8350781214,"project()"
53.8,26244.2466240033,"project()"
54,26248.4438699068,"project()"
54.2,26252.4371575413,"project()"
54.4,26256.236335281,"project()"
54.6,26259.8507811958,"project()"
54.8,26263.2894250518,"project()"
55,26266.560769325,"project()"
55.2,26269.6729092671,"project()"
55.4,26272.6335520639,"project()"
55.6,26275.4500351232,"project()"
55.8,26278.1293435295,"project()"
56,26280.6781267005,"project()"
56.2,26283.1027142797,"project()"
56.4,26285.4091312978,"project()"
56.6,26287.603112635,"project()"
56.8,26289.690116814,"project()"
57,26291.6753391534,"project()"
57.2,26293.5637243098,"project()"
57.4,26295.3599782357,"project()"
57.6,26297.0685795787,"project()"
57.8,26298.6937905477,"project()"
58,26300.2396672691,"project()"
58.2,26301.7100696573,"project()"
58.4,26303.1086708201,"project()"
58.6,26304.4389660213,"project()"
58.8,26305.7042812197,"project()"
59,26306.9077812045,"project()"
59.2,26308.0524773457,"project()"
59.4,26309.1412349766,"project()"
59.6,26310.1767804261,"project()"
59.8,26311.1617077163,"project()"
60,26312.0984849414,"project()"
60.2,26312.9894603428,"project()"
60.4,26313.8368680943,"project()"
60.6,26314.6428338106,"project()"
60.8,26315.4093797931,"project()"
61,26316.138430024,"project()"
61.2,26316.8318149219,"project()"
61.4,26317.4912758686,"project()"
61.6,26318.1184695197,"project()"
61.8,26318.7149719071,"project()"
62,26319.2822823454,"project()"
62.2,26319.82182715,"project()"
62.4,26320.3349631757,"project()"
62.6,26320.8229811864,"project()"
62.8,26321.2871090605,"project()"
63,26321.7285148438,"project()"
63.2,26322.1483096534,"project()"
63.4,26322.5475504424,"project()"
63.6,26322.9272426309,"project()"
63.8,26323.2883426097,"project()"
64,26323.6317601234,"project()"
64.2,26323.9583605375,"project()"
64.4,26324.2689669967,"project()"
64.6,26324.5643624781,"project()"
64.8,26324.8452917452,"project()"
65,26325.1124632075,"project()"
65.2,26325.3665506893,"project()"
65.4,26325.6081951135,"project()"
65.6,26325.8380061032,"project()"
65.8,26326.0565635064,"project()"
66,26326.2644188455,"project()"
66.2,26326.4620966973,"project()"
66.4,26326.6500960063,"project()"
66.6,26326.8288913332,"project()"
66.8,26326.9989340435,"project()"
67,26327.160653438,"project()"
67.2,26327.3144578291,"project()"
67.4,26327.4607355632,"project()"
67.6,26327.5998559952,"project()"
67.8,26327.7321704147,"project()"
68,26327.8580129267,"project()"
68.2,26327.9777012905,"project()"
68.4,26328.0915377173,"project()"
68.6,26328.1998096284,"project()"
68.8,26328.3027903777,"project()"
69,26328.400739938,"project()"
69.2,26328.4939055543,"project()"
69.4,26328.5825223652,"project()"
69.6,26328.6668139942,"project()"
69.8,26328.746993112,"project()"
70,26328.8232619713,"project()"
70.2,26328.895812916,"project()"
70.4,26328.9648288649,"project()"
70.6,26329.0304837727,"project()"
70.8,26329.0929430674,"project()"
71,26329.1523640675,"project()"
71.2,26329.2088963782,"project()"
71.4,26329.2626822685,"project()"
71.6,26329.3138570295,"project()"
71.8,26329.3625493161,"project()"
72,26329.4088814712,"project()"
72.2,26329.4529698342,"project()"
72.4,26329.4949250351,"project()"
72.6,26329.5348522733,"project()"
72.8,26329.5728515835,"project()"
73,26329.6090180885,"project()"
73.2,26329.643442239,"project()"
73.4,26329.6762100431,"project()"
73.6,26329.707403283,"project()"
73.8,26329.7370997221,"project()"
74,26329.7653733018,"project()"
74.2,26329.7922943285,"project()"
74.4,26329.8179296517,"project()"
74.6,26329.8423428333,"project()"
74.8,26329.8655943085,"project()"
75,26329.887741539,"project()"
75.2,26329.9088391587,"project()"
75.4,26329.9289391124,"project()"
75.6,26329.9480907871,"project()"
75.8,26329.966341138,"project()"
76,26329.9837348072,"project()"
76.2,26330.0003142373,"project()"
76.4,26330.0161197793,"project()"
76.6,26330.0311897949,"project()"
76.8,26330.0455607543,"project()"
77,26330.0592673291,"project()"
77.2,26330.0723424802,"project()"
77.4,26330.0848175417,"project()"
77.6,26330.0967223014,"project()"
77.8,26330.1080850759,"project()"
78,26330.1189327831,"project()"
78.2,26330.1292910111,"project()"
78.4,26330.1391840832,"project()"
78.6,26330.1486351202,"project()"
78.8,26330.1576660994,"project()"
79,26330.1662979108,"project()"
79.2,26330.1745504106,"project()"
79.4,26330.1824424717,"project()"
79.6,26330.1899920325,"project()"
79.8,26330.1972161425,"project()"
80,26330.2041310063,"project()"
80.2,26330.2107520249,"project()"
80.4,26330.2170938353,"project()"
80.6,26330.2231703482,"project()"
80.8,26330.2289947838,"project()"
81,26330.2345797054,"project()"
81.2,26330.2399370523,"project()"
81.4,26330.2450781702,"project()"
81.6,26330.2500138405,"project()"
81.8,26330.2547543081,"project()"
82,26330.2593093079,"project()"
82.2,26330.26368809,"project()"
82.4,26330.2678994435,"project()"
82.6,26330.271951719,"project()"
82.8,26330.2758528511,"project()"
83,26330.2796103777,"project()"
83.2,26330.2832314607,"project()"
83.4,26330.286722904,"project()"
83.6,26330.2900911711,"project()"
83.8,26330.2933424024,"project()"
84,26330.2964824308,"project()"
84.2,26330.2995167968,"project()"
84.4,26330.3024507635,"project()"
84.6,26330.3052893297,"project()"
84.8,26330.3080372436,"project()"
85,26330.3106990145,"project()"
85.2,26330.3132789255,"project()"
85.4,26330.3157810438,"project()"
85.6,26330.3182092322,"project()"
85.8,26330.3205671586,"project()"
86,26330.3228583061,"project()"
86.2,26330.3250859822,"project()"
86.4,26330.327253327,"project()"
86.6,26330.3293633222,"project()"
86.8,26330.3314187985,"project()"
87,26330.3334224433,"project()"
87.2,26330.3353768078,"project()"
87.4,26330.3372843138,"project()"
87.6,26330.3391472601,"project()"
87.8,26330.3409678286,"project()"
88,26330.3427480903,"project()"
88.2,26330.3444900107,"project()"
88.4,26330.346195455,"project()"
88.6,26330.3478661934,"project()"
88.8,26330.3495039053,"project()"
89,26330.3511101846,"project()"
89.2,26330.3526865433,"project()"
89.4,26330.354234416,"project()"
89.6,26330.3557551637,"project()"
89.8,26330.3572500772,"project()"
90,26330.3587203811,"project()"
90.2,26330.3601672369,"project()"
90.4,26330.3615917461,"project()"
90.6,26330.3629949533,"project()"
90.8,26330.364377849,"project()"
91,26330.3657413725,"project()"
91.2,26330.3670864142,"project()"
91.4,26330.3684138185,"project()"
91.6,26330.3697243856,"project()"
91.8,26330.3710188741,"project()"
92,26330.372298003,"project()"
92.2,26330.3735624537,"project()"
92.4,26330.3748128719,"project()"
92.6,26330.3760498694,"project()"
92.8,26330.377274026,"project()"
93,26330.3784858908,"project()"
93.2,26330.379685984,"project()"
93.4,26330.3808747983,"project()"
93.6,26330.3820528005,"project()"
93.8,26330.3832204325,"project()"
94,26330.3843781126,"project()"
94.2,26330.385526237,"project()"
94.4,26330.3866651808,"project()"
94.6,26330.387795299,"project()"
94.8,26330.3889169276,"project()"
95,26330.3900303845,"project()"
95.2,26330.3911359705,"project()"
95.4,26330.3922339703,"project()"
95.6,26330.3933246532,"project()"
95.8,26330.3944082739,"project()"
96,26330.3954850733,"project()"
96.2,26330.396555279,"project()"
96.4,26330.3976191066,"project()"
96.6,26330.3986767596,"project()"
96.8,26330.3997284304,"project()"
97,26330.4007743009,"project()"
97.2,26330.4018145431,"project()"
97.4,26330.4028493193,"project()"
97.6,26330.403878783,"project()"
97.8,26330.404903079,"project()"
98,26330.4059223442,"project()"
98.2,26330.406936708,"project()"
98.4,26330.4079462923,"project()"
98.6,26330.4089512123,"project()"
98.8,26330.4099515767,"project()"
99,26330.4109474882,"project()"
99.2,26330.4119390437,"project()"
99.4,26330.4129263344,"project()"
99.6,26330.4139094465,"project()"
99.8,26330.4148884615,"project()"
100,26330.4158634558,"project()"
100.2,26330.4168345018,"project()"
100.4,26330.4178016677,"project()"
100.6,26330.4187650178,"project()"
100.8,26330.4197246125,"project()"
101,26330.420680509,"project()"
101.2,26330.4216327611,"project()"
101.4,26330.4225814195,"project()"
101.6,26330.4235265319,"project()"
101.8,26330.4244681434,"project()"
102,26330.4254062963,"project()"
102.2,26330.4263410306,"project()"
102.4,26330.4272723839,"project()"
102.6,26330.4282003916,"project()"
102.8,26330.4291250872,"project()"
103,26330.4300465021,"project()"
103.2,26330.4309646659,"project()"
103.4,26330.4318796066,"project()"
103.6,26330.4327913504,"project()"
103.8,26330.4336999221,"project()"
104,26330.4346053451,"project()"
104.2,26330.4355076415,"project()"
104.4,26330.4364068319,"project()"
104.6,26330.4373029361,"project()"
104.8,26330.4381959724,"project()"
105,26330.4390859583,"project()"
105.2,26330.4399729104,"project()"
105.4,26330.4408568441,"project()"
105.6,26330.4417377743,"project()"
105.8,26330.4426157148,"project()"
106,26330.4434906788,"project()"
106.2,26330.4443626788,"project()"
106.4,26330.4452317267,"project()"
106.6,26330.4460978337,"project()"
106.8,26330.4469610105,"project()"
107,26330.4478212672,"project()"
107.2,26330.4486786135,"project()"
107.4,26330.4495330587,"project()"
107.6,26330.4503846115,"project()"
107.8,26330.4512332805,"project()"
108,26330.4520790735,"project()"
108.2,26330.4529219985,"project()"
108.4,26330.4537620628,"project()"
108.6,26330.4545992735,"project()"
108.8,26330.4554336377,"project()"
109,26330.4562651619,"project()"
109.2,26330.4570938526,"project()"
109.4,26330.4579197161,"project()"
109.6,26330.4587427584,"project()"
109.8,26330.4595629855,"project()"
110,26330.4603804031,"project()"
110.2,26330.461195017,"project()"
110.4,26330.4620068325,"project()"
110.6,26330.4628158553,"project()"
110.8,26330.4636220906,"project()"
111,26330.4644255436,"project()"
111.2,26330.4652262196,"project()"
111.4,26330.4660241237,"project()"
111.6,26330.466819261,"project()"
111.8,26330.4676116365,"project()"
112,26330.4684012553,"project()"
112.2,26330.4691881223,"project()"
112.4,26330.4699722425,"project()"
112.6,26330.4707536209,"project()"
112.8,26330.4715322623,"project()"
113,26330.4723081719,"project()"
113.2,26330.4730813545,"project()"
113.4,26330.4738518151,"project()"
113.6,26330.4746195586,"project()"
113.8,26330.4753845902,"project()"
114,26330.4761469147,"project()"
114.2,26330.4769065373,"project()"
114.4,26330.477663463,"project()"
114.6,26330.4784176969,"project()"
114.8,26330.4791692441,"project()"
115,26330.4799181099,"project()"
115.2,26330.4806642994,"project()"
115.4,26330.4814078179,"project()"
115.6,26330.4821486706,"project()"
115.8,26330.482886863,"project()"
116,26330.4836224003,"project()"
116.2,26330.484355288,"project()"
116.4,26330.4850855316,"project()"
116.6,26330.4858131365,"project()"
116.8,26330.4865381084,"project()"
117,26330.4872604528,"project()"
117.2,26330.4879801753,"project()"
117.4,26330.4886972817,"project()"
117.6,26330.4894117777,"project()"
117.8,26330.4901236692,"project()"
118,26330.4908329619,"project()"
118.2,26330.4915396617,"project()"
118.4,26330.4922437746,"project()"
118.6,26330.4929453066,"project()"
118.8,26330.4936442636,"project()"
119,26330.4943406519,"project()"
119.2,26330.4950344774,"project()"
119.4,26330.4957257464,"project()"
119.6,26330.4964144651,"project()"
119.8,26330.4971006397,"project()"
120,26330.4977842766,"project()"
120.2,26330.498465382,"project()"
120.4,26330.4991439625,"project()"
120.6,26330.4998200243,"project()"
120.8,26330.500493574,"project()"
121,26330.5011646181,"project()"
121.2,26330.5018331631,"project()"
121.4,26330.5024992157,"project()"
121.6,26330.5031627824,"project()"
121.8,26330.5038238699,"project()"
122,26330.5044824849,"project()"
122.2,26330.5051386342,"project()"
122.4,26330.5057923245,"project()"
122.6,26330.5064435626,"project()"
122.8,26330.5070923553,"project()"
123,26330.5077387096,"project()"
123.2,26330.5083826323,"project()"
123.4,26330.5090241303,"project()"
123.6,26330.5096632106,"project()"
123.8,26330.5102998801,"project()"
124,26330.5109341459,"project()"
124.2,26330.5115660151,"project()"
124.4,26330.5121954946,"project()"
124.6,26330.5128225915,"project()"
124.8,26330.513447313,"project()"
125,26330.5140696662,"project()"
125.2,26330.5146896582,"project()"
125.4,26330.5153072962,"project()"
125.6,26330.5159225873,"project()"
125.8,26330.5165355389,"project()"
126,26330.5171461581,"project()"
126.2,26330.5177544521,"project()"
126.4,26330.5183604282,"project()"
126.6,26330.5189640937,"project()"
126.8,26330.5195654559,"project()"
127,26330.5201645221,"project()"
127.2,26330.5207612995,"project()"
127.4,26330.5213557955,"project()"
127.6,26330.5219480175,"project()"
127.8,26330.5225379728,"project()"
128,26330.5231256688,"project()"
128.2,26330.5237111127,"project()"
128.4,26330.5242943121,"project()"
128.6,26330.5248752742,"project()"
128.8,26330.5254540065,"project()"
129,26330.5260305164,"project()"
129.2,26330.5266048112,"project()"
129.4,26330.5271768983,"project()"
129.6,26330.5277467852,"project()"
129.8,26330.5283144793,"project()"
130,26330.528879988,"project()"
130.2,26330.5294433187,"project()"
130.4,26330.5300044788,"project()"
130.6,26330.5305634758,"project()"
130.8,26330.531120317,"project()"
131,26330.5316750099,"project()"
131.2,26330.5322275618,"project()"
131.4,26330.5327779803,"project()"
131.6,26330.5333262728,"project()"
131.8,26330.5338724465,"project()"
132,26330.534416509,"project()"
132.2,26330.5349584677,"project()"
132.4,26330.5354983299,"project()"
132.6,26330.5360361031,"project()"
132.8,26330.5365717946,"project()"
133,26330.5371054118,"project()"
133.2,26330.5376369621,"project()"
133.4,26330.5381664528,"project()"
133.6,26330.5386938914,"project()"
133.8,26330.5392192852,"project()"
134,26330.5397426415,"project()"
134.2,26330.5402639677,"project()"
134.4,26330.5407832712,"project()"
134.6,26330.5413005591,"project()"
134.8,26330.5418158389,"project()"
135,26330.5423291179,"project()"
135.2,26330.5428404033,"project()"
135.4,26330.5433497024,"project()"
135.6,26330.5438570225,"project()"
135.8,26330.5443623709,"project()"
136,26330.5448657548,"project()"
136.2,26330.5453671814,"project()"
136.4,26330.545866658,"project()"
136.6,26330.5463641918,"project()"
136.8,26330.54685979,"project()"
137,26330.5473534598,"project()"
137.2,26330.5478452082,"project()"
137.4,26330.5483350426,"project()"
137.6,26330.54882297,"project()"
137.8,26330.5493089976,"project()"
138,26330.5497931324,"project()"
138.2,26330.5502753817,"project()"
138.4,26330.5507557524,"project()"
138.6,26330.5512342516,"project()"
138.8,26330.5517108864,"project()"
139,26330.5521856639,"project()"
139.2,26330.552658591,"project()"
139.4,26330.5531296747,"project()"
139.6,26330.5535989221,"project()"
139.8,26330.5540663401,"project()"
140,26330.5545319357,"project()"
140.2,26330.5549957158,"project()"
140.4,26330.5554576873,"project()"
140.6,26330.5559178571,"project()"
140.8,26330.5563762322,"project()"
141,26330.5568328193,"project()"
141.2,26330.5572876254,"project()"
141.4,26330.5577406572,"project()"
141.6,26330.5581919216,"project()"
141.8,26330.5586414254,"project()"
142,26330.5590891754,"project()"
142.2,26330.5595351782,"project()"
142.4,26330.5599794407,"project()"
142.6,26330.5604219696,"project()"
142.8,26330.5608627715,"project()"
143,26330.5613018532,"project()"
143.2,26330.5617392213,"project()"
143.4,26330.5621748824,"project()"
143.6,26330.5626088432,"project()"
143.8,26330.5630411103,"project()"
144,26330.5634716902,"project()"
144.2,26330.5639005896,"project()"
144.4,26330.564327815,"project()"
144.6,26330.5647533728,"project()"
144.8,26330.5651772696,"project()"
145,26330.565599512,"project()"
145.2,26330.5660201062,"project()"
145.4,26330.5664390589,"project()"
145.6,26330.5668563764,"project()"
145.8,26330.567272065,"project()"
146,26330.5676861313,"project()"
146.2,26330.5680985816,"project()"
146.4,26330.5685094221,"project()"
146.6,26330.5689186593,"project()"
146.8,26330.5693262993,"project()"
147,26330.5697323486,"project()"
147.2,26330.5701368133,"project()"
147.4,26330.5705396997,"project()"
147.6,26330.570941014,"project()"
147.8,26330.5713407624,"project()"
148,26330.5717389511,"project()"
148.2,26330.5721355862,"project()"
148.4,26330.5725306739,"project()"
148.6,26330.5729242203,"project()"
148.8,26330.5733162314,"project()"
149,26330.5737067133,"project()"
149.2,26330.5740956721,"project()"
149.4,26330.5744831138,"project()"
149.6,26330.5748690444,"project()"
149.8,26330.5752534699,"project()"
150,26330.5756363962,"project()"
150.2,26330.5760178293,"project()"
150.4,26330.5763977752,"project()"
150.6,26330.5767762397,"project()"
150.8,26330.5771532286,"project()"
151,26330.5775287479,"project()"
151.2,26330.5779028034,"project()"
151.4,26330.5782754009,"project()"
151.6,26330.5786465462,"project()"
151.8,26330.579016245,"project()"
152,26330.5793845032,"project()"
152.2,26330.5797513263,"project()"
152.4,26330.5801167203,"project()"
152.6,26330.5804806907,"project()"
152.8,26330.5808432432,"project()"
153,26330.5812043834,"project()"
153.2,26330.581564117,"project()"
153.4,26330.5819224496,"project()"
153.6,26330.5822793868,"project()"
153.8,26330.5826349341,"project()"
154,26330.582989097,"project()"
154.2,26330.5833418811,"project()"
154.4,26330.583693292,"project()"
154.6,26330.5840433349,"project()"
154.8,26330.5843920155,"project()"
155,26330.5847393391,"project()"
155.2,26330.5850853113,"project()"
155.4,26330.5854299372,"project()"
155.6,26330.5857732224,"project()"
155.8,26330.5861151722,"project()"
156,26330.5864557919,"project()"
156.2,26330.5867950869,"project()"
156.4,26330.5871330623,"project()"
156.6,26330.5874697236,"project()"
156.8,26330.5878050759,"project()"
157,26330.5881391245,"project()"
157.2,26330.5884718745,"project()"
157.4,26330.5888033312,"project()"
157.6,26330.5891334998,"project()"
157.8,26330.5894623853,"project()"
158,26330.5897899929,"project()"
158.2,26330.5901163278,"project()"
158.4,26330.590441395,"project()"
158.6,26330.5907651995,"project()"
158.8,26330.5910877464,"project()"
159,26330.5914090408,"project()"
159.2,26330.5917290877,"project()"
159.4,26330.5920478919,"project()"
159.6,26330.5923654586,"project()"
159.8,26330.5926817926,"project()"
160,26330.5929968989,"project()"
160.2,26330.5933107824,"project()"
160.4,26330.5936234479,"project()"
160.6,26330.5939349004,"project()"
160.8,26330.5942451447,"project()"
161,26330.5945541856,"project()"
161.2,26330.5948620279,"project()"
161.4,26330.5951686765,"project()"
161.6,26330.595474136,"project()"
161.8,26330.5957784113,"project()"
162,26330.596081507,"project()"
162.2,26330.5963834279,"project()"
162.4,26330.5966841787,"project()"
162.6,26330.5969837641,"project()"
162.8,26330.5972821887,"project()"
163,26330.5975794571,"project()"
163.2,26330.597875574,"project()"
163.4,26330.5981705439,"project()"
163.6,26330.5984643715,"project()"
163.8,26330.5987570613,"project()"
164,26330.5990486179,"project()"
164.2,26330.5993390457,"project()"
164.4,26330.5996283493,"project()"
164.6,26330.5999165332,"project()"
164.8,26330.6002036017,"project()"
165,26330.6004895595,"project()"
165.2,26330.6007744109,"project()"
165.4,26330.6010581603,"project()"
165.6,26330.6013408122,"project()"
165.8,26330.6016223709,"project()"
166,26330.6019028407,"project()"
166.2,26330.602182226,"project()"
166.4,26330.6024605311,"project()"
166.6,26330.6027377604,"project()"
166.8,26330.6030139181,"project()"
167,26330.6032890085,"project()"
167.2,26330.6035630358,"project()"
167.4,26330.6038360043,"project()"
167.6,26330.6041079182,"project()"
167.8,26330.6043787817,"project()"
168,26330.604648599,"project()"
168.2,26330.6049173742,"project()"
168.4,26330.6051851114,"project()"
168.6,26330.6054518149,"project()"
168.8,26330.6057174888,"project()"
169,26330.605982137,"project()"
169.2,26330.6062457638,"project()"
169.4,26330.6065083731,"project()"
169.6,26330.606769969,"project()"
169.8,26330.6070305555,"project()"
170,26330.6072901367,"project()"
170.2,26330.6075487165,"project()"
170.4,26330.607806299,"project()"
170.6,26330.608062888,"project()"
170.8,26330.6083184875,"project()"
171,26330.6085731014,"project()"
171.2,26330.6088267337,"project()"
171.4,26330.6090793883,"project()"
171.6,26330.609331069,"project()"
171.8,26330.6095817797,"project()"
172,26330.6098315242,"project()"
172.2,26330.6100803063,"project()"
172.4,26330.61032813,"project()"
172.6,26330.6105749989,"project()"
172.8,26330.6108209169,"project()"
173,26330.6110658877,"project()"
173.2,26330.611309915,"project()"
173.4,26330.6115530027,"project()"
173.6,26330.6117951544,"project()"
173.8,26330.6120363738,"project()"
174,26330.6122766646,"project()"
174.2,26330.6125160306,"project()"
174.4,26330.6127544752,"project()"
174.6,26330.6129920022,"project()"
174.8,26330.6132286153,"project()"
175,26330.6134643179,"project()"
175.2,26330.6136991138,"project()"
175.4,26330.6139330064,"project()"
175.6,26330.6141659994,"project()"
175.8,26330.6143980963,"project()"
176,26330.6146293006,"project()"
176.2,26330.6148596159,"project()"
176.4,26330.6150890456,"project()"
176.6,26330.6153175933,"project()"
176.8,26330.6155452624,"project()"
177,26330.6157720564,"project()"
177.2,26330.6159979787,"project()"
177.4,26330.6162230328,"project()"
177.6,26330.6164472221,"project()"
177.8,26330.6166705499,"project()"
178,26330.6168930197,"project()"
178.2,26330.6171146348,"project()"
178.4,26330.6173353986,"project()"
178.6,26330.6175553145,"project()"
178.8,26330.6177743857,"project()"
179,26330.6179926156,"project()"
179.2,26330.6182100075,"project()"
179.4,26330.6184265647,"project()"
179.6,26330.6186422905,"project()"
179.8,26330.618857188,"project()"
180,26330.6190712606,"project()"
180.2,26330.6192845115,"project()"
180.4,26330.6194969439,"project()"
180.6,26330.6197085611,"project()"
180.8,26330.6199193661,"project()"
181,26330.6201293623,"project()"
181.2,26330.6203385527,"project()"
181.4,26330.6205469405,"project()"
181.6,26330.6207545289,"project()"
181.8,26330.620961321,"project()"
182,26330.6211673198,"project()"
182.2,26330.6213725285,"project()"
182.4,26330.6215769502,"project()"
182.6,26330.621780588,"project()"
182.8,26330.6219834448,"project()"
183,26330.6221855238,"project()"
183.2,26330.622386828,"project()"
183.4,26330.6225873604,"project()"
183.6,26330.622787124,"project()"
183.8,26330.6229861219,"project()"
184,26330.6231843569,"project()"
184.2,26330.6233818321,"project()"
184.4,26330.6235785505,"project()"
184.6,26330.6237745149,"project()"
184.8,26330.6239697283,"project()"
185,26330.6241641936,"project()"
185.2,26330.6243579137,"project()"
185.4,26330.6245508916,"project()"
185.6,26330.6247431301,"project()"
185.8,26330.6249346321,"project()"
186,26330.6251254004,"project()"
186.2,26330.625315438,"project()"
186.4,26330.6255047475,"project()"
186.6,26330.6256933319,"project()"
186.8,26330.625881194,"project()"
187,26330.6260683365,"project()"
187.2,26330.6262547623,"project()"
187.4,26330.6264404741,"project()"
187.6,26330.6266254747,"project()"
187.8,26330.6268097669,"project()"
188,26330.6269933533,"project()"
188.2,26330.6271762368,"project()"
188.4,26330.6273584199,"project()"
188.6,26330.6275399055,"project()"
188.8,26330.6277206963,"project()"
189,26330.6279007949,"project()"
189.2,26330.6280802039,"project()"
189.4,26330.6282589262,"project()"
189.6,26330.6284369642,"project()"
189.8,26330.6286143206,"project()"
190,26330.6287909982,"project()"
190.2,26330.6289669994,"project()"
190.4,26330.6291423269,"project()"
190.6,26330.6293169833,"project()"
190.8,26330.6294909712,"project()"
191,26330.6296642931,"project()"
191.2,26330.6298369517,"project()"
191.4,26330.6300089494,"project()"
191.6,26330.6301802887,"project()"
191.8,26330.6303509724,"project()"
192,26330.6305210027,"project()"
192.2,26330.6306903823,"project()"
192.4,26330.6308591137,"project()"
192.6,26330.6310271993,"project()"
192.8,26330.6311946417,"project()"
193,26330.6313614432,"project()"
193.2,26330.6315276064,"project()"
193.4,26330.6316931337,"project()"
193.6,26330.6318580275,"project()"
193.8,26330.6320222903,"project()"
194,26330.6321859244,"project()"
194.2,26330.6323489323,"project()"
194.4,26330.6325113164,"project()"
194.6,26330.632673079,"project()"
194.8,26330.6328342226,"project()"
195,26330.6329947495,"project()"
195.2,26330.633154662,"project()"
195.4,26330.6333139625,"project()"
195.6,26330.6334726534,"project()"
195.8,26330.6336307369,"project()"
196,26330.6337882154,"project()"
196.2,26330.6339450912,"project()"
196.4,26330.6341013666,"project()"
196.6,26330.6342570439,"project()"
196.8,26330.6344121253,"project()"
197,26330.6345666131,"project()"
197.2,26330.6347205096,"project()"
197.4,26330.634873817,"project()"
197.6,26330.6350265376,"project()"
197.8,26330.6351786736,"project()"
198,26330.6353302272,"project()"
198.2,26330.6354812006,"project()"
198.4,26330.6356315961,"project()"
198.6,26330.6357814158,"project()"
198.8,26330.6359306619,"project()"
199,26330.6360793367,"project()"
199.2,26330.6362274421,"project()"
199.4,26330.6363749805,"project()"
199.6,26330.636521954,"project()"
199.8,26330.6366683646,"project()"
200,26330.6368142146,"project()"
200.2,26330.636959506,"project()"
200.4,26330.637104241,"project()"
200.6,26330.6372484217,"project()"
200.8,26330.6373920502,"project()"
201,26330.6375351285,"project()"
201.2,26330.6376776588,"project()"
201.4,26330.6378196431,"project()"
201.6,26330.6379610834,"project()"
201.8,26330.6381019819,"project()"
202,26330.6382423405,"project()"
202.2,26330.6383821614,"project()"
202.4,26330.6385214465,"project()"
202.6,26330.6386601978,"project()"
202.8,26330.6387984174,"project()"
203,26330.6389361072,"project()"
203.2,26330.6390732693,"project()"
203.4,26330.6392099057,"project()"
203.6,26330.6393460182,"project()"
203.8,26330.639481609,"project()"
204,26330.6396166799,"project()"
204.2,26330.6397512329,"project()"
204.4,26330.63988527,"project()"
204.6,26330.640018793,"project()"
204.8,26330.640151804,"project()"
205,26330.6402843048,"project()"
205.2,26330.6404162973,"project()"
205.4,26330.6405477835,"project()"
205.6,26330.6406787653,"project()"
205.8,26330.6408092445,"project()"
206,26330.6409392231,"project()"
206.2,26330.6410687028,"project()"
206.4,26330.6411976856,"project()"
206.6,26330.6413261733,"project()"
206.8,26330.6414541679,"project()"
207,26330.641581671,"project()"
207.2,26330.6417086846,"project()"
207.4,26330.6418352105,"project()"
207.6,26330.6419612505,"project()"
207.8,26330.6420868064,"project()"
208,26330.6422118801,"project()"
208.2,26330.6423364733,"project()"
208.4,26330.6424605878,"project()"
208.6,26330.6425842254,"project()"
208.8,26330.6427073879,"project()"
209,26330.6428300771,"project()"
209.2,26330.6429522946,"project()"
209.4,26330.6430740424,"project()"
209.6,26330.643195322,"project()"
209.8,26330.6433161353,"project()"
210,26330.643436484,"project()"
210.2,26330.6435563698,"project()"
210.4,26330.6436757945,"project()"
210.6,26330.6437947597,"project()"
210.8,26330.6439132672,"project()"
211,26330.6440313186,"project()"
211.2,26330.6441489157,"project()"
211.4,26330.6442660601,"project()"
211.6,26330.6443827535,"project()"
211.8,26330.6444989976,"project()"
212,26330.6446147941,"project()"
212.2,26330.6447301445,"project()"
212.4,26330.6448450506,"project()"
212.6,26330.644959514,"project()"
212.8,26330.6450735364,"project()"
213,26330.6451871193,"project()"
213.2,26330.6453002644,"project()"
213.4,26330.6454129733,"project()"
213.6,26330.6455252476,"project()"
213.8,26330.645637089,"project()"
214,26330.645748499,"project()"
214.2,26330.6458594792,"project()"
214.4,26330.6459700312,"project()"
214.6,26330.6460801566,"project()"
214.8,26330.646189857,"project()"
215,26330.6462991339,"project()"
215.2,26330.6464079888,"project()"
215.4,26330.6465164234,"project()"
215.6,26330.6466244392,"project()"
215.8,26330.6467320377,"project()"
216,26330.6468392205,"project()"
216.2,26330.646945989,"project()"
216.4,26330.6470523449,"project()"
216.6,26330.6471582895,"project()"
216.8,26330.6472638245,"project()"
217,26330.6473689514,"project()"
217.2,26330.6474736715,"project()"
217.4,26330.6475779865,"project()"
217.6,26330.6476818978,"project()"
217.8,26330.647785407,"project()"
218,26330.6478885153,"project()"
218.2,26330.6479912245,"project()"
218.4,26330.6480935358,"project()"
218.6,26330.6481954507,"project()"
218.8,26330.6482969708,"project()"
219,26330.6483980974,"project()"
219.2,26330.6484988321,"project()"
219.4,26330.6485991761,"project()"
219.6,26330.648699131,"project()"
219.8,26330.6487986982,"project()"
220,26330.648897879,"project()"
220.2,26330.648996675,"project()"
220.4,26330.6490950875,"project()"
220.6,26330.6491931178,"project()"
220.8,26330.6492907675,"project()"
221,26330.6493880378,"project()"
221.2,26330.6494849303,"project()"
221.4,26330.6495814461,"project()"
221.6,26330.6496775868,"project()"
221.8,26330.6497733537,"project()"
222,26330.6498687481,"project()"
222.2,26330.6499637714,"project()"
222.4,26330.650058425,"project()"
222.6,26330.6501527101,"project()"
222.8,26330.6502466282,"project()"
223,26330.6503401806,"project()"
223.2,26330.6504333685,"project()"
223.4,26330.6505261934,"project()"
223.6,26330.6506186565,"project()"
223.8,26330.6507107591,"project()"
224,26330.6508025026,"project()"
224.2,26330.6508938883,"project()"
224.4,26330.6509849174,"project()"
224.6,26330.6510755912,"project()"
224.8,26330.6511659111,"project()"
225,26330.6512558783,"project()"
225.2,26330.6513454941,"project()"
225.4,26330.6514347598,"project()"
225.6,26330.6515236766,"project()"
225.8,26330.6516122458,"project()"
226,26330.6517004686,"project()"
226.2,26330.6517883464,"project()"
226.4,26330.6518758802,"project()"
226.6,26330.6519630715,"project()"
226.8,26330.6520499214,"project()"
227,26330.6521364312,"project()"
227.2,26330.652222602,"project()"
227.4,26330.6523084351,"project()"
227.6,26330.6523939318,"project()"
227.8,26330.6524790932,"project()"
228,26330.6525639205,"project()"
228.2,26330.652648415,"project()"
228.4,26330.6527325779,"project()"
228.6,26330.6528164103,"project()"
228.8,26330.6528999134,"project()"
229,26330.6529830884,"project()"
229.2,26330.6530659365,"project()"
229.4,26330.6531484589,"project()"
229.6,26330.6532306567,"project()"
229.8,26330.6533125311,"project()"
230,26330.6533940833,"project()"
230.2,26330.6534753144,"project()"
230.4,26330.6535562256,"project()"
230.6,26330.653636818,"project()"
230.8,26330.6537170928,"project()"
231,26330.6537970511,"project()"
231.2,26330.653876694,"project()"
231.4,26330.6539560227,"project()"
231.6,26330.6540350383,"project()"
231.8,26330.6541137419,"project()"
232,26330.6541921346,"project()"
232.2,26330.6542702176,"project()"
232.4,26330.654347992,"project()"
232.6,26330.6544254588,"project()"
232.8,26330.6545026191,"project()"
233,26330.6545794741,"project()"
233.2,26330.6546560249,"project()"
233.4,26330.6547322725,"project()"
233.6,26330.654808218,"project()"
233.8,26330.6548838625,"project()"
234,26330.654959207,"project()"
234.2,26330.6550342527,"project()"
234.4,26330.6551090006,"project()"
234.6,26330.6551834517,"project()"
234.8,26330.6552576072,"project()"
235,26330.655331468,"project()"
235.2,26330.6554050353,"project()"
235.4,26330.65547831,"project()"
235.6,26330.6555512933,"project()"
235.8,26330.655623986,"project()"
236,26330.6556963894,"project()"
236.2,26330.6557685044,"project()"
236.4,26330.655840332,"project()"
236.6,26330.6559118732,"project()"
236.8,26330.6559831291,"project()"
237,26330.6560541007,"project()"
237.2,26330.656124789,"project()"
237.4,26330.656195195,"project()"
237.6,26330.6562653197,"project()"
237.8,26330.6563351641,"project()"
238,26330.6564047291,"project()"
238.2,26330.6564740159,"project()"
238.4,26330.6565430253,"project()"
238.6,26330.6566117584,"project()"
238.8,26330.6566802161,"project()"
239,26330.6567483994,"project()"
239.2,26330.6568163093,"project()"
239.4,26330.6568839467,"project()"
239.6,26330.6569513126,"project()"
239.8,26330.657018408,"project()"
240,26330.6570852338,"project()"
240.2,26330.657151791,"project()"
240.4,26330.6572180805,"project()"
240.6,26330.6572841033,"project()"
240.8,26330.6573498602,"project()"
241,26330.6574153524,"project()"
241.2,26330.6574805806,"project()"
241.4,26330.6575455458,"project()"
241.6,26330.657610249,"project()"
241.8,26330.657674691,"project()"
242,26330.6577388728,"project()"
242.2,26330.6578027953,"project()"
242.4,26330.6578664595,"project()"
242.6,26330.6579298661,"project()"
242.8,26330.6579930162,"project()"
243,26330.6580559107,"project()"
243.2,26330.6581185503,"project()"
243.4,26330.6581809362,"project()"
243.6,26330.658243069,"project()"
243.8,26330.6583049497,"project()"
244,26330.6583665793,"project()"
244.2,26330.6584279585,"project()"
244.4,26330.6584890883,"project()"
244.6,26330.6585499695,"project()"
244.8,26330.658610603,"project()"
245,26330.6586709897,"project()"
245.2,26330.6587311305,"project()"
245.4,26330.6587910261,"project()"
245.6,26330.6588506775,"project()"
245.8,26330.6589100855,"project()"
246,26330.658969251,"project()"
246.2,26330.6590281749,"project()"
246.4,26330.6590868579,"project()"
246.6,26330.6591453009,"project()"
246.8,26330.6592035048,"project()"
247,26330.6592614703,"project()"
247.2,26330.6593191984,"project()"
247.4,26330.6593766899,"project()"
247.6,26330.6594339455,"project()"
247.8,26330.6594909661,"project()"
248,26330.6595477526,"project()"
248.2,26330.6596043056,"project()"
248.4,26330.6596606262,"project()"
248.6,26330.659716715,"project()"
248.8,26330.6597725729,"project()"
249,26330.6598282007,"project()"
249.2,26330.6598835992,"project()"
249.4,26330.6599387692,"project()"
249.6,26330.6599937114,"project()"
249.8,26330.6600484268,"project()"
250,26330.660102916,"project()"
250.2,26330.6601571798,"project()"
250.4,26330.6602112191,"project()"
250.6,26330.6602650346,"project()"
250.8,26330.6603186272,"project()"
251,26330.6603719974,"project()"
251.2,26330.6604251463,"project()"
251.4,26330.6604780744,"project()"
251.6,26330.6605307827,"project()"
251.8,26330.6605832718,"project()"
252,26330.6606355425,"project()"
252.2,26330.6606875956,"project()"
252.4,26330.6607394318,"project()"
252.6,26330.6607910519,"project()"
252.8,26330.6608424566,"project()"
253,26330.6608936467,"project()"
253.2,26330.6609446229,"project()"
253.4,26330.660995386,"project()"
253.6,26330.6610459366,"project()"
253.8,26330.6610962757,"project()"
254,26330.6611464038,"project()"
254.2,26330.6611963217,"project()"
254.4,26330.6612460301,"project()"
254.6,26330.6612955298,"project()"
254.8,26330.6613448214,"project()"
255,26330.6613939058,"project()"
255.2,26330.6614427836,"project()"
255.4,26330.6614914555,"project()"
255.6,26330.6615399223,"project()"
255.8,26330.6615881846,"project()"
256,26330.6616362431,"project()"
256.2,26330.6616840987,"project()"
256.4,26330.6617317519,"project()"
256.6,26330.6617792035,"project()"
256.8,26330.6618264541,"project()"
257,26330.6618735045,"project()"
257.2,26330.6619203553,"project()"
257.4,26330.6619670073,"project()"
257.6,26330.6620134611,"project()"
257.8,26330.6620597174,"project()"
258,26330.6621057769,"project()"
258.2,26330.6621516402,"project()"
258.4,26330.6621973081,"project()"
258.6,26330.6622427812,"project()"
258.8,26330.6622880602,"project()"
259,26330.6623331457,"project()"
259.2,26330.6623780384,"project()"
259.4,26330.662422739,"project()"
259.6,26330.6624672482,"project()"
259.8,26330.6625115665,"project()"
260,26330.6625556947,"project()"
260.2,26330.6625996334,"project()"
260.4,26330.6626433833,"project()"
260.6,26330.662686945,"project()"
260.8,26330.6627303191,"project()"
261,26330.6627735064,"project()"
261.2,26330.6628165073,"project()"
261.4,26330.6628593227,"project()"
261.6,26330.6629019531,"project()"
261.8,26330.6629443991,"project()"
262,26330.6629866615,"project()"
262.2,26330.6630287407,"project()"
262.4,26330.6630706375,"project()"
262.6,26330.6631123524,"project()"
262.8,26330.6631538862,"project()"
263,26330.6631952394,"project()"
263.2,26330.6632364126,"project()"
263.4,26330.6632774064,"project()"
263.6,26330.6633182215,"project()"
263.8,26330.6633588585,"project()"
264,26330.663399318,"project()"
264.2,26330.6634396006,"project()"
264.4,26330.6634797068,"project()"
264.6,26330.6635196374,"project()"
264.8,26330.6635593929,"project()"
265,26330.6635989738,"project()"
265.2,26330.6636383809,"project()"
265.4,26330.6636776147,"project()"
265.6,26330.6637166757,"project()"
265.8,26330.6637555646,"project()"
266,26330.663794282,"project()"
266.2,26330.6638328284,"project()"
266.4,26330.6638712045,"project()"
266.6,26330.6639094107,"project()"
266.8,26330.6639474478,"project()"
267,26330.6639853162,"project()"
267.2,26330.6640230166,"project()"
267.4,26330.6640605494,"project()"
267.6,26330.6640979154,"project()"
267.8,26330.664135115,"project()"
268,26330.6641721489,"project()"
268.2,26330.6642090175,"project()"
268.4,26330.6642457215,"project()"
268.6,26330.6642822613,"project()"
268.8,26330.6643186377,"project()"
269,26330.6643548511,"project()"
269.2,26330.664390902,"project()"
269.4,26330.6644267911,"project()"
269.6,26330.6644625189,"project()"
269.8,26330.6644980859,"project()"
270,26330.6645334927,"project()"
270.2,26330.6645687398,"project()"
270.4,26330.6646038277,"project()"
270.6,26330.6646387571,"project()"
270.8,26330.6646735284,"project()"
271,26330.6647081422,"project()"
271.2,26330.664742599,"project()"
271.4,26330.6647768994,"project()"
271.6,26330.6648110438,"project()"
271.8,26330.6648450328,"project()"
272,26330.664878867,"project()"
272.2,26330.6649125469,"project()"
272.4,26330.6649460729,"project()"
272.6,26330.6649794456,"project()"
272.8,26330.6650126656,"project()"
273,26330.6650457333,"project()"
273.2,26330.6650786493,"project()"
273.4,26330.665111414,"project()"
273.6,26330.6651440281,"project()"
273.8,26330.6651764919,"project()"
274,26330.665208806,"project()"
274.2,26330.665240971,"project()"
274.4,26330.6652729873,"project()"
274.6,26330.6653048553,"project()"
274.8,26330.6653365758,"project()"
275,26330.665368149,"project()"
275.2,26330.6653995756,"project()"
275.4,26330.6654308559,"project()"
275.6,26330.6654619906,"project()"
275.8,26330.6654929801,"project()"
276,26330.6655238248,"project()"
276.2,26330.6655545254,"project()"
276.4,26330.6655850822,"project()"
276.6,26330.6656154958,"project()"
276.8,26330.6656457666,"project()"
277,26330.6656758951,"project()"
277.2,26330.6657058818,"project()"
277.4,26330.6657357272,"project()"
277.6,26330.6657654317,"project()"
277.8,26330.6657949959,"project()"
278,26330.6658244201,"project()"
278.2,26330.665853705,"project()"
278.4,26330.6658828509,"project()"
278.6,26330.6659118583,"project()"
278.8,26330.6659407277,"project()"
279,26330.6659694595,"project()"
279.2,26330.6659980543,"project()"
279.4,26330.6660265124,"project()"
279.6,26330.6660548343,"project()"
279.8,26330.6660830206,"project()"
280,26330.6661110716,"project()"
280.2,26330.6661389877,"project()"
280.4,26330.6661667696,"project()"
280.6,26330.6661944175,"project()"
280.8,26330.666221932,"project()"
281,26330.6662493135,"project()"
281.2,26330.6662765625,"project()"
281.4,26330.6663036793,"project()"
281.6,26330.6663306645,"project()"
281.8,26330.6663575185,"project()"
282,26330.6663842416,"project()"
282.2,26330.6664108345,"project()"
282.4,26330.6664372974,"project()"
282.6,26330.6664636309,"project()"
282.8,26330.6664898354,"project()"
283,26330.6665159113,"project()"
283.2,26330.666541859,"project()"
283.4,26330.666567679,"project()"
283.6,26330.6665933716,"project()"
283.8,26330.6666189374,"project()"
284,26330.6666443768,"project()"
284.2,26330.6666696901,"project()"
284.4,26330.6666948778,"project()"
284.6,26330.6667199404,"project()"
284.8,26330.6667448782,"project()"
285,26330.6667696916,"project()"
285.2,26330.6667943811,"project()"
285.4,26330.6668189471,"project()"
285.6,26330.66684339,"project()"
285.8,26330.6668677102,"project()"
286,26330.6668919082,"project()"
286.2,26330.6669159842,"project()"
286.4,26330.6669399388,"project()"
286.6,26330.6669637724,"project()"
286.8,26330.6669874853,"project()"
287,26330.667011078,"project()"
287.2,26330.6670345508,"project()"
287.4,26330.6670579042,"project()"
287.6,26330.6670811385,"project()"
287.8,26330.6671042542,"project()"
288,26330.6671272517,"project()"
288.2,26330.6671501313,"project()"
288.4,26330.6671728934,"project()"
288.6,26330.6671955385,"project()"
288.8,26330.6672180669,"project()"
289,26330.6672404791,"project()"
289.2,26330.6672627753,"project()"
289.4,26330.667284956,"project()"
289.6,26330.6673070217,"project()"
289.8,26330.6673289725,"project()"
290,26330.667350809,"project()"
290.2,26330.6673725316,"project()"
290.4,26330.6673941406,"project()"
290.6,26330.6674156363,"project()"
290.8,26330.6674370192,"project()"
291,26330.6674582896,"project()"
291.2,26330.667479448,"project()"
291.4,26330.6675004947,"project()"
291.6,26330.66752143,"project()"
291.8,26330.6675422543,"project()"
292,26330.6675629681,"project()"
292.2,26330.6675835716,"project()"
292.4,26330.6676040652,"project()"
292.6,26330.6676244494,"project()"
292.8,26330.6676447244,"project()"
293,26330.6676648907,"project()"
293.2,26330.6676849486,"project()"
293.4,26330.6677048984,"project()"
293.6,26330.6677247406,"project()"
293.8,26330.6677444754,"project()"
294,26330.6677641033,"project()"
294.2,26330.6677836245,"project()"
294.4,26330.6678030395,"project()"
294.6,26330.6678223486,"project()"
294.8,26330.6678415521,"project()"
295,26330.6678606505,"project()"
295.2,26330.6678796439,"project()"
295.4,26330.6678985329,"project()"
295.6,26330.6679173178,"project()"
295.8,26330.6679359988,"project()"
296,26330.6679545763,"project()"
296.2,26330.6679730508,"project()"
296.4,26330.6679914225,"project()"
296.6,26330.6680096917,"project()"
296.8,26330.6680278589,"project()"
297,26330.6680459243,"project()"
297.2,26330.6680638882,"project()"
297.4,26330.6680817511,"project()"
297.6,26330.6680995133,"project()"
297.8,26330.6681171751,"project()"
298,26330.6681347367,"project()"
298.2,26330.6681521987,"project()"
298.4,26330.6681695612,"project()"
298.6,26330.6681868246,"project()"
298.8,26330.6682039893,"project()"
299,26330.6682210556,"project()"
299.2,26330.6682380238,"project()"
299.4,26330.6682548942,"project()"
299.6,26330.6682716671,"project()"
299.8,26330.668288343,"project()"
300,26330.668304922,"project()"
300.2,26330.6683214045,"project()"
300.4,26330.6683377909,"project()"
300.6,26330.6683540815,"project()"
300.8,26330.6683702765,"project()"
301,26330.6683863763,"project()"
301.2,26330.6684023812,"project()"
301.4,26330.6684182916,"project()"
301.6,26330.6684341076,"project()"
301.8,26330.6684498298,"project()"
302,26330.6684654583,"project()"
302.2,26330.6684809934,"project()"
302.4,26330.6684964356,"project()"
302.6,26330.668511785,"project()"
302.8,26330.668527042,"project()"
303,26330.6685422069,"project()"
303.2,26330.6685572801,"project()"
303.4,26330.6685722617,"project()"
303.6,26330.6685871521,"project()"
303.8,26330.6686019517,"project()"
304,26330.6686166607,"project()"
304.2,26330.6686312794,"project()"
304.4,26330.6686458081,"project()"
304.6,26330.6686602471,"project()"
304.8,26330.6686745967,"project()"
305,26330.6686888572,"project()"
305.2,26330.668703029,"project()"
305.4,26330.6687171122,"project()"
305.6,26330.6687311072,"project()"
305.8,26330.6687450143,"project()"
306,26330.6687588337,"project()"
306.2,26330.6687725658,"project()"
306.4,26330.6687862108,"project()"
306.6,26330.6687997691,"project()"
306.8,26330.6688132409,"project()"
307,26330.6688266265,"project()"
307.2,26330.6688399262,"project()"
307.4,26330.6688531403,"project()"
307.6,26330.668866269,"project()"
307.8,26330.6688793127,"project()"
308,26330.6688922716,"project()"
308.2,26330.668905146,"project()"
308.4,26330.6689179362,"project()"
308.6,26330.6689306424,"project()"
308.8,26330.668943265,"project()"
309,26330.6689558042,"project()"
309.2,26330.6689682603,"project()"
309.4,26330.6689806335,"project()"
309.6,26330.6689929242,"project()"
309.8,26330.6690051325,"project()"
310,26330.6690172589,"project()"
310.2,26330.6690293035,"project()"
310.4,26330.6690412666,"project()"
310.6,26330.6690531485,"project()"
310.8,26330.6690649495,"project()"
311,26330.6690766698,"project()"
311.2,26330.6690883097,"project()"
311.4,26330.6690998694,"project()"
311.6,26330.6691113493,"project()"
311.8,26330.6691227495,"project()"
312,26330.6691340704,"project()"
312.2,26330.6691453122,"project()"
312.4,26330.6691564752,"project()"
312.6,26330.6691675596,"project()"
312.8,26330.6691785657,"project()"
313,26330.6691894937,"project()"
313.2,26330.6692003439,"project()"
313.4,26330.6692111166,"project()"
313.6,26330.669221812,"project()"
313.8,26330.6692324304,"project()"
314,26330.669242972,"project()"
314.2,26330.6692534371,"project()"
314.4,26330.6692638259,"project()"
314.6,26330.6692741387,"project()"
314.8,26330.6692843758,"project()"
315,26330.6692945373,"project()"
315.2,26330.6693046235,"project()"
315.4,26330.6693146348,"project()"
315.6,26330.6693245712,"project()"
315.8,26330.6693344331,"project()"
316,26330.6693442208,"project()"
316.2,26330.6693539344,"project()"
316.4,26330.6693635742,"project()"
316.6,26330.6693731405,"project()"
316.8,26330.6693826334,"project()"
317,26330.6693920533,"project()"
317.2,26330.6694014004,"project()"
317.4,26330.6694106749,"project()"
317.6,26330.669419877,"project()"
317.8,26330.669429007,"project()"
318,26330.6694380652,"project()"
318.2,26330.6694470517,"project()"
318.4,26330.6694559668,"project()"
318.6,26330.6694648108,"project()"
318.8,26330.6694735838,"project()"
319,26330.6694822861,"project()"
319.2,26330.669490918,"project()"
319.4,26330.6694994797,"project()"
319.6,26330.6695079713,"project()"
319.8,26330.6695163932,"project()"
320,26330.6695247455,"project()"
320.2,26330.6695330286,"project()"
320.4,26330.6695412425,"project()"
320.6,26330.6695493877,"project()"
320.8,26330.6695574641,"project()"
321,26330.6695654722,"project()"
321.2,26330.6695734121,"project()"
321.4,26330.6695812841,"project()"
321.6,26330.6695890883,"project()"
321.8,26330.669596825,"project()"
322,26330.6696044944,"project()"
322.2,26330.6696120968,"project()"
322.4,26330.6696196323,"project()"
322.6,26330.6696271013,"project()"
322.8,26330.6696345038,"project()"
323,26330.6696418401,"project()"
323.2,26330.6696491105,"project()"
323.4,26330.6696563151,"project()"
323.6,26330.6696634542,"project()"
323.8,26330.669670528,"project()"
324,26330.6696775367,"project()"
324.2,26330.6696844804,"project()"
324.4,26330.6696913596,"project()"
324.6,26330.6696981742,"project()"
324.8,26330.6697049246,"project()"
325,26330.669711611,"project()"
325.2,26330.6697182335,"project()"
325.4,26330.6697247925,"project()"
325.6,26330.669731288,"project()"
325.8,26330.6697377203,"project()"
326,26330.6697440897,"project()"
326.2,26330.6697503962,"project()"
326.4,26330.6697566402,"project()"
326.6,26330.6697628218,"project()"
326.8,26330.6697689413,"project()"
327,26330.6697749988,"project()"
327.2,26330.6697809945,"project()"
327.4,26330.6697869287,"project()"
327.6,26330.6697928015,"project()"
327.8,26330.6697986132,"project()"
328,26330.669804364,"project()"
328.2,26330.669810054,"project()"
328.4,26330.6698156834,"project()"
328.6,26330.6698212525,"project()"
328.8,26330.6698267615,"project()"
329,26330.6698322105,"project()"
329.2,26330.6698375997,"project()"
329.4,26330.6698429294,"project()"
329.6,26330.6698481997,"project()"
329.8,26330.6698534109,"project()"
330,26330.6698585631,"project()"
330.2,26330.6698636565,"project()"
330.4,26330.6698686913,"project()"
330.6,26330.6698736678,"project()"
330.8,26330.669878586,"project()"
331,26330.6698834463,"project()"
331.2,26330.6698882487,"project()"
331.4,26330.6698929935,"project()"
331.6,26330.6698976809,"project()"
331.8,26330.669902311,"project()"
332,26330.669906884,"project()"
332.2,26330.6699114002,"project()"
332.4,26330.6699158597,"project()"
332.6,26330.6699202627,"project()"
332.8,26330.6699246094,"project()"
333,26330.6699289,"project()"
333.2,26330.6699331346,"project()"
333.4,26330.6699373135,"project()"
333.6,26330.6699414368,"project()"
333.8,26330.6699455047,"project()"
334,26330.6699495174,"project()"
334.2,26330.669953475,"project()"
334.4,26330.6699573779,"project()"
334.6,26330.669961226,"project()"
334.8,26330.6699650197,"project()"
335,26330.6699687591,"project()"
335.2,26330.6699724443,"project()"
335.4,26330.6699760756,"project()"
335.6,26330.6699796532,"project()"
335.8,26330.6699831771,"project()"
336,26330.6699866476,"project()"
336.2,26330.6699900649,"project()"
336.4,26330.6699934291,"project()"
336.6,26330.6699967404,"project()"
336.8,26330.669999999,"project()"
337,26330.6700032051,"project()"
337.2,26330.6700063587,"project()"
337.4,26330.6700094602,"project()"
337.6,26330.6700125097,"project()"
337.8,26330.6700155073,"project()"
338,26330.6700184532,"project()"
338.2,26330.6700213476,"project()"
338.4,26330.6700241907,"project()"
338.6,26330.6700269825,"project()"
338.8,26330.6700297234,"project()"
339,26330.6700324135,"project()"
339.2,26330.6700350528,"project()"
339.4,26330.6700376417,"project()"
339.6,26330.6700401802,"project()"
339.8,26330.6700426686,"project()"
340,26330.6700451069,"project()"
340.2,26330.6700474954,"project()"
340.4,26330.6700498343,"project()"
340.6,26330.6700521236,"project()"
340.8,26330.6700543635,"project()"
341,26330.6700565543,"project()"
341.2,26330.6700586961,"project()"
341.4,26330.670060789,"project()"
341.6,26330.6700628332,"project()"
341.8,26330.6700648288,"project()"
342,26330.6700667761,"project()"
342.2,26330.6700686752,"project()"
342.4,26330.6700705262,"project()"
342.6,26330.6700723292,"project()"
342.8,26330.6700740846,"project()"
343,26330.6700757923,"project()"
343.2,26330.6700774527,"project()"
343.4,26330.6700790657,"project()"
343.6,26330.6700806317,"project()"
343.8,26330.6700821506,"project()"
344,26330.6700836228,"project()"
344.2,26330.6700850483,"project()"
344.4,26330.6700864273,"project()"
344.6,26330.6700877599,"project()"
344.8,26330.6700890464,"project()"
345,26330.6700902868,"project()"
345.2,26330.6700914814,"project()"
345.4,26330.6700926302,"project()"
345.6,26330.6700937334,"project()"
345.8,26330.6700947911,"project()"
346,26330.6700958036,"project()"
346.2,26330.670096771,"project()"
346.4,26330.6700976933,"project()"
346.6,26330.6700985709,"project()"
346.8,26330.6700994037,"project()"
347,26330.670100192,"project()"
347.2,26330.6701009359,"project()"
347.4,26330.6701016356,"project()"
347.6,26330.6701022911,"project()"
347.8,26330.6701029027,"project()"
348,26330.6701034705,"project()"
348.2,26330.6701039946,"project()"
348.4,26330.6701044752,"project()"
348.6,26330.6701049124,"project()"
348.8,26330.6701053064,"project()"
349,26330.6701056573,"project()"
349.2,26330.6701059652,"project()"
349.4,26330.6701062304,"project()"
349.6,26330.6701064528,"project()"
349.8,26330.6701066328,"project()"
350,26330.6701067703,"project()"
350.2,26330.6701068656,"project()"
350.4,26330.6701069188,"project()"
350.6,26330.6701069301,"project()"
350.8,26330.6701068995,"project()"
351,26330.6701068273,"project()"
351.2,26330.6701067135,"project()"
351.4,26330.6701065582,"project()"
351.6,26330.6701063618,"project()"
351.8,26330.6701061241,"project()"
352,26330.6701058455,"project()"
352.2,26330.670105526,"project()"
352.4,26330.6701051658,"project()"
352.6,26330.670104765,"project()"
352.8,26330.6701043237,"project()"
353,26330.6701038421,"project()"
353.2,26330.6701033203,"project()"
353.4,26330.6701027585,"project()"
353.6,26330.6701021567,"project()"
353.8,26330.6701015151,"project()"
354,26330.6701008339,"project()"
354.2,26330.6701001132,"project()"
354.4,26330.670099353,"project()"
354.6,26330.6700985536,"project()"
354.8,26330.670097715,"project()"
355,26330.6700968374,"project()"
355.2,26330.670095921,"project()"
355.4,26330.6700949658,"project()"
355.6,26330.670093972,"project()"
355.8,26330.6700929396,"project()"
356,26330.670091869,"project()"
356.2,26330.67009076,"project()"
356.4,26330.670089613,"project()"
356.6,26330.670088428,"project()"
356.8,26330.6700872052,"project()"
357,26330.6700859446,"project()"
357.2,26330.6700846464,"project()"
357.4,26330.6700833107,"project()"
357.6,26330.6700819377,"project()"
357.8,26330.6700805275,"project()"
358,26330.6700790801,"project()"
358.2,26330.6700775958,"project()"
358.4,26330.6700760746,"project()"
358.6,26330.6700745166,"project()"
358.8,26330.6700729221,"project()"
359,26330.670071291,"project()"
359.2,26330.6700696236,"project()"
359.4,26330.67006792,"project()"
359.6,26330.6700661802,"project()"
359.8,26330.6700644044,"project()"
360,26330.6700625927,"project()"
360.2,26330.6700607452,"project()"
360.4,26330.6700588621,"project()"
360.6,26330.6700569434,"project()"
360.8,26330.6700549894,"project()"
361,26330.670053,"project()"
361.2,26330.6700509755,"project()"
361.4,26330.6700489159,"project()"
361.6,26330.6700468213,"project()"
361.8,26330.670044692,"project()"
362,26330.6700425279,"project()"
362.2,26330.6700403292,"project()"
362.4,26330.6700380961,"project()"
362.6,26330.6700358286,"project()"
362.8,26330.6700335268,"project()"
363,26330.670031191,"project()"
363.2,26330.6700288211,"project()"
363.4,26330.6700264172,"project()"
363.6,26330.6700239796,"project()"
363.8,26330.6700215084,"project()"
364,26330.6700190035,"project()"
364.2,26330.6700164652,"project()"
364.4,26330.6700138936,"project()"
364.6,26330.6700112887,"project()"
364.8,26330.6700086507,"project()"
365,26330.6700059797,"project()"
365.2,26330.6700032758,"project()"
365.4,26330.670000539,"project()"
365.6,26330.6699977697,"project()"
365.8,26330.6699949677,"project()"
366,26330.6699921333,"project()"
366.2,26330.6699892665,"project()"
366.4,26330.6699863675,"project()"
366.6,26330.6699834364,"project()"
366.8,26330.6699804732,"project()"
367,26330.6699774781,"project()"
367.2,26330.6699744512,"project()"
367.4,26330.6699713926,"project()"
367.6,26330.6699683024,"project()"
367.8,26330.6699651807,"project()"
368,26330.6699620276,"project()"
368.2,26330.6699588432,"project()"
368.4,26330.6699556277,"project()"
368.6,26330.669952381,"project()"
368.8,26330.6699491035,"project()"
369,26330.669945795,"project()"
369.2,26330.6699424558,"project()"
369.4,26330.6699390859,"project()"
369.6,26330.6699356855,"project()"
369.8,26330.6699322546,"project()"
370,26330.6699287934,"project()"
370.2,26330.6699253019,"project()"
370.4,26330.6699217803,"project()"
370.6,26330.6699182286,"project()"
370.8,26330.669914647,"project()"
371,26330.6699110356,"project()"
371.2,26330.6699073944,"project()"
371.4,26330.6699037236,"project()"
371.6,26330.6699000233,"project()"
371.8,26330.6698962935,"project()"
372,26330.6698925344,"project()"
372.2,26330.669888746,"project()"
372.4,26330.6698849285,"project()"
372.6,26330.6698810819,"project()"
372.8,26330.6698772064,"project()"
373,26330.669873302,"project()"
373.2,26330.6698693689,"project()"
373.4,26330.6698654071,"project()"
373.6,26330.6698614168,"project()"
373.8,26330.669857398,"project()"
374,26330.6698533508,"project()"
374.2,26330.6698492754,"project()"
374.4,26330.6698451718,"project()"
374.6,26330.6698410401,"project()"
374.8,26330.6698368804,"project()"
375,26330.6698326929,"project()"
375.2,26330.6698284776,"project()"
375.4,26330.6698242345,"project()"
375.6,26330.6698199639,"project()"
375.8,26330.6698156657,"project()"
376,26330.6698113402,"project()"
376.2,26330.6698069873,"project()"
376.4,26330.6698026072,"project()"
376.6,26330.6697981999,"project()"
376.8,26330.6697937656,"project()"
377,26330.6697893044,"project()"
377.2,26330.6697848162,"project()"
377.4,26330.6697803013,"project()"
377.6,26330.6697757598,"project()"
377.8,26330.6697711916,"project()"
378,26330.6697665969,"project()"
378.2,26330.6697619758,"project()"
378.4,26330.6697573284,"project()"
378.6,26330.6697526548,"project()"
378.8,26330.669747955,"project()"
379,26330.6697432292,"project()"
379.2,26330.6697384774,"project()"
379.4,26330.6697336997,"project()"
379.6,26330.6697288963,"project()"
379.8,26330.6697240671,"project()"
380,26330.6697192123,"project()"
380.2,26330.669714332,"project()"
380.4,26330.6697094263,"project()"
380.6,26330.6697044952,"project()"
380.8,26330.6696995389,"project()"
381,26330.6696945574,"project()"
381.2,26330.6696895508,"project()"
381.4,26330.6696845191,"project()"
381.6,26330.6696794626,"project()"
381.8,26330.6696743812,"project()"
382,26330.6696692751,"project()"
382.2,26330.6696641443,"project()"
382.4,26330.669658989,"project()"
382.6,26330.6696538091,"project()"
382.8,26330.6696486048,"project()"
383,26330.6696433762,"project()"
383.2,26330.6696381234,"project()"
383.4,26330.6696328464,"project()"
383.6,26330.6696275453,"project()"
383.8,26330.6696222202,"project()"
384,26330.6696168712,"project()"
384.2,26330.6696114983,"project()"
384.4,26330.6696061017,"project()"
384.6,26330.6696006815,"project()"
384.8,26330.6695952376,"project()"
385,26330.6695897703,"project()"
385.2,26330.6695842795,"project()"
385.4,26330.6695787653,"project()"
385.6,26330.6695732279,"project()"
385.8,26330.6695676674,"project()"
386,26330.6695620837,"project()"
386.2,26330.669556477,"project()"
386.4,26330.6695508473,"project()"
386.6,26330.6695451948,"project()"
386.8,26330.6695395195,"project()"
387,26330.6695338215,"project()"
387.2,26330.6695281009,"project()"
387.4,26330.6695223577,"project()"
387.6,26330.669516592,"project()"
387.8,26330.6695108039,"project()"
388,26330.6695049936,"project()"
388.2,26330.6694991609,"project()"
388.4,26330.6694933062,"project()"
388.6,26330.6694874293,"project()"
388.8,26330.6694815304,"project()"
389,26330.6694756096,"project()"
389.2,26330.6694696669,"project()"
389.4,26330.6694637024,"project()"
389.6,26330.6694577163,"project()"
389.8,26330.6694517085,"project()"
390,26330.6694456791,"project()"
390.2,26330.6694396283,"project()"
390.4,26330.669433556,"project()"
390.6,26330.6694274625,"project()"
390.8,26330.6694213476,"project()"
391,26330.6694152116,"project()"
391.2,26330.6694090544,"project()"
391.4,26330.6694028763,"project()"
391.6,26330.6693966771,"project()"
391.8,26330.6693904571,"project()"
392,26330.6693842162,"project()"
392.2,26330.6693779546,"project()"
392.4,26330.6693716723,"project()"
392.6,26330.6693653694,"project()"
392.8,26330.669359046,"project()"
393,26330.6693527021,"project()"
393.2,26330.6693463379,"project()"
393.4,26330.6693399533,"project()"
393.6,26330.6693335484,"project()"
393.8,26330.6693271234,"project()"
394,26330.6693206783,"project()"
394.2,26330.6693142132,"project()"
394.4,26330.6693077281,"project()"
394.6,26330.6693012231,"project()"
394.8,26330.6692946983,"project()"
395,26330.6692881537,"project()"
395.2,26330.6692815894,"project()"
395.4,26330.6692750056,"project()"
395.6,26330.6692684022,"project()"
395.8,26330.6692617793,"project()"
396,26330.669255137,"project()"
396.2,26330.6692484753,"project()"
396.4,26330.6692417944,"project()"
396.6,26330.6692350943,"project()"
396.8,26330.669228375,"project()"
397,26330.6692216367,"project()"
397.2,26330.6692148794,"project()"
397.4,26330.6692081031,"project()"
397.6,26330.669201308,"project()"
397.8,26330.669194494,"project()"
398,26330.6691876613,"project()"
398.2,26330.66918081,"project()"
398.4,26330.66917394,"project()"
398.6,26330.6691670515,"project()"
398.8,26330.6691601446,"project()"
399,26330.6691532192,"project()"
399.2,26330.6691462755,"project()"
399.4,26330.6691393135,"project()"
399.6,26330.6691323333,"project()"
399.8,26330.669125335,"project()"
400,26330.6691183186,"project()"
400.2,26330.6691112841,"project()"
400.4,26330.6691042317,"project()"
400.6,26330.6690971614,"project()"
400.8,26330.6690900733,"project()"
401,26330.6690829674,"project()"
401.2,26330.6690758438,"project()"
401.4,26330.6690687026,"project()"
401.6,26330.6690615438,"project()"
401.8,26330.6690543674,"project()"
402,26330.6690471737,"project()"
402.2,26330.6690399625,"project()"
402.4,26330.6690327341,"project()"
402.6,26330.6690254883,"project()"
402.8,26330.6690182254,"project()"
403,26330.6690109453,"project()"
403.2,26330.6690036481,"project()"
403.4,26330.6689963339,"project()"
403.6,26330.6689890028,"project()"
403.8,26330.6689816547,"project()"
404,26330.6689742898,"project()"
404.2,26330.6689669082,"project()"
404.4,26330.6689595098,"project()"
404.6,26330.6689520948,"project()"
404.8,26330.6689446632,"project()"
405,26330.668937215,"project()"
405.2,26330.6689297504,"project()"
405.4,26330.6689222693,"project()"
405.6,26330.6689147719,"project()"
405.8,26330.6689072582,"project()"
406,26330.6688997283,"project()"
406.2,26330.6688921822,"project()"
406.4,26330.6688846199,"project()"
406.6,26330.6688770416,"project()"
406.8,26330.6688694473,"project()"
407,26330.668861837,"project()"
407.2,26330.6688542108,"project()"
407.4,26330.6688465688,"project()"
407.6,26330.6688389111,"project()"
407.8,26330.6688312376,"project()"
408,26330.6688235484,"project()"
408.2,26330.6688158436,"project()"
408.4,26330.6688081233,"project()"
408.6,26330.6688003875,"project()"
408.8,26330.6687926363,"project()"
409,26330.6687848696,"project()"
409.2,26330.6687770877,"project()"
409.4,26330.6687692905,"project()"
409.6,26330.668761478,"project()"
409.8,26330.6687536505,"project()"
410,26330.6687458078,"project()"
410.2,26330.66873795,"project()"
410.4,26330.6687300773,"project()"
410.6,26330.6687221896,"project()"
410.8,26330.6687142871,"project()"
411,26330.6687063697,"project()"
411.2,26330.6686984375,"project()"
411.4,26330.6686904907,"project()"
411.6,26330.6686825291,"project()"
411.8,26330.668674553,"project()"
412,26330.6686665623,"project()"
412.2,26330.668658557,"project()"
412.4,26330.6686505374,"project()"
412.6,26330.6686425033,"project()"
412.8,26330.6686344549,"project()"
413,26330.6686263922,"project()"
413.2,26330.6686183153,"project()"
413.4,26330.6686102241,"project()"
413.6,26330.6686021189,"project()"
413.8,26330.6685939995,"project()"
414,26330.6685858661,"project()"
414.2,26330.6685777188,"project()"
414.4,26330.6685695575,"project()"
414.6,26330.6685613823,"project()"
414.8,26330.6685531933,"project()"
415,26330.6685449905,"project()"
415.2,26330.668536774,"project()"
415.4,26330.6685285438,"project()"
415.6,26330.6685203,"project()"
415.8,26330.6685120427,"project()"
416,26330.6685037718,"project()"
416.2,26330.6684954874,"project()"
416.4,26330.6684871897,"project()"
416.6,26330.6684788785,"project()"
416.8,26330.668470554,"project()"
417,26330.6684622163,"project()"
417.2,26330.6684538654,"project()"
417.4,26330.6684455012,"project()"
417.6,26330.668437124,"project()"
417.8,26330.6684287337,"project()"
418,26330.6684203303,"project()"
418.2,26330.668411914,"project()"
418.4,26330.6684034847,"project()"
418.6,26330.6683950426,"project()"
418.8,26330.6683865876,"project()"
419,26330.6683781199,"project()"
419.2,26330.6683696394,"project()"
419.4,26330.6683611463,"project()"
419.6,26330.6683526405,"project()"
419.8,26330.6683441221,"project()"
420,26330.6683355912,"project()"
420.2,26330.6683270478,"project()"
420.4,26330.6683184919,"project()"
420.6,26330.6683099236,"project()"
420.8,26330.668301343,"project()"
421,26330.6682927501,"project()"
421.2,26330.6682841449,"project()"
421.4,26330.6682755275,"project()"
421.6,26330.6682668979,"project()"
421.8,26330.6682582562,"project()"
422,26330.6682496024,"project()"
422.2,26330.6682409366,"project()"
422.4,26330.6682322588,"project()"
422.6,26330.6682235691,"project()"
422.8,26330.6682148675,"project()"
423,26330.668206154,"project()"
423.2,26330.6681974287,"project()"
423.4,26330.6681886917,"project()"
423.6,26330.6681799429,"project()"
423.8,26330.6681711825,"project()"
424,26330.6681624105,"project()"
424.2,26330.6681536268,"project()"
424.4,26330.6681448317,"project()"
424.6,26330.668136025,"project()"
424.8,26330.668127207,"project()"
425,26330.6681183775,"project()"
425.2,26330.6681095366,"project()"
425.4,26330.6681006844,"project()"
425.6,26330.668091821,"project()"
425.8,26330.6680829464,"project()"
426,26330.6680740605,"project()"
426.2,26330.6680651636,"project()"
426.4,26330.6680562555,"project()"
426.6,26330.6680473364,"project()"
426.8,26330.6680384062,"project()"
427,26330.6680294651,"project()"
427.2,26330.6680205131,"project()"
427.4,26330.6680115502,"project()"
427.6,26330.6680025765,"project()"
427.8,26330.6679935919,"project()"
428,26330.6679845966,"project()"
428.2,26330.6679755906,"project()"
428.4,26330.6679665739,"project()"
428.6,26330.6679575466,"project()"
428.8,26330.6679485087,"project()"
429,26330.6679394602,"project()"
429.2,26330.6679304013,"project()"
429.4,26330.6679213318,"project()"
429.6,26330.667912252,"project()"
429.8,26330.6679031617,"project()"
430,26330.6678940612,"project()"
430.2,26330.6678849503,"project()"
430.4,26330.6678758291,"project()"
430.6,26330.6678666977,"project()"
430.8,26330.6678575562,"project()"
431,26330.6678484045,"project()"
431.2,26330.6678392427,"project()"
431.4,26330.6678300708,"project()"
431.6,26330.667820889,"project()"
431.8,26330.6678116971,"project()"
432,26330.6678024953,"project()"
432.2,26330.6677932836,"project()"
432.4,26330.6677840621,"project()"
432.6,26330.6677748307,"project()"
432.8,26330.6677655896,"project()"
433,26330.6677563387,"project()"
433.2,26330.6677470781,"project()"
433.4,26330.6677378078,"project()"
433.6,26330.6677285279,"project()"
433.8,26330.6677192384,"project()"
434,26330.6677099394,"project()"
434.2,26330.6677006308,"project()"
434.4,26330.6676913128,"project()"
434.6,26330.6676819854,"project()"
434.8,26330.6676726485,"project()"
435,26330.6676633023,"project()"
435.2,26330.6676539467,"project()"
435.4,26330.6676445819,"project()"
435.6,26330.6676352078,"project()"
435.8,26330.6676258245,"project()"
436,26330.667616432,"project()"
436.2,26330.6676070304,"project()"
436.4,26330.6675976197,"project()"
436.6,26330.6675882,"project()"
436.8,26330.6675787712,"project()"
437,26330.6675693334,"project()"
437.2,26330.6675598866,"project()"
437.4,26330.667550431,"project()"
437.6,26330.6675409665,"project()"
437.8,26330.6675314931,"project()"
438,26330.667522011,"project()"
438.2,26330.66751252,"project()"
438.4,26330.6675030203,"project()"
438.6,26330.667493512,"project()"
438.8,26330.667483995,"project()"
439,26330.6674744693,"project()"
439.2,26330.6674649351,"project()"
439.4,26330.6674553923,"project()"
439.6,26330.6674458409,"project()"
439.8,26330.6674362811,"project()"
440,26330.6674267129,"project()"
440.2,26330.6674171362,"project()"
440.4,26330.6674075511,"project()"
440.6,26330.6673979577,"project()"
440.8,26330.667388356,"project()"
441,26330.667378746,"project()"
441.2,26330.6673691278,"project()"
441.4,26330.6673595013,"project()"
441.6,26330.6673498667,"project()"
441.8,26330.667340224,"project()"
442,26330.6673305731,"project()"
442.2,26330.6673209142,"project()"
442.4,26330.6673112472,"project()"
442.6,26330.6673015723,"project()"
442.8,26330.6672918893,"project()"
443,26330.6672821985,"project()"
443.2,26330.6672724997,"project()"
443.4,26330.667262793,"project()"
443.6,26330.6672530785,"project()"
443.8,26330.6672433563,"project()"
444,26330.6672336262,"project()"
444.2,26330.6672238884,"project()"
444.4,26330.6672141429,"project()"
444.6,26330.6672043897,"project()"
444.8,26330.6671946289,"project()"
445,26330.6671848605,"project()"
445.2,26330.6671750845,"project()"
445.4,26330.667165301,"project()"
445.6,26330.6671555099,"project()"
445.8,26330.6671457114,"project()"
446,26330.6671359055,"project()"
446.2,26330.6671260921,"project()"
446.4,26330.6671162714,"project()"
446.6,26330.6671064433,"project()"
446.8,26330.6670966079,"project()"
447,26330.6670867652,"project()"
447.2,26330.6670769152,"project()"
447.4,26330.6670670581,"project()"
447.6,26330.6670571937,"project()"
447.8,26330.6670473222,"project()"
448,26330.6670374435,"project()"
448.2,26330.6670275578,"project()"
448.4,26330.6670176649,"project()"
448.6,26330.6670077651,"project()"
448.8,26330.6669978582,"project()"
449,26330.6669879444,"project()"
449.2,26330.6669780236,"project()"
449.4,26330.6669680959,"project()"
449.6,26330.6669581613,"project()"
449.8,26330.6669482199,"project()"
450,26330.6669382716,"project()"
450.2,26330.6669283166,"project()"
450.4,26330.6669183548,"project()"
450.6,26330.6669083863,"project()"
450.8,26330.666898411,"project()"
451,26330.6668884291,"project()"
451.2,26330.6668784406,"project()"
451.4,26330.6668684454,"project()"
451.6,26330.6668584437,"project()"
451.8,26330.6668484354,"project()"
452,26330.6668384206,"project()"
452.2,26330.6668283992,"project()"
452.4,26330.6668183715,"project()"
452.6,26330.6668083372,"project()"
452.8,26330.6667982966,"project()"
453,26330.6667882496,"project()"
453.2,26330.6667781962,"project()"
453.4,26330.6667681365,"project()"
453.6,26330.6667580705,"project()"
453.8,26330.6667479983,"project()"
454,26330.6667379198,"project()"
454.2,26330.6667278351,"project()"
454.4,26330.6667177442,"project()"
454.6,26330.6667076472,"project()"
454.8,26330.6666975441,"project()"
455,26330.6666874348,"project()"
455.2,26330.6666773195,"project()"
455.4,26330.6666671982,"project()"
455.6,26330.6666570708,"project()"
455.8,26330.6666469375,"project()"
456,26330.6666367981,"project()"
456.2,26330.6666266529,"project()"
456.4,26330.6666165018,"project()"
456.6,26330.6666063448,"project()"
456.8,26330.6665961819,"project()"
457,26330.6665860132,"project()"
457.2,26330.6665758388,"project()"
457.4,26330.6665656585,"project()"
457.6,26330.6665554726,"project()"
457.8,26330.6665452809,"project()"
458,26330.6665350835,"project()"
458.2,26330.6665248805,"project()"
458.4,26330.6665146719,"project()"
458.6,26330.6665044576,"project()"
458.8,26330.6664942378,"project()"
459,26330.6664840124,"project()"
459.2,26330.6664737815,"project()"
459.4,26330.6664635451,"project()"
459.6,26330.6664533032,"project()"
459.8,26330.6664430559,"project()"
460,26330.6664328031,"project()"
460.2,26330.666422545,"project()"
460.4,26330.6664122814,"project()"
460.6,26330.6664020126,"project()"
460.8,26330.6663917384,"project()"
461,26330.6663814589,"project()"
461.2,26330.6663711742,"project()"
461.4,26330.6663608842,"project()"
461.6,26330.666350589,"project()"
461.8,26330.6663402886,"project()"
462,26330.6663299831,"project()"
462.2,26330.6663196724,"project()"
462.4,26330.6663093566,"project()"
462.6,26330.6662990357,"project()"
462.8,26330.6662887098,"project()"
463,26330.6662783788,"project()"
463.2,26330.6662680428,"project()"
463.4,26330.6662577018,"project()"
463.6,26330.6662473558,"project()"
463.8,26330.6662370049,"project()"
464,26330.6662266491,"project()"
464.2,26330.6662162884,"project()"
464.4,26330.6662059228,"project()"
464.6,26330.6661955523,"project()"
464.8,26330.6661851771,"project()"
465,26330.6661747971,"project()"
465.2,26330.6661644122,"project()"
465.4,26330.6661540227,"project()"
465.6,26330.6661436284,"project()"
465.8,26330.6661332294,"project()"
466,26330.6661228257,"project()"
466.2,26330.6661124174,"project()"
466.4,26330.6661020045,"project()"
466.6,26330.6660915869,"project()"
466.8,26330.6660811648,"project()"
467,26330.6660707381,"project()"
467.2,26330.6660603069,"project()"
467.4,26330.6660498712,"project()"
467.6,26330.666039431,"project()"
467.8,26330.6660289863,"project()"
468,26330.6660185372,"project()"
468.2,26330.6660080836,"project()"
468.4,26330.6659976257,"project()"
468.6,26330.6659871634,"project()"
468.8,26330.6659766967,"project()"
469,26330.6659662257,"project()"
469.2,26330.6659557504,"project()"
469.4,26330.6659452708,"project()"
469.6,26330.665934787,"project()"
469.8,26330.6659242989,"project()"
470,26330.6659138066,"project()"
470.2,26330.6659033101,"project()"
470.4,26330.6658928095,"project()"
470.6,26330.6658823047,"project()"
470.8,26330.6658717957,"project()"
471,26330.6658612827,"project()"
471.2,26330.6658507656,"project()"
471.4,26330.6658402444,"project()"
471.6,26330.6658297192,"project()"
471.8,26330.66581919,"project()"
472,26330.6658086568,"project()"
472.2,26330.6657981196,"project()"
472.4,26330.6657875785,"project()"
472.6,26330.6657770334,"project()"
472.8,26330.6657664845,"project()"
473,26330.6657559316,"project()"
473.2,26330.6657453749,"project()"
473.4,26330.6657348143,"project()"
473.6,26330.6657242499,"project()"
473.8,26330.6657136817,"project()"
474,26330.6657031097,"project()"
474.2,26330.6656925339,"project()"
474.4,26330.6656819544,"project()"
474.6,26330.6656713712,"project()"
474.8,26330.6656607844,"project()"
475,26330.6656501938,"project()"
475.2,26330.6656395996,"project()"
475.4,26330.6656290017,"project()"
475.6,26330.6656184002,"project()"
475.8,26330.6656077952,"project()"
476,26330.6655971866,"project()"
476.2,26330.6655865744,"project()"
476.4,26330.6655759587,"project()"
476.6,26330.6655653394,"project()"
476.8,26330.6655547167,"project()"
477,26330.6655440905,"project()"
477.2,26330.6655334609,"project()"
477.4,26330.6655228278,"project()"
477.6,26330.6655121913,"project()"
477.8,26330.6655015515,"project()"
478,26330.6654909082,"project()"
478.2,26330.6654802616,"project()"
478.4,26330.6654696117,"project()"
478.6,26330.6654589584,"project()"
478.8,26330.6654483018,"project()"
479,26330.665437642,"project()"
479.2,26330.6654269789,"project()"
479.4,26330.6654163126,"project()"
479.6,26330.6654056431,"project()"
479.8,26330.6653949704,"project()"
480,26330.6653842945,"project()"
480.2,26330.6653736154,"project()"
480.4,26330.6653629332,"project()"
480.6,26330.6653522479,"project()"
480.8,26330.6653415595,"project()"
481,26330.665330868,"project()"
481.2,26330.6653201734,"project()"
481.4,26330.6653094758,"project()"
481.6,26330.6652987752,"project()"
481.8,26330.6652880716,"project()"
482,26330.6652773649,"project()"
482.2,26330.6652666554,"project()"
482.4,26330.6652559428,"project()"
482.6,26330.6652452274,"project()"
482.8,26330.665234509,"project()"
483,26330.6652237877,"project()"
483.2,26330.6652130636,"project()"
483.4,26330.6652023365,"project()"
483.6,26330.6651916067,"project()"
483.8,26330.665180874,"project()"
484,26330.6651701386,"project()"
484.2,26330.6651594003,"project()"
484.4,26330.6651486593,"project()"
484.6,26330.6651379155,"project()"
484.8,26330.665127169,"project()"
485,26330.6651164198,"project()"
485.2,26330.6651056679,"project()"
485.4,26330.6650949133,"project()"
485.6,26330.6650841561,"project()"
485.8,26330.6650733962,"project()"
486,26330.6650626337,"project()"
486.2,26330.6650518686,"project()"
486.4,26330.6650411009,"project()"
486.6,26330.6650303306,"project()"
486.8,26330.6650195578,"project()"
487,26330.6650087824,"project()"
487.2,26330.6649980045,"project()"
487.4,26330.6649872241,"project()"
487.6,26330.6649764412,"project()"
487.8,26330.6649656559,"project()"
488,26330.6649548681,"project()"
488.2,26330.6649440778,"project()"
488.4,26330.6649332852,"project()"
488.6,26330.6649224901,"project()"
488.8,26330.6649116927,"project()"
489,26330.6649008929,"project()"
489.2,26330.6648900908,"project()"
489.4,26330.6648792863,"project()"
489.6,26330.6648684795,"project()"
489.8,26330.6648576704,"project()"
490,26330.664846859,"project()"
490.2,26330.6648360454,"project()"
490.4,26330.6648252295,"project()"
490.6,26330.6648144114,"project()"
490.8,26330.664803591,"project()"
491,26330.6647927685,"project()"
491.2,26330.6647819437,"project()"
491.4,26330.6647711169,"project()"
491.6,26330.6647602878,"project()"
491.8,26330.6647494566,"project()"
492,26330.6647386233,"project()"
492.2,26330.6647277879,"project()"
492.4,26330.6647169504,"project()"
492.6,26330.6647061108,"project()"
492.8,26330.6646952691,"project()"
493,26330.6646844255,"project()"
493.2,26330.6646735798,"project()"
493.4,26330.664662732,"project()"
493.6,26330.6646518823,"project()"
493.8,26330.6646410307,"project()"
494,26330.664630177,"project()"
494.2,26330.6646193214,"project()"
494.4,26330.6646084639,"project()"
494.6,26330.6645976044,"project()"
494.8,26330.6645867431,"project()"
495,26330.6645758799,"project()"
495.2,26330.6645650148,"project()"
495.4,26330.6645541478,"project()"
495.6,26330.6645432791,"project()"
495.8,26330.6645324085,"project()"
496,26330.664521536,"project()"
496.2,26330.6645106618,"project()"
496.4,26330.6644997858,"project()"
496.6,26330.6644889081,"project()"
496.8,26330.6644780286,"project()"
497,26330.6644671474,"project()"
497.2,26330.6644562644,"project()"
497.4,26330.6644453798,"project()"
497.6,26330.6644344935,"project()"
497.8,26330.6644236054,"project()"
498,26330.6644127158,"project()"
498.2,26330.6644018244,"project()"
498.4,26330.6643909315,"project()"
498.6,26330.6643800369,"project()"
498.8,26330.6643691408,"project()"
499,26330.664358243,"project()"
499.2,26330.6643473437,"project()"
499.4,26330.6643364428,"project()"
499.6,26330.6643255404,"project()"
499.8,26330.6643146364,"project()"
500,26330.6643037309,"project()"
500.2,26330.664292824,"project()"
500.4,26330.6642819155,"project()"
500.6,26330.6642710056,"project()"
500.8,26330.6642600943,"project()"
501,26330.6642491814,"project()"
501.2,26330.6642382672,"project()"
501.4,26330.6642273515,"project()"
501.6,26330.6642164345,"project()"
501.8,26330.664205516,"project()"
502,26330.6641945962,"project()"
502.2,26330.664183675,"project()"
502.4,26330.6641727525,"project()"
502.6,26330.6641618286,"project()"
502.8,26330.6641509034,"project()"
503,26330.6641399769,"project()"
503.2,26330.6641290491,"project()"
503.4,26330.6641181201,"project()"
503.6,26330.6641071898,"project()"
503.8,26330.6640962582,"project()"
504,26330.6640853254,"project()"
504.2,26330.6640743913,"project()"
504.4,26330.6640634561,"project()"
504.6,26330.6640525196,"project()"
504.8,26330.664041582,"project()"
505,26330.6640306432,"project()"
505.2,26330.6640197032,"project()"
505.4,26330.6640087621,"project()"
505.6,26330.6639978198,"project()"
505.8,26330.6639868764,"project()"
506,26330.663975932,"project()"
506.2,26330.6639649864,"project()"
506.4,26330.6639540397,"project()"
506.6,26330.663943092,"project()"
506.8,26330.6639321433,"project()"
507,26330.6639211934,"project()"
507.2,26330.6639102426,"project()"
507.4,26330.6638992907,"project()"
507.6,26330.6638883379,"project()"
507.8,26330.663877384,"project()"
508,26330.6638664292,"project()"
508.2,26330.6638554733,"project()"
508.4,26330.6638445166,"project()"
508.6,26330.6638335589,"project()"
508.8,26330.6638226002,"project()"
509,26330.6638116407,"project()"
509.2,26330.6638006802,"project()"
509.4,26330.6637897189,"project()"
509.6,26330.6637787567,"project()"
509.8,26330.6637677936,"project()"
510,26330.6637568296,"project()"
510.2,26330.6637458649,"project()"
510.4,26330.6637348992,"project()"
510.6,26330.6637239328,"project()"
510.8,26330.6637129656,"project()"
511,26330.6637019975,"project()"
511.2,26330.6636910287,"project()"
511.4,26330.6636800591,"project()"
511.6,26330.6636690888,"project()"
511.8,26330.6636581177,"project()"
512,26330.6636471458,"project()"
512.2,26330.6636361733,"project()"
512.4,26330.6636252,"project()"
512.6,26330.6636142261,"project()"
512.8,26330.6636032514,"project()"
513,26330.6635922761,"project()"
513.2,26330.6635813001,"project()"
513.4,26330.6635703235,"project()"
513.6,26330.6635593462,"project()"
513.8,26330.6635483683,"project()"
514,26330.6635373897,"project()"
514.2,26330.6635264106,"project()"
514.4,26330.6635154309,"project()"
514.6,26330.6635044505,"project()"
514.8,26330.6634934697,"project()"
515,26330.6634824882,"project()"
515.2,26330.6634715062,"project()"
515.4,26330.6634605237,"project()"
515.6,26330.6634495406,"project()"
515.8,26330.6634385571,"project()"
516,26330.663427573,"project()"
516.2,26330.6634165884,"project()"
516.4,26330.6634056034,"project()"
516.6,26330.6633946179,"project()"
516.8,26330.6633836319,"project()"
517,26330.6633726455,"project()"
517.2,26330.6633616586,"project()"
517.4,26330.6633506713,"project()"
517.6,26330.6633396836,"project()"
517.8,26330.6633286955,"project()"
518,26330.663317707,"project()"
518.2,26330.6633067181,"project()"
518.4,26330.6632957289,"project()"
518.6,26330.6632847393,"project()"
518.8,26330.6632737493,"project()"
519,26330.663262759,"project()"
519.2,26330.6632517683,"project()"
519.4,26330.6632407774,"project()"
519.6,26330.6632297861,"project()"
519.8,26330.6632187946,"project()"
520,26330.6632078027,"project()"
520.2,26330.6631968106,"project()"
520.4,26330.6631858182,"project()"
520.6,26330.6631748256,"project()"
520.8,26330.6631638327,"project()"
521,26330.6631528396,"project()"
521.2,26330.6631418462,"project()"
521.4,26330.6631308527,"project()"
521.6,26330.6631198589,"project()"
521.8,26330.6631088649,"project()"
522,26330.6630978708,"project()"
522.2,26330.6630868765,"project()"
522.4,26330.663075882,"project()"
522.6,26330.6630648873,"project()"
522.8,26330.6630538925,"project()"
523,26330.6630428976,"project()"
523.2,26330.6630319026,"project()"
523.4,26330.6630209074,"project()"
523.6,26330.6630099121,"project()"
523.8,26330.6629989168,"project()"
524,26330.6629879213,"project()"
524.2,26330.6629769258,"project()"
524.4,26330.6629659303,"project()"
524.6,26330.6629549346,"project()"
524.8,26330.662943939,"project()"
525,26330.6629329432,"project()"
525.2,26330.6629219475,"project()"
525.4,26330.6629109518,"project()"
525.6,26330.662899956,"project()"
525.8,26330.6628889602,"project()"
526,26330.6628779645,"project()"
526.2,26330.6628669688,"project()"
526.4,26330.6628559731,"project()"
526.6,26330.6628449774,"project()"
526.8,26330.6628339818,"project()"
527,26330.6628229863,"project()"
527.2,26330.6628119908,"project()"
527.4,26330.6628009955,"project()"
527.6,26330.6627900002,"project()"
527.8,26330.662779005,"project()"
528,26330.6627680099,"project()"
528.2,26330.6627570149,"project()"
528.4,26330.66274602,"project()"
528.6,26330.6627350253,"project()"
528.8,26330.6627240307,"project()"
529,26330.6627130363,"project()"
529.2,26330.662702042,"project()"
529.4,26330.6626910479,"project()"
529.6,26330.662680054,"project()"
529.8,26330.6626690603,"project()"
530,26330.6626580668,"project()"
530.2,26330.6626470734,"project()"
530.4,26330.6626360803,"project()"
530.6,26330.6626250875,"project()"
530.8,26330.6626140948,"project()"
531,26330.6626031024,"project()"
531.2,26330.6625921103,"project()"
531.4,26330.6625811184,"project()"
531.6,26330.6625701268,"project()"
531.8,26330.6625591355,"project()"
532,26330.6625481444,"project()"
532.2,26330.6625371536,"project()"
532.4,26330.6625261632,"project()"
532.6,26330.662515173,"project()"
532.8,26330.6625041832,"project()"
533,26330.6624931937,"project()"
533.2,26330.6624822046,"project()"
533.4,26330.6624712158,"project()"
533.6,26330.6624602273,"project()"
533.8,26330.6624492393,"project()"
534,26330.6624382515,"project()"
534.2,26330.6624272642,"project()"
534.4,26330.6624162773,"project()"
534.6,26330.6624052907,"project()"
534.8,26330.6623943046,"project()"
535,26330.6623833189,"project()"
535.2,26330.6623723336,"project()"
535.4,26330.6623613487,"project()"
535.6,26330.6623503643,"project()"
535.8,26330.6623393803,"project()"
536,26330.6623283967,"project()"
536.2,26330.6623174137,"project()"
536.4,26330.6623064311,"project()"
536.6,26330.662295449,"project()"
536.8,26330.6622844674,"project()"
537,26330.6622734862,"project()"
537.2,26330.6622625056,"project()"
537.4,26330.6622515255,"project()"
537.6,26330.6622405459,"project()"
537.8,26330.6622295669,"project()"
538,26330.6622185883,"project()"
538.2,26330.6622076104,"project()"
538.4,26330.6621966329,"project()"
538.6,26330.662185656,"project()"
538.8,26330.6621746797,"project()"
539,26330.662163704,"project()"
539.2,26330.6621527288,"project()"
539.4,26330.6621417543,"project()"
539.6,26330.6621307803,"project()"
539.8,26330.662119807,"project()"
540,26330.6621088342,"project()"
540.2,26330.6620978621,"project()"
540.4,26330.6620868906,"project()"
540.6,26330.6620759198,"project()"
540.8,26330.6620649496,"project()"
541,26330.66205398,"project()"
541.2,26330.6620430111,"project()"
541.4,26330.6620320429,"project()"
541.6,26330.6620210753,"project()"
541.8,26330.6620101085,"project()"
542,26330.6619991423,"project()"
542.2,26330.6619881768,"project()"
542.4,26330.661977212,"project()"
542.6,26330.661966248,"project()"
542.8,26330.6619552846,"project()"
543,26330.661944322,"project()"
543.2,26330.6619333601,"project()"
543.4,26330.661922399,"project()"
543.6,26330.6619114386,"project()"
543.8,26330.661900479,"project()"
544,26330.6618895201,"project()"
544.2,26330.661878562,"project()"
544.4,26330.6618676047,"project()"
544.6,26330.6618566481,"project()"
544.8,26330.6618456924,"project()"
545,26330.6618347374,"project()"
545.2,26330.6618237833,"project()"
545.4,26330.6618128299,"project()"
545.6,26330.6618018774,"project()"
545.8,26330.6617909257,"project()"
546,26330.6617799749,"project()"
546.2,26330.6617690249,"project()"
546.4,26330.6617580757,"project()"
546.6,26330.6617471274,"project()"
546.8,26330.6617361799,"project()"
547,26330.6617252334,"project()"
547.2,26330.6617142877,"project()"
547.4,26330.6617033429,"project()"
547.6,26330.6616923989,"project()"
547.8,26330.6616814559,"project()"
548,26330.6616705138,"project()"
548.2,26330.6616595726,"project()"
548.4,26330.6616486323,"project()"
548.6,26330.6616376929,"project()"
548.8,26330.6616267545,"project()"
549,26330.661615817,"project()"
549.2,26330.6616048804,"project()"
549.4,26330.6615939447,"project()"
549.6,26330.6615830101,"project()"
549.8,26330.6615720764,"project()"
550,26330.6615611436,"project()"
550.2,26330.6615502118,"project()"
550.4,26330.6615392811,"project()"
550.6,26330.6615283513,"project()"
550.8,26330.6615174225,"project()"
551,26330.6615064947,"project()"
551.2,26330.6614955679,"project()"
551.4,26330.6614846421,"project()"
551.6,26330.6614737173,"project()"
551.8,26330.6614627936,"project()"
552,26330.6614518709,"project()"
552.2,26330.6614409493,"project()"
552.4,26330.6614300287,"project()"
552.6,26330.6614191091,"project()"
552.8,26330.6614081906,"project()"
553,26330.6613972732,"project()"
553.2,26330.6613863569,"project()"
553.4,26330.6613754416,"project()"
553.6,26330.6613645274,"project()"
553.8,26330.6613536143,"project()"
554,26330.6613427023,"project()"
554.2,26330.6613317914,"project()"
554.4,26330.6613208816,"project()"
554.6,26330.661309973,"project()"
554.8,26330.6612990654,"project()"
555,26330.661288159,"project()"
555.2,26330.6612772537,"project()"
555.4,26330.6612663495,"project()"
555.6,26330.6612554465,"project()"
555.8,26330.6612445447,"project()"
556,26330.661233644,"project()"
556.2,26330.6612227444,"project()"
556.4,26330.6612118461,"project()"
556.6,26330.6612009489,"project()"
556.8,26330.6611900528,"project()"
557,26330.661179158,"project()"
557.2,26330.6611682644,"project()"
557.4,26330.6611573719,"project()"
557.6,26330.6611464807,"project()"
557.8,26330.6611355907,"project()"
558,26330.6611247018,"project()"
558.2,26330.6611138142,"project()"
558.4,26330.6611029279,"project()"
558.6,26330.6610920427,"project()"
558.8,26330.6610811588,"project()"
559,26330.6610702762,"project()"
559.2,26330.6610593948,"project()"
559.4,26330.6610485146,"project()"
559.6,26330.6610376358,"project()"
559.8,26330.6610267581,"project()"
560,26330.6610158818,"project()"
560.2,26330.6610050067,"project()"
560.4,26330.6609941329,"project()"
560.6,26330.6609832605,"project()"
560.8,26330.6609723893,"project()"
561,26330.6609615193,"project()"
561.2,26330.6609506507,"project()"
561.4,26330.6609397835,"project()"
561.6,26330.6609289175,"project()"
561.8,26330.6609180528,"project()"
562,26330.6609071895,"project()"
562.2,26330.6608963275,"project()"
562.4,26330.6608854669,"project()"
562.6,26330.6608746076,"project()"
562.8,26330.6608637496,"project()"
563,26330.660852893,"project()"
563.2,26330.6608420377,"project()"
563.4,26330.6608311839,"project()"
563.6,26330.6608203313,"project()"
563.8,26330.6608094802,"project()"
564,26330.6607986304,"project()"
564.2,26330.6607877821,"project()"
564.4,26330.6607769351,"project()"
564.6,26330.6607660895,"project()"
564.8,26330.6607552453,"project()"
565,26330.6607444025,"project()"
565.2,26330.6607335611,"project()"
565.4,26330.6607227211,"project()"
565.6,26330.6607118826,"project()"
565.8,26330.6607010455,"project()"
566,26330.6606902098,"project()"
566.2,26330.6606793756,"project()"
566.4,26330.6606685428,"project()"
566.6,26330.6606577114,"project()"
566.8,26330.6606468815,"project()"
567,26330.660636053,"project()"
567.2,26330.660625226,"project()"
567.4,26330.6606144005,"project()"
567.6,26330.6606035764,"project()"
567.8,26330.6605927538,"project()"
568,26330.6605819327,"project()"
568.2,26330.6605711131,"project()"
568.4,26330.6605602949,"project()"
568.6,26330.6605494783,"project()"
568.8,26330.6605386632,"project()"
569,26330.6605278495,"project()"
569.2,26330.6605170374,"project()"
569.4,26330.6605062268,"project()"
569.6,26330.6604954177,"project()"
569.8,26330.6604846101,"project()"
570,26330.6604738041,"project()"
570.2,26330.6604629996,"project()"
570.4,26330.6604521966,"project()"
570.6,26330.6604413952,"project()"
570.8,26330.6604305953,"project()"
571,26330.660419797,"project()"
571.2,26330.6604090002,"project()"
571.4,26330.660398205,"project()"
571.6,26330.6603874113,"project()"
571.8,26330.6603766192,"project()"
572,26330.6603658287,"project()"
572.2,26330.6603550398,"project()"
572.4,26330.6603442524,"project()"
572.6,26330.6603334667,"project()"
572.8,26330.6603226825,"project()"
573,26330.6603118999,"project()"
573.2,26330.660301119,"project()"
573.4,26330.6602903396,"project()"
573.6,26330.6602795618,"project()"
573.8,26330.6602687857,"project()"
574,26330.6602580112,"project()"
574.2,26330.6602472383,"project()"
574.4,26330.660236467,"project()"
574.6,26330.6602256974,"project()"
574.8,26330.6602149294,"project()"
575,26330.660204163,"project()"
575.2,26330.6601933983,"project()"
575.4,26330.6601826352,"project()"
575.6,26330.6601718738,"project()"
575.8,26330.6601611141,"project()"
576,26330.660150356,"project()"
576.2,26330.6601395996,"project()"
576.4,26330.6601288448,"project()"
576.6,26330.6601180917,"project()"
576.8,26330.6601073404,"project()"
577,26330.6600965907,"project()"
577.2,26330.6600858426,"project()"
577.4,26330.6600750963,"project()"
577.6,26330.6600643517,"project()"
577.8,26330.6600536088,"project()"
578,26330.6600428675,"project()"
578.2,26330.660032128,"project()"
578.4,26330.6600213902,"project()"
578.6,26330.6600106542,"project()"
578.8,26330.6599999198,"project()"
579,26330.6599891872,"project()"
579.2,26330.6599784562,"project()"
579.4,26330.6599677271,"project()"
579.6,26330.6599569996,"project()"
579.8,26330.6599462739,"project()"
580,26330.65993555,"project()"
580.2,26330.6599248278,"project()"
580.4,26330.6599141073,"project()"
580.6,26330.6599033886,"project()"
580.8,26330.6598926717,"project()"
581,26330.6598819565,"project()"
581.2,26330.6598712431,"project()"
581.4,26330.6598605315,"project()"
581.6,26330.6598498216,"project()"
581.8,26330.6598391136,"project()"
582,26330.6598284073,"project()"
582.2,26330.6598177028,"project()"
582.4,26330.6598070001,"project()"
582.6,26330.6597962992,"project()"
582.8,26330.6597856001,"project()"
583,26330.6597749028,"project()"
583.2,26330.6597642073,"project()"
583.4,26330.6597535137,"project()"
583.6,26330.6597428218,"project()"
583.8,26330.6597321318,"project()"
584,26330.6597214435,"project()"
584.2,26330.6597107572,"project()"
584.4,26330.6597000726,"project()"
584.6,26330.6596893899,"project()"
584.8,26330.659678709,"project()"
585,26330.6596680299,"project()"
585.2,26330.6596573527,"project()"
585.4,26330.6596466774,"project()"
585.6,26330.6596360039,"project()"
585.8,26330.6596253322,"project()"
586,26330.6596146624,"project()"
586.2,26330.6596039945,"project()"
586.4,26330.6595933284,"project()"
586.6,26330.6595826642,"project()"
586.8,26330.6595720019,"project()"
587,26330.6595613414,"project()"
587.2,26330.6595506829,"project()"
587.4,26330.6595400262,"project()"
587.6,26330.6595293714,"project()"
587.8,26330.6595187185,"project()"
588,26330.6595080674,"project()"
588.2,26330.6594974183,"project()"
588.4,26330.6594867711,"project()"
588.6,26330.6594761258,"project()"
588.8,26330.6594654824,"project()"
589,26330.6594548409,"project()"
589.2,26330.6594442013,"project()"
589.4,26330.6594335637,"project()"
589.6,26330.6594229279,"project()"
589.8,26330.6594122941,"project()"
590,26330.6594016622,"project()"
590.2,26330.6593910323,"project()"
590.4,26330.6593804043,"project()"
590.6,26330.6593697782,"project()"
590.8,26330.659359154,"project()"
591,26330.6593485318,"project()"
591.2,26330.6593379116,"project()"
591.4,26330.6593272933,"project()"
591.6,26330.6593166769,"project()"
591.8,26330.6593060625,"project()"
592,26330.6592954501,"project()"
592.2,26330.6592848396,"project()"
592.4,26330.6592742311,"project()"
592.6,26330.6592636246,"project()"
592.8,26330.6592530201,"project()"
593,26330.6592424175,"project()"
593.2,26330.6592318169,"project()"
593.4,26330.6592212183,"project()"
593.6,26330.6592106216,"project()"
593.8,26330.659200027,"project()"
594,26330.6591894344,"project()"
594.2,26330.6591788437,"project()"
594.4,26330.659168255,"project()"
594.6,26330.6591576684,"project()"
594.8,26330.6591470837,"project()"
595,26330.6591365011,"project()"
595.2,26330.6591259204,"project()"
595.4,26330.6591153418,"project()"
595.6,26330.6591047652,"project()"
595.8,26330.6590941906,"project()"
596,26330.6590836181,"project()"
596.2,26330.6590730475,"project()"
596.4,26330.659062479,"project()"
596.6,26330.6590519126,"project()"
596.8,26330.6590413481,"project()"
597,26330.6590307857,"project()"
597.2,26330.6590202254,"project()"
597.4,26330.6590096671,"project()"
597.6,26330.6589991108,"project()"
597.8,26330.6589885566,"project()"
598,26330.6589780044,"project()"
598.2,26330.6589674543,"project()"
598.4,26330.6589569062,"project()"
598.6,26330.6589463602,"project()"
598.8,26330.6589358163,"project()"
599,26330.6589252744,"project()"
599.2,26330.6589147346,"project()"
599.4,26330.6589041968,"project()"
599.6,26330.6588936612,"project()"
599.8,26330.6588831276,"project()"
600,26330.6588725961,"project()"
600.2,26330.6588620667,"project()"
600.4,26330.6588515393,"project()"
600.6,26330.6588410141,"project()"
600.8,26330.6588304909,"project()"
601,26330.6588199699,"project()"
601.2,26330.6588094509,"project()"
601.4,26330.6587989341,"project()"
601.6,26330.6587884193,"project()"
601.8,26330.6587779066,"project()"
602,26330.6587673961,"project()"
602.2,26330.6587568876,"project()"
602.4,26330.6587463813,"project()"
602.6,26330.6587358771,"project()"
602.8,26330.658725375,"project()"
603,26330.658714875,"project()"
603.2,26330.6587043772,"project()"
603.4,26330.6586938814,"project()"
603.6,26330.6586833878,"project()"
603.8,26330.6586728964,"project()"
604,26330.658662407,"project()"
604.2,26330.6586519198,"project()"
604.4,26330.6586414348,"project()"
604.6,26330.6586309519,"project()"
604.8,26330.6586204711,"project()"
605,26330.6586099925,"project()"
605.2,26330.658599516,"project()"
605.4,26330.6585890417,"project()"
605.6,26330.6585785695,"project()"
605.8,26330.6585680995,"project()"
606,26330.6585576317,"project()"
606.2,26330.658547166,"project()"
606.4,26330.6585367025,"project()"
606.6,26330.6585262411,"project()"
606.8,26330.658515782,"project()"
607,26330.658505325,"project()"
607.2,26330.6584948701,"project()"
607.4,26330.6584844175,"project()"
607.6,26330.658473967,"project()"
607.8,26330.6584635187,"project()"
608,26330.6584530726,"project()"
608.2,26330.6584426286,"project()"
608.4,26330.6584321869,"project()"
608.6,26330.6584217473,"project()"
608.8,26330.65841131,"project()"
609,26330.6584008748,"project()"
609.2,26330.6583904418,"project()"
609.4,26330.6583800111,"project()"
609.6,26330.6583695825,"project()"
609.8,26330.6583591561,"project()"
610,26330.658348732,"project()"
610.2,26330.65833831,"project()"
610.4,26330.6583278903,"project()"
610.6,26330.6583174728,"project()"
610.8,26330.6583070575,"project()"
611,26330.6582966444,"project()"
611.2,26330.6582862336,"project()"
611.4,26330.6582758249,"project()"
611.6,26330.6582654185,"project()"
611.8,26330.6582550143,"project()"
612,26330.6582446123,"project()"
612.2,26330.6582342126,"project()"
612.4,26330.6582238151,"project()"
612.6,26330.6582134198,"project()"
612.8,26330.6582030268,"project()"
613,26330.658192636,"project()"
613.2,26330.6581822475,"project()"
613.4,26330.6581718612,"project()"
613.6,26330.6581614771,"project()"
613.8,26330.6581510953,"project()"
614,26330.6581407157,"project()"
614.2,26330.6581303384,"project()"
614.4,26330.6581199634,"project()"
614.6,26330.6581095906,"project()"
614.8,26330.65809922,"project()"
615,26330.6580888517,"project()"
615.2,26330.6580784857,"project()"
615.4,26330.658068122,"project()"
615.6,26330.6580577605,"project()"
615.8,26330.6580474013,"project()"
616,26330.6580370443,"project()"
616.2,26330.6580266897,"project()"
616.4,26330.6580163373,"project()"
616.6,26330.6580059872,"project()"
616.8,26330.6579956393,"project()"
617,26330.6579852938,"project()"
617.2,26330.6579749505,"project()"
617.4,26330.6579646095,"project()"
617.6,26330.6579542708,"project()"
617.8,26330.6579439344,"project()"
618,26330.6579336003,"project()"
618.2,26330.6579232685,"project()"
618.4,26330.657912939,"project()"
618.6,26330.6579026117,"project()"
618.8,26330.6578922868,"project()"
619,26330.6578819642,"project()"
619.2,26330.6578716439,"project()"
619.4,26330.6578613258,"project()"
619.6,26330.6578510101,"project()"
619.8,26330.6578406967,"project()"
620,26330.6578303856,"project()"
620.2,26330.6578200769,"project()"
620.4,26330.6578097704,"project()"
620.6,26330.6577994663,"project()"
620.8,26330.6577891644,"project()"
621,26330.6577788649,"project()"
621.2,26330.6577685677,"project()"
621.4,26330.6577582729,"project()"
621.6,26330.6577479803,"project()"
621.8,26330.6577376901,"project()"
622,26330.6577274022,"project()"
622.2,26330.6577171167,"project()"
622.4,26330.6577068334,"project()"
622.6,26330.6576965526,"project()"
622.8,26330.657686274,"project()"
623,26330.6576759978,"project()"
623.2,26330.6576657239,"project()"
623.4,26330.6576554524,"project()"
623.6,26330.6576451832,"project()"
623.8,26330.6576349163,"project()"
624,26330.6576246519,"project()"
624.2,26330.6576143897,"project()"
624.4,26330.6576041299,"project()"
624.6,26330.6575938725,"project()"
624.8,26330.6575836174,"project()"
625,26330.6575733646,"project()"
625.2,26330.6575631142,"project()"
625.4,26330.6575528662,"project()"
625.6,26330.6575426206,"project()"
625.8,26330.6575323773,"project()"
626,26330.6575221363,"project()"
626.2,26330.6575118977,"project()"
626.4,26330.6575016615,"project()"
626.6,26330.6574914277,"project()"
626.8,26330.6574811962,"project()"
627,26330.6574709671,"project()"
627.2,26330.6574607404,"project()"
627.4,26330.6574505161,"project()"
627.6,26330.6574402941,"project()"
627.8,26330.6574300745,"project()"
628,26330.6574198573,"project()"
628.2,26330.6574096425,"project()"
628.4,26330.65739943,"project()"
628.6,26330.6573892199,"project()"
628.8,26330.6573790122,"project()"
629,26330.657368807,"project()"
629.2,26330.657358604,"project()"
629.4,26330.6573484035,"project()"
629.6,26330.6573382054,"project()"
629.8,26330.6573280097,"project()"
630,26330.6573178163,"project()"
630.2,26330.6573076254,"project()"
630.4,26330.6572974369,"project()"
630.6,26330.6572872507,"project()"
630.8,26330.657277067,"project()"
631,26330.6572668857,"project()"
631.2,26330.6572567067,"project()"
631.4,26330.6572465302,"project()"
631.6,26330.6572363561,"project()"
631.8,26330.6572261844,"project()"
632,26330.6572160151,"project()"
632.2,26330.6572058482,"project()"
632.4,26330.6571956837,"project()"
632.6,26330.6571855216,"project()"
632.8,26330.657175362,"project()"
633,26330.6571652047,"project()"
633.2,26330.6571550499,"project()"
633.4,26330.6571448975,"project()"
633.6,26330.6571347475,"project()"
633.8,26330.6571246,"project()"
634,26330.6571144548,"project()"
634.2,26330.6571043121,"project()"
634.4,26330.6570941718,"project()"
634.6,26330.657084034,"project()"
634.8,26330.6570738985,"project()"
635,26330.6570637655,"project()"
635.2,26330.657053635,"project()"
635.4,26330.6570435068,"project()"
635.6,26330.6570333811,"project()"
635.8,26330.6570232579,"project()"
636,26330.6570131371,"project()"
636.2,26330.6570030187,"project()"
636.4,26330.6569929028,"project()"
636.6,26330.6569827893,"project()"
636.8,26330.6569726782,"project()"
637,26330.6569625696,"project()"
637.2,26330.6569524634,"project()"
637.4,26330.6569423597,"project()"
637.6,26330.6569322585,"project()"
637.8,26330.6569221596,"project()"
638,26330.6569120633,"project()"
638.2,26330.6569019693,"project()"
638.4,26330.6568918779,"project()"
638.6,26330.6568817889,"project()"
638.8,26330.6568717023,"project()"
639,26330.6568616182,"project()"
639.2,26330.6568515366,"project()"
639.4,26330.6568414574,"project()"
639.6,26330.6568313807,"project()"
639.8,26330.6568213064,"project()"
640,26330.6568112346,"project()"
640.2,26330.6568011653,"project()"
640.4,26330.6567910984,"project()"
640.6,26330.656781034,"project()"
640.8,26330.6567709721,"project()"
641,26330.6567609126,"project()"
641.2,26330.6567508556,"project()"
641.4,26330.6567408011,"project()"
641.6,26330.6567307491,"project()"
641.8,26330.6567206995,"project()"
642,26330.6567106524,"project()"
642.2,26330.6567006078,"project()"
642.4,26330.6566905656,"project()"
642.6,26330.656680526,"project()"
642.8,26330.6566704888,"project()"
643,26330.6566604541,"project()"
643.2,26330.6566504218,"project()"
643.4,26330.6566403921,"project()"
643.6,26330.6566303648,"project()"
643.8,26330.65662034,"project()"
644,26330.6566103177,"project()"
644.2,26330.6566002979,"project()"
644.4,26330.6565902805,"project()"
644.6,26330.6565802656,"project()"
644.8,26330.6565702533,"project()"
645,26330.6565602434,"project()"
645.2,26330.656550236,"project()"
645.4,26330.6565402311,"project()"
645.6,26330.6565302287,"project()"
645.8,26330.6565202288,"project()"
646,26330.6565102313,"project()"
646.2,26330.6565002364,"project()"
646.4,26330.656490244,"project()"
646.6,26330.6564802541,"project()"
646.8,26330.6564702666,"project()"
647,26330.6564602817,"project()"
647.2,26330.6564502993,"project()"
647.4,26330.6564403193,"project()"
647.6,26330.6564303419,"project()"
647.8,26330.656420367,"project()"
648,26330.6564103946,"project()"
648.2,26330.6564004247,"project()"
648.4,26330.6563904573,"project()"
648.6,26330.6563804923,"project()"
648.8,26330.65637053,"project()"
649,26330.6563605701,"project()"
649.2,26330.6563506127,"project()"
649.4,26330.6563406579,"project()"
649.6,26330.6563307055,"project()"
649.8,26330.6563207557,"project()"
650,26330.6563108084,"project()"
650.2,26330.6563008636,"project()"
650.4,26330.6562909213,"project()"
650.6,26330.6562809815,"project()"
650.8,26330.6562710443,"project()"
651,26330.6562611095,"project()"
651.2,26330.6562511773,"project()"
651.4,26330.6562412476,"project()"
651.6,26330.6562313205,"project()"
651.8,26330.6562213958,"project()"
652,26330.6562114737,"project()"
652.2,26330.6562015541,"project()"
652.4,26330.656191637,"project()"
652.6,26330.6561817225,"project()"
652.8,26330.6561718104,"project()"
653,26330.656161901,"project()"
653.2,26330.656151994,"project()"
653.4,26330.6561420896,"project()"
653.6,26330.6561321877,"project()"
653.8,26330.6561222883,"project()"
654,26330.6561123914,"project()"
654.2,26330.6561024971,"project()"
654.4,26330.6560926054,"project()"
654.6,26330.6560827161,"project()"
654.8,26330.6560728294,"project()"
655,26330.6560629453,"project()"
655.2,26330.6560530636,"project()"
655.4,26330.6560431846,"project()"
655.6,26330.656033308,"project()"
655.8,26330.656023434,"project()"
656,26330.6560135625,"project()"
656.2,26330.6560036936,"project()"
656.4,26330.6559938272,"project()"
656.6,26330.6559839633,"project()"
656.8,26330.655974102,"project()"
657,26330.6559642432,"project()"
657.2,26330.655954387,"project()"
657.4,26330.6559445333,"project()"
657.6,26330.6559346822,"project()"
657.8,26330.6559248336,"project()"
658,26330.6559149876,"project()"
658.2,26330.6559051441,"project()"
658.4,26330.6558953031,"project()"
658.6,26330.6558854647,"project()"
658.8,26330.6558756289,"project()"
659,26330.6558657956,"project()"
659.2,26330.6558559649,"project()"
659.4,26330.6558461367,"project()"
659.6,26330.655836311,"project()"
659.8,26330.6558264879,"project()"
660,26330.6558166674,"project()"
660.2,26330.6558068494,"project()"
660.4,26330.655797034,"project()"
660.6,26330.6557872211,"project()"
660.8,26330.6557774108,"project()"
661,26330.6557676031,"project()"
661.2,26330.6557577979,"project()"
661.4,26330.6557479952,"project()"
661.6,26330.6557381952,"project()"
661.8,26330.6557283977,"project()"
662,26330.6557186027,"project()"
662.2,26330.6557088103,"project()"
662.4,26330.6556990205,"project()"
662.6,26330.6556892332,"project()"
662.8,26330.6556794485,"project()"
663,26330.6556696663,"project()"
663.2,26330.6556598868,"project()"
663.4,26330.6556501098,"project()"
663.6,26330.6556403353,"project()"
663.8,26330.6556305634,"project()"
664,26330.6556207941,"project()"
664.2,26330.6556110274,"project()"
664.4,26330.6556012632,"project()"
664.6,26330.6555915016,"project()"
664.8,26330.6555817425,"project()"
665,26330.655571986,"project()"
665.2,26330.6555622321,"project()"
665.4,26330.6555524808,"project()"
665.6,26330.655542732,"project()"
665.8,26330.6555329858,"project()"
666,26330.6555232422,"project()"
666.2,26330.6555135011,"project()"
666.4,26330.6555037627,"project()"
666.6,26330.6554940268,"project()"
666.8,26330.6554842934,"project()"
667,26330.6554745627,"project()"
667.2,26330.6554648345,"project()"
667.4,26330.6554551089,"project()"
667.6,26330.6554453859,"project()"
667.8,26330.6554356654,"project()"
668,26330.6554259475,"project()"
668.2,26330.6554162322,"project()"
668.4,26330.6554065195,"project()"
668.6,26330.6553968094,"project()"
668.8,26330.6553871018,"project()"
669,26330.6553773968,"project()"
669.2,26330.6553676944,"project()"
669.4,26330.6553579946,"project()"
669.6,26330.6553482973,"project()"
669.8,26330.6553386027,"project()"
670,26330.6553289106,"project()"
670.2,26330.6553192211,"project()"
670.4,26330.6553095342,"project()"
670.6,26330.6552998499,"project()"
670.8,26330.6552901681,"project()"
671,26330.655280489,"project()"
671.2,26330.6552708124,"project()"
671.4,26330.6552611384,"project()"
671.6,26330.655251467,"project()"
671.8,26330.6552417982,"project()"
672,26330.655232132,"project()"
672.2,26330.6552224684,"project()"
672.4,26330.6552128073,"project()"
672.6,26330.6552031489,"project()"
672.8,26330.655193493,"project()"
673,26330.6551838397,"project()"
673.2,26330.655174189,"project()"
673.4,26330.6551645409,"project()"
673.6,26330.6551548954,"project()"
673.8,26330.6551452525,"project()"
674,26330.6551356122,"project()"
674.2,26330.6551259744,"project()"
674.4,26330.6551163393,"project()"
674.6,26330.6551067067,"project()"
674.8,26330.6550970768,"project()"
675,26330.6550874494,"project()"
675.2,26330.6550778246,"project()"
675.4,26330.6550682024,"project()"
675.6,26330.6550585828,"project()"
675.8,26330.6550489658,"project()"
676,26330.6550393514,"project()"
676.2,26330.6550297396,"project()"
676.4,26330.6550201304,"project()"
676.6,26330.6550105238,"project()"
676.8,26330.6550009198,"project()"
677,26330.6549913184,"project()"
677.2,26330.6549817196,"project()"
677.4,26330.6549721233,"project()"
677.6,26330.6549625297,"project()"
677.8,26330.6549529387,"project()"
678,26330.6549433502,"project()"
678.2,26330.6549337644,"project()"
678.4,26330.6549241812,"project()"
678.6,26330.6549146005,"project()"
678.8,26330.6549050225,"project()"
679,26330.654895447,"project()"
679.2,26330.6548858742,"project()"
679.4,26330.654876304,"project()"
679.6,26330.6548667363,"project()"
679.8,26330.6548571713,"project()"
680,26330.6548476088,"project()"
680.2,26330.654838049,"project()"
680.4,26330.6548284918,"project()"
680.6,26330.6548189371,"project()"
680.8,26330.6548093851,"project()"
681,26330.6547998357,"project()"
681.2,26330.6547902889,"project()"
681.4,26330.6547807446,"project()"
681.6,26330.654771203,"project()"
681.8,26330.654761664,"project()"
682,26330.6547521276,"project()"
682.2,26330.6547425938,"project()"
682.4,26330.6547330626,"project()"
682.6,26330.654723534,"project()"
682.8,26330.654714008,"project()"
683,26330.6547044846,"project()"
683.2,26330.6546949638,"project()"
683.4,26330.6546854456,"project()"
683.6,26330.6546759301,"project()"
683.8,26330.6546664171,"project()"
684,26330.6546569067,"project()"
684.2,26330.654647399,"project()"
684.4,26330.6546378938,"project()"
684.6,26330.6546283913,"project()"
684.8,26330.6546188914,"project()"
685,26330.654609394,"project()"
685.2,26330.6545998993,"project()"
685.4,26330.6545904072,"project()"
685.6,26330.6545809177,"project()"
685.8,26330.6545714309,"project()"
686,26330.6545619466,"project()"
686.2,26330.6545524649,"project()"
686.4,26330.6545429858,"project()"
686.6,26330.6545335094,"project()"
686.8,26330.6545240355,"project()"
687,26330.6545145643,"project()"
687.2,26330.6545050957,"project()"
687.4,26330.6544956296,"project()"
687.6,26330.6544861662,"project()"
687.8,26330.6544767054,"project()"
688,26330.6544672472,"project()"
688.2,26330.6544577916,"project()"
688.4,26330.6544483386,"project()"
688.6,26330.6544388883,"project()"
688.8,26330.6544294405,"project()"
689,26330.6544199954,"project()"
689.2,26330.6544105528,"project()"
689.4,26330.6544011129,"project()"
689.6,26330.6543916756,"project()"
689.8,26330.6543822409,"project()"
690,26330.6543728088,"project()"
690.2,26330.6543633793,"project()"
690.4,26330.6543539525,"project()"
690.6,26330.6543445282,"project()"
690.8,26330.6543351066,"project()"
691,26330.6543256876,"project()"
691.2,26330.6543162711,"project()"
691.4,26330.6543068573,"project()"
691.6,26330.6542974461,"project()"
691.8,26330.6542880376,"project()"
692,26330.6542786316,"project()"
692.2,26330.6542692282,"project()"
692.4,26330.6542598275,"project()"
692.6,26330.6542504294,"project()"
692.8,26330.6542410338,"project()"
693,26330.6542316409,"project()"
693.2,26330.6542222507,"project()"
693.4,26330.654212863,"project()"
693.6,26330.6542034779,"project()"
693.8,26330.6541940955,"project()"
694,26330.6541847156,"project()"
694.2,26330.6541753384,"project()"
694.4,26330.6541659638,"project()"
694.6,26330.6541565918,"project()"
694.8,26330.6541472225,"project()"
695,26330.6541378557,"project()"
695.2,26330.6541284916,"project()"
695.4,26330.65411913,"project()"
695.6,26330.6541097711,"project()"
695.8,26330.6541004148,"project()"
696,26330.6540910611,"project()"
696.2,26330.6540817101,"project()"
696.4,26330.6540723616,"project()"
696.6,26330.6540630157,"project()"
696.8,26330.6540536725,"project()"
697,26330.6540443319,"project()"
697.2,26330.6540349939,"project()"
697.4,26330.6540256585,"project()"
697.6,26330.6540163257,"project()"
697.8,26330.6540069955,"project()"
698,26330.653997668,"project()"
698.2,26330.653988343,"project()"
698.4,26330.6539790207,"project()"
698.6,26330.653969701,"project()"
698.8,26330.6539603839,"project()"
699,26330.6539510694,"project()"
699.2,26330.6539417576,"project()"
699.4,26330.6539324483,"project()"
699.6,26330.6539231417,"project()"
699.8,26330.6539138377,"project()"
700,26330.6539045363,"project()"
700.2,26330.6538952375,"project()"
700.4,26330.6538859413,"project()"
700.6,26330.6538766477,"project()"
700.8,26330.6538673568,"project()"
701,26330.6538580685,"project()"
701.2,26330.6538487827,"project()"
701.4,26330.6538394996,"project()"
701.6,26330.6538302191,"project()"
701.8,26330.6538209413,"project()"
702,26330.653811666,"project()"
702.2,26330.6538023934,"project()"
702.4,26330.6537931233,"project()"
702.6,26330.6537838559,"project()"
702.8,26330.6537745911,"project()"
703,26330.6537653289,"project()"
703.2,26330.6537560694,"project()"
703.4,26330.6537468124,"project()"
703.6,26330.653737558,"project()"
703.8,26330.6537283063,"project()"
704,26330.6537190572,"project()"
704.2,26330.6537098107,"project()"
704.4,26330.6537005668,"project()"
704.6,26330.6536913255,"project()"
704.8,26330.6536820869,"project()"
705,26330.6536728508,"project()"
705.2,26330.6536636174,"project()"
705.4,26330.6536543866,"project()"
705.6,26330.6536451584,"project()"
705.8,26330.6536359328,"project()"
706,26330.6536267098,"project()"
706.2,26330.6536174895,"project()"
706.4,26330.6536082717,"project()"
706.6,26330.6535990566,"project()"
706.8,26330.6535898441,"project()"
707,26330.6535806342,"project()"
707.2,26330.6535714269,"project()"
707.4,26330.6535622222,"project()"
707.6,26330.6535530201,"project()"
707.8,26330.6535438206,"project()"
708,26330.6535346238,"project()"
708.2,26330.6535254296,"project()"
708.4,26330.6535162379,"project()"
708.6,26330.6535070489,"project()"
708.8,26330.6534978625,"project()"
709,26330.6534886788,"project()"
709.2,26330.6534794976,"project()"
709.4,26330.653470319,"project()"
709.6,26330.6534611431,"project()"
709.8,26330.6534519698,"project()"
710,26330.6534427991,"project()"
710.2,26330.6534336309,"project()"
710.4,26330.6534244654,"project()"
710.6,26330.6534153026,"project()"
710.8,26330.6534061423,"project()"
711,26330.6533969846,"project()"
711.2,26330.6533878296,"project()"
711.4,26330.6533786771,"project()"
711.6,26330.6533695273,"project()"
711.8,26330.6533603801,"project()"
712,26330.6533512355,"project()"
712.2,26330.6533420935,"project()"
712.4,26330.6533329541,"project()"
712.6,26330.6533238173,"project()"
712.8,26330.6533146831,"project()"
713,26330.6533055516,"project()"
713.2,26330.6532964226,"project()"
713.4,26330.6532872963,"project()"
713.6,26330.6532781726,"project()"
713.8,26330.6532690515,"project()"
714,26330.6532599329,"project()"
714.2,26330.653250817,"project()"
714.4,26330.6532417038,"project()"
714.6,26330.6532325931,"project()"
714.8,26330.653223485,"project()"
715,26330.6532143795,"project()"
715.2,26330.6532052767,"project()"
715.4,26330.6531961764,"project()"
715.6,26330.6531870787,"project()"
715.8,26330.6531779837,"project()"
716,26330.6531688913,"project()"
716.2,26330.6531598014,"project()"
716.4,26330.6531507142,"project()"
716.6,26330.6531416296,"project()"
716.8,26330.6531325476,"project()"
717,26330.6531234682,"project()"
717.2,26330.6531143914,"project()"
717.4,26330.6531053173,"project()"
717.6,26330.6530962457,"project()"
717.8,26330.6530871767,"project()"
718,26330.6530781103,"project()"
718.2,26330.6530690465,"project()"
718.4,26330.6530599854,"project()"
718.6,26330.6530509268,"project()"
718.8,26330.6530418708,"project()"
719,26330.6530328175,"project()"
719.2,26330.6530237667,"project()"
719.4,26330.6530147185,"project()"
719.6,26330.653005673,"project()"
719.8,26330.65299663,"project()"
720,26330.6529875897,"project()"
720.2,26330.652978552,"project()"
720.4,26330.6529695168,"project()"
720.6,26330.6529604843,"project()"
720.8,26330.6529514544,"project()"
721,26330.6529424271,"project()"
721.2,26330.6529334024,"project()"
721.4,26330.6529243802,"project()"
721.6,26330.6529153607,"project()"
721.8,26330.6529063438,"project()"
722,26330.6528973295,"project()"
722.2,26330.6528883178,"project()"
722.4,26330.6528793087,"project()"
722.6,26330.6528703022,"project()"
722.8,26330.6528612983,"project()"
723,26330.6528522971,"project()"
723.2,26330.6528432984,"project()"
723.4,26330.6528343023,"project()"
723.6,26330.6528253088,"project()"
723.8,26330.6528163179,"project()"
724,26330.6528073296,"project()"
724.2,26330.6527983439,"project()"
724.4,26330.6527893608,"project()"
724.6,26330.6527803803,"project()"
724.8,26330.6527714024,"project()"
725,26330.6527624271,"project()"
725.2,26330.6527534543,"project()"
725.4,26330.6527444842,"project()"
725.6,26330.6527355167,"project()"
725.8,26330.6527265518,"project()"
726,26330.6527175895,"project()"
726.2,26330.6527086297,"project()"
726.4,26330.6526996726,"project()"
726.6,26330.652690718,"project()"
726.8,26330.6526817661,"project()"
727,26330.6526728168,"project()"
727.2,26330.65266387,"project()"
727.4,26330.6526549258,"project()"
727.6,26330.6526459843,"project()"
727.8,26330.6526370453,"project()"
728,26330.6526281089,"project()"
728.2,26330.6526191751,"project()"
728.4,26330.6526102439,"project()"
728.6,26330.6526013153,"project()"
728.8,26330.6525923892,"project()"
729,26330.6525834658,"project()"
729.2,26330.652574545,"project()"
729.4,26330.6525656267,"project()"
729.6,26330.6525567111,"project()"
729.8,26330.652547798,"project()"
730,26330.6525388875,"project()"
730.2,26330.6525299796,"project()"
730.4,26330.6525210743,"project()"
730.6,26330.6525121716,"project()"
730.8,26330.6525032715,"project()"
731,26330.652494374,"project()"
731.2,26330.6524854791,"project()"
731.4,26330.6524765867,"project()"
731.6,26330.6524676969,"project()"
731.8,26330.6524588098,"project()"
732,26330.6524499252,"project()"
732.2,26330.6524410432,"project()"
732.4,26330.6524321638,"project()"
732.6,26330.6524232869,"project()"
732.8,26330.6524144127,"project()"
733,26330.6524055411,"project()"
733.2,26330.652396672,"project()"
733.4,26330.6523878055,"project()"
733.6,26330.6523789416,"project()"
733.8,26330.6523700803,"project()"
734,26330.6523612216,"project()"
734.2,26330.6523523654,"project()"
734.4,26330.6523435119,"project()"
734.6,26330.6523346609,"project()"
734.8,26330.6523258125,"project()"
735,26330.6523169667,"project()"
735.2,26330.6523081234,"project()"
735.4,26330.6522992828,"project()"
735.6,26330.6522904447,"project()"
735.8,26330.6522816092,"project()"
736,26330.6522727763,"project()"
736.2,26330.652263946,"project()"
736.4,26330.6522551183,"project()"
736.6,26330.6522462931,"project()"
736.8,26330.6522374705,"project()"
737,26330.6522286505,"project()"
737.2,26330.6522198331,"project()"
737.4,26330.6522110183,"project()"
737.6,26330.652202206,"project()"
737.8,26330.6521933963,"project()"
738,26330.6521845892,"project()"
738.2,26330.6521757846,"project()"
738.4,26330.6521669827,"project()"
738.6,26330.6521581833,"project()"
738.8,26330.6521493865,"project()"
739,26330.6521405923,"project()"
739.2,26330.6521318006,"project()"
739.4,26330.6521230115,"project()"
739.6,26330.652114225,"project()"
739.8,26330.6521054411,"project()"
740,26330.6520966597,"project()"
740.2,26330.652087881,"project()"
740.4,26330.6520791048,"project()"
740.6,26330.6520703311,"project()"
740.8,26330.6520615601,"project()"
741,26330.6520527916,"project()"
741.2,26330.6520440256,"project()"
741.4,26330.6520352623,"project()"
741.6,26330.6520265015,"project()"
741.8,26330.6520177433,"project()"
742,26330.6520089877,"project()"
742.2,26330.6520002346,"project()"
742.4,26330.6519914841,"project()"
742.6,26330.6519827362,"project()"
742.8,26330.6519739908,"project()"
743,26330.651965248,"project()"
743.2,26330.6519565078,"project()"
743.4,26330.6519477702,"project()"
743.6,26330.6519390351,"project()"
743.8,26330.6519303026,"project()"
744,26330.6519215726,"project()"
744.2,26330.6519128452,"project()"
744.4,26330.6519041204,"project()"
744.6,26330.6518953981,"project()"
744.8,26330.6518866784,"project()"
745,26330.6518779613,"project()"
745.2,26330.6518692467,"project()"
745.4,26330.6518605347,"project()"
745.6,26330.6518518253,"project()"
745.8,26330.6518431184,"project()"
746,26330.6518344141,"project()"
746.2,26330.6518257123,"project()"
746.4,26330.6518170131,"project()"
746.6,26330.6518083164,"project()"
746.8,26330.6517996224,"project()"
747,26330.6517909308,"project()"
747.2,26330.6517822419,"project()"
747.4,26330.6517735555,"project()"
747.6,26330.6517648716,"project()"
747.8,26330.6517561903,"project()"
748,26330.6517475116,"project()"
748.2,26330.6517388354,"project()"
748.4,26330.6517301618,"project()"
748.6,26330.6517214907,"project()"
748.8,26330.6517128222,"project()"
749,26330.6517041563,"project()"
749.2,26330.6516954929,"project()"
749.4,26330.651686832,"project()"
749.6,26330.6516781737,"project()"
749.8,26330.651669518,"project()"
750,26330.6516608648,"project()"
750.2,26330.6516522142,"project()"
750.4,26330.6516435662,"project()"
750.6,26330.6516349206,"project()"
750.8,26330.6516262777,"project()"
751,26330.6516176373,"project()"
751.2,26330.6516089994,"project()"
751.4,26330.6516003641,"project()"
751.6,26330.6515917314,"project()"
751.8,26330.6515831011,"project()"
752,26330.6515744735,"project()"
752.2,26330.6515658484,"project()"
752.4,26330.6515572258,"project()"
752.6,26330.6515486058,"project()"
752.8,26330.6515399883,"project()"
753,26330.6515313734,"project()"
753.2,26330.651522761,"project()"
753.4,26330.6515141512,"project()"
753.6,26330.6515055439,"project()"
753.8,26330.6514969392,"project()"
754,26330.651488337,"project()"
754.2,26330.6514797373,"project()"
754.4,26330.6514711402,"project()"
754.6,26330.6514625457,"project()"
754.8,26330.6514539536,"project()"
755,26330.6514453642,"project()"
755.2,26330.6514367772,"project()"
755.4,26330.6514281928,"project()"
755.6,26330.651419611,"project()"
755.8,26330.6514110317,"project()"
756,26330.6514024549,"project()"
756.2,26330.6513938807,"project()"
756.4,26330.651385309,"project()"
756.6,26330.6513767398,"project()"
756.8,26330.6513681732,"project()"
757,26330.6513596091,"project()"
757.2,26330.6513510476,"project()"
757.4,26330.6513424885,"project()"
757.6,26330.6513339321,"project()"
757.8,26330.6513253781,"project()"
758,26330.6513168267,"project()"
758.2,26330.6513082779,"project()"
758.4,26330.6512997315,"project()"
758.6,26330.6512911877,"project()"
758.8,26330.6512826465,"project()"
759,26330.6512741077,"project()"
759.2,26330.6512655715,"project()"
759.4,26330.6512570379,"project()"
759.6,26330.6512485067,"project()"
759.8,26330.6512399781,"project()"
760,26330.6512314521,"project()"
760.2,26330.6512229285,"project()"
760.4,26330.6512144075,"project()"
760.6,26330.651205889,"project()"
760.8,26330.6511973731,"project()"
761,26330.6511888597,"project()"
761.2,26330.6511803488,"project()"
761.4,26330.6511718404,"project()"
761.6,26330.6511633345,"project()"
761.8,26330.6511548312,"project()"
762,26330.6511463304,"project()"
762.2,26330.6511378322,"project()"
762.4,26330.6511293364,"project()"
762.6,26330.6511208432,"project()"
762.8,26330.6511123525,"project()"
763,26330.6511038643,"project()"
763.2,26330.6510953787,"project()"
763.4,26330.6510868955,"project()"
763.6,26330.6510784149,"project()"
763.8,26330.6510699368,"project()"
764,26330.6510614613,"project()"
764.2,26330.6510529882,"project()"
764.4,26330.6510445177,"project()"
764.6,26330.6510360497,"project()"
764.8,26330.6510275842,"project()"
765,26330.6510191212,"project()"
765.2,26330.6510106607,"project()"
765.4,26330.6510022028,"project()"
765.6,26330.6509937474,"project()"
765.8,26330.6509852944,"project()"
766,26330.650976844,"project()"
766.2,26330.6509683962,"project()"
766.4,26330.6509599508,"project()"
766.6,26330.6509515079,"project()"
766.8,26330.6509430676,"project()"
767,26330.6509346298,"project()"
767.2,26330.6509261944,"project()"
767.4,26330.6509177616,"project()"
767.6,26330.6509093313,"project()"
767.8,26330.6509009036,"project()"
768,26330.6508924783,"project()"
768.2,26330.6508840555,"project()"
768.4,26330.6508756353,"project()"
768.6,26330.6508672175,"project()"
768.8,26330.6508588023,"project()"
769,26330.6508503896,"project()"
769.2,26330.6508419794,"project()"
769.4,26330.6508335717,"project()"
769.6,26330.6508251665,"project()"
769.8,26330.6508167638,"project()"
770,26330.6508083636,"project()"
770.2,26330.6507999659,"project()"
770.4,26330.6507915707,"project()"
770.6,26330.650783178,"project()"
770.8,26330.6507747878,"project()"
771,26330.6507664001,"project()"
771.2,26330.650758015,"project()"
771.4,26330.6507496323,"project()"
771.6,26330.6507412521,"project()"
771.8,26330.6507328744,"project()"
772,26330.6507244993,"project()"
772.2,26330.6507161266,"project()"
772.4,26330.6507077564,"project()"
772.6,26330.6506993887,"project()"
772.8,26330.6506910235,"project()"
773,26330.6506826608,"project()"
773.2,26330.6506743007,"project()"
773.4,26330.650665943,"project()"
773.6,26330.6506575878,"project()"
773.8,26330.6506492351,"project()"
774,26330.6506408849,"project()"
774.2,26330.6506325371,"project()"
774.4,26330.6506241919,"project()"
774.6,26330.6506158492,"project()"
774.8,26330.650607509,"project()"
775,26330.6505991712,"project()"
775.2,26330.650590836,"project()"
775.4,26330.6505825032,"project()"
775.6,26330.650574173,"project()"
775.8,26330.6505658452,"project()"
776,26330.6505575199,"project()"
776.2,26330.6505491971,"project()"
776.4,26330.6505408768,"project()"
776.6,26330.6505325589,"project()"
776.8,26330.6505242436,"project()"
777,26330.6505159307,"project()"
777.2,26330.6505076204,"project()"
777.4,26330.6504993125,"project()"
777.6,26330.6504910071,"project()"
777.8,26330.6504827041,"project()"
778,26330.6504744037,"project()"
778.2,26330.6504661058,"project()"
778.4,26330.6504578103,"project()"
778.6,26330.6504495173,"project()"
778.8,26330.6504412268,"project()"
779,26330.6504329388,"project()"
779.2,26330.6504246532,"project()"
779.4,26330.6504163702,"project()"
779.6,26330.6504080896,"project()"
779.8,26330.6503998115,"project()"
780,26330.6503915358,"project()"
780.2,26330.6503832627,"project()"
780.4,26330.650374992,"project()"
780.6,26330.6503667238,"project()"
780.8,26330.6503584581,"project()"
781,26330.6503501949,"project()"
781.2,26330.6503419341,"project()"
781.4,26330.6503336758,"project()"
781.6,26330.65032542,"project()"
781.8,26330.6503171666,"project()"
782,26330.6503089157,"project()"
782.2,26330.6503006673,"project()"
782.4,26330.6502924214,"project()"
782.6,26330.6502841779,"project()"
782.8,26330.6502759369,"project()"
783,26330.6502676984,"project()"
783.2,26330.6502594623,"project()"
783.4,26330.6502512287,"project()"
783.6,26330.6502429976,"project()"
783.8,26330.6502347689,"project()"
784,26330.6502265427,"project()"
784.2,26330.650218319,"project()"
784.4,26330.6502100977,"project()"
784.6,26330.6502018789,"project()"
784.8,26330.6501936626,"project()"
785,26330.6501854487,"project()"
785.2,26330.6501772373,"project()"
785.4,26330.6501690283,"project()"
785.6,26330.6501608218,"project()"
785.8,26330.6501526178,"project()"
786,26330.6501444163,"project()"
786.2,26330.6501362172,"project()"
786.4,26330.6501280205,"project()"
786.6,26330.6501198263,"project()"
786.8,26330.6501116346,"project()"
787,26330.6501034453,"project()"
787.2,26330.6500952585,"project()"
787.4,26330.6500870742,"project()"
787.6,26330.6500788923,"project()"
787.8,26330.6500707129,"project()"
788,26330.6500625359,"project()"
788.2,26330.6500543614,"project()"
788.4,26330.6500461893,"project()"
788.6,26330.6500380197,"project()"
788.8,26330.6500298525,"project()"
789,26330.6500216878,"project()"
789.2,26330.6500135255,"project()"
789.4,26330.6500053657,"project()"
789.6,26330.6499972084,"project()"
789.8,26330.6499890535,"project()"
790,26330.649980901,"project()"
790.2,26330.649972751,"project()"
790.4,26330.6499646034,"project()"
790.6,26330.6499564583,"project()"
790.8,26330.6499483156,"project()"
791,26330.6499401754,"project()"
791.2,26330.6499320376,"project()"
791.4,26330.6499239023,"project()"
791.6,26330.6499157694,"project()"
791.8,26330.6499076389,"project()"
792,26330.6498995109,"project()"
792.2,26330.6498913853,"project()"
792.4,26330.6498832622,"project()"
792.6,26330.6498751415,"project()"
792.8,26330.6498670233,"project()"
793,26330.6498589075,"project()"
793.2,26330.6498507941,"project()"
793.4,26330.6498426832,"project()"
793.6,26330.6498345747,"project()"
793.8,26330.6498264686,"project()"
794,26330.649818365,"project()"
794.2,26330.6498102638,"project()"
794.4,26330.6498021651,"project()"
794.6,26330.6497940688,"project()"
794.8,26330.6497859749,"project()"
795,26330.6497778834,"project()"
795.2,26330.6497697944,"project()"
795.4,26330.6497617078,"project()"
795.6,26330.6497536237,"project()"
795.8,26330.649745542,"project()"
796,26330.6497374627,"project()"
796.2,26330.6497293858,"project()"
796.4,26330.6497213114,"project()"
796.6,26330.6497132394,"project()"
796.8,26330.6497051698,"project()"
797,26330.6496971026,"project()"
797.2,26330.6496890379,"project()"
797.4,26330.6496809756,"project()"
797.6,26330.6496729157,"project()"
797.8,26330.6496648583,"project()"
798,26330.6496568032,"project()"
798.2,26330.6496487506,"project()"
798.4,26330.6496407005,"project()"
798.6,26330.6496326527,"project()"
798.8,26330.6496246074,"project()"
799,26330.6496165645,"project()"
799.2,26330.649608524,"project()"
799.4,26330.6496004859,"project()"
799.6,26330.6495924503,"project()"
799.8,26330.649584417,"project()"
800,26330.6495763862,"project()"
800.2,26330.6495683578,"project()"
800.4,26330.6495603318,"project()"
800.6,26330.6495523083,"project()"
800.8,26330.6495442871,"project()"
801,26330.6495362684,"project()"
801.2,26330.6495282521,"project()"
801.4,26330.6495202382,"project()"
801.6,26330.6495122267,"project()"
801.8,26330.6495042177,"project()"
802,26330.649496211,"project()"
802.2,26330.6494882068,"project()"
802.4,26330.6494802049,"project()"
802.6,26330.6494722055,"project()"
802.8,26330.6494642085,"project()"
803,26330.6494562139,"project()"
803.2,26330.6494482217,"project()"
803.4,26330.6494402319,"project()"
803.6,26330.6494322445,"project()"
803.8,26330.6494242595,"project()"
804,26330.6494162769,"project()"
804.2,26330.6494082968,"project()"
804.4,26330.649400319,"project()"
804.6,26330.6493923437,"project()"
804.8,26330.6493843707,"project()"
805,26330.6493764002,"project()"
805.2,26330.649368432,"project()"
805.4,26330.6493604663,"project()"
805.6,26330.6493525029,"project()"
805.8,26330.649344542,"project()"
806,26330.6493365834,"project()"
806.2,26330.6493286273,"project()"
806.4,26330.6493206735,"project()"
806.6,26330.6493127222,"project()"
806.8,26330.6493047732,"project()"
807,26330.6492968267,"project()"
807.2,26330.6492888825,"project()"
807.4,26330.6492809408,"project()"
807.6,26330.6492730014,"project()"
807.8,26330.6492650644,"project()"
808,26330.6492571298,"project()"
808.2,26330.6492491977,"project()"
808.4,26330.6492412679,"project()"
808.6,26330.6492333404,"project()"
808.8,26330.6492254154,"project()"
809,26330.6492174928,"project()"
809.2,26330.6492095726,"project()"
809.4,26330.6492016547,"project()"
809.6,26330.6491937393,"project()"
809.8,26330.6491858262,"project()"
810,26330.6491779155,"project()"
810.2,26330.6491700072,"project()"
810.4,26330.6491621013,"project()"
810.6,26330.6491541978,"project()"
810.8,26330.6491462966,"project()"
811,26330.6491383978,"project()"
811.2,26330.6491305014,"project()"
811.4,26330.6491226074,"project()"
811.6,26330.6491147158,"project()"
811.8,26330.6491068266,"project()"
812,26330.6490989397,"project()"
812.2,26330.6490910552,"project()"
812.4,26330.6490831731,"project()"
812.6,26330.6490752934,"project()"
812.8,26330.649067416,"project()"
813,26330.649059541,"project()"
813.2,26330.6490516684,"project()"
813.4,26330.6490437982,"project()"
813.6,26330.6490359304,"project()"
813.8,26330.6490280649,"project()"
814,26330.6490202018,"project()"
814.2,26330.6490123411,"project()"
814.4,26330.6490044827,"project()"
814.6,26330.6489966267,"project()"
814.8,26330.6489887731,"project()"
815,26330.6489809219,"project()"
815.2,26330.648973073,"project()"
815.4,26330.6489652265,"project()"
815.6,26330.6489573824,"project()"
815.8,26330.6489495406,"project()"
816,26330.6489417012,"project()"
816.2,26330.6489338642,"project()"
816.4,26330.6489260295,"project()"
816.6,26330.6489181972,"project()"
816.8,26330.6489103672,"project()"
817,26330.6489025397,"project()"
817.2,26330.6488947145,"project()"
817.4,26330.6488868916,"project()"
817.6,26330.6488790711,"project()"
817.8,26330.648871253,"project()"
818,26330.6488634373,"project()"
818.2,26330.6488556239,"project()"
818.4,26330.6488478128,"project()"
818.6,26330.6488400042,"project()"
818.8,26330.6488321978,"project()"
819,26330.6488243939,"project()"
819.2,26330.6488165923,"project()"
819.4,26330.648808793,"project()"
819.6,26330.6488009961,"project()"
819.8,26330.6487932016,"project()"
820,26330.6487854094,"project()"
820.2,26330.6487776195,"project()"
820.4,26330.648769832,"project()"
820.6,26330.6487620469,"project()"
820.8,26330.6487542641,"project()"
821,26330.6487464837,"project()"
821.2,26330.6487387056,"project()"
821.4,26330.6487309299,"project()"
821.6,26330.6487231565,"project()"
821.8,26330.6487153855,"project()"
822,26330.6487076168,"project()"
822.2,26330.6486998504,"project()"
822.4,26330.6486920864,"project()"
822.6,26330.6486843248,"project()"
822.8,26330.6486765655,"project()"
823,26330.6486688085,"project()"
823.2,26330.6486610539,"project()"
823.4,26330.6486533016,"project()"
823.6,26330.6486455517,"project()"
823.8,26330.6486378041,"project()"
824,26330.6486300589,"project()"
824.2,26330.648622316,"project()"
824.4,26330.6486145754,"project()"
824.6,26330.6486068372,"project()"
824.8,26330.6485991013,"project()"
825,26330.6485913677,"project()"
825.2,26330.6485836365,"project()"
825.4,26330.6485759076,"project()"
825.6,26330.6485681811,"project()"
825.8,26330.6485604569,"project()"
826,26330.648552735,"project()"
826.2,26330.6485450154,"project()"
826.4,26330.6485372982,"project()"
826.6,26330.6485295834,"project()"
826.8,26330.6485218708,"project()"
827,26330.6485141606,"project()"
827.2,26330.6485064527,"project()"
827.4,26330.6484987472,"project()"
827.6,26330.6484910439,"project()"
827.8,26330.648483343,"project()"
828,26330.6484756445,"project()"
828.2,26330.6484679482,"project()"
828.4,26330.6484602543,"project()"
828.6,26330.6484525627,"project()"
828.8,26330.6484448734,"project()"
829,26330.6484371865,"project()"
829.2,26330.6484295019,"project()"
829.4,26330.6484218196,"project()"
829.6,26330.6484141396,"project()"
829.8,26330.648406462,"project()"
830,26330.6483987867,"project()"
830.2,26330.6483911137,"project()"
830.4,26330.648383443,"project()"
830.6,26330.6483757746,"project()"
830.8,26330.6483681086,"project()"
831,26330.6483604449,"project()"
831.2,26330.6483527835,"project()"
831.4,26330.6483451244,"project()"
831.6,26330.6483374676,"project()"
831.8,26330.6483298131,"project()"
832,26330.648322161,"project()"
832.2,26330.6483145112,"project()"
832.4,26330.6483068637,"project()"
832.6,26330.6482992185,"project()"
832.8,26330.6482915756,"project()"
833,26330.648283935,"project()"
833.2,26330.6482762967,"project()"
833.4,26330.6482686607,"project()"
833.6,26330.6482610271,"project()"
833.8,26330.6482533957,"project()"
834,26330.6482457667,"project()"
834.2,26330.6482381399,"project()"
834.4,26330.6482305155,"project()"
834.6,26330.6482228934,"project()"
834.8,26330.6482152736,"project()"
835,26330.6482076561,"project()"
835.2,26330.6482000408,"project()"
835.4,26330.6481924279,"project()"
835.6,26330.6481848173,"project()"
835.8,26330.648177209,"project()"
836,26330.648169603,"project()"
836.2,26330.6481619993,"project()"
836.4,26330.6481543979,"project()"
836.6,26330.6481467988,"project()"
836.8,26330.648139202,"project()"
837,26330.6481316075,"project()"
837.2,26330.6481240153,"project()"
837.4,26330.6481164254,"project()"
837.6,26330.6481088378,"project()"
837.8,26330.6481012525,"project()"
838,26330.6480936695,"project()"
838.2,26330.6480860887,"project()"
838.4,26330.6480785103,"project()"
838.6,26330.6480709342,"project()"
838.8,26330.6480633603,"project()"
839,26330.6480557888,"project()"
839.2,26330.6480482195,"project()"
839.4,26330.6480406525,"project()"
839.6,26330.6480330878,"project()"
839.8,26330.6480255254,"project()"
840,26330.6480179653,"project()"
840.2,26330.6480104075,"project()"
840.4,26330.6480028519,"project()"
840.6,26330.6479952987,"project()"
840.8,26330.6479877477,"project()"
841,26330.647980199,"project()"
841.2,26330.6479726526,"project()"
841.4,26330.6479651085,"project()"
841.6,26330.6479575667,"project()"
841.8,26330.6479500271,"project()"
842,26330.6479424898,"project()"
842.2,26330.6479349548,"project()"
842.4,26330.6479274221,"project()"
842.6,26330.6479198917,"project()"
842.8,26330.6479123635,"project()"
843,26330.6479048376,"project()"
843.2,26330.647897314,"project()"
843.4,26330.6478897927,"project()"
843.6,26330.6478822736,"project()"
843.8,26330.6478747569,"project()"
844,26330.6478672424,"project()"
844.2,26330.6478597301,"project()"
844.4,26330.6478522201,"project()"
844.6,26330.6478447125,"project()"
844.8,26330.647837207,"project()"
845,26330.6478297039,"project()"
845.2,26330.647822203,"project()"
845.4,26330.6478147044,"project()"
845.6,26330.647807208,"project()"
845.8,26330.6477997139,"project()"
846,26330.6477922221,"project()"
846.2,26330.6477847326,"project()"
846.4,26330.6477772453,"project()"
846.6,26330.6477697603,"project()"
846.8,26330.6477622775,"project()"
847,26330.647754797,"project()"
847.2,26330.6477473188,"project()"
847.4,26330.6477398428,"project()"
847.6,26330.6477323691,"project()"
847.8,26330.6477248977,"project()"
848,26330.6477174285,"project()"
848.2,26330.6477099616,"project()"
848.4,26330.6477024969,"project()"
848.6,26330.6476950345,"project()"
848.8,26330.6476875744,"project()"
849,26330.6476801165,"project()"
849.2,26330.6476726608,"project()"
849.4,26330.6476652075,"project()"
849.6,26330.6476577564,"project()"
849.8,26330.6476503075,"project()"
850,26330.6476428609,"project()"
850.2,26330.6476354165,"project()"
850.4,26330.6476279744,"project()"
850.6,26330.6476205345,"project()"
850.8,26330.6476130969,"project()"
851,26330.6476056616,"project()"
851.2,26330.6475982284,"project()"
851.4,26330.6475907976,"project()"
851.6,26330.647583369,"project()"
851.8,26330.6475759426,"project()"
852,26330.6475685185,"project()"
852.2,26330.6475610966,"project()"
852.4,26330.647553677,"project()"
852.6,26330.6475462596,"project()"
852.8,26330.6475388445,"project()"
853,26330.6475314316,"project()"
853.2,26330.647524021,"project()"
853.4,26330.6475166126,"project()"
853.6,26330.6475092064,"project()"
853.8,26330.6475018025,"project()"
854,26330.6474944008,"project()"
854.2,26330.6474870014,"project()"
854.4,26330.6474796042,"project()"
854.6,26330.6474722092,"project()"
854.8,26330.6474648165,"project()"
855,26330.647457426,"project()"
855.2,26330.6474500377,"project()"
855.4,26330.6474426517,"project()"
855.6,26330.6474352679,"project()"
855.8,26330.6474278863,"project()"
856,26330.647420507,"project()"
856.2,26330.6474131299,"project()"
856.4,26330.647405755,"project()"
856.6,26330.6473983824,"project()"
856.8,26330.647391012,"project()"
857,26330.6473836438,"project()"
857.2,26330.6473762779,"project()"
857.4,26330.6473689142,"project()"
857.6,26330.6473615527,"project()"
857.8,26330.6473541934,"project()"
858,26330.6473468364,"project()"
858.2,26330.6473394815,"project()"
858.4,26330.647332129,"project()"
858.6,26330.6473247786,"project()"
858.8,26330.6473174305,"project()"
859,26330.6473100845,"project()"
859.2,26330.6473027409,"project()"
859.4,26330.6472953994,"project()"
859.6,26330.6472880601,"project()"
859.8,26330.6472807231,"project()"
860,26330.6472733883,"project()"
860.2,26330.6472660557,"project()"
860.4,26330.6472587253,"project()"
860.6,26330.6472513972,"project()"
860.8,26330.6472440713,"project()"
861,26330.6472367475,"project()"
861.2,26330.647229426,"project()"
861.4,26330.6472221068,"project()"
861.6,26330.6472147897,"project()"
861.8,26330.6472074748,"project()"
862,26330.6472001622,"project()"
862.2,26330.6471928517,"project()"
862.4,26330.6471855435,"project()"
862.6,26330.6471782375,"project()"
862.8,26330.6471709337,"project()"
863,26330.6471636321,"project()"
863.2,26330.6471563327,"project()"
863.4,26330.6471490355,"project()"
863.6,26330.6471417405,"project()"
863.8,26330.6471344478,"project()"
864,26330.6471271572,"project()"
864.2,26330.6471198689,"project()"
864.4,26330.6471125827,"project()"
864.6,26330.6471052988,"project()"
864.8,26330.647098017,"project()"
865,26330.6470907375,"project()"
865.2,26330.6470834601,"project()"
865.4,26330.647076185,"project()"
865.6,26330.647068912,"project()"
865.8,26330.6470616413,"project()"
866,26330.6470543728,"project()"
866.2,26330.6470471064,"project()"
866.4,26330.6470398423,"project()"
866.6,26330.6470325803,"project()"
866.8,26330.6470253206,"project()"
867,26330.647018063,"project()"
867.2,26330.6470108076,"project()"
867.4,26330.6470035545,"project()"
867.6,26330.6469963035,"project()"
867.8,26330.6469890547,"project()"
868,26330.6469818081,"project()"
868.2,26330.6469745637,"project()"
868.4,26330.6469673215,"project()"
868.6,26330.6469600814,"project()"
868.8,26330.6469528436,"project()"
869,26330.646945608,"project()"
869.2,26330.6469383745,"project()"
869.4,26330.6469311432,"project()"
869.6,26330.6469239141,"project()"
869.8,26330.6469166872,"project()"
870,26330.6469094625,"project()"
870.2,26330.64690224,"project()"
870.4,26330.6468950196,"project()"
870.6,26330.6468878014,"project()"
870.8,26330.6468805854,"project()"
871,26330.6468733716,"project()"
871.2,26330.64686616,"project()"
871.4,26330.6468589505,"project()"
871.6,26330.6468517433,"project()"
871.8,26330.6468445382,"project()"
872,26330.6468373353,"project()"
872.2,26330.6468301345,"project()"
872.4,26330.646822936,"project()"
872.6,26330.6468157396,"project()"
872.8,26330.6468085454,"project()"
873,26330.6468013533,"project()"
873.2,26330.6467941635,"project()"
873.4,26330.6467869758,"project()"
873.6,26330.6467797903,"project()"
873.8,26330.6467726069,"project()"
874,26330.6467654258,"project()"
874.2,26330.6467582468,"project()"
874.4,26330.6467510699,"project()"
874.6,26330.6467438953,"project()"
874.8,26330.6467367228,"project()"
875,26330.6467295524,"project()"
875.2,26330.6467223843,"project()"
875.4,26330.6467152183,"project()"
875.6,26330.6467080544,"project()"
875.8,26330.6467008928,"project()"
876,26330.6466937333,"project()"
876.2,26330.6466865759,"project()"
876.4,26330.6466794207,"project()"
876.6,26330.6466722677,"project()"
876.8,26330.6466651169,"project()"
877,26330.6466579682,"project()"
877.2,26330.6466508216,"project()"
877.4,26330.6466436773,"project()"
877.6,26330.646636535,"project()"
877.8,26330.646629395,"project()"
878,26330.6466222571,"project()"
878.2,26330.6466151213,"project()"
878.4,26330.6466079877,"project()"
878.6,26330.6466008563,"project()"
878.8,26330.646593727,"project()"
879,26330.6465865999,"project()"
879.2,26330.6465794749,"project()"
879.4,26330.646572352,"project()"
879.6,26330.6465652314,"project()"
879.8,26330.6465581128,"project()"
880,26330.6465509965,"project()"
880.2,26330.6465438822,"project()"
880.4,26330.6465367701,"project()"
880.6,26330.6465296602,"project()"
880.8,26330.6465225524,"project()"
881,26330.6465154468,"project()"
881.2,26330.6465083433,"project()"
881.4,26330.646501242,"project()"
881.6,26330.6464941428,"project()"
881.8,26330.6464870457,"project()"
882,26330.6464799508,"project()"
882.2,26330.6464728581,"project()"
882.4,26330.6464657675,"project()"
882.6,26330.646458679,"project()"
882.8,26330.6464515926,"project()"
883,26330.6464445084,"project()"
883.2,26330.6464374264,"project()"
883.4,26330.6464303465,"project()"
883.6,26330.6464232687,"project()"
883.8,26330.6464161931,"project()"
884,26330.6464091196,"project()"
884.2,26330.6464020482,"project()"
884.4,26330.646394979,"project()"
884.6,26330.6463879119,"project()"
884.8,26330.6463808469,"project()"
885,26330.6463737841,"project()"
885.2,26330.6463667234,"project()"
885.4,26330.6463596648,"project()"
885.6,26330.6463526084,"project()"
885.8,26330.6463455541,"project()"
886,26330.6463385019,"project()"
886.2,26330.6463314519,"project()"
886.4,26330.646324404,"project()"
886.6,26330.6463173582,"project()"
886.8,26330.6463103145,"project()"
887,26330.646303273,"project()"
887.2,26330.6462962336,"project()"
887.4,26330.6462891963,"project()"
887.6,26330.6462821611,"project()"
887.8,26330.6462751281,"project()"
888,26330.6462680972,"project()"
888.2,26330.6462610684,"project()"
888.4,26330.6462540417,"project()"
888.6,26330.6462470171,"project()"
888.8,26330.6462399947,"project()"
889,26330.6462329744,"project()"
889.2,26330.6462259562,"project()"
889.4,26330.6462189401,"project()"
889.6,26330.6462119262,"project()"
889.8,26330.6462049143,"project()"
890,26330.6461979046,"project()"
890.2,26330.646190897,"project()"
890.4,26330.6461838915,"project()"
890.6,26330.6461768881,"project()"
890.8,26330.6461698869,"project()"
891,26330.6461628877,"project()"
891.2,26330.6461558907,"project()"
891.4,26330.6461488957,"project()"
891.6,26330.6461419029,"project()"
891.8,26330.6461349122,"project()"
892,26330.6461279236,"project()"
892.2,26330.6461209371,"project()"
892.4,26330.6461139527,"project()"
892.6,26330.6461069704,"project()"
892.8,26330.6460999902,"project()"
893,26330.6460930122,"project()"
893.2,26330.6460860362,"project()"
893.4,26330.6460790623,"project()"
893.6,26330.6460720906,"project()"
893.8,26330.6460651209,"project()"
894,26330.6460581534,"project()"
894.2,26330.6460511879,"project()"
894.4,26330.6460442246,"project()"
894.6,26330.6460372633,"project()"
894.8,26330.6460303042,"project()"
895,26330.6460233471,"project()"
895.2,26330.6460163922,"project()"
895.4,26330.6460094393,"project()"
895.6,26330.6460024885,"project()"
895.8,26330.6459955399,"project()"
896,26330.6459885933,"project()"
896.2,26330.6459816488,"project()"
896.4,26330.6459747065,"project()"
896.6,26330.6459677662,"project()"
896.8,26330.645960828,"project()"
897,26330.6459538919,"project()"
897.2,26330.6459469579,"project()"
897.4,26330.645940026,"project()"
897.6,26330.6459330961,"project()"
897.8,26330.6459261684,"project()"
898,26330.6459192427,"project()"
898.2,26330.6459123192,"project()"
898.4,26330.6459053977,"project()"
898.6,26330.6458984783,"project()"
898.8,26330.645891561,"project()"
899,26330.6458846458,"project()"
899.2,26330.6458777327,"project()"
899.4,26330.6458708217,"project()"
899.6,26330.6458639127,"project()"
899.8,26330.6458570059,"project()"
900,26330.6458501011,"project()"
900.2,26330.6458431984,"project()"
900.4,26330.6458362977,"project()"
900.6,26330.6458293992,"project()"
900.8,26330.6458225027,"project()"
901,26330.6458156083,"project()"
901.2,26330.645808716,"project()"
901.4,26330.6458018258,"project()"
901.6,26330.6457949376,"project()"
901.8,26330.6457880515,"project()"
902,26330.6457811675,"project()"
902.2,26330.6457742856,"project()"
902.4,26330.6457674057,"project()"
902.6,26330.6457605279,"project()"
902.8,26330.6457536522,"project()"
903,26330.6457467785,"project()"
903.2,26330.6457399069,"project()"
903.4,26330.6457330374,"project()"
903.6,26330.64572617,"project()"
903.8,26330.6457193046,"project()"
904,26330.6457124413,"project()"
904.2,26330.64570558,"project()"
904.4,26330.6456987209,"project()"
904.6,26330.6456918638,"project()"
904.8,26330.6456850087,"project()"
905,26330.6456781557,"project()"
905.2,26330.6456713048,"project()"
905.4,26330.645664456,"project()"
905.6,26330.6456576092,"project()"
905.8,26330.6456507645,"project()"
906,26330.6456439218,"project()"
906.2,26330.6456370812,"project()"
906.4,26330.6456302427,"project()"
906.6,26330.6456234062,"project()"
906.8,26330.6456165718,"project()"
907,26330.6456097394,"project()"
907.2,26330.6456029091,"project()"
907.4,26330.6455960809,"project()"
907.6,26330.6455892547,"project()"
907.8,26330.6455824306,"project()"
908,26330.6455756085,"project()"
908.2,26330.6455687885,"project()"
908.4,26330.6455619705,"project()"
908.6,26330.6455551546,"project()"
908.8,26330.6455483408,"project()"
909,26330.645541529,"project()"
909.2,26330.6455347192,"project()"
909.4,26330.6455279115,"project()"
909.6,26330.6455211058,"project()"
909.8,26330.6455143022,"project()"
910,26330.6455075006,"project()"
910.2,26330.6455007011,"project()"
910.4,26330.6454939036,"project()"
910.6,26330.6454871082,"project()"
910.8,26330.6454803148,"project()"
911,26330.6454735235,"project()"
911.2,26330.6454667342,"project()"
911.4,26330.645459947,"project()"
911.6,26330.6454531617,"project()"
911.8,26330.6454463786,"project()"
912,26330.6454395975,"project()"
912.2,26330.6454328184,"project()"
912.4,26330.6454260413,"project()"
912.6,26330.6454192663,"project()"
912.8,26330.6454124933,"project()"
913,26330.6454057224,"project()"
913.2,26330.6453989535,"project()"
913.4,26330.6453921867,"project()"
913.6,26330.6453854218,"project()"
913.8,26330.645378659,"project()"
914,26330.6453718983,"project()"
914.2,26330.6453651396,"project()"
914.4,26330.6453583829,"project()"
914.6,26330.6453516282,"project()"
914.8,26330.6453448756,"project()"
915,26330.645338125,"project()"
915.2,26330.6453313764,"project()"
915.4,26330.6453246299,"project()"
915.6,26330.6453178854,"project()"
915.8,26330.6453111429,"project()"
916,26330.6453044024,"project()"
916.2,26330.645297664,"project()"
916.4,26330.6452909276,"project()"
916.6,26330.6452841932,"project()"
916.8,26330.6452774609,"project()"
917,26330.6452707306,"project()"
917.2,26330.6452640023,"project()"
917.4,26330.645257276,"project()"
917.6,26330.6452505517,"project()"
917.8,26330.6452438295,"project()"
918,26330.6452371093,"project()"
918.2,26330.6452303911,"project()"
918.4,26330.6452236749,"project()"
918.6,26330.6452169608,"project()"
918.8,26330.6452102486,"project()"
919,26330.6452035385,"project()"
919.2,26330.6451968304,"project()"
919.4,26330.6451901243,"project()"
919.6,26330.6451834202,"project()"
919.8,26330.6451767182,"project()"
920,26330.6451700181,"project()"
920.2,26330.6451633201,"project()"
920.4,26330.6451566241,"project()"
920.6,26330.6451499301,"project()"
920.8,26330.6451432381,"project()"
921,26330.6451365481,"project()"
921.2,26330.6451298601,"project()"
921.4,26330.6451231742,"project()"
921.6,26330.6451164902,"project()"
921.8,26330.6451098082,"project()"
922,26330.6451031283,"project()"
922.2,26330.6450964503,"project()"
922.4,26330.6450897744,"project()"
922.6,26330.6450831005,"project()"
922.8,26330.6450764285,"project()"
923,26330.6450697586,"project()"
923.2,26330.6450630907,"project()"
923.4,26330.6450564248,"project()"
923.6,26330.6450497609,"project()"
923.8,26330.645043099,"project()"
924,26330.645036439,"project()"
924.2,26330.6450297811,"project()"
924.4,26330.6450231252,"project()"
924.6,26330.6450164713,"project()"
924.8,26330.6450098194,"project()"
925,26330.6450031695,"project()"
925.2,26330.6449965215,"project()"
925.4,26330.6449898756,"project()"
925.6,26330.6449832317,"project()"
925.8,26330.6449765897,"project()"
926,26330.6449699498,"project()"
926.2,26330.6449633118,"project()"
926.4,26330.6449566759,"project()"
926.6,26330.6449500419,"project()"
926.8,26330.6449434099,"project()"
927,26330.6449367799,"project()"
927.2,26330.6449301519,"project()"
927.4,26330.6449235259,"project()"
927.6,26330.6449169019,"project()"
927.8,26330.6449102799,"project()"
928,26330.6449036598,"project()"
928.2,26330.6448970418,"project()"
928.4,26330.6448904257,"project()"
928.6,26330.6448838116,"project()"
928.8,26330.6448771995,"project()"
929,26330.6448705894,"project()"
929.2,26330.6448639812,"project()"
929.4,26330.6448573751,"project()"
929.6,26330.6448507709,"project()"
929.8,26330.6448441687,"project()"
930,26330.6448375685,"project()"
930.2,26330.6448309702,"project()"
930.4,26330.644824374,"project()"
930.6,26330.6448177797,"project()"
930.8,26330.6448111874,"project()"
931,26330.6448045971,"project()"
931.2,26330.6447980088,"project()"
931.4,26330.6447914224,"project()"
931.6,26330.644784838,"project()"
931.8,26330.6447782556,"project()"
932,26330.6447716751,"project()"
932.2,26330.6447650967,"project()"
932.4,26330.6447585201,"project()"
932.6,26330.6447519456,"project()"
932.8,26330.644745373,"project()"
933,26330.6447388024,"project()"
933.2,26330.6447322338,"project()"
933.4,26330.6447256672,"project()"
933.6,26330.6447191025,"project()"
933.8,26330.6447125397,"project()"
934,26330.644705979,"project()"
934.2,26330.6446994202,"project()"
934.4,26330.6446928633,"project()"
934.6,26330.6446863085,"project()"
934.8,26330.6446797556,"project()"
935,26330.6446732046,"project()"
935.2,26330.6446666557,"project()"
935.4,26330.6446601087,"project()"
935.6,26330.6446535636,"project()"
935.8,26330.6446470205,"project()"
936,26330.6446404794,"project()"
936.2,26330.6446339402,"project()"
936.4,26330.644627403,"project()"
936.6,26330.6446208678,"project()"
936.8,26330.6446143345,"project()"
937,26330.6446078032,"project()"
937.2,26330.6446012738,"project()"
937.4,26330.6445947464,"project()"
937.6,26330.6445882209,"project()"
937.8,26330.6445816974,"project()"
938,26330.6445751759,"project()"
938.2,26330.6445686562,"project()"
938.4,26330.6445621386,"project()"
938.6,26330.6445556229,"project()"
938.8,26330.6445491091,"project()"
939,26330.6445425973,"project()"
939.2,26330.6445360875,"project()"
939.4,26330.6445295796,"project()"
939.6,26330.6445230736,"project()"
939.8,26330.6445165696,"project()"
940,26330.6445100675,"project()"
940.2,26330.6445035674,"project()"
940.4,26330.6444970692,"project()"
940.6,26330.644490573,"project()"
940.8,26330.6444840787,"project()"
941,26330.6444775864,"project()"
941.2,26330.644471096,"project()"
941.4,26330.6444646076,"project()"
941.6,26330.6444581211,"project()"
941.8,26330.6444516365,"project()"
942,26330.6444451539,"project()"
942.2,26330.6444386732,"project()"
942.4,26330.6444321945,"project()"
942.6,26330.6444257177,"project()"
942.8,26330.6444192428,"project()"
943,26330.6444127699,"project()"
943.2,26330.6444062989,"project()"
943.4,26330.6443998298,"project()"
943.6,26330.6443933627,"project()"
943.8,26330.6443868975,"project()"
944,26330.6443804343,"project()"
944.2,26330.644373973,"project()"
944.4,26330.6443675136,"project()"
944.6,26330.6443610561,"project()"
944.8,26330.6443546006,"project()"
945,26330.644348147,"project()"
945.2,26330.6443416954,"project()"
945.4,26330.6443352456,"project()"
945.6,26330.6443287978,"project()"
945.8,26330.644322352,"project()"
946,26330.644315908,"project()"
946.2,26330.644309466,"project()"
946.4,26330.6443030259,"project()"
946.6,26330.6442965877,"project()"
946.8,26330.6442901515,"project()"
947,26330.6442837172,"project()"
947.2,26330.6442772847,"project()"
947.4,26330.6442708543,"project()"
947.6,26330.6442644257,"project()"
947.8,26330.6442579991,"project()"
948,26330.6442515743,"project()"
948.2,26330.6442451516,"project()"
948.4,26330.6442387307,"project()"
948.6,26330.6442323117,"project()"
948.8,26330.6442258947,"project()"
949,26330.6442194796,"project()"
949.2,26330.6442130664,"project()"
949.4,26330.6442066551,"project()"
949.6,26330.6442002457,"project()"
949.8,26330.6441938382,"project()"
950,26330.6441874327,"project()"
950.2,26330.644181029,"project()"
950.4,26330.6441746273,"project()"
950.6,26330.6441682275,"project()"
950.8,26330.6441618296,"project()"
951,26330.6441554336,"project()"
951.2,26330.6441490395,"project()"
951.4,26330.6441426474,"project()"
951.6,26330.6441362571,"project()"
951.8,26330.6441298687,"project()"
952,26330.6441234823,"project()"
952.2,26330.6441170978,"project()"
952.4,26330.6441107152,"project()"
952.6,26330.6441043344,"project()"
952.8,26330.6440979556,"project()"
953,26330.6440915787,"project()"
953.2,26330.6440852037,"project()"
953.4,26330.6440788306,"project()"
953.6,26330.6440724594,"project()"
953.8,26330.6440660901,"project()"
954,26330.6440597227,"project()"
954.2,26330.6440533572,"project()"
954.4,26330.6440469937,"project()"
954.6,26330.644040632,"project()"
954.8,26330.6440342722,"project()"
955,26330.6440279143,"project()"
955.2,26330.6440215583,"project()"
955.4,26330.6440152042,"project()"
955.6,26330.644008852,"project()"
955.8,26330.6440025017,"project()"
956,26330.6439961533,"project()"
956.2,26330.6439898067,"project()"
956.4,26330.6439834621,"project()"
956.6,26330.6439771194,"project()"
956.8,26330.6439707785,"project()"
957,26330.6439644396,"project()"
957.2,26330.6439581025,"project()"
957.4,26330.6439517673,"project()"
957.6,26330.6439454341,"project()"
957.8,26330.6439391027,"project()"
958,26330.6439327732,"project()"
958.2,26330.6439264456,"project()"
958.4,26330.6439201198,"project()"
958.6,26330.643913796,"project()"
958.8,26330.643907474,"project()"
959,26330.643901154,"project()"
959.2,26330.6438948358,"project()"
959.4,26330.6438885195,"project()"
959.6,26330.6438822051,"project()"
959.8,26330.6438758926,"project()"
960,26330.6438695819,"project()"
960.2,26330.6438632731,"project()"
960.4,26330.6438569662,"project()"
960.6,26330.6438506612,"project()"
960.8,26330.6438443581,"project()"
961,26330.6438380569,"project()"
961.2,26330.6438317575,"project()"
961.4,26330.64382546,"project()"
961.6,26330.6438191644,"project()"
961.8,26330.6438128707,"project()"
962,26330.6438065788,"project()"
962.2,26330.6438002888,"project()"
962.4,26330.6437940007,"project()"
962.6,26330.6437877145,"project()"
962.8,26330.6437814301,"project()"
963,26330.6437751476,"project()"
963.2,26330.643768867,"project()"
963.4,26330.6437625882,"project()"
963.6,26330.6437563113,"project()"
963.8,26330.6437500363,"project()"
964,26330.6437437631,"project()"
964.2,26330.6437374919,"project()"
964.4,26330.6437312225,"project()"
964.6,26330.6437249549,"project()"
964.8,26330.6437186892,"project()"
965,26330.6437124254,"project()"
965.2,26330.6437061635,"project()"
965.4,26330.6436999034,"project()"
965.6,26330.6436936452,"project()"
965.8,26330.6436873888,"project()"
966,26330.6436811343,"project()"
966.2,26330.6436748817,"project()"
966.4,26330.6436686309,"project()"
966.6,26330.643662382,"project()"
966.8,26330.643656135,"project()"
967,26330.6436498898,"project()"
967.2,26330.6436436465,"project()"
967.4,26330.643637405,"project()"
967.6,26330.6436311654,"project()"
967.8,26330.6436249276,"project()"
968,26330.6436186917,"project()"
968.2,26330.6436124576,"project()"
968.4,26330.6436062254,"project()"
968.6,26330.6435999951,"project()"
968.8,26330.6435937666,"project()"
969,26330.64358754,"project()"
969.2,26330.6435813152,"project()"
969.4,26330.6435750922,"project()"
969.6,26330.6435688711,"project()"
969.8,26330.6435626519,"project()"
970,26330.6435564345,"project()"
970.2,26330.6435502189,"project()"
970.4,26330.6435440052,"project()"
970.6,26330.6435377934,"project()"
970.8,26330.6435315834,"project()"
971,26330.6435253752,"project()"
971.2,26330.6435191689,"project()"
971.4,26330.6435129645,"project()"
971.6,26330.6435067618,"project()"
971.8,26330.6435005611,"project()"
972,26330.6434943621,"project()"
972.2,26330.6434881651,"project()"
972.4,26330.6434819698,"project()"
972.6,26330.6434757764,"project()"
972.8,26330.6434695848,"project()"
973,26330.6434633951,"project()"
973.2,26330.6434572072,"project()"
973.4,26330.6434510212,"project()"
973.6,26330.643444837,"project()"
973.8,26330.6434386546,"project()"
974,26330.6434324741,"project()"
974.2,26330.6434262954,"project()"
974.4,26330.6434201185,"project()"
974.6,26330.6434139435,"project()"
974.8,26330.6434077703,"project()"
975,26330.6434015989,"project()"
975.2,26330.6433954294,"project()"
975.4,26330.6433892617,"project()"
975.6,26330.6433830958,"project()"
975.8,26330.6433769318,"project()"
976,26330.6433707696,"project()"
976.2,26330.6433646092,"project()"
976.4,26330.6433584507,"project()"
976.6,26330.643352294,"project()"
976.8,26330.6433461391,"project()"
977,26330.6433399861,"project()"
977.2,26330.6433338348,"project()"
977.4,26330.6433276854,"project()"
977.6,26330.6433215379,"project()"
977.8,26330.6433153921,"project()"
978,26330.6433092482,"project()"
978.2,26330.6433031061,"project()"
978.4,26330.6432969658,"project()"
978.6,26330.6432908274,"project()"
978.8,26330.6432846907,"project()"
979,26330.6432785559,"project()"
979.2,26330.6432724229,"project()"
979.4,26330.6432662918,"project()"
979.6,26330.6432601624,"project()"
979.8,26330.6432540349,"project()"
980,26330.6432479092,"project()"
980.2,26330.6432417853,"project()"
980.4,26330.6432356632,"project()"
980.6,26330.6432295429,"project()"
980.8,26330.6432234245,"project()"
981,26330.6432173078,"project()"
981.2,26330.643211193,"project()"
981.4,26330.64320508,"project()"
981.6,26330.6431989688,"project()"
981.8,26330.6431928594,"project()"
982,26330.6431867518,"project()"
982.2,26330.6431806461,"project()"
982.4,26330.6431745421,"project()"
982.6,26330.64316844,"project()"
982.8,26330.6431623397,"project()"
983,26330.6431562412,"project()"
983.2,26330.6431501445,"project()"
983.4,26330.6431440496,"project()"
983.6,26330.6431379565,"project()"
983.8,26330.6431318652,"project()"
984,26330.6431257757,"project()"
984.2,26330.643119688,"project()"
984.4,26330.6431136021,"project()"
984.6,26330.6431075181,"project()"
984.8,26330.6431014358,"project()"
985,26330.6430953553,"project()"
985.2,26330.6430892767,"project()"
985.4,26330.6430831998,"project()"
985.6,26330.6430771248,"project()"
985.8,26330.6430710515,"project()"
986,26330.64306498,"project()"
986.2,26330.6430589104,"project()"
986.4,26330.6430528425,"project()"
986.6,26330.6430467765,"project()"
986.8,26330.6430407122,"project()"
987,26330.6430346497,"project()"
987.2,26330.643028589,"project()"
987.4,26330.6430225301,"project()"
987.6,26330.6430164731,"project()"
987.8,26330.6430104178,"project()"
988,26330.6430043643,"project()"
988.2,26330.6429983126,"project()"
988.4,26330.6429922626,"project()"
988.6,26330.6429862145,"project()"
988.8,26330.6429801682,"project()"
989,26330.6429741236,"project()"
989.2,26330.6429680809,"project()"
989.4,26330.6429620399,"project()"
989.6,26330.6429560007,"project()"
989.8,26330.6429499633,"project()"
990,26330.6429439277,"project()"
990.2,26330.6429378939,"project()"
990.4,26330.6429318619,"project()"
990.6,26330.6429258316,"project()"
990.8,26330.6429198032,"project()"
991,26330.6429137765,"project()"
991.2,26330.6429077516,"project()"
991.4,26330.6429017285,"project()"
991.6,26330.6428957072,"project()"
991.8,26330.6428896876,"project()"
992,26330.6428836698,"project()"
992.2,26330.6428776538,"project()"
992.4,26330.6428716396,"project()"
992.6,26330.6428656272,"project()"
992.8,26330.6428596165,"project()"
993,26330.6428536076,"project()"
993.2,26330.6428476005,"project()"
993.4,26330.6428415952,"project()"
993.6,26330.6428355916,"project()"
993.8,26330.6428295899,"project()"
994,26330.6428235899,"project()"
994.2,26330.6428175916,"project()"
994.4,26330.6428115952,"project()"
994.6,26330.6428056005,"project()"
994.8,26330.6427996076,"project()"
995,26330.6427936164,"project()"
995.2,26330.6427876271,"project()"
995.4,26330.6427816395,"project()"
995.6,26330.6427756536,"project()"
995.8,26330.6427696696,"project()"
996,26330.6427636873,"project()"
996.2,26330.6427577068,"project()"
996.4,26330.642751728,"project()"
996.6,26330.642745751,"project()"
996.8,26330.6427397758,"project()"
997,26330.6427338023,"project()"
997.2,26330.6427278306,"project()"
997.4,26330.6427218607,"project()"
997.6,26330.6427158925,"project()"
997.8,26330.6427099261,"project()"
998,26330.6427039615,"project()"
998.2,26330.6426979986,"project()"
998.4,26330.6426920375,"project()"
998.6,26330.6426860781,"project()"
998.8,26330.6426801205,"project()"
999,26330.6426741647,"project()"
999.2,26330.6426682106,"project()"
999.4,26330.6426622582,"project()"
999.6,26330.6426563077,"project()"
999.8,26330.6426503589,"project()"
1000,26330.6426444118,"project()"
1000.2,26330.6426384665,"project()"
1000.4,26330.6426325229,"project()"
1000.6,26330.6426265811,"project()"
1000.8,26330.6426206411,"project()"
1001,26330.6426147028,"project()"
1001.2,26330.6426087662,"project()"
1001.4,26330.6426028314,"project()"
1001.6,26330.6425968984,"project()"
1001.8,26330.6425909671,"project()"
1002,26330.6425850376,"project()"
1002.2,26330.6425791098,"project()"
1002.4,26330.6425731838,"project()"
1002.6,26330.6425672595,"project()"
1002.8,26330.6425613369,"project()"
1003,26330.6425554161,"project()"
1003.2,26330.6425494971,"project()"
1003.4,26330.6425435798,"project()"
1003.6,26330.6425376642,"project()"
1003.8,26330.6425317504,"project()"
1004,26330.6425258383,"project()"
1004.2,26330.642519928,"project()"
1004.4,26330.6425140194,"project()"
1004.6,26330.6425081126,"project()"
1004.8,26330.6425022075,"project()"
1005,26330.6424963041,"project()"
1005.2,26330.6424904025,"project()"
1005.4,26330.6424845026,"project()"
1005.6,26330.6424786045,"project()"
1005.8,26330.642472708,"project()"
1006,26330.6424668134,"project()"
1006.2,26330.6424609204,"project()"
1006.4,26330.6424550293,"project()"
1006.6,26330.6424491398,"project()"
1006.8,26330.6424432521,"project()"
1007,26330.6424373661,"project()"
1007.2,26330.6424314818,"project()"
1007.4,26330.6424255993,"project()"
1007.6,26330.6424197186,"project()"
1007.8,26330.6424138395,"project()"
1008,26330.6424079622,"project()"
1008.2,26330.6424020866,"project()"
1008.4,26330.6423962128,"project()"
1008.6,26330.6423903406,"project()"
1008.8,26330.6423844702,"project()"
1009,26330.6423786016,"project()"
1009.2,26330.6423727346,"project()"
1009.4,26330.6423668694,"project()"
1009.6,26330.6423610059,"project()"
1009.8,26330.6423551442,"project()"
1010,26330.6423492841,"project()"
1010.2,26330.6423434258,"project()"
1010.4,26330.6423375693,"project()"
1010.6,26330.6423317144,"project()"
1010.8,26330.6423258613,"project()"
1011,26330.6423200098,"project()"
1011.2,26330.6423141601,"project()"
1011.4,26330.6423083122,"project()"
1011.6,26330.6423024659,"project()"
1011.8,26330.6422966214,"project()"
1012,26330.6422907786,"project()"
1012.2,26330.6422849375,"project()"
1012.4,26330.6422790981,"project()"
1012.6,26330.6422732604,"project()"
1012.8,26330.6422674245,"project()"
1013,26330.6422615903,"project()"
1013.2,26330.6422557578,"project()"
1013.4,26330.642249927,"project()"
1013.6,26330.6422440979,"project()"
1013.8,26330.6422382706,"project()"
1014,26330.6422324449,"project()"
1014.2,26330.642226621,"project()"
1014.4,26330.6422207988,"project()"
1014.6,26330.6422149783,"project()"
1014.8,26330.6422091595,"project()"
1015,26330.6422033424,"project()"
1015.2,26330.642197527,"project()"
1015.4,26330.6421917134,"project()"
1015.6,26330.6421859014,"project()"
1015.8,26330.6421800912,"project()"
1016,26330.6421742827,"project()"
1016.2,26330.6421684759,"project()"
1016.4,26330.6421626707,"project()"
1016.6,26330.6421568673,"project()"
1016.8,26330.6421510656,"project()"
1017,26330.6421452656,"project()"
1017.2,26330.6421394673,"project()"
1017.4,26330.6421336707,"project()"
1017.6,26330.6421278758,"project()"
1017.8,26330.6421220826,"project()"
1018,26330.6421162911,"project()"
1018.2,26330.6421105013,"project()"
1018.4,26330.6421047132,"project()"
1018.6,26330.6420989269,"project()"
1018.8,26330.6420931422,"project()"
1019,26330.6420873592,"project()"
1019.2,26330.6420815779,"project()"
1019.4,26330.6420757982,"project()"
1019.6,26330.6420700203,"project()"
1019.8,26330.6420642441,"project()"
1020,26330.6420584696,"project()"
1020.2,26330.6420526968,"project()"
1020.4,26330.6420469256,"project()"
1020.6,26330.6420411562,"project()"
1020.8,26330.6420353885,"project()"
1021,26330.6420296224,"project()"
1021.2,26330.6420238581,"project()"
1021.4,26330.6420180954,"project()"
1021.6,26330.6420123345,"project()"
1021.8,26330.6420065752,"project()"
1022,26330.6420008176,"project()"
1022.2,26330.6419950617,"project()"
1022.4,26330.6419893075,"project()"
1022.6,26330.641983555,"project()"
1022.8,26330.6419778042,"project()"
1023,26330.641972055,"project()"
1023.2,26330.6419663076,"project()"
1023.4,26330.6419605618,"project()"
1023.6,26330.6419548177,"project()"
1023.8,26330.6419490753,"project()"
1024,26330.6419433346,"project()"
1024.2,26330.6419375956,"project()"
1024.4,26330.6419318582,"project()"
1024.6,26330.6419261226,"project()"
1024.8,26330.6419203886,"project()"
1025,26330.6419146563,"project()"
1025.2,26330.6419089256,"project()"
1025.4,26330.6419031967,"project()"
1025.6,26330.6418974694,"project()"
1025.8,26330.6418917438,"project()"
1026,26330.6418860199,"project()"
1026.2,26330.6418802977,"project()"
1026.4,26330.6418745772,"project()"
1026.6,26330.6418688583,"project()"
1026.8,26330.6418631411,"project()"
1027,26330.6418574256,"project()"
1027.2,26330.6418517117,"project()"
1027.4,26330.6418459995,"project()"
1027.6,26330.641840289,"project()"
1027.8,26330.6418345802,"project()"
1028,26330.641828873,"project()"
1028.2,26330.6418231676,"project()"
1028.4,26330.6418174637,"project()"
1028.6,26330.6418117616,"project()"
1028.8,26330.6418060611,"project()"
1029,26330.6418003623,"project()"
1029.2,26330.6417946652,"project()"
1029.4,26330.6417889697,"project()"
1029.6,26330.6417832759,"project()"
1029.8,26330.6417775838,"project()"
1030,26330.6417718933,"project()"
1030.2,26330.6417662045,"project()"
1030.4,26330.6417605174,"project()"
1030.6,26330.6417548319,"project()"
1030.8,26330.6417491481,"project()"
1031,26330.641743466,"project()"
1031.2,26330.6417377855,"project()"
1031.4,26330.6417321067,"project()"
1031.6,26330.6417264295,"project()"
1031.8,26330.641720754,"project()"
1032,26330.6417150802,"project()"
1032.2,26330.641709408,"project()"
1032.4,26330.6417037375,"project()"
1032.6,26330.6416980687,"project()"
1032.8,26330.6416924015,"project()"
1033,26330.6416867359,"project()"
1033.2,26330.6416810721,"project()"
1033.4,26330.6416754099,"project()"
1033.6,26330.6416697493,"project()"
1033.8,26330.6416640904,"project()"
1034,26330.6416584331,"project()"
1034.2,26330.6416527775,"project()"
1034.4,26330.6416471236,"project()"
1034.6,26330.6416414713,"project()"
1034.8,26330.6416358207,"project()"
1035,26330.6416301717,"project()"
1035.2,26330.6416245244,"project()"
1035.4,26330.6416188787,"project()"
1035.6,26330.6416132346,"project()"
1035.8,26330.6416075923,"project()"
1036,26330.6416019515,"project()"
1036.2,26330.6415963125,"project()"
1036.4,26330.641590675,"project()"
1036.6,26330.6415850392,"project()"
1036.8,26330.6415794051,"project()"
1037,26330.6415737726,"project()"
1037.2,26330.6415681417,"project()"
1037.4,26330.6415625125,"project()"
1037.6,26330.641556885,"project()"
1037.8,26330.6415512591,"project()"
1038,26330.6415456348,"project()"
1038.2,26330.6415400121,"project()"
1038.4,26330.6415343912,"project()"
1038.6,26330.6415287718,"project()"
1038.8,26330.6415231541,"project()"
1039,26330.6415175381,"project()"
1039.2,26330.6415119236,"project()"
1039.4,26330.6415063109,"project()"
1039.6,26330.6415006997,"project()"
1039.8,26330.6414950902,"project()"
1040,26330.6414894823,"project()"
1040.2,26330.6414838761,"project()"
1040.4,26330.6414782715,"project()"
1040.6,26330.6414726686,"project()"
1040.8,26330.6414670672,"project()"
1041,26330.6414614675,"project()"
1041.2,26330.6414558695,"project()"
1041.4,26330.6414502731,"project()"
1041.6,26330.6414446783,"project()"
1041.8,26330.6414390851,"project()"
1042,26330.6414334936,"project()"
1042.2,26330.6414279037,"project()"
1042.4,26330.6414223154,"project()"
1042.6,26330.6414167288,"project()"
1042.8,26330.6414111438,"project()"
1043,26330.6414055604,"project()"
1043.2,26330.6413999787,"project()"
1043.4,26330.6413943985,"project()"
1043.6,26330.64138882,"project()"
1043.8,26330.6413832432,"project()"
1044,26330.6413776679,"project()"
1044.2,26330.6413720943,"project()"
1044.4,26330.6413665223,"project()"
1044.6,26330.641360952,"project()"
1044.8,26330.6413553833,"project()"
1045,26330.6413498161,"project()"
1045.2,26330.6413442507,"project()"
1045.4,26330.6413386868,"project()"
1045.6,26330.6413331246,"project()"
1045.8,26330.6413275639,"project()"
1046,26330.6413220049,"project()"
1046.2,26330.6413164476,"project()"
1046.4,26330.6413108918,"project()"
1046.6,26330.6413053377,"project()"
1046.8,26330.6412997852,"project()"
1047,26330.6412942343,"project()"
1047.2,26330.641288685,"project()"
1047.4,26330.6412831373,"project()"
1047.6,26330.6412775913,"project()"
1047.8,26330.6412720469,"project()"
1048,26330.6412665041,"project()"
1048.2,26330.6412609629,"project()"
1048.4,26330.6412554233,"project()"
1048.6,26330.6412498853,"project()"
1048.8,26330.641244349,"project()"
1049,26330.6412388142,"project()"
1049.2,26330.6412332811,"project()"
1049.4,26330.6412277496,"project()"
1049.6,26330.6412222197,"project()"
1049.8,26330.6412166914,"project()"
1050,26330.6412111647,"project()"
1050.2,26330.6412056396,"project()"
1050.4,26330.6412001161,"project()"
1050.6,26330.6411945942,"project()"
1050.8,26330.641189074,"project()"
1051,26330.6411835553,"project()"
1051.2,26330.6411780383,"project()"
1051.4,26330.6411725228,"project()"
1051.6,26330.641167009,"project()"
1051.8,26330.6411614967,"project()"
1052,26330.6411559861,"project()"
1052.2,26330.641150477,"project()"
1052.4,26330.6411449696,"project()"
1052.6,26330.6411394638,"project()"
1052.8,26330.6411339596,"project()"
1053,26330.6411284569,"project()"
1053.2,26330.6411229559,"project()"
1053.4,26330.6411174565,"project()"
1053.6,26330.6411119587,"project()"
1053.8,26330.6411064624,"project()"
1054,26330.6411009678,"project()"
1054.2,26330.6410954748,"project()"
1054.4,26330.6410899833,"project()"
1054.6,26330.6410844935,"project()"
1054.8,26330.6410790052,"project()"
1055,26330.6410735186,"project()"
1055.2,26330.6410680335,"project()"
1055.4,26330.6410625501,"project()"
1055.6,26330.6410570682,"project()"
1055.8,26330.6410515879,"project()"
1056,26330.6410461092,"project()"
1056.2,26330.6410406322,"project()"
1056.4,26330.6410351567,"project()"
1056.6,26330.6410296828,"project()"
1056.8,26330.6410242104,"project()"
1057,26330.6410187397,"project()"
1057.2,26330.6410132706,"project()"
1057.4,26330.641007803,"project()"
1057.6,26330.6410023371,"project()"
1057.8,26330.6409968727,"project()"
1058,26330.6409914099,"project()"
1058.2,26330.6409859487,"project()"
1058.4,26330.6409804891,"project()"
1058.6,26330.640975031,"project()"
1058.8,26330.6409695746,"project()"
1059,26330.6409641197,"project()"
1059.2,26330.6409586665,"project()"
1059.4,26330.6409532148,"project()"
1059.6,26330.6409477646,"project()"
1059.8,26330.6409423161,"project()"
1060,26330.6409368692,"project()"
1060.2,26330.6409314238,"project()"
1060.4,26330.64092598,"project()"
1060.6,26330.6409205378,"project()"
1060.8,26330.6409150971,"project()"
1061,26330.6409096581,"project()"
1061.2,26330.6409042206,"project()"
1061.4,26330.6408987847,"project()"
1061.6,26330.6408933504,"project()"
1061.8,26330.6408879176,"project()"
1062,26330.6408824865,"project()"
1062.2,26330.6408770569,"project()"
1062.4,26330.6408716288,"project()"
1062.6,26330.6408662024,"project()"
1062.8,26330.6408607775,"project()"
1063,26330.6408553542,"project()"
1063.2,26330.6408499324,"project()"
1063.4,26330.6408445123,"project()"
1063.6,26330.6408390937,"project()"
1063.8,26330.6408336767,"project()"
1064,26330.6408282612,"project()"
1064.2,26330.6408228473,"project()"
1064.4,26330.640817435,"project()"
1064.6,26330.6408120242,"project()"
1064.8,26330.6408066151,"project()"
1065,26330.6408012074,"project()"
1065.2,26330.6407958014,"project()"
1065.4,26330.6407903969,"project()"
1065.6,26330.640784994,"project()"
1065.8,26330.6407795927,"project()"
1066,26330.6407741929,"project()"
1066.2,26330.6407687947,"project()"
1066.4,26330.640763398,"project()"
1066.6,26330.6407580029,"project()"
1066.8,26330.6407526094,"project()"
1067,26330.6407472174,"project()"
1067.2,26330.640741827,"project()"
1067.4,26330.6407364381,"project()"
1067.6,26330.6407310508,"project()"
1067.8,26330.6407256651,"project()"
1068,26330.6407202809,"project()"
1068.2,26330.6407148983,"project()"
1068.4,26330.6407095173,"project()"
1068.6,26330.6407041378,"project()"
1068.8,26330.6406987599,"project()"
1069,26330.6406933835,"project()"
1069.2,26330.6406880087,"project()"
1069.4,26330.6406826354,"project()"
1069.6,26330.6406772637,"project()"
1069.8,26330.6406718936,"project()"
1070,26330.640666525,"project()"
1070.2,26330.640661158,"project()"
1070.4,26330.6406557925,"project()"
1070.6,26330.6406504286,"project()"
1070.8,26330.6406450662,"project()"
1071,26330.6406397054,"project()"
1071.2,26330.6406343461,"project()"
1071.4,26330.6406289884,"project()"
1071.6,26330.6406236322,"project()"
1071.8,26330.6406182776,"project()"
1072,26330.6406129245,"project()"
1072.2,26330.640607573,"project()"
1072.4,26330.640602223,"project()"
1072.6,26330.6405968745,"project()"
1072.8,26330.6405915276,"project()"
1073,26330.6405861823,"project()"
1073.2,26330.6405808385,"project()"
1073.4,26330.6405754962,"project()"
1073.6,26330.6405701555,"project()"
1073.8,26330.6405648163,"project()"
1074,26330.6405594787,"project()"
1074.2,26330.6405541426,"project()"
1074.4,26330.640548808,"project()"
1074.6,26330.640543475,"project()"
1074.8,26330.6405381436,"project()"
1075,26330.6405328137,"project()"
1075.2,26330.6405274853,"project()"
1075.4,26330.6405221585,"project()"
1075.6,26330.6405168332,"project()"
1075.8,26330.6405115094,"project()"
1076,26330.6405061872,"project()"
1076.2,26330.6405008665,"project()"
1076.4,26330.6404955473,"project()"
1076.6,26330.6404902297,"project()"
1076.8,26330.6404849136,"project()"
1077,26330.6404795991,"project()"
1077.2,26330.6404742861,"project()"
1077.4,26330.6404689746,"project()"
1077.6,26330.6404636646,"project()"
1077.8,26330.6404583562,"project()"
1078,26330.6404530493,"project()"
1078.2,26330.640447744,"project()"
1078.4,26330.6404424401,"project()"
1078.6,26330.6404371379,"project()"
1078.8,26330.6404318371,"project()"
1079,26330.6404265379,"project()"
1079.2,26330.6404212402,"project()"
1079.4,26330.640415944,"project()"
1079.6,26330.6404106494,"project()"
1079.8,26330.6404053563,"project()"
1080,26330.6404000647,"project()"
1080.2,26330.6403947746,"project()"
1080.4,26330.6403894861,"project()"
1080.6,26330.6403841991,"project()"
1080.8,26330.6403789136,"project()"
1081,26330.6403736296,"project()"
1081.2,26330.6403683472,"project()"
1081.4,26330.6403630663,"project()"
1081.6,26330.6403577869,"project()"
1081.8,26330.640352509,"project()"
1082,26330.6403472327,"project()"
1082.2,26330.6403419579,"project()"
1082.4,26330.6403366846,"project()"
1082.6,26330.6403314128,"project()"
1082.8,26330.6403261425,"project()"
1083,26330.6403208738,"project()"
1083.2,26330.6403156066,"project()"
1083.4,26330.6403103409,"project()"
1083.6,26330.6403050767,"project()"
1083.8,26330.640299814,"project()"
1084,26330.6402945528,"project()"
1084.2,26330.6402892932,"project()"
1084.4,26330.6402840351,"project()"
1084.6,26330.6402787785,"project()"
1084.8,26330.6402735234,"project()"
1085,26330.6402682698,"project()"
1085.2,26330.6402630177,"project()"
1085.4,26330.6402577672,"project()"
1085.6,26330.6402525182,"project()"
1085.8,26330.6402472707,"project()"
1086,26330.6402420247,"project()"
1086.2,26330.6402367802,"project()"
1086.4,26330.6402315372,"project()"
1086.6,26330.6402262957,"project()"
1086.8,26330.6402210557,"project()"
1087,26330.6402158173,"project()"
1087.2,26330.6402105803,"project()"
1087.4,26330.6402053449,"project()"
1087.6,26330.6402001109,"project()"
1087.8,26330.6401948785,"project()"
1088,26330.6401896476,"project()"
1088.2,26330.6401844181,"project()"
1088.4,26330.6401791902,"project()"
1088.6,26330.6401739638,"project()"
1088.8,26330.6401687389,"project()"
1089,26330.6401635155,"project()"
1089.2,26330.6401582935,"project()"
1089.4,26330.6401530731,"project()"
1089.6,26330.6401478542,"project()"
1089.8,26330.6401426368,"project()"
1090,26330.6401374209,"project()"
1090.2,26330.6401322065,"project()"
1090.4,26330.6401269936,"project()"
1090.6,26330.6401217822,"project()"
1090.8,26330.6401165723,"project()"
1091,26330.6401113639,"project()"
1091.2,26330.640106157,"project()"
1091.4,26330.6401009515,"project()"
1091.6,26330.6400957476,"project()"
1091.8,26330.6400905452,"project()"
1092,26330.6400853442,"project()"
1092.2,26330.6400801448,"project()"
1092.4,26330.6400749469,"project()"
1092.6,26330.6400697504,"project()"
1092.8,26330.6400645554,"project()"
1093,26330.640059362,"project()"
1093.2,26330.64005417,"project()"
1093.4,26330.6400489795,"project()"
1093.6,26330.6400437905,"project()"
1093.8,26330.640038603,"project()"
1094,26330.640033417,"project()"
1094.2,26330.6400282325,"project()"
1094.4,26330.6400230494,"project()"
1094.6,26330.6400178679,"project()"
1094.8,26330.6400126878,"project()"
1095,26330.6400075093,"project()"
1095.2,26330.6400023322,"project()"
1095.4,26330.6399971566,"project()"
1095.6,26330.6399919825,"project()"
1095.8,26330.6399868098,"project()"
1096,26330.6399816387,"project()"
1096.2,26330.639976469,"project()"
1096.4,26330.6399713008,"project()"
1096.6,26330.6399661342,"project()"
1096.8,26330.639960969,"project()"
1097,26330.6399558052,"project()"
1097.2,26330.639950643,"project()"
1097.4,26330.6399454822,"project()"
1097.6,26330.639940323,"project()"
1097.8,26330.6399351652,"project()"
1098,26330.6399300088,"project()"
1098.2,26330.639924854,"project()"
1098.4,26330.6399197006,"project()"
1098.6,26330.6399145488,"project()"
1098.8,26330.6399093983,"project()"
1099,26330.6399042494,"project()"
1099.2,26330.639899102,"project()"
1099.4,26330.639893956,"project()"
1099.6,26330.6398888115,"project()"
1099.8,26330.6398836684,"project()"
1100,26330.6398785269,"project()"
1100.2,26330.6398733868,"project()"
1100.4,26330.6398682482,"project()"
1100.6,26330.6398631111,"project()"
1100.8,26330.6398579754,"project()"
1101,26330.6398528412,"project()"
1101.2,26330.6398477085,"project()"
1101.4,26330.6398425772,"project()"
1101.6,26330.6398374475,"project()"
1101.8,26330.6398323192,"project()"
1102,26330.6398271923,"project()"
1102.2,26330.639822067,"project()"
1102.4,26330.6398169431,"project()"
1102.6,26330.6398118206,"project()"
1102.8,26330.6398066997,"project()"
1103,26330.6398015802,"project()"
1103.2,26330.6397964621,"project()"
1103.4,26330.6397913456,"project()"
1103.6,26330.6397862305,"project()"
1103.8,26330.6397811169,"project()"
1104,26330.6397760047,"project()"
1104.2,26330.639770894,"project()"
1104.4,26330.6397657848,"project()"
1104.6,26330.639760677,"project()"
1104.8,26330.6397555707,"project()"
1105,26330.6397504658,"project()"
1105.2,26330.6397453624,"project()"
1105.4,26330.6397402605,"project()"
1105.6,26330.63973516,"project()"
1105.8,26330.639730061,"project()"
1106,26330.6397249634,"project()"
1106.2,26330.6397198673,"project()"
1106.4,26330.6397147727,"project()"
1106.6,26330.6397096795,"project()"
1106.8,26330.6397045878,"project()"
1107,26330.6396994975,"project()"
1107.2,26330.6396944087,"project()"
1107.4,26330.6396893214,"project()"
1107.6,26330.6396842355,"project()"
1107.8,26330.639679151,"project()"
1108,26330.639674068,"project()"
1108.2,26330.6396689865,"project()"
1108.4,26330.6396639064,"project()"
1108.6,26330.6396588278,"project()"
1108.8,26330.6396537506,"project()"
1109,26330.6396486749,"project()"
1109.2,26330.6396436006,"project()"
1109.4,26330.6396385278,"project()"
1109.6,26330.6396334564,"project()"
1109.8,26330.6396283865,"project()"
1110,26330.6396233181,"project()"
1110.2,26330.639618251,"project()"
1110.4,26330.6396131855,"project()"
1110.6,26330.6396081213,"project()"
1110.8,26330.6396030586,"project()"
1111,26330.6395979974,"project()"
1111.2,26330.6395929376,"project()"
1111.4,26330.6395878793,"project()"
1111.6,26330.6395828224,"project()"
1111.8,26330.6395777669,"project()"
1112,26330.6395727129,"project()"
1112.2,26330.6395676603,"project()"
1112.4,26330.6395626092,"project()"
1112.6,26330.6395575595,"project()"
1112.8,26330.6395525113,"project()"
1113,26330.6395474645,"project()"
1113.2,26330.6395424191,"project()"
1113.4,26330.6395373752,"project()"
1113.6,26330.6395323327,"project()"
1113.8,26330.6395272917,"project()"
1114,26330.6395222521,"project()"
1114.2,26330.6395172139,"project()"
1114.4,26330.6395121772,"project()"
1114.6,26330.6395071419,"project()"
1114.8,26330.639502108,"project()"
1115,26330.6394970756,"project()"
1115.2,26330.6394920446,"project()"
1115.4,26330.6394870151,"project()"
1115.6,26330.639481987,"project()"
1115.8,26330.6394769603,"project()"
1116,26330.639471935,"project()"
1116.2,26330.6394669112,"project()"
1116.4,26330.6394618889,"project()"
1116.6,26330.6394568679,"project()"
1116.8,26330.6394518484,"project()"
1117,26330.6394468303,"project()"
1117.2,26330.6394418137,"project()"
1117.4,26330.6394367984,"project()"
1117.6,26330.6394317847,"project()"
1117.8,26330.6394267723,"project()"
1118,26330.6394217614,"project()"
1118.2,26330.6394167519,"project()"
1118.4,26330.6394117438,"project()"
1118.6,26330.6394067372,"project()"
1118.8,26330.639401732,"project()"
1119,26330.6393967282,"project()"
1119.2,26330.6393917258,"project()"
1119.4,26330.6393867249,"project()"
1119.6,26330.6393817254,"project()"
1119.8,26330.6393767273,"project()"
1120,26330.6393717306,"project()"
1120.2,26330.6393667354,"project()"
1120.4,26330.6393617416,"project()"
1120.6,26330.6393567492,"project()"
1120.8,26330.6393517582,"project()"
1121,26330.6393467686,"project()"
1121.2,26330.6393417805,"project()"
1121.4,26330.6393367938,"project()"
1121.6,26330.6393318085,"project()"
1121.8,26330.6393268246,"project()"
1122,26330.6393218422,"project()"
1122.2,26330.6393168611,"project()"
1122.4,26330.6393118815,"project()"
1122.6,26330.6393069033,"project()"
1122.8,26330.6393019265,"project()"
1123,26330.6392969512,"project()"
1123.2,26330.6392919772,"project()"
1123.4,26330.6392870047,"project()"
1123.6,26330.6392820335,"project()"
1123.8,26330.6392770638,"project()"
1124,26330.6392720955,"project()"
1124.2,26330.6392671286,"project()"
1124.4,26330.6392621632,"project()"
1124.6,26330.6392571991,"project()"
1124.8,26330.6392522364,"project()"
1125,26330.6392472752,"project()"
1125.2,26330.6392423154,"project()"
1125.4,26330.639237357,"project()"
1125.6,26330.6392323999,"project()"
1125.8,26330.6392274443,"project()"
1126,26330.6392224902,"project()"
1126.2,26330.6392175374,"project()"
1126.4,26330.639212586,"project()"
1126.6,26330.6392076361,"project()"
1126.8,26330.6392026875,"project()"
1127,26330.6391977404,"project()"
1127.2,26330.6391927946,"project()"
1127.4,26330.6391878503,"project()"
1127.6,26330.6391829074,"project()"
1127.8,26330.6391779659,"project()"
1128,26330.6391730257,"project()"
1128.2,26330.639168087,"project()"
1128.4,26330.6391631497,"project()"
1128.6,26330.6391582138,"project()"
1128.8,26330.6391532793,"project()"
1129,26330.6391483462,"project()"
1129.2,26330.6391434145,"project()"
1129.4,26330.6391384842,"project()"
1129.6,26330.6391335553,"project()"
1129.8,26330.6391286278,"project()"
1130,26330.6391237017,"project()"
1130.2,26330.6391187769,"project()"
1130.4,26330.6391138536,"project()"
1130.6,26330.6391089317,"project()"
1130.8,26330.6391040112,"project()"
1131,26330.6390990921,"project()"
1131.2,26330.6390941743,"project()"
1131.4,26330.639089258,"project()"
1131.6,26330.6390843431,"project()"
1131.8,26330.6390794295,"project()"
1132,26330.6390745174,"project()"
1132.2,26330.6390696066,"project()"
1132.4,26330.6390646973,"project()"
1132.6,26330.6390597893,"project()"
1132.8,26330.6390548828,"project()"
1133,26330.6390499776,"project()"
1133.2,26330.6390450738,"project()"
1133.4,26330.6390401714,"project()"
1133.6,26330.6390352704,"project()"
1133.8,26330.6390303708,"project()"
1134,26330.6390254726,"project()"
1134.2,26330.6390205758,"project()"
1134.4,26330.6390156803,"project()"
1134.6,26330.6390107863,"project()"
1134.8,26330.6390058936,"project()"
1135,26330.6390010024,"project()"
1135.2,26330.6389961125,"project()"
1135.4,26330.638991224,"project()"
1135.6,26330.6389863368,"project()"
1135.8,26330.6389814511,"project()"
1136,26330.6389765668,"project()"
1136.2,26330.6389716838,"project()"
1136.4,26330.6389668022,"project()"
1136.6,26330.638961922,"project()"
1136.8,26330.6389570432,"project()"
1137,26330.6389521658,"project()"
1137.2,26330.6389472897,"project()"
1137.4,26330.638942415,"project()"
1137.6,26330.6389375417,"project()"
1137.8,26330.6389326698,"project()"
1138,26330.6389277993,"project()"
1138.2,26330.6389229301,"project()"
1138.4,26330.6389180624,"project()"
1138.6,26330.638913196,"project()"
1138.8,26330.638908331,"project()"
1139,26330.6389034673,"project()"
1139.2,26330.6388986051,"project()"
1139.4,26330.6388937442,"project()"
1139.6,26330.6388888847,"project()"
1139.8,26330.6388840265,"project()"
1140,26330.6388791698,"project()"
1140.2,26330.6388743144,"project()"
1140.4,26330.6388694604,"project()"
1140.6,26330.6388646077,"project()"
1140.8,26330.6388597565,"project()"
1141,26330.6388549066,"project()"
1141.2,26330.6388500581,"project()"
1141.4,26330.6388452109,"project()"
1141.6,26330.6388403652,"project()"
1141.8,26330.6388355208,"project()"
1142,26330.6388306777,"project()"
1142.2,26330.6388258361,"project()"
1142.4,26330.6388209958,"project()"
1142.6,26330.6388161569,"project()"
1142.8,26330.6388113193,"project()"
1143,26330.6388064831,"project()"
1143.2,26330.6388016483,"project()"
1143.4,26330.6387968149,"project()"
1143.6,26330.6387919828,"project()"
1143.8,26330.6387871521,"project()"
1144,26330.6387823227,"project()"
1144.2,26330.6387774947,"project()"
1144.4,26330.6387726681,"project()"
1144.6,26330.6387678428,"project()"
1144.8,26330.6387630189,"project()"
1145,26330.6387581964,"project()"
1145.2,26330.6387533752,"project()"
1145.4,26330.6387485554,"project()"
1145.6,26330.638743737,"project()"
1145.8,26330.6387389199,"project()"
1146,26330.6387341041,"project()"
1146.2,26330.6387292898,"project()"
1146.4,26330.6387244768,"project()"
1146.6,26330.6387196651,"project()"
1146.8,26330.6387148548,"project()"
1147,26330.6387100459,"project()"
1147.2,26330.6387052383,"project()"
1147.4,26330.6387004321,"project()"
1147.6,26330.6386956273,"project()"
1147.8,26330.6386908238,"project()"
1148,26330.6386860216,"project()"
1148.2,26330.6386812209,"project()"
1148.4,26330.6386764214,"project()"
1148.6,26330.6386716233,"project()"
1148.8,26330.6386668266,"project()"
1149,26330.6386620312,"project()"
1149.2,26330.6386572372,"project()"
1149.4,26330.6386524446,"project()"
1149.6,26330.6386476532,"project()"
1149.8,26330.6386428633,"project()"
1150,26330.6386380747,"project()"
1150.2,26330.6386332874,"project()"
1150.4,26330.6386285015,"project()"
1150.6,26330.6386237169,"project()"
1150.8,26330.6386189337,"project()"
1151,26330.6386141519,"project()"
1151.2,26330.6386093714,"project()"
1151.4,26330.6386045922,"project()"
1151.6,26330.6385998144,"project()"
1151.8,26330.6385950379,"project()"
1152,26330.6385902628,"project()"
1152.2,26330.638585489,"project()"
1152.4,26330.6385807166,"project()"
1152.6,26330.6385759455,"project()"
1152.8,26330.6385711757,"project()"
1153,26330.6385664073,"project()"
1153.2,26330.6385616403,"project()"
1153.4,26330.6385568745,"project()"
1153.6,26330.6385521102,"project()"
1153.8,26330.6385473471,"project()"
1154,26330.6385425854,"project()"
1154.2,26330.6385378251,"project()"
1154.4,26330.6385330661,"project()"
1154.6,26330.6385283084,"project()"
1154.8,26330.6385235521,"project()"
1155,26330.6385187971,"project()"
1155.2,26330.6385140435,"project()"
1155.4,26330.6385092912,"project()"
1155.6,26330.6385045402,"project()"
1155.8,26330.6384997906,"project()"
1156,26330.6384950423,"project()"
1156.2,26330.6384902954,"project()"
1156.4,26330.6384855498,"project()"
1156.6,26330.6384808055,"project()"
1156.8,26330.6384760625,"project()"
1157,26330.6384713209,"project()"
1157.2,26330.6384665807,"project()"
1157.4,26330.6384618417,"project()"
1157.6,26330.6384571041,"project()"
1157.8,26330.6384523678,"project()"
1158,26330.6384476329,"project()"
1158.2,26330.6384428993,"project()"
1158.4,26330.638438167,"project()"
1158.6,26330.638433436,"project()"
1158.8,26330.6384287064,"project()"
1159,26330.6384239781,"project()"
1159.2,26330.6384192511,"project()"
1159.4,26330.6384145255,"project()"
1159.6,26330.6384098012,"project()"
1159.8,26330.6384050782,"project()"
1160,26330.6384003565,"project()"
1160.2,26330.6383956362,"project()"
1160.4,26330.6383909172,"project()"
1160.6,26330.6383861995,"project()"
1160.8,26330.6383814832,"project()"
1161,26330.6383767682,"project()"
1161.2,26330.6383720545,"project()"
1161.4,26330.6383673422,"project()"
1161.6,26330.6383626311,"project()"
1161.8,26330.6383579214,"project()"
1162,26330.638353213,"project()"
1162.2,26330.638348506,"project()"
1162.4,26330.6383438003,"project()"
1162.6,26330.6383390958,"project()"
1162.8,26330.6383343928,"project()"
1163,26330.638329691,"project()"
1163.2,26330.6383249905,"project()"
1163.4,26330.6383202914,"project()"
1163.6,26330.6383155936,"project()"
1163.8,26330.6383108971,"project()"
1164,26330.6383062019,"project()"
1164.2,26330.6383015081,"project()"
1164.4,26330.6382968155,"project()"
1164.6,26330.6382921243,"project()"
1164.8,26330.6382874344,"project()"
1165,26330.6382827458,"project()"
1165.2,26330.6382780586,"project()"
1165.4,26330.6382733726,"project()"
1165.6,26330.638268688,"project()"
1165.8,26330.6382640046,"project()"
1166,26330.6382593226,"project()"
1166.2,26330.6382546419,"project()"
1166.4,26330.6382499625,"project()"
1166.6,26330.6382452844,"project()"
1166.8,26330.6382406077,"project()"
1167,26330.6382359322,"project()"
1167.2,26330.6382312581,"project()"
1167.4,26330.6382265852,"project()"
1167.6,26330.6382219137,"project()"
1167.8,26330.6382172435,"project()"
1168,26330.6382125746,"project()"
1168.2,26330.638207907,"project()"
1168.4,26330.6382032407,"project()"
1168.6,26330.6381985757,"project()"
1168.8,26330.6381939121,"project()"
1169,26330.6381892497,"project()"
1169.2,26330.6381845887,"project()"
1169.4,26330.6381799289,"project()"
1169.6,26330.6381752705,"project()"
1169.8,26330.6381706134,"project()"
1170,26330.6381659575,"project()"
1170.2,26330.638161303,"project()"
1170.4,26330.6381566498,"project()"
1170.6,26330.6381519979,"project()"
1170.8,26330.6381473472,"project()"
1171,26330.6381426979,"project()"
1171.2,26330.6381380499,"project()"
1171.4,26330.6381334032,"project()"
1171.6,26330.6381287578,"project()"
1171.8,26330.6381241137,"project()"
1172,26330.6381194709,"project()"
1172.2,26330.6381148294,"project()"
1172.4,26330.6381101892,"project()"
1172.6,26330.6381055503,"project()"
1172.8,26330.6381009127,"project()"
1173,26330.6380962764,"project()"
1173.2,26330.6380916414,"project()"
1173.4,26330.6380870077,"project()"
1173.6,26330.6380823753,"project()"
1173.8,26330.6380777442,"project()"
1174,26330.6380731143,"project()"
1174.2,26330.6380684858,"project()"
1174.4,26330.6380638586,"project()"
1174.6,26330.6380592326,"project()"
1174.8,26330.638054608,"project()"
1175,26330.6380499846,"project()"
1175.2,26330.6380453626,"project()"
1175.4,26330.6380407418,"project()"
1175.6,26330.6380361223,"project()"
1175.8,26330.6380315042,"project()"
1176,26330.6380268873,"project()"
1176.2,26330.6380222717,"project()"
1176.4,26330.6380176574,"project()"
1176.6,26330.6380130443,"project()"
1176.8,26330.6380084326,"project()"
1177,26330.6380038222,"project()"
1177.2,26330.637999213,"project()"
1177.4,26330.6379946052,"project()"
1177.6,26330.6379899986,"project()"
1177.8,26330.6379853933,"project()"
1178,26330.6379807894,"project()"
1178.2,26330.6379761867,"project()"
1178.4,26330.6379715853,"project()"
1178.6,26330.6379669851,"project()"
1178.8,26330.6379623863,"project()"
1179,26330.6379577887,"project()"
1179.2,26330.6379531925,"project()"
1179.4,26330.6379485975,"project()"
1179.6,26330.6379440038,"project()"
1179.8,26330.6379394114,"project()"
1180,26330.6379348203,"project()"
1180.2,26330.6379302304,"project()"
1180.4,26330.6379256419,"project()"
1180.6,26330.6379210546,"project()"
1180.8,26330.6379164686,"project()"
1181,26330.6379118838,"project()"
1181.2,26330.6379073004,"project()"
1181.4,26330.6379027182,"project()"
1181.6,26330.6378981374,"project()"
1181.8,26330.6378935578,"project()"
1182,26330.6378889794,"project()"
1182.2,26330.6378844024,"project()"
1182.4,26330.6378798266,"project()"
1182.6,26330.6378752521,"project()"
1182.8,26330.6378706789,"project()"
1183,26330.6378661069,"project()"
1183.2,26330.6378615363,"project()"
1183.4,26330.6378569669,"project()"
1183.6,26330.6378523987,"project()"
1183.8,26330.6378478319,"project()"
1184,26330.6378432663,"project()"
1184.2,26330.637838702,"project()"
1184.4,26330.637834139,"project()"
1184.6,26330.6378295772,"project()"
1184.8,26330.6378250167,"project()"
1185,26330.6378204575,"project()"
1185.2,26330.6378158996,"project()"
1185.4,26330.6378113429,"project()"
1185.6,26330.6378067875,"project()"
1185.8,26330.6378022334,"project()"
1186,26330.6377976805,"project()"
1186.2,26330.6377931289,"project()"
1186.4,26330.6377885786,"project()"
1186.6,26330.6377840295,"project()"
1186.8,26330.6377794817,"project()"
1187,26330.6377749352,"project()"
1187.2,26330.63777039,"project()"
1187.4,26330.637765846,"project()"
1187.6,26330.6377613033,"project()"
1187.8,26330.6377567618,"project()"
1188,26330.6377522216,"project()"
1188.2,26330.6377476827,"project()"
1188.4,26330.6377431451,"project()"
1188.6,26330.6377386087,"project()"
1188.8,26330.6377340735,"project()"
1189,26330.6377295396,"project()"
1189.2,26330.637725007,"project()"
1189.4,26330.6377204757,"project()"
1189.6,26330.6377159456,"project()"
1189.8,26330.6377114168,"project()"
1190,26330.6377068892,"project()"
1190.2,26330.6377023629,"project()"
1190.4,26330.6376978378,"project()"
1190.6,26330.6376933141,"project()"
1190.8,26330.6376887915,"project()"
1191,26330.6376842702,"project()"
1191.2,26330.6376797502,"project()"
1191.4,26330.6376752315,"project()"
1191.6,26330.637670714,"project()"
1191.8,26330.6376661977,"project()"
1192,26330.6376616827,"project()"
1192.2,26330.637657169,"project()"
1192.4,26330.6376526565,"project()"
1192.6,26330.6376481453,"project()"
1192.8,26330.6376436353,"project()"
1193,26330.6376391266,"project()"
1193.2,26330.6376346192,"project()"
1193.4,26330.637630113,"project()"
1193.6,26330.637625608,"project()"
1193.8,26330.6376211043,"project()"
1194,26330.6376166018,"project()"
1194.2,26330.6376121007,"project()"
1194.4,26330.6376076007,"project()"
1194.6,26330.637603102,"project()"
1194.8,26330.6375986046,"project()"
1195,26330.6375941084,"project()"
1195.2,26330.6375896134,"project()"
1195.4,26330.6375851198,"project()"
1195.6,26330.6375806273,"project()"
1195.8,26330.6375761361,"project()"
1196,26330.6375716462,"project()"
1196.2,26330.6375671575,"project()"
1196.4,26330.63756267,"project()"
1196.6,26330.6375581838,"project()"
1196.8,26330.6375536988,"project()"
1197,26330.6375492151,"project()"
1197.2,26330.6375447326,"project()"
1197.4,26330.6375402514,"project()"
1197.6,26330.6375357714,"project()"
1197.8,26330.6375312927,"project()"
1198,26330.6375268152,"project()"
1198.2,26330.6375223389,"project()"
1198.4,26330.6375178639,"project()"
1198.6,26330.6375133901,"project()"
1198.8,26330.6375089176,"project()"
1199,26330.6375044463,"project()"
1199.2,26330.6374999762,"project()"
1199.4,26330.6374955074,"project()"
1199.6,26330.6374910399,"project()"
1199.8,26330.6374865735,"project()"
1200,26330.6374821084,"project()"
1200.2,26330.6374776446,"project()"
1200.4,26330.637473182,"project()"
1200.6,26330.6374687206,"project()"
1200.8,26330.6374642605,"project()"
1201,26330.6374598016,"project()"
1201.2,26330.6374553439,"project()"
1201.4,26330.6374508875,"project()"
1201.6,26330.6374464323,"project()"
1201.8,26330.6374419783,"project()"
1202,26330.6374375256,"project()"
1202.2,26330.6374330741,"project()"
1202.4,26330.6374286238,"project()"
1202.6,26330.6374241748,"project()"
1202.8,26330.637419727,"project()"
1203,26330.6374152805,"project()"
1203.2,26330.6374108352,"project()"
1203.4,26330.6374063911,"project()"
1203.6,26330.6374019482,"project()"
1203.8,26330.6373975066,"project()"
1204,26330.6373930662,"project()"
1204.2,26330.637388627,"project()"
1204.4,26330.637384189,"project()"
1204.6,26330.6373797523,"project()"
1204.8,26330.6373753168,"project()"
1205,26330.6373708826,"project()"
1205.2,26330.6373664495,"project()"
1205.4,26330.6373620177,"project()"
1205.6,26330.6373575872,"project()"
1205.8,26330.6373531578,"project()"
1206,26330.6373487297,"project()"
1206.2,26330.6373443028,"project()"
1206.4,26330.6373398771,"project()"
1206.6,26330.6373354527,"project()"
1206.8,26330.6373310295,"project()"
1207,26330.6373266075,"project()"
1207.2,26330.6373221867,"project()"
1207.4,26330.6373177672,"project()"
1207.6,26330.6373133488,"project()"
1207.8,26330.6373089318,"project()"
1208,26330.6373045159,"project()"
1208.2,26330.6373001012,"project()"
1208.4,26330.6372956878,"project()"
1208.6,26330.6372912756,"project()"
1208.8,26330.6372868646,"project()"
1209,26330.6372824548,"project()"
1209.2,26330.6372780463,"project()"
1209.4,26330.637273639,"project()"
1209.6,26330.6372692329,"project()"
1209.8,26330.637264828,"project()"
1210,26330.6372604243,"project()"
1210.2,26330.6372560218,"project()"
1210.4,26330.6372516206,"project()"
1210.6,26330.6372472206,"project()"
1210.8,26330.6372428218,"project()"
1211,26330.6372384242,"project()"
1211.2,26330.6372340278,"project()"
1211.4,26330.6372296326,"project()"
1211.6,26330.6372252387,"project()"
1211.8,26330.6372208459,"project()"
1212,26330.6372164544,"project()"
1212.2,26330.6372120641,"project()"
1212.4,26330.637207675,"project()"
1212.6,26330.6372032871,"project()"
1212.8,26330.6371989005,"project()"
1213,26330.637194515,"project()"
1213.2,26330.6371901308,"project()"
1213.4,26330.6371857477,"project()"
1213.6,26330.6371813659,"project()"
1213.8,26330.6371769853,"project()"
1214,26330.6371726059,"project()"
1214.2,26330.6371682277,"project()"
1214.4,26330.6371638507,"project()"
1214.6,26330.6371594749,"project()"
1214.8,26330.6371551004,"project()"
1215,26330.637150727,"project()"
1215.2,26330.6371463548,"project()"
1215.4,26330.6371419839,"project()"
1215.6,26330.6371376141,"project()"
1215.8,26330.6371332456,"project()"
1216,26330.6371288782,"project()"
1216.2,26330.6371245121,"project()"
1216.4,26330.6371201472,"project()"
1216.6,26330.6371157834,"project()"
1216.8,26330.6371114209,"project()"
1217,26330.6371070596,"project()"
1217.2,26330.6371026995,"project()"
1217.4,26330.6370983405,"project()"
1217.6,26330.6370939828,"project()"
1217.8,26330.6370896263,"project()"
1218,26330.637085271,"project()"
1218.2,26330.6370809169,"project()"
1218.4,26330.637076564,"project()"
1218.6,26330.6370722123,"project()"
1218.8,26330.6370678618,"project()"
1219,26330.6370635125,"project()"
1219.2,26330.6370591644,"project()"
1219.4,26330.6370548175,"project()"
1219.6,26330.6370504718,"project()"
1219.8,26330.6370461273,"project()"
1220,26330.637041784,"project()"
1220.2,26330.6370374419,"project()"
1220.4,26330.637033101,"project()"
1220.6,26330.6370287612,"project()"
1220.8,26330.6370244227,"project()"
1221,26330.6370200854,"project()"
1221.2,26330.6370157492,"project()"
1221.4,26330.6370114143,"project()"
1221.6,26330.6370070805,"project()"
1221.8,26330.637002748,"project()"
1222,26330.6369984166,"project()"
1222.2,26330.6369940864,"project()"
1222.4,26330.6369897574,"project()"
1222.6,26330.6369854296,"project()"
1222.8,26330.636981103,"project()"
1223,26330.6369767776,"project()"
1223.2,26330.6369724534,"project()"
1223.4,26330.6369681304,"project()"
1223.6,26330.6369638086,"project()"
1223.8,26330.6369594879,"project()"
1224,26330.6369551685,"project()"
1224.2,26330.6369508502,"project()"
1224.4,26330.6369465331,"project()"
1224.6,26330.6369422172,"project()"
1224.8,26330.6369379025,"project()"
1225,26330.636933589,"project()"
1225.2,26330.6369292767,"project()"
1225.4,26330.6369249655,"project()"
1225.6,26330.6369206555,"project()"
1225.8,26330.6369163467,"project()"
1226,26330.6369120391,"project()"
1226.2,26330.6369077327,"project()"
1226.4,26330.6369034275,"project()"
1226.6,26330.6368991234,"project()"
1226.8,26330.6368948206,"project()"
1227,26330.6368905189,"project()"
1227.2,26330.6368862184,"project()"
1227.4,26330.6368819191,"project()"
1227.6,26330.6368776209,"project()"
1227.8,26330.636873324,"project()"
1228,26330.6368690282,"project()"
1228.2,26330.6368647336,"project()"
1228.4,26330.6368604402,"project()"
1228.6,26330.636856148,"project()"
1228.8,26330.6368518569,"project()"
1229,26330.636847567,"project()"
1229.2,26330.6368432784,"project()"
1229.4,26330.6368389908,"project()"
1229.6,26330.6368347045,"project()"
1229.8,26330.6368304194,"project()"
1230,26330.6368261354,"project()"
1230.2,26330.6368218526,"project()"
1230.4,26330.636817571,"project()"
1230.6,26330.6368132905,"project()"
1230.8,26330.6368090113,"project()"
1231,26330.6368047332,"project()"
1231.2,26330.6368004562,"project()"
1231.4,26330.6367961805,"project()"
1231.6,26330.6367919059,"project()"
1231.8,26330.6367876325,"project()"
1232,26330.6367833603,"project()"
1232.2,26330.6367790892,"project()"
1232.4,26330.6367748193,"project()"
1232.6,26330.6367705506,"project()"
1232.8,26330.6367662831,"project()"
1233,26330.6367620167,"project()"
1233.2,26330.6367577516,"project()"
1233.4,26330.6367534875,"project()"
1233.6,26330.6367492247,"project()"
1233.8,26330.636744963,"project()"
1234,26330.6367407025,"project()"
1234.2,26330.6367364431,"project()"
1234.4,26330.6367321849,"project()"
1234.6,26330.6367279279,"project()"
1234.8,26330.6367236721,"project()"
1235,26330.6367194174,"project()"
1235.2,26330.6367151639,"project()"
1235.4,26330.6367109115,"project()"
1235.6,26330.6367066603,"project()"
1235.8,26330.6367024103,"project()"
1236,26330.6366981614,"project()"
1236.2,26330.6366939137,"project()"
1236.4,26330.6366896671,"project()"
1236.6,26330.6366854218,"project()"
1236.8,26330.6366811775,"project()"
1237,26330.6366769345,"project()"
1237.2,26330.6366726926,"project()"
1237.4,26330.6366684519,"project()"
1237.6,26330.6366642123,"project()"
1237.8,26330.6366599739,"project()"
1238,26330.6366557366,"project()"
1238.2,26330.6366515006,"project()"
1238.4,26330.6366472657,"project()"
1238.6,26330.6366430319,"project()"
1238.8,26330.6366387993,"project()"
1239,26330.6366345679,"project()"
1239.2,26330.6366303376,"project()"
1239.4,26330.6366261085,"project()"
1239.6,26330.6366218805,"project()"
1239.8,26330.6366176537,"project()"
1240,26330.6366134281,"project()"
1240.2,26330.6366092036,"project()"
1240.4,26330.6366049803,"project()"
1240.6,26330.6366007581,"project()"
1240.8,26330.6365965371,"project()"
1241,26330.6365923172,"project()"
1241.2,26330.6365880985,"project()"
1241.4,26330.6365838809,"project()"
1241.6,26330.6365796645,"project()"
1241.8,26330.6365754492,"project()"
1242,26330.6365712351,"project()"
1242.2,26330.6365670222,"project()"
1242.4,26330.6365628104,"project()"
1242.6,26330.6365585997,"project()"
1242.8,26330.6365543902,"project()"
1243,26330.6365501819,"project()"
1243.2,26330.6365459747,"project()"
1243.4,26330.6365417686,"project()"
1243.6,26330.6365375637,"project()"
1243.8,26330.63653336,"project()"
1244,26330.6365291574,"project()"
1244.2,26330.636524956,"project()"
1244.4,26330.6365207557,"project()"
1244.6,26330.6365165565,"project()"
1244.8,26330.6365123585,"project()"
1245,26330.6365081617,"project()"
1245.2,26330.636503966,"project()"
1245.4,26330.6364997714,"project()"
1245.6,26330.636495578,"project()"
1245.8,26330.6364913857,"project()"
1246,26330.6364871946,"project()"
1246.2,26330.6364830046,"project()"
1246.4,26330.6364788158,"project()"
1246.6,26330.6364746281,"project()"
1246.8,26330.6364704415,"project()"
1247,26330.6364662561,"project()"
1247.2,26330.6364620719,"project()"
1247.4,26330.6364578888,"project()"
1247.6,26330.6364537068,"project()"
1247.8,26330.6364495259,"project()"
1248,26330.6364453462,"project()"
1248.2,26330.6364411677,"project()"
1248.4,26330.6364369903,"project()"
1248.6,26330.636432814,"project()"
1248.8,26330.6364286389,"project()"
1249,26330.6364244649,"project()"
1249.2,26330.636420292,"project()"
1249.4,26330.6364161203,"project()"
1249.6,26330.6364119497,"project()"
1249.8,26330.6364077803,"project()"
1250,26330.6364036119,"project()"
1250.2,26330.6363994448,"project()"
1250.4,26330.6363952787,"project()"
1250.6,26330.6363911138,"project()"
1250.8,26330.6363869501,"project()"
1251,26330.6363827874,"project()"
1251.2,26330.6363786259,"project()"
1251.4,26330.6363744655,"project()"
1251.6,26330.6363703063,"project()"
1251.8,26330.6363661482,"project()"
1252,26330.6363619912,"project()"
1252.2,26330.6363578354,"project()"
1252.4,26330.6363536807,"project()"
1252.6,26330.6363495271,"project()"
1252.8,26330.6363453746,"project()"
1253,26330.6363412233,"project()"
1253.2,26330.6363370731,"project()"
1253.4,26330.6363329241,"project()"
1253.6,26330.6363287762,"project()"
1253.8,26330.6363246294,"project()"
1254,26330.6363204837,"project()"
1254.2,26330.6363163392,"project()"
1254.4,26330.6363121958,"project()"
1254.6,26330.6363080535,"project()"
1254.8,26330.6363039124,"project()"
1255,26330.6362997724,"project()"
1255.2,26330.6362956335,"project()"
1255.4,26330.6362914957,"project()"
1255.6,26330.6362873591,"project()"
1255.8,26330.6362832236,"project()"
1256,26330.6362790892,"project()"
1256.2,26330.6362749559,"project()"
1256.4,26330.6362708238,"project()"
1256.6,26330.6362666928,"project()"
1256.8,26330.6362625629,"project()"
1257,26330.6362584341,"project()"
1257.2,26330.6362543065,"project()"
1257.4,26330.63625018,"project()"
1257.6,26330.6362460546,"project()"
1257.8,26330.6362419303,"project()"
1258,26330.6362378072,"project()"
1258.2,26330.6362336852,"project()"
1258.4,26330.6362295643,"project()"
1258.6,26330.6362254445,"project()"
1258.8,26330.6362213258,"project()"
1259,26330.6362172083,"project()"
1259.2,26330.6362130919,"project()"
1259.4,26330.6362089766,"project()"
1259.6,26330.6362048624,"project()"
1259.8,26330.6362007493,"project()"
1260,26330.6361966373,"project()"
1260.2,26330.6361925265,"project()"
1260.4,26330.6361884168,"project()"
1260.6,26330.6361843082,"project()"
1260.8,26330.6361802007,"project()"
1261,26330.6361760943,"project()"
1261.2,26330.636171989,"project()"
1261.4,26330.6361678849,"project()"
1261.6,26330.6361637819,"project()"
1261.8,26330.63615968,"project()"
1262,26330.6361555792,"project()"
1262.2,26330.6361514795,"project()"
1262.4,26330.6361473809,"project()"
1262.6,26330.6361432834,"project()"
1262.8,26330.6361391871,"project()"
1263,26330.6361350919,"project()"
1263.2,26330.6361309978,"project()"
1263.4,26330.6361269048,"project()"
1263.6,26330.6361228129,"project()"
1263.8,26330.6361187221,"project()"
1264,26330.6361146324,"project()"
1264.2,26330.6361105438,"project()"
1264.4,26330.6361064564,"project()"
1264.6,26330.63610237,"project()"
1264.8,26330.6360982848,"project()"
1265,26330.6360942007,"project()"
1265.2,26330.6360901176,"project()"
1265.4,26330.6360860357,"project()"
1265.6,26330.6360819549,"project()"
1265.8,26330.6360778752,"project()"
1266,26330.6360737966,"project()"
1266.2,26330.6360697192,"project()"
1266.4,26330.6360656428,"project()"
1266.6,26330.6360615675,"project()"
1266.8,26330.6360574933,"project()"
1267,26330.6360534203,"project()"
1267.2,26330.6360493483,"project()"
1267.4,26330.6360452774,"project()"
1267.6,26330.6360412077,"project()"
1267.8,26330.636037139,"project()"
1268,26330.6360330715,"project()"
1268.2,26330.636029005,"project()"
1268.4,26330.6360249397,"project()"
1268.6,26330.6360208754,"project()"
1268.8,26330.6360168123,"project()"
1269,26330.6360127502,"project()"
1269.2,26330.6360086893,"project()"
1269.4,26330.6360046295,"project()"
1269.6,26330.6360005707,"project()"
1269.8,26330.6359965131,"project()"
1270,26330.6359924565,"project()"
1270.2,26330.6359884011,"project()"
1270.4,26330.6359843467,"project()"
1270.6,26330.6359802935,"project()"
1270.8,26330.6359762413,"project()"
1271,26330.6359721903,"project()"
1271.2,26330.6359681403,"project()"
1271.4,26330.6359640914,"project()"
1271.6,26330.6359600437,"project()"
1271.8,26330.635955997,"project()"
1272,26330.6359519514,"project()"
1272.2,26330.6359479069,"project()"
1272.4,26330.6359438635,"project()"
1272.6,26330.6359398212,"project()"
1272.8,26330.63593578,"project()"
1273,26330.6359317399,"project()"
1273.2,26330.6359277009,"project()"
1273.4,26330.6359236629,"project()"
1273.6,26330.6359196261,"project()"
1273.8,26330.6359155903,"project()"
1274,26330.6359115557,"project()"
1274.2,26330.6359075221,"project()"
1274.4,26330.6359034896,"project()"
1274.6,26330.6358994582,"project()"
1274.8,26330.6358954279,"project()"
1275,26330.6358913987,"project()"
1275.2,26330.6358873706,"project()"
1275.4,26330.6358833436,"project()"
1275.6,26330.6358793176,"project()"
1275.8,26330.6358752928,"project()"
1276,26330.635871269,"project()"
1276.2,26330.6358672463,"project()"
1276.4,26330.6358632247,"project()"
1276.6,26330.6358592042,"project()"
1276.8,26330.6358551848,"project()"
1277,26330.6358511665,"project()"
1277.2,26330.6358471492,"project()"
1277.4,26330.635843133,"project()"
1277.6,26330.635839118,"project()"
1277.8,26330.635835104,"project()"
1278,26330.6358310911,"project()"
1278.2,26330.6358270792,"project()"
1278.4,26330.6358230685,"project()"
1278.6,26330.6358190588,"project()"
1278.8,26330.6358150502,"project()"
1279,26330.6358110427,"project()"
1279.2,26330.6358070363,"project()"
1279.4,26330.635803031,"project()"
1279.6,26330.6357990267,"project()"
1279.8,26330.6357950235,"project()"
1280,26330.6357910214,"project()"
1280.2,26330.6357870204,"project()"
1280.4,26330.6357830205,"project()"
1280.6,26330.6357790216,"project()"
1280.8,26330.6357750239,"project()"
1281,26330.6357710272,"project()"
1281.2,26330.6357670315,"project()"
1281.4,26330.635763037,"project()"
1281.6,26330.6357590435,"project()"
1281.8,26330.6357550511,"project()"
1282,26330.6357510598,"project()"
1282.2,26330.6357470696,"project()"
1282.4,26330.6357430804,"project()"
1282.6,26330.6357390923,"project()"
1282.8,26330.6357351053,"project()"
1283,26330.6357311194,"project()"
1283.2,26330.6357271345,"project()"
1283.4,26330.6357231507,"project()"
1283.6,26330.635719168,"project()"
1283.8,26330.6357151864,"project()"
1284,26330.6357112058,"project()"
1284.2,26330.6357072263,"project()"
1284.4,26330.6357032479,"project()"
1284.6,26330.6356992706,"project()"
1284.8,26330.6356952943,"project()"
1285,26330.6356913191,"project()"
1285.2,26330.6356873449,"project()"
1285.4,26330.6356833718,"project()"
1285.6,26330.6356793998,"project()"
1285.8,26330.6356754289,"project()"
1286,26330.6356714591,"project()"
1286.2,26330.6356674903,"project()"
1286.4,26330.6356635226,"project()"
1286.6,26330.6356595559,"project()"
1286.8,26330.6356555903,"project()"
1287,26330.6356516258,"project()"
1287.2,26330.6356476624,"project()"
1287.4,26330.6356437,"project()"
1287.6,26330.6356397387,"project()"
1287.8,26330.6356357784,"project()"
1288,26330.6356318193,"project()"
1288.2,26330.6356278611,"project()"
1288.4,26330.6356239041,"project()"
1288.6,26330.6356199481,"project()"
1288.8,26330.6356159932,"project()"
1289,26330.6356120393,"project()"
1289.2,26330.6356080865,"project()"
1289.4,26330.6356041348,"project()"
1289.6,26330.6356001841,"project()"
1289.8,26330.6355962345,"project()"
1290,26330.635592286,"project()"
1290.2,26330.6355883385,"project()"
1290.4,26330.635584392,"project()"
1290.6,26330.6355804467,"project()"
1290.8,26330.6355765024,"project()"
1291,26330.6355725591,"project()"
1291.2,26330.6355686169,"project()"
1291.4,26330.6355646758,"project()"
1291.6,26330.6355607358,"project()"
1291.8,26330.6355567968,"project()"
1292,26330.6355528588,"project()"
1292.2,26330.6355489219,"project()"
1292.4,26330.6355449861,"project()"
1292.6,26330.6355410513,"project()"
1292.8,26330.6355371176,"project()"
1293,26330.635533185,"project()"
1293.2,26330.6355292534,"project()"
1293.4,26330.6355253228,"project()"
1293.6,26330.6355213933,"project()"
1293.8,26330.6355174649,"project()"
1294,26330.6355135376,"project()"
1294.2,26330.6355096112,"project()"
1294.4,26330.635505686,"project()"
1294.6,26330.6355017618,"project()"
1294.8,26330.6354978386,"project()"
1295,26330.6354939165,"project()"
1295.2,26330.6354899954,"project()"
1295.4,26330.6354860754,"project()"
1295.6,26330.6354821565,"project()"
1295.8,26330.6354782386,"project()"
1296,26330.6354743218,"project()"
1296.2,26330.635470406,"project()"
1296.4,26330.6354664912,"project()"
1296.6,26330.6354625775,"project()"
1296.8,26330.6354586649,"project()"
1297,26330.6354547533,"project()"
1297.2,26330.6354508427,"project()"
1297.4,26330.6354469332,"project()"
1297.6,26330.6354430248,"project()"
1297.8,26330.6354391174,"project()"
1298,26330.635435211,"project()"
1298.2,26330.6354313057,"project()"
1298.4,26330.6354274014,"project()"
1298.6,26330.6354234982,"project()"
1298.8,26330.635419596,"project()"
1299,26330.6354156949,"project()"
1299.2,26330.6354117948,"project()"
1299.4,26330.6354078958,"project()"
1299.6,26330.6354039978,"project()"
1299.8,26330.6354001009,"project()"
1300,26330.635396205,"project()"
1300.2,26330.6353923101,"project()"
1300.4,26330.6353884163,"project()"
1300.6,26330.6353845236,"project()"
1300.8,26330.6353806319,"project()"
1301,26330.6353767412,"project()"
1301.2,26330.6353728515,"project()"
1301.4,26330.635368963,"project()"
1301.6,26330.6353650754,"project()"
1301.8,26330.6353611889,"project()"
1302,26330.6353573034,"project()"
1302.2,26330.635353419,"project()"
1302.4,26330.6353495356,"project()"
1302.6,26330.6353456533,"project()"
1302.8,26330.635341772,"project()"
1303,26330.6353378917,"project()"
1303.2,26330.6353340125,"project()"
1303.4,26330.6353301343,"project()"
1303.6,26330.6353262572,"project()"
1303.8,26330.6353223811,"project()"
1304,26330.635318506,"project()"
1304.2,26330.635314632,"project()"
1304.4,26330.635310759,"project()"
1304.6,26330.635306887,"project()"
1304.8,26330.6353030161,"project()"
1305,26330.6352991462,"project()"
1305.2,26330.6352952773,"project()"
1305.4,26330.6352914095,"project()"
1305.6,26330.6352875427,"project()"
1305.8,26330.6352836769,"project()"
1306,26330.6352798122,"project()"
1306.2,26330.6352759485,"project()"
1306.4,26330.6352720858,"project()"
1306.6,26330.6352682242,"project()"
1306.8,26330.6352643636,"project()"
1307,26330.635260504,"project()"
1307.2,26330.6352566455,"project()"
1307.4,26330.635252788,"project()"
1307.6,26330.6352489315,"project()"
1307.8,26330.6352450761,"project()"
1308,26330.6352412217,"project()"
1308.2,26330.6352373683,"project()"
1308.4,26330.635233516,"project()"
1308.6,26330.6352296647,"project()"
1308.8,26330.6352258144,"project()"
1309,26330.6352219651,"project()"
1309.2,26330.6352181169,"project()"
1309.4,26330.6352142697,"project()"
1309.6,26330.6352104235,"project()"
1309.8,26330.6352065784,"project()"
1310,26330.6352027343,"project()"
1310.2,26330.6351988912,"project()"
1310.4,26330.6351950491,"project()"
1310.6,26330.6351912081,"project()"
1310.8,26330.6351873681,"project()"
1311,26330.6351835291,"project()"
1311.2,26330.6351796911,"project()"
1311.4,26330.6351758542,"project()"
1311.6,26330.6351720183,"project()"
1311.8,26330.6351681834,"project()"
1312,26330.6351643495,"project()"
1312.2,26330.6351605166,"project()"
1312.4,26330.6351566848,"project()"
1312.6,26330.635152854,"project()"
1312.8,26330.6351490242,"project()"
1313,26330.6351451955,"project()"
1313.2,26330.6351413677,"project()"
1313.4,26330.635137541,"project()"
1313.6,26330.6351337153,"project()"
1313.8,26330.6351298906,"project()"
1314,26330.635126067,"project()"
1314.2,26330.6351222443,"project()"
1314.4,26330.6351184227,"project()"
1314.6,26330.6351146021,"project()"
1314.8,26330.6351107825,"project()"
1315,26330.635106964,"project()"
1315.2,26330.6351031464,"project()"
1315.4,26330.6350993299,"project()"
1315.6,26330.6350955144,"project()"
1315.8,26330.6350916999,"project()"
1316,26330.6350878864,"project()"
1316.2,26330.6350840739,"project()"
1316.4,26330.6350802625,"project()"
1316.6,26330.6350764521,"project()"
1316.8,26330.6350726426,"project()"
1317,26330.6350688342,"project()"
1317.2,26330.6350650268,"project()"
1317.4,26330.6350612204,"project()"
1317.6,26330.6350574151,"project()"
1317.8,26330.6350536107,"project()"
1318,26330.6350498074,"project()"
1318.2,26330.6350460051,"project()"
1318.4,26330.6350422038,"project()"
1318.6,26330.6350384035,"project()"
1318.8,26330.6350346042,"project()"
1319,26330.6350308059,"project()"
1319.2,26330.6350270086,"project()"
1319.4,26330.6350232123,"project()"
1319.6,26330.6350194171,"project()"
1319.8,26330.6350156228,"project()"
1320,26330.6350118296,"project()"
1320.2,26330.6350080374,"project()"
1320.4,26330.6350042462,"project()"
1320.6,26330.6350004559,"project()"
1320.8,26330.6349966667,"project()"
1321,26330.6349928785,"project()"
1321.2,26330.6349890914,"project()"
1321.4,26330.6349853052,"project()"
1321.6,26330.63498152,"project()"
1321.8,26330.6349777358,"project()"
1322,26330.6349739527,"project()"
1322.2,26330.6349701705,"project()"
1322.4,26330.6349663894,"project()"
1322.6,26330.6349626092,"project()"
1322.8,26330.6349588301,"project()"
1323,26330.634955052,"project()"
1323.2,26330.6349512748,"project()"
1323.4,26330.6349474987,"project()"
1323.6,26330.6349437236,"project()"
1323.8,26330.6349399495,"project()"
1324,26330.6349361764,"project()"
1324.2,26330.6349324043,"project()"
1324.4,26330.6349286332,"project()"
1324.6,26330.6349248631,"project()"
1324.8,26330.634921094,"project()"
1325,26330.6349173259,"project()"
1325.2,26330.6349135588,"project()"
1325.4,26330.6349097927,"project()"
1325.6,26330.6349060275,"project()"
1325.8,26330.6349022634,"project()"
1326,26330.6348985003,"project()"
1326.2,26330.6348947382,"project()"
1326.4,26330.6348909771,"project()"
1326.6,26330.634887217,"project()"
1326.8,26330.6348834579,"project()"
1327,26330.6348796998,"project()"
1327.2,26330.6348759427,"project()"
1327.4,26330.6348721865,"project()"
1327.6,26330.6348684314,"project()"
1327.8,26330.6348646773,"project()"
1328,26330.6348609241,"project()"
1328.2,26330.634857172,"project()"
1328.4,26330.6348534209,"project()"
1328.6,26330.6348496707,"project()"
1328.8,26330.6348459216,"project()"
1329,26330.6348421734,"project()"
1329.2,26330.6348384262,"project()"
1329.4,26330.6348346801,"project()"
1329.6,26330.6348309349,"project()"
1329.8,26330.6348271907,"project()"
1330,26330.6348234475,"project()"
1330.2,26330.6348197053,"project()"
1330.4,26330.6348159641,"project()"
1330.6,26330.6348122239,"project()"
1330.8,26330.6348084847,"project()"
1331,26330.6348047464,"project()"
1331.2,26330.6348010092,"project()"
1331.4,26330.6347972729,"project()"
1331.6,26330.6347935377,"project()"
1331.8,26330.6347898034,"project()"
1332,26330.6347860701,"project()"
1332.2,26330.6347823378,"project()"
1332.4,26330.6347786065,"project()"
1332.6,26330.6347748762,"project()"
1332.8,26330.6347711469,"project()"
1333,26330.6347674185,"project()"
1333.2,26330.6347636912,"project()"
1333.4,26330.6347599648,"project()"
1333.6,26330.6347562394,"project()"
1333.8,26330.634752515,"project()"
1334,26330.6347487916,"project()"
1334.2,26330.6347450692,"project()"
1334.4,26330.6347413478,"project()"
1334.6,26330.6347376273,"project()"
1334.8,26330.6347339078,"project()"
1335,26330.6347301894,"project()"
1335.2,26330.6347264719,"project()"
1335.4,26330.6347227553,"project()"
1335.6,26330.6347190398,"project()"
1335.8,26330.6347153252,"project()"
1336,26330.6347116117,"project()"
1336.2,26330.6347078991,"project()"
1336.4,26330.6347041874,"project()"
1336.6,26330.6347004768,"project()"
1336.8,26330.6346967672,"project()"
1337,26330.6346930585,"project()"
1337.2,26330.6346893508,"project()"
1337.4,26330.6346856441,"project()"
1337.6,26330.6346819384,"project()"
1337.8,26330.6346782337,"project()"
1338,26330.6346745299,"project()"
1338.2,26330.6346708271,"project()"
1338.4,26330.6346671253,"project()"
1338.6,26330.6346634245,"project()"
1338.8,26330.6346597247,"project()"
1339,26330.6346560258,"project()"
1339.2,26330.6346523279,"project()"
1339.4,26330.634648631,"project()"
1339.6,26330.6346449351,"project()"
1339.8,26330.6346412401,"project()"
1340,26330.6346375461,"project()"
1340.2,26330.6346338531,"project()"
1340.4,26330.6346301611,"project()"
1340.6,26330.6346264701,"project()"
1340.8,26330.63462278,"project()"
1341,26330.6346190909,"project()"
1341.2,26330.6346154027,"project()"
1341.4,26330.6346117156,"project()"
1341.6,26330.6346080294,"project()"
1341.8,26330.6346043442,"project()"
1342,26330.6346006599,"project()"
1342.2,26330.6345969767,"project()"
1342.4,26330.6345932944,"project()"
1342.6,26330.6345896131,"project()"
1342.8,26330.6345859327,"project()"
1343,26330.6345822534,"project()"
1343.2,26330.634578575,"project()"
1343.4,26330.6345748975,"project()"
1343.6,26330.6345712211,"project()"
1343.8,26330.6345675456,"project()"
1344,26330.6345638711,"project()"
1344.2,26330.6345601975,"project()"
1344.4,26330.6345565249,"project()"
1344.6,26330.6345528533,"project()"
1344.8,26330.6345491827,"project()"
1345,26330.634545513,"project()"
1345.2,26330.6345418443,"project()"
1345.4,26330.6345381766,"project()"
1345.6,26330.6345345098,"project()"
1345.8,26330.634530844,"project()"
1346,26330.6345271791,"project()"
1346.2,26330.6345235153,"project()"
1346.4,26330.6345198523,"project()"
1346.6,26330.6345161904,"project()"
1346.8,26330.6345125294,"project()"
1347,26330.6345088694,"project()"
1347.2,26330.6345052103,"project()"
1347.4,26330.6345015522,"project()"
1347.6,26330.6344978951,"project()"
1347.8,26330.6344942389,"project()"
1348,26330.6344905837,"project()"
1348.2,26330.6344869295,"project()"
1348.4,26330.6344832762,"project()"
1348.6,26330.6344796239,"project()"
1348.8,26330.6344759725,"project()"
1349,26330.6344723221,"project()"
1349.2,26330.6344686727,"project()"
1349.4,26330.6344650242,"project()"
1349.6,26330.6344613767,"project()"
1349.8,26330.6344577302,"project()"
1350,26330.6344540846,"project()"
1350.2,26330.6344504399,"project()"
1350.4,26330.6344467963,"project()"
1350.6,26330.6344431535,"project()"
1350.8,26330.6344395118,"project()"
1351,26330.634435871,"project()"
1351.2,26330.6344322311,"project()"
1351.4,26330.6344285922,"project()"
1351.6,26330.6344249543,"project()"
1351.8,26330.6344213173,"project()"
1352,26330.6344176813,"project()"
1352.2,26330.6344140463,"project()"
1352.4,26330.6344104122,"project()"
1352.6,26330.634406779,"project()"
1352.8,26330.6344031468,"project()"
1353,26330.6343995156,"project()"
1353.2,26330.6343958853,"project()"
1353.4,26330.634392256,"project()"
1353.6,26330.6343886276,"project()"
1353.8,26330.6343850002,"project()"
1354,26330.6343813737,"project()"
1354.2,26330.6343777482,"project()"
1354.4,26330.6343741236,"project()"
1354.6,26330.6343705,"project()"
1354.8,26330.6343668774,"project()"
1355,26330.6343632557,"project()"
1355.2,26330.6343596349,"project()"
1355.4,26330.6343560151,"project()"
1355.6,26330.6343523962,"project()"
1355.8,26330.6343487783,"project()"
1356,26330.6343451614,"project()"
1356.2,26330.6343415454,"project()"
1356.4,26330.6343379303,"project()"
1356.6,26330.6343343162,"project()"
1356.8,26330.6343307031,"project()"
1357,26330.6343270909,"project()"
1357.2,26330.6343234796,"project()"
1357.4,26330.6343198693,"project()"
1357.6,26330.63431626,"project()"
1357.8,26330.6343126516,"project()"
1358,26330.6343090441,"project()"
1358.2,26330.6343054376,"project()"
1358.4,26330.6343018321,"project()"
1358.6,26330.6342982274,"project()"
1358.8,26330.6342946238,"project()"
1359,26330.634291021,"project()"
1359.2,26330.6342874193,"project()"
1359.4,26330.6342838184,"project()"
1359.6,26330.6342802185,"project()"
1359.8,26330.6342766196,"project()"
1360,26330.6342730216,"project()"
1360.2,26330.6342694245,"project()"
1360.4,26330.6342658284,"project()"
1360.6,26330.6342622332,"project()"
1360.8,26330.634258639,"project()"
1361,26330.6342550457,"project()"
1361.2,26330.6342514534,"project()"
1361.4,26330.634247862,"project()"
1361.6,26330.6342442715,"project()"
1361.8,26330.634240682,"project()"
1362,26330.6342370934,"project()"
1362.2,26330.6342335057,"project()"
1362.4,26330.634229919,"project()"
1362.6,26330.6342263332,"project()"
1362.8,26330.6342227484,"project()"
1363,26330.6342191645,"project()"
1363.2,26330.6342155816,"project()"
1363.4,26330.6342119996,"project()"
1363.6,26330.6342084185,"project()"
1363.8,26330.6342048384,"project()"
1364,26330.6342012592,"project()"
1364.2,26330.634197681,"project()"
1364.4,26330.6341941036,"project()"
1364.6,26330.6341905273,"project()"
1364.8,26330.6341869518,"project()"
1365,26330.6341833773,"project()"
1365.2,26330.6341798037,"project()"
1365.4,26330.6341762311,"project()"
1365.6,26330.6341726594,"project()"
1365.8,26330.6341690886,"project()"
1366,26330.6341655188,"project()"
1366.2,26330.6341619499,"project()"
1366.4,26330.6341583819,"project()"
1366.6,26330.6341548149,"project()"
1366.8,26330.6341512488,"project()"
1367,26330.6341476836,"project()"
1367.2,26330.6341441193,"project()"
1367.4,26330.634140556,"project()"
1367.6,26330.6341369936,"project()"
1367.8,26330.6341334322,"project()"
1368,26330.6341298717,"project()"
1368.2,26330.6341263121,"project()"
1368.4,26330.6341227534,"project()"
1368.6,26330.6341191957,"project()"
1368.8,26330.6341156389,"project()"
1369,26330.634112083,"project()"
1369.2,26330.6341085281,"project()"
1369.4,26330.6341049741,"project()"
1369.6,26330.634101421,"project()"
1369.8,26330.6340978689,"project()"
1370,26330.6340943177,"project()"
1370.2,26330.6340907674,"project()"
1370.4,26330.634087218,"project()"
1370.6,26330.6340836696,"project()"
1370.8,26330.6340801221,"project()"
1371,26330.6340765756,"project()"
1371.2,26330.6340730299,"project()"
1371.4,26330.6340694852,"project()"
1371.6,26330.6340659414,"project()"
1371.8,26330.6340623985,"project()"
1372,26330.6340588565,"project()"
1372.2,26330.6340553155,"project()"
1372.4,26330.6340517754,"project()"
1372.6,26330.6340482362,"project()"
1372.8,26330.634044698,"project()"
1373,26330.6340411607,"project()"
1373.2,26330.6340376242,"project()"
1373.4,26330.6340340888,"project()"
1373.6,26330.6340305542,"project()"
1373.8,26330.6340270206,"project()"
1374,26330.6340234878,"project()"
1374.2,26330.634019956,"project()"
1374.4,26330.6340164252,"project()"
1374.6,26330.6340128952,"project()"
1374.8,26330.6340093662,"project()"
1375,26330.6340058381,"project()"
1375.2,26330.6340023109,"project()"
1375.4,26330.6339987847,"project()"
1375.6,26330.6339952593,"project()"
1375.8,26330.6339917349,"project()"
1376,26330.6339882114,"project()"
1376.2,26330.6339846888,"project()"
1376.4,26330.6339811671,"project()"
1376.6,26330.6339776464,"project()"
1376.8,26330.6339741266,"project()"
1377,26330.6339706077,"project()"
1377.2,26330.6339670897,"project()"
1377.4,26330.6339635726,"project()"
1377.6,26330.6339600565,"project()"
1377.8,26330.6339565412,"project()"
1378,26330.6339530269,"project()"
1378.2,26330.6339495135,"project()"
1378.4,26330.633946001,"project()"
1378.6,26330.6339424894,"project()"
1378.8,26330.6339389787,"project()"
1379,26330.633935469,"project()"
1379.2,26330.6339319602,"project()"
1379.4,26330.6339284522,"project()"
1379.6,26330.6339249452,"project()"
1379.8,26330.6339214391,"project()"
1380,26330.633917934,"project()"
1380.2,26330.6339144297,"project()"
1380.4,26330.6339109263,"project()"
1380.6,26330.6339074239,"project()"
1380.8,26330.6339039224,"project()"
1381,26330.6339004217,"project()"
1381.2,26330.633896922,"project()"
1381.4,26330.6338934232,"project()"
1381.6,26330.6338899253,"project()"
1381.8,26330.6338864284,"project()"
1382,26330.6338829323,"project()"
1382.2,26330.6338794371,"project()"
1382.4,26330.6338759429,"project()"
1382.6,26330.6338724496,"project()"
1382.8,26330.6338689571,"project()"
1383,26330.6338654656,"project()"
1383.2,26330.633861975,"project()"
1383.4,26330.6338584853,"project()"
1383.6,26330.6338549965,"project()"
1383.8,26330.6338515086,"project()"
1384,26330.6338480216,"project()"
1384.2,26330.6338445355,"project()"
1384.4,26330.6338410503,"project()"
1384.6,26330.633837566,"project()"
1384.8,26330.6338340826,"project()"
1385,26330.6338306002,"project()"
1385.2,26330.6338271186,"project()"
1385.4,26330.6338236379,"project()"
1385.6,26330.6338201582,"project()"
1385.8,26330.6338166793,"project()"
1386,26330.6338132014,"project()"
1386.2,26330.6338097244,"project()"
1386.4,26330.6338062482,"project()"
1386.6,26330.633802773,"project()"
1386.8,26330.6337992987,"project()"
1387,26330.6337958253,"project()"
1387.2,26330.6337923527,"project()"
1387.4,26330.6337888811,"project()"
1387.6,26330.6337854104,"project()"
1387.8,26330.6337819406,"project()"
1388,26330.6337784717,"project()"
1388.2,26330.6337750036,"project()"
1388.4,26330.6337715365,"project()"
1388.6,26330.6337680703,"project()"
1388.8,26330.633764605,"project()"
1389,26330.6337611406,"project()"
1389.2,26330.633757677,"project()"
1389.4,26330.6337542144,"project()"
1389.6,26330.6337507527,"project()"
1389.8,26330.6337472918,"project()"
1390,26330.6337438319,"project()"
1390.2,26330.6337403729,"project()"
1390.4,26330.6337369147,"project()"
1390.6,26330.6337334575,"project()"
1390.8,26330.6337300012,"project()"
1391,26330.6337265457,"project()"
1391.2,26330.6337230912,"project()"
1391.4,26330.6337196375,"project()"
1391.6,26330.6337161848,"project()"
1391.8,26330.6337127329,"project()"
1392,26330.6337092819,"project()"
1392.2,26330.6337058319,"project()"
1392.4,26330.6337023827,"project()"
1392.6,26330.6336989344,"project()"
1392.8,26330.633695487,"project()"
1393,26330.6336920405,"project()"
1393.2,26330.6336885949,"project()"
1393.4,26330.6336851502,"project()"
1393.6,26330.6336817064,"project()"
1393.8,26330.6336782635,"project()"
1394,26330.6336748214,"project()"
1394.2,26330.6336713803,"project()"
1394.4,26330.6336679401,"project()"
1394.6,26330.6336645007,"project()"
1394.8,26330.6336610622,"project()"
1395,26330.6336576246,"project()"
1395.2,26330.633654188,"project()"
1395.4,26330.6336507522,"project()"
1395.6,26330.6336473172,"project()"
1395.8,26330.6336438832,"project()"
1396,26330.6336404501,"project()"
1396.2,26330.6336370178,"project()"
1396.4,26330.6336335865,"project()"
1396.6,26330.633630156,"project()"
1396.8,26330.6336267264,"project()"
1397,26330.6336232977,"project()"
1397.2,26330.6336198699,"project()"
1397.4,26330.633616443,"project()"
1397.6,26330.633613017,"project()"
1397.8,26330.6336095918,"project()"
1398,26330.6336061676,"project()"
1398.2,26330.6336027442,"project()"
1398.4,26330.6335993217,"project()"
1398.6,26330.6335959002,"project()"
1398.8,26330.6335924795,"project()"
1399,26330.6335890596,"project()"
1399.2,26330.6335856407,"project()"
1399.4,26330.6335822227,"project()"
1399.6,26330.6335788055,"project()"
1399.8,26330.6335753892,"project()"
1400,26330.6335719738,"project()"
1400.2,26330.6335685593,"project()"
1400.4,26330.6335651457,"project()"
1400.6,26330.6335617329,"project()"
1400.8,26330.6335583211,"project()"
1401,26330.6335549101,"project()"
1401.2,26330.6335515,"project()"
1401.4,26330.6335480907,"project()"
1401.6,26330.6335446824,"project()"
1401.8,26330.6335412749,"project()"
1402,26330.6335378683,"project()"
1402.2,26330.6335344626,"project()"
1402.4,26330.6335310578,"project()"
1402.6,26330.6335276538,"project()"
1402.8,26330.6335242507,"project()"
1403,26330.6335208485,"project()"
1403.2,26330.6335174472,"project()"
1403.4,26330.6335140468,"project()"
1403.6,26330.6335106472,"project()"
1403.8,26330.6335072485,"project()"
1404,26330.6335038507,"project()"
1404.2,26330.6335004538,"project()"
1404.4,26330.6334970578,"project()"
1404.6,26330.6334936626,"project()"
1404.8,26330.6334902683,"project()"
1405,26330.6334868749,"project()"
1405.2,26330.6334834823,"project()"
1405.4,26330.6334800906,"project()"
1405.6,26330.6334766999,"project()"
1405.8,26330.6334733099,"project()"
1406,26330.6334699209,"project()"
1406.2,26330.6334665327,"project()"
1406.4,26330.6334631454,"project()"
1406.6,26330.633459759,"project()"
1406.8,26330.6334563734,"project()"
1407,26330.6334529888,"project()"
1407.2,26330.633449605,"project()"
1407.4,26330.633446222,"project()"
1407.6,26330.63344284,"project()"
1407.8,26330.6334394588,"project()"
1408,26330.6334360785,"project()"
1408.2,26330.633432699,"project()"
1408.4,26330.6334293204,"project()"
1408.6,26330.6334259427,"project()"
1408.8,26330.6334225659,"project()"
1409,26330.63341919,"project()"
1409.2,26330.6334158149,"project()"
1409.4,26330.6334124406,"project()"
1409.6,26330.6334090673,"project()"
1409.8,26330.6334056948,"project()"
1410,26330.6334023232,"project()"
1410.2,26330.6333989524,"project()"
1410.4,26330.6333955826,"project()"
1410.6,26330.6333922135,"project()"
1410.8,26330.6333888454,"project()"
1411,26330.6333854781,"project()"
1411.2,26330.6333821117,"project()"
1411.4,26330.6333787462,"project()"
1411.6,26330.6333753815,"project()"
1411.8,26330.6333720177,"project()"
1412,26330.6333686547,"project()"
1412.2,26330.6333652926,"project()"
1412.4,26330.6333619314,"project()"
1412.6,26330.6333585711,"project()"
1412.8,26330.6333552116,"project()"
1413,26330.633351853,"project()"
1413.2,26330.6333484952,"project()"
1413.4,26330.6333451383,"project()"
1413.6,26330.6333417823,"project()"
1413.8,26330.6333384271,"project()"
1414,26330.6333350728,"project()"
1414.2,26330.6333317194,"project()"
1414.4,26330.6333283668,"project()"
1414.6,26330.6333250151,"project()"
1414.8,26330.6333216643,"project()"
1415,26330.6333183143,"project()"
1415.2,26330.6333149652,"project()"
1415.4,26330.6333116169,"project()"
1415.6,26330.6333082695,"project()"
1415.8,26330.633304923,"project()"
1416,26330.6333015773,"project()"
1416.2,26330.6332982324,"project()"
1416.4,26330.6332948885,"project()"
1416.6,26330.6332915454,"project()"
1416.8,26330.6332882031,"project()"
1417,26330.6332848617,"project()"
1417.2,26330.6332815212,"project()"
1417.4,26330.6332781815,"project()"
1417.6,26330.6332748427,"project()"
1417.8,26330.6332715048,"project()"
1418,26330.6332681677,"project()"
1418.2,26330.6332648314,"project()"
1418.4,26330.6332614961,"project()"
1418.6,26330.6332581615,"project()"
1418.8,26330.6332548279,"project()"
1419,26330.633251495,"project()"
1419.2,26330.6332481631,"project()"
1419.4,26330.633244832,"project()"
1419.6,26330.6332415017,"project()"
1419.8,26330.6332381723,"project()"
1420,26330.6332348438,"project()"
1420.2,26330.6332315161,"project()"
1420.4,26330.6332281892,"project()"
1420.6,26330.6332248632,"project()"
1420.8,26330.6332215381,"project()"
1421,26330.6332182138,"project()"
1421.2,26330.6332148904,"project()"
1421.4,26330.6332115678,"project()"
1421.6,26330.6332082461,"project()"
1421.8,26330.6332049252,"project()"
1422,26330.6332016052,"project()"
1422.2,26330.633198286,"project()"
1422.4,26330.6331949677,"project()"
1422.6,26330.6331916502,"project()"
1422.8,26330.6331883336,"project()"
1423,26330.6331850178,"project()"
1423.2,26330.6331817029,"project()"
1423.4,26330.6331783889,"project()"
1423.6,26330.6331750756,"project()"
1423.8,26330.6331717633,"project()"
1424,26330.6331684518,"project()"
1424.2,26330.6331651411,"project()"
1424.4,26330.6331618313,"project()"
1424.6,26330.6331585223,"project()"
1424.8,26330.6331552142,"project()"
1425,26330.6331519069,"project()"
1425.2,26330.6331486005,"project()"
1425.4,26330.6331452949,"project()"
1425.6,26330.6331419901,"project()"
1425.8,26330.6331386862,"project()"
1426,26330.6331353832,"project()"
1426.2,26330.633132081,"project()"
1426.4,26330.6331287796,"project()"
1426.6,26330.6331254791,"project()"
1426.8,26330.6331221795,"project()"
1427,26330.6331188806,"project()"
1427.2,26330.6331155827,"project()"
1427.4,26330.6331122855,"project()"
1427.6,26330.6331089892,"project()"
1427.8,26330.6331056938,"project()"
1428,26330.6331023992,"project()"
1428.2,26330.6330991054,"project()"
1428.4,26330.6330958125,"project()"
1428.6,26330.6330925204,"project()"
1428.8,26330.6330892291,"project()"
1429,26330.6330859387,"project()"
1429.2,26330.6330826492,"project()"
1429.4,26330.6330793605,"project()"
1429.6,26330.6330760726,"project()"
1429.8,26330.6330727855,"project()"
1430,26330.6330694993,"project()"
1430.2,26330.633066214,"project()"
1430.4,26330.6330629295,"project()"
1430.6,26330.6330596458,"project()"
1430.8,26330.633056363,"project()"
1431,26330.633053081,"project()"
1431.2,26330.6330497998,"project()"
1431.4,26330.6330465195,"project()"
1431.6,26330.63304324,"project()"
1431.8,26330.6330399614,"project()"
1432,26330.6330366836,"project()"
1432.2,26330.6330334066,"project()"
1432.4,26330.6330301305,"project()"
1432.6,26330.6330268552,"project()"
1432.8,26330.6330235807,"project()"
1433,26330.6330203071,"project()"
1433.2,26330.6330170343,"project()"
1433.4,26330.6330137624,"project()"
1433.6,26330.6330104913,"project()"
1433.8,26330.633007221,"project()"
1434,26330.6330039515,"project()"
1434.2,26330.6330006829,"project()"
1434.4,26330.6329974152,"project()"
1434.6,26330.6329941482,"project()"
1434.8,26330.6329908821,"project()"
1435,26330.6329876169,"project()"
1435.2,26330.6329843524,"project()"
1435.4,26330.6329810888,"project()"
1435.6,26330.6329778261,"project()"
1435.8,26330.6329745641,"project()"
1436,26330.632971303,"project()"
1436.2,26330.6329680428,"project()"
1436.4,26330.6329647833,"project()"
1436.6,26330.6329615247,"project()"
1436.8,26330.6329582669,"project()"
1437,26330.63295501,"project()"
1437.2,26330.6329517539,"project()"
1437.4,26330.6329484986,"project()"
1437.6,26330.6329452441,"project()"
1437.8,26330.6329419905,"project()"
1438,26330.6329387377,"project()"
1438.2,26330.6329354858,"project()"
1438.4,26330.6329322346,"project()"
1438.6,26330.6329289843,"project()"
1438.8,26330.6329257348,"project()"
1439,26330.6329224862,"project()"
1439.2,26330.6329192384,"project()"
1439.4,26330.6329159914,"project()"
1439.6,26330.6329127452,"project()"
1439.8,26330.6329094998,"project()"
1440,26330.6329062553,"project()"
1440.2,26330.6329030116,"project()"
1440.4,26330.6328997688,"project()"
1440.6,26330.6328965267,"project()"
1440.8,26330.6328932855,"project()"
1441,26330.6328900451,"project()"
1441.2,26330.6328868056,"project()"
1441.4,26330.6328835668,"project()"
1441.6,26330.6328803289,"project()"
1441.8,26330.6328770918,"project()"
1442,26330.6328738555,"project()"
1442.2,26330.6328706201,"project()"
1442.4,26330.6328673855,"project()"
1442.6,26330.6328641517,"project()"
1442.8,26330.6328609187,"project()"
1443,26330.6328576865,"project()"
1443.2,26330.6328544552,"project()"
1443.4,26330.6328512247,"project()"
1443.6,26330.632847995,"project()"
1443.8,26330.6328447662,"project()"
1444,26330.6328415381,"project()"
1444.2,26330.6328383109,"project()"
1444.4,26330.6328350845,"project()"
1444.6,26330.6328318589,"project()"
1444.8,26330.6328286341,"project()"
1445,26330.6328254102,"project()"
1445.2,26330.6328221871,"project()"
1445.4,26330.6328189648,"project()"
1445.6,26330.6328157433,"project()"
1445.8,26330.6328125226,"project()"
1446,26330.6328093028,"project()"
1446.2,26330.6328060838,"project()"
1446.4,26330.6328028656,"project()"
1446.6,26330.6327996482,"project()"
1446.8,26330.6327964316,"project()"
1447,26330.6327932159,"project()"
1447.2,26330.6327900009,"project()"
1447.4,26330.6327867868,"project()"
1447.6,26330.6327835735,"project()"
1447.8,26330.6327803611,"project()"
1448,26330.6327771494,"project()"
1448.2,26330.6327739386,"project()"
1448.4,26330.6327707285,"project()"
1448.6,26330.6327675193,"project()"
1448.8,26330.6327643109,"project()"
1449,26330.6327611034,"project()"
1449.2,26330.6327578966,"project()"
1449.4,26330.6327546906,"project()"
1449.6,26330.6327514855,"project()"
1449.8,26330.6327482812,"project()"
1450,26330.6327450776,"project()"
1450.2,26330.6327418749,"project()"
1450.4,26330.632738673,"project()"
1450.6,26330.632735472,"project()"
1450.8,26330.6327322717,"project()"
1451,26330.6327290722,"project()"
1451.2,26330.6327258736,"project()"
1451.4,26330.6327226758,"project()"
1451.6,26330.6327194787,"project()"
1451.8,26330.6327162825,"project()"
1452,26330.6327130871,"project()"
1452.2,26330.6327098925,"project()"
1452.4,26330.6327066987,"project()"
1452.6,26330.6327035058,"project()"
1452.8,26330.6327003136,"project()"
1453,26330.6326971223,"project()"
1453.2,26330.6326939318,"project()"
1453.4,26330.632690742,"project()"
1453.6,26330.6326875531,"project()"
1453.8,26330.632684365,"project()"
1454,26330.6326811777,"project()"
1454.2,26330.6326779912,"project()"
1454.4,26330.6326748055,"project()"
1454.6,26330.6326716206,"project()"
1454.8,26330.6326684366,"project()"
1455,26330.6326652533,"project()"
1455.2,26330.6326620708,"project()"
1455.4,26330.6326588892,"project()"
1455.6,26330.6326557083,"project()"
1455.8,26330.6326525283,"project()"
1456,26330.6326493491,"project()"
1456.2,26330.6326461706,"project()"
1456.4,26330.632642993,"project()"
1456.6,26330.6326398162,"project()"
1456.8,26330.6326366402,"project()"
1457,26330.6326334649,"project()"
1457.2,26330.6326302905,"project()"
1457.4,26330.6326271169,"project()"
1457.6,26330.6326239441,"project()"
1457.8,26330.6326207721,"project()"
1458,26330.6326176009,"project()"
1458.2,26330.6326144305,"project()"
1458.4,26330.6326112609,"project()"
1458.6,26330.6326080921,"project()"
1458.8,26330.6326049241,"project()"
1459,26330.6326017569,"project()"
1459.2,26330.6325985906,"project()"
1459.4,26330.632595425,"project()"
1459.6,26330.6325922602,"project()"
1459.8,26330.6325890962,"project()"
1460,26330.632585933,"project()"
1460.2,26330.6325827706,"project()"
1460.4,26330.6325796091,"project()"
1460.6,26330.6325764483,"project()"
1460.8,26330.6325732883,"project()"
1461,26330.6325701291,"project()"
1461.2,26330.6325669707,"project()"
1461.4,26330.6325638131,"project()"
1461.6,26330.6325606563,"project()"
1461.8,26330.6325575003,"project()"
1462,26330.6325543451,"project()"
1462.2,26330.6325511907,"project()"
1462.4,26330.6325480371,"project()"
1462.6,26330.6325448843,"project()"
1462.8,26330.6325417322,"project()"
1463,26330.632538581,"project()"
1463.2,26330.6325354306,"project()"
1463.4,26330.632532281,"project()"
1463.6,26330.6325291321,"project()"
1463.8,26330.6325259841,"project()"
1464,26330.6325228369,"project()"
1464.2,26330.6325196904,"project()"
1464.4,26330.6325165448,"project()"
1464.6,26330.6325133999,"project()"
1464.8,26330.6325102559,"project()"
1465,26330.6325071126,"project()"
1465.2,26330.6325039701,"project()"
1465.4,26330.6325008284,"project()"
1465.6,26330.6324976875,"project()"
1465.8,26330.6324945474,"project()"
1466,26330.6324914081,"project()"
1466.2,26330.6324882696,"project()"
1466.4,26330.6324851319,"project()"
1466.6,26330.632481995,"project()"
1466.8,26330.6324788588,"project()"
1467,26330.6324757235,"project()"
1467.2,26330.6324725889,"project()"
1467.4,26330.6324694552,"project()"
1467.6,26330.6324663222,"project()"
1467.8,26330.63246319,"project()"
1468,26330.6324600586,"project()"
1468.2,26330.632456928,"project()"
1468.4,26330.6324537982,"project()"
1468.6,26330.6324506692,"project()"
1468.8,26330.632447541,"project()"
1469,26330.6324444135,"project()"
1469.2,26330.6324412869,"project()"
1469.4,26330.632438161,"project()"
1469.6,26330.6324350359,"project()"
1469.8,26330.6324319116,"project()"
1470,26330.6324287881,"project()"
1470.2,26330.6324256654,"project()"
1470.4,26330.6324225434,"project()"
1470.6,26330.6324194223,"project()"
1470.8,26330.6324163019,"project()"
1471,26330.6324131823,"project()"
1471.2,26330.6324100635,"project()"
1471.4,26330.6324069455,"project()"
1471.6,26330.6324038283,"project()"
1471.8,26330.6324007119,"project()"
1472,26330.6323975962,"project()"
1472.2,26330.6323944814,"project()"
1472.4,26330.6323913673,"project()"
1472.6,26330.632388254,"project()"
1472.8,26330.6323851415,"project()"
1473,26330.6323820297,"project()"
1473.2,26330.6323789188,"project()"
1473.4,26330.6323758086,"project()"
1473.6,26330.6323726992,"project()"
1473.8,26330.6323695906,"project()"
1474,26330.6323664828,"project()"
1474.2,26330.6323633758,"project()"
1474.4,26330.6323602695,"project()"
1474.6,26330.6323571641,"project()"
1474.8,26330.6323540594,"project()"
1475,26330.6323509555,"project()"
1475.2,26330.6323478523,"project()"
1475.4,26330.63234475,"project()"
1475.6,26330.6323416484,"project()"
1475.8,26330.6323385476,"project()"
1476,26330.6323354476,"project()"
1476.2,26330.6323323484,"project()"
1476.4,26330.6323292499,"project()"
1476.6,26330.6323261522,"project()"
1476.8,26330.6323230554,"project()"
1477,26330.6323199592,"project()"
1477.2,26330.6323168639,"project()"
1477.4,26330.6323137693,"project()"
1477.6,26330.6323106756,"project()"
1477.8,26330.6323075825,"project()"
1478,26330.6323044903,"project()"
1478.2,26330.6323013989,"project()"
1478.4,26330.6322983082,"project()"
1478.6,26330.6322952183,"project()"
1478.8,26330.6322921291,"project()"
1479,26330.6322890408,"project()"
1479.2,26330.6322859532,"project()"
1479.4,26330.6322828664,"project()"
1479.6,26330.6322797804,"project()"
1479.8,26330.6322766952,"project()"
1480,26330.6322736107,"project()"
1480.2,26330.632270527,"project()"
1480.4,26330.6322674441,"project()"
1480.6,26330.6322643619,"project()"
1480.8,26330.6322612805,"project()"
1481,26330.6322581999,"project()"
1481.2,26330.6322551201,"project()"
1481.4,26330.632252041,"project()"
1481.6,26330.6322489627,"project()"
1481.8,26330.6322458852,"project()"
1482,26330.6322428084,"project()"
1482.2,26330.6322397325,"project()"
1482.4,26330.6322366573,"project()"
1482.6,26330.6322335829,"project()"
1482.8,26330.6322305092,"project()"
1483,26330.6322274363,"project()"
1483.2,26330.6322243642,"project()"
1483.4,26330.6322212929,"project()"
1483.6,26330.6322182223,"project()"
1483.8,26330.6322151525,"project()"
1484,26330.6322120834,"project()"
1484.2,26330.6322090152,"project()"
1484.4,26330.6322059477,"project()"
1484.6,26330.6322028809,"project()"
1484.8,26330.632199815,"project()"
1485,26330.6321967498,"project()"
1485.2,26330.6321936853,"project()"
1485.4,26330.6321906217,"project()"
1485.6,26330.6321875588,"project()"
1485.8,26330.6321844967,"project()"
1486,26330.6321814353,"project()"
1486.2,26330.6321783747,"project()"
1486.4,26330.6321753149,"project()"
1486.6,26330.6321722558,"project()"
1486.8,26330.6321691975,"project()"
1487,26330.63216614,"project()"
1487.2,26330.6321630832,"project()"
1487.4,26330.6321600272,"project()"
1487.6,26330.632156972,"project()"
1487.8,26330.6321539176,"project()"
1488,26330.6321508639,"project()"
1488.2,26330.632147811,"project()"
1488.4,26330.6321447588,"project()"
1488.6,26330.6321417074,"project()"
1488.8,26330.6321386568,"project()"
1489,26330.6321356069,"project()"
1489.2,26330.6321325578,"project()"
1489.4,26330.6321295094,"project()"
1489.6,26330.6321264619,"project()"
1489.8,26330.632123415,"project()"
1490,26330.632120369,"project()"
1490.2,26330.6321173237,"project()"
1490.4,26330.6321142791,"project()"
1490.6,26330.6321112353,"project()"
1490.8,26330.6321081923,"project()"
1491,26330.63210515,"project()"
1491.2,26330.6321021085,"project()"
1491.4,26330.6320990678,"project()"
1491.6,26330.6320960278,"project()"
1491.8,26330.6320929886,"project()"
1492,26330.6320899501,"project()"
1492.2,26330.6320869124,"project()"
1492.4,26330.6320838755,"project()"
1492.6,26330.6320808393,"project()"
1492.8,26330.6320778039,"project()"
1493,26330.6320747692,"project()"
1493.2,26330.6320717353,"project()"
1493.4,26330.6320687022,"project()"
1493.6,26330.6320656698,"project()"
1493.8,26330.6320626381,"project()"
1494,26330.6320596073,"project()"
1494.2,26330.6320565771,"project()"
1494.4,26330.6320535478,"project()"
1494.6,26330.6320505192,"project()"
1494.8,26330.6320474913,"project()"
1495,26330.6320444642,"project()"
1495.2,26330.6320414379,"project()"
1495.4,26330.6320384123,"project()"
1495.6,26330.6320353875,"project()"
1495.8,26330.6320323634,"project()"
1496,26330.6320293401,"project()"
1496.2,26330.6320263175,"project()"
1496.4,26330.6320232957,"project()"
1496.6,26330.6320202746,"project()"
1496.8,26330.6320172543,"project()"
1497,26330.6320142347,"project()"
1497.2,26330.6320112159,"project()"
1497.4,26330.6320081979,"project()"
1497.6,26330.6320051806,"project()"
1497.8,26330.632002164,"project()"
1498,26330.6319991482,"project()"
1498.2,26330.6319961332,"project()"
1498.4,26330.6319931189,"project()"
1498.6,26330.6319901054,"project()"
1498.8,26330.6319870926,"project()"
1499,26330.6319840806,"project()"
1499.2,26330.6319810693,"project()"
1499.4,26330.6319780588,"project()"
1499.6,26330.631975049,"project()"
1499.8,26330.6319720399,"project()"
1500,26330.6319690317,"project()"
1500.2,26330.6319660241,"project()"
1500.4,26330.6319630173,"project()"
1500.6,26330.6319600113,"project()"
1500.8,26330.631957006,"project()"
1501,26330.6319540015,"project()"
1501.2,26330.6319509977,"project()"
1501.4,26330.6319479947,"project()"
1501.6,26330.6319449924,"project()"
1501.8,26330.6319419908,"project()"
1502,26330.63193899,"project()"
1502.2,26330.63193599,"project()"
1502.4,26330.6319329907,"project()"
1502.6,26330.6319299922,"project()"
1502.8,26330.6319269944,"project()"
1503,26330.6319239973,"project()"
1503.2,26330.631921001,"project()"
1503.4,26330.6319180054,"project()"
1503.6,26330.6319150106,"project()"
1503.8,26330.6319120165,"project()"
1504,26330.6319090232,"project()"
1504.2,26330.6319060306,"project()"
1504.4,26330.6319030388,"project()"
1504.6,26330.6319000477,"project()"
1504.8,26330.6318970573,"project()"
1505,26330.6318940677,"project()"
1505.2,26330.6318910788,"project()"
1505.4,26330.6318880907,"project()"
1505.6,26330.6318851033,"project()"
1505.8,26330.6318821167,"project()"
1506,26330.6318791308,"project()"
1506.2,26330.6318761456,"project()"
1506.4,26330.6318731612,"project()"
1506.6,26330.6318701776,"project()"
1506.8,26330.6318671946,"project()"
1507,26330.6318642125,"project()"
1507.2,26330.631861231,"project()"
1507.4,26330.6318582503,"project()"
1507.6,26330.6318552703,"project()"
1507.8,26330.6318522911,"project()"
1508,26330.6318493126,"project()"
1508.2,26330.6318463349,"project()"
1508.4,26330.6318433579,"project()"
1508.6,26330.6318403817,"project()"
1508.8,26330.6318374061,"project()"
1509,26330.6318344314,"project()"
1509.2,26330.6318314573,"project()"
1509.4,26330.631828484,"project()"
1509.6,26330.6318255114,"project()"
1509.8,26330.6318225396,"project()"
1510,26330.6318195685,"project()"
1510.2,26330.6318165982,"project()"
1510.4,26330.6318136286,"project()"
1510.6,26330.6318106597,"project()"
1510.8,26330.6318076916,"project()"
1511,26330.6318047242,"project()"
1511.2,26330.6318017575,"project()"
1511.4,26330.6317987916,"project()"
1511.6,26330.6317958264,"project()"
1511.8,26330.631792862,"project()"
1512,26330.6317898982,"project()"
1512.2,26330.6317869352,"project()"
1512.4,26330.631783973,"project()"
1512.6,26330.6317810115,"project()"
1512.8,26330.6317780507,"project()"
1513,26330.6317750906,"project()"
1513.2,26330.6317721313,"project()"
1513.4,26330.6317691727,"project()"
1513.6,26330.6317662148,"project()"
1513.8,26330.6317632577,"project()"
1514,26330.6317603013,"project()"
1514.2,26330.6317573457,"project()"
1514.4,26330.6317543907,"project()"
1514.6,26330.6317514365,"project()"
1514.8,26330.6317484831,"project()"
1515,26330.6317455303,"project()"
1515.2,26330.6317425783,"project()"
1515.4,26330.6317396271,"project()"
1515.6,26330.6317366765,"project()"
1515.8,26330.6317337267,"project()"
1516,26330.6317307776,"project()"
1516.2,26330.6317278293,"project()"
1516.4,26330.6317248817,"project()"
1516.6,26330.6317219348,"project()"
1516.8,26330.6317189886,"project()"
1517,26330.6317160432,"project()"
1517.2,26330.6317130985,"project()"
1517.4,26330.6317101545,"project()"
1517.6,26330.6317072113,"project()"
1517.8,26330.6317042688,"project()"
1518,26330.631701327,"project()"
1518.2,26330.6316983859,"project()"
1518.4,26330.6316954456,"project()"
1518.6,26330.631692506,"project()"
1518.8,26330.6316895671,"project()"
1519,26330.631686629,"project()"
1519.2,26330.6316836916,"project()"
1519.4,26330.6316807549,"project()"
1519.6,26330.6316778189,"project()"
1519.8,26330.6316748837,"project()"
1520,26330.6316719492,"project()"
1520.2,26330.6316690154,"project()"
1520.4,26330.6316660824,"project()"
1520.6,26330.63166315,"project()"
1520.8,26330.6316602184,"project()"
1521,26330.6316572876,"project()"
1521.2,26330.6316543574,"project()"
1521.4,26330.631651428,"project()"
1521.6,26330.6316484993,"project()"
1521.8,26330.6316455713,"project()"
1522,26330.631642644,"project()"
1522.2,26330.6316397175,"project()"
1522.4,26330.6316367917,"project()"
1522.6,26330.6316338666,"project()"
1522.8,26330.6316309422,"project()"
1523,26330.6316280186,"project()"
1523.2,26330.6316250957,"project()"
1523.4,26330.6316221735,"project()"
1523.6,26330.631619252,"project()"
1523.8,26330.6316163313,"project()"
1524,26330.6316134112,"project()"
1524.2,26330.6316104919,"project()"
1524.4,26330.6316075733,"project()"
1524.6,26330.6316046554,"project()"
1524.8,26330.6316017383,"project()"
1525,26330.6315988218,"project()"
1525.2,26330.6315959061,"project()"
1525.4,26330.6315929911,"project()"
1525.6,26330.6315900769,"project()"
1525.8,26330.6315871633,"project()"
1526,26330.6315842505,"project()"
1526.2,26330.6315813384,"project()"
1526.4,26330.631578427,"project()"
1526.6,26330.6315755163,"project()"
1526.8,26330.6315726063,"project()"
1527,26330.6315696971,"project()"
1527.2,26330.6315667886,"project()"
1527.4,26330.6315638808,"project()"
1527.6,26330.6315609737,"project()"
1527.8,26330.6315580673,"project()"
1528,26330.6315551617,"project()"
1528.2,26330.6315522567,"project()"
1528.4,26330.6315493525,"project()"
1528.6,26330.631546449,"project()"
1528.8,26330.6315435462,"project()"
1529,26330.6315406442,"project()"
1529.2,26330.6315377428,"project()"
1529.4,26330.6315348422,"project()"
1529.6,26330.6315319422,"project()"
1529.8,26330.631529043,"project()"
1530,26330.6315261445,"project()"
1530.2,26330.6315232467,"project()"
1530.4,26330.6315203497,"project()"
1530.6,26330.6315174533,"project()"
1530.8,26330.6315145577,"project()"
1531,26330.6315116627,"project()"
1531.2,26330.6315087685,"project()"
1531.4,26330.631505875,"project()"
1531.6,26330.6315029822,"project()"
1531.8,26330.6315000901,"project()"
1532,26330.6314971988,"project()"
1532.2,26330.6314943081,"project()"
1532.4,26330.6314914182,"project()"
1532.6,26330.6314885289,"project()"
1532.8,26330.6314856404,"project()"
1533,26330.6314827526,"project()"
1533.2,26330.6314798655,"project()"
1533.4,26330.6314769791,"project()"
1533.6,26330.6314740935,"project()"
1533.8,26330.6314712085,"project()"
1534,26330.6314683242,"project()"
1534.2,26330.6314654407,"project()"
1534.4,26330.6314625579,"project()"
1534.6,26330.6314596757,"project()"
1534.8,26330.6314567943,"project()"
1535,26330.6314539136,"project()"
1535.2,26330.6314510336,"project()"
1535.4,26330.6314481543,"project()"
1535.6,26330.6314452757,"project()"
1535.8,26330.6314423978,"project()"
1536,26330.6314395206,"project()"
1536.2,26330.6314366442,"project()"
1536.4,26330.6314337684,"project()"
1536.6,26330.6314308934,"project()"
1536.8,26330.631428019,"project()"
1537,26330.6314251454,"project()"
1537.2,26330.6314222725,"project()"
1537.4,26330.6314194003,"project()"
1537.6,26330.6314165288,"project()"
1537.8,26330.6314136579,"project()"
1538,26330.6314107878,"project()"
1538.2,26330.6314079185,"project()"
1538.4,26330.6314050498,"project()"
1538.6,26330.6314021818,"project()"
1538.8,26330.6313993145,"project()"
1539,26330.6313964479,"project()"
1539.2,26330.6313935821,"project()"
1539.4,26330.6313907169,"project()"
1539.6,26330.6313878524,"project()"
1539.8,26330.6313849887,"project()"
1540,26330.6313821256,"project()"
1540.2,26330.6313792633,"project()"
1540.4,26330.6313764016,"project()"
1540.6,26330.6313735407,"project()"
1540.8,26330.6313706804,"project()"
1541,26330.6313678209,"project()"
1541.2,26330.631364962,"project()"
1541.4,26330.6313621039,"project()"
1541.6,26330.6313592464,"project()"
1541.8,26330.6313563897,"project()"
1542,26330.6313535336,"project()"
1542.2,26330.6313506783,"project()"
1542.4,26330.6313478236,"project()"
1542.6,26330.6313449697,"project()"
1542.8,26330.6313421164,"project()"
1543,26330.6313392639,"project()"
1543.2,26330.631336412,"project()"
1543.4,26330.6313335609,"project()"
1543.6,26330.6313307104,"project()"
1543.8,26330.6313278607,"project()"
1544,26330.6313250116,"project()"
1544.2,26330.6313221632,"project()"
1544.4,26330.6313193156,"project()"
1544.6,26330.6313164686,"project()"
1544.8,26330.6313136224,"project()"
1545,26330.6313107768,"project()"
1545.2,26330.6313079319,"project()"
1545.4,26330.6313050877,"project()"
1545.6,26330.6313022443,"project()"
1545.8,26330.6312994015,"project()"
1546,26330.6312965594,"project()"
1546.2,26330.631293718,"project()"
1546.4,26330.6312908773,"project()"
1546.6,26330.6312880373,"project()"
1546.8,26330.631285198,"project()"
1547,26330.6312823594,"project()"
1547.2,26330.6312795215,"project()"
1547.4,26330.6312766843,"project()"
1547.6,26330.6312738478,"project()"
1547.8,26330.631271012,"project()"
1548,26330.6312681769,"project()"
1548.2,26330.6312653424,"project()"
1548.4,26330.6312625087,"project()"
1548.6,26330.6312596757,"project()"
1548.8,26330.6312568433,"project()"
1549,26330.6312540117,"project()"
1549.2,26330.6312511807,"project()"
1549.4,26330.6312483505,"project()"
1549.6,26330.6312455209,"project()"
1549.8,26330.631242692,"project()"
1550,26330.6312398638,"project()"
1550.2,26330.6312370363,"project()"
1550.4,26330.6312342095,"project()"
1550.6,26330.6312313834,"project()"
1550.8,26330.6312285579,"project()"
1551,26330.6312257332,"project()"
1551.2,26330.6312229091,"project()"
1551.4,26330.6312200858,"project()"
1551.6,26330.6312172631,"project()"
1551.8,26330.6312144411,"project()"
1552,26330.6312116198,"project()"
1552.2,26330.6312087992,"project()"
1552.4,26330.6312059793,"project()"
1552.6,26330.6312031601,"project()"
1552.8,26330.6312003415,"project()"
1553,26330.6311975237,"project()"
1553.2,26330.6311947065,"project()"
1553.4,26330.63119189,"project()"
1553.6,26330.6311890742,"project()"
1553.8,26330.6311862591,"project()"
1554,26330.6311834447,"project()"
1554.2,26330.631180631,"project()"
1554.4,26330.631177818,"project()"
1554.6,26330.6311750056,"project()"
1554.8,26330.6311721939,"project()"
1555,26330.631169383,"project()"
1555.2,26330.6311665727,"project()"
1555.4,26330.6311637631,"project()"
1555.6,26330.6311609542,"project()"
1555.8,26330.6311581459,"project()"
1556,26330.6311553384,"project()"
1556.2,26330.6311525315,"project()"
1556.4,26330.6311497253,"project()"
1556.6,26330.6311469198,"project()"
1556.8,26330.631144115,"project()"
1557,26330.6311413109,"project()"
1557.2,26330.6311385074,"project()"
1557.4,26330.6311357047,"project()"
1557.6,26330.6311329026,"project()"
1557.8,26330.6311301012,"project()"
1558,26330.6311273005,"project()"
1558.2,26330.6311245004,"project()"
1558.4,26330.6311217011,"project()"
1558.6,26330.6311189024,"project()"
1558.8,26330.6311161044,"project()"
1559,26330.6311133071,"project()"
1559.2,26330.6311105105,"project()"
1559.4,26330.6311077145,"project()"
1559.6,26330.6311049193,"project()"
1559.8,26330.6311021247,"project()"
1560,26330.6310993308,"project()"
1560.2,26330.6310965376,"project()"
1560.4,26330.6310937451,"project()"
1560.6,26330.6310909532,"project()"
1560.8,26330.631088162,"project()"
1561,26330.6310853715,"project()"
1561.2,26330.6310825817,"project()"
1561.4,26330.6310797926,"project()"
1561.6,26330.6310770041,"project()"
1561.8,26330.6310742164,"project()"
1562,26330.6310714293,"project()"
1562.2,26330.6310686429,"project()"
1562.4,26330.6310658571,"project()"
1562.6,26330.6310630721,"project()"
1562.8,26330.6310602877,"project()"
1563,26330.631057504,"project()"
1563.2,26330.631054721,"project()"
1563.4,26330.6310519386,"project()"
1563.6,26330.631049157,"project()"
1563.8,26330.631046376,"project()"
1564,26330.6310435957,"project()"
1564.2,26330.631040816,"project()"
1564.4,26330.6310380371,"project()"
1564.6,26330.6310352588,"project()"
1564.8,26330.6310324812,"project()"
1565,26330.6310297043,"project()"
1565.2,26330.631026928,"project()"
1565.4,26330.6310241524,"project()"
1565.6,26330.6310213775,"project()"
1565.8,26330.6310186033,"project()"
1566,26330.6310158297,"project()"
1566.2,26330.6310130569,"project()"
1566.4,26330.6310102847,"project()"
1566.6,26330.6310075131,"project()"
1566.8,26330.6310047423,"project()"
1567,26330.6310019721,"project()"
1567.2,26330.6309992026,"project()"
1567.4,26330.6309964337,"project()"
1567.6,26330.6309936656,"project()"
1567.8,26330.6309908981,"project()"
1568,26330.6309881312,"project()"
1568.2,26330.6309853651,"project()"
1568.4,26330.6309825996,"project()"
1568.6,26330.6309798348,"project()"
1568.8,26330.6309770707,"project()"
1569,26330.6309743072,"project()"
1569.2,26330.6309715445,"project()"
1569.4,26330.6309687823,"project()"
1569.6,26330.6309660209,"project()"
1569.8,26330.6309632601,"project()"
1570,26330.6309605,"project()"
1570.2,26330.6309577406,"project()"
1570.4,26330.6309549818,"project()"
1570.6,26330.6309522237,"project()"
1570.8,26330.6309494663,"project()"
1571,26330.6309467095,"project()"
1571.2,26330.6309439534,"project()"
1571.4,26330.630941198,"project()"
1571.6,26330.6309384432,"project()"
1571.8,26330.6309356892,"project()"
1572,26330.6309329357,"project()"
1572.2,26330.630930183,"project()"
1572.4,26330.6309274309,"project()"
1572.6,26330.6309246795,"project()"
1572.8,26330.6309219287,"project()"
1573,26330.6309191786,"project()"
1573.2,26330.6309164292,"project()"
1573.4,26330.6309136805,"project()"
1573.6,26330.6309109324,"project()"
1573.8,26330.6309081849,"project()"
1574,26330.6309054382,"project()"
1574.2,26330.6309026921,"project()"
1574.4,26330.6308999467,"project()"
1574.6,26330.6308972019,"project()"
1574.8,26330.6308944578,"project()"
1575,26330.6308917144,"project()"
1575.2,26330.6308889716,"project()"
1575.4,26330.6308862295,"project()"
1575.6,26330.6308834881,"project()"
1575.8,26330.6308807473,"project()"
1576,26330.6308780072,"project()"
1576.2,26330.6308752678,"project()"
1576.4,26330.630872529,"project()"
1576.6,26330.6308697909,"project()"
1576.8,26330.6308670535,"project()"
1577,26330.6308643167,"project()"
1577.2,26330.6308615806,"project()"
1577.4,26330.6308588451,"project()"
1577.6,26330.6308561103,"project()"
1577.8,26330.6308533762,"project()"
1578,26330.6308506427,"project()"
1578.2,26330.6308479099,"project()"
1578.4,26330.6308451777,"project()"
1578.6,26330.6308424462,"project()"
1578.8,26330.6308397154,"project()"
1579,26330.6308369852,"project()"
1579.2,26330.6308342557,"project()"
1579.4,26330.6308315269,"project()"
1579.6,26330.6308287987,"project()"
1579.8,26330.6308260712,"project()"
1580,26330.6308233443,"project()"
1580.2,26330.6308206181,"project()"
1580.4,26330.6308178926,"project()"
1580.6,26330.6308151677,"project()"
1580.8,26330.6308124434,"project()"
1581,26330.6308097199,"project()"
1581.2,26330.630806997,"project()"
1581.4,26330.6308042747,"project()"
1581.6,26330.6308015531,"project()"
1581.8,26330.6307988322,"project()"
1582,26330.6307961119,"project()"
1582.2,26330.6307933923,"project()"
1582.4,26330.6307906733,"project()"
1582.6,26330.630787955,"project()"
1582.8,26330.6307852374,"project()"
1583,26330.6307825204,"project()"
1583.2,26330.630779804,"project()"
1583.4,26330.6307770884,"project()"
1583.6,26330.6307743733,"project()"
1583.8,26330.630771659,"project()"
1584,26330.6307689452,"project()"
1584.2,26330.6307662322,"project()"
1584.4,26330.6307635198,"project()"
1584.6,26330.630760808,"project()"
1584.8,26330.6307580969,"project()"
1585,26330.6307553865,"project()"
1585.2,26330.6307526767,"project()"
1585.4,26330.6307499675,"project()"
1585.6,26330.630747259,"project()"
1585.8,26330.6307445512,"project()"
1586,26330.630741844,"project()"
1586.2,26330.6307391375,"project()"
1586.4,26330.6307364316,"project()"
1586.6,26330.6307337264,"project()"
1586.8,26330.6307310219,"project()"
1587,26330.630728318,"project()"
1587.2,26330.6307256147,"project()"
1587.4,26330.6307229121,"project()"
1587.6,26330.6307202102,"project()"
1587.8,26330.6307175089,"project()"
1588,26330.6307148083,"project()"
1588.2,26330.6307121083,"project()"
1588.4,26330.6307094089,"project()"
1588.6,26330.6307067102,"project()"
1588.8,26330.6307040122,"project()"
1589,26330.6307013148,"project()"
1589.2,26330.6306986181,"project()"
1589.4,26330.630695922,"project()"
1589.6,26330.6306932265,"project()"
1589.8,26330.6306905317,"project()"
1590,26330.6306878376,"project()"
1590.2,26330.6306851441,"project()"
1590.4,26330.6306824512,"project()"
1590.6,26330.630679759,"project()"
1590.8,26330.6306770675,"project()"
1591,26330.6306743766,"project()"
1591.2,26330.6306716863,"project()"
1591.4,26330.6306689967,"project()"
1591.6,26330.6306663078,"project()"
1591.8,26330.6306636194,"project()"
1592,26330.6306609318,"project()"
1592.2,26330.6306582448,"project()"
1592.4,26330.6306555584,"project()"
1592.6,26330.6306528727,"project()"
1592.8,26330.6306501876,"project()"
1593,26330.6306475032,"project()"
1593.2,26330.6306448194,"project()"
1593.4,26330.6306421363,"project()"
1593.6,26330.6306394538,"project()"
1593.8,26330.630636772,"project()"
1594,26330.6306340908,"project()"
1594.2,26330.6306314102,"project()"
1594.4,26330.6306287303,"project()"
1594.6,26330.6306260511,"project()"
1594.8,26330.6306233725,"project()"
1595,26330.6306206945,"project()"
1595.2,26330.6306180172,"project()"
1595.4,26330.6306153405,"project()"
1595.6,26330.6306126644,"project()"
1595.8,26330.630609989,"project()"
1596,26330.6306073143,"project()"
1596.2,26330.6306046402,"project()"
1596.4,26330.6306019667,"project()"
1596.6,26330.6305992939,"project()"
1596.8,26330.6305966217,"project()"
1597,26330.6305939501,"project()"
1597.2,26330.6305912792,"project()"
1597.4,26330.6305886089,"project()"
1597.6,26330.6305859393,"project()"
1597.8,26330.6305832703,"project()"
1598,26330.630580602,"project()"
1598.2,26330.6305779343,"project()"
1598.4,26330.6305752672,"project()"
1598.6,26330.6305726008,"project()"
1598.8,26330.630569935,"project()"
1599,26330.6305672699,"project()"
1599.2,26330.6305646054,"project()"
1599.4,26330.6305619415,"project()"
1599.6,26330.6305592783,"project()"
1599.8,26330.6305566157,"project()"
1600,26330.6305539538,"project()"
1600.2,26330.6305512925,"project()"
1600.4,26330.6305486318,"project()"
1600.6,26330.6305459718,"project()"
1600.8,26330.6305433124,"project()"
1601,26330.6305406536,"project()"
1601.2,26330.6305379955,"project()"
1601.4,26330.630535338,"project()"
1601.6,26330.6305326812,"project()"
1601.8,26330.630530025,"project()"
1602,26330.6305273694,"project()"
1602.2,26330.6305247145,"project()"
1602.4,26330.6305220602,"project()"
1602.6,26330.6305194066,"project()"
1602.8,26330.6305167536,"project()"
1603,26330.6305141012,"project()"
1603.2,26330.6305114494,"project()"
1603.4,26330.6305087983,"project()"
1603.6,26330.6305061479,"project()"
1603.8,26330.6305034981,"project()"
1604,26330.6305008489,"project()"
1604.2,26330.6304982003,"project()"
1604.4,26330.6304955524,"project()"
1604.6,26330.6304929051,"project()"
1604.8,26330.6304902584,"project()"
1605,26330.6304876124,"project()"
1605.2,26330.630484967,"project()"
1605.4,26330.6304823222,"project()"
1605.6,26330.6304796781,"project()"
1605.8,26330.6304770346,"project()"
1606,26330.6304743917,"project()"
1606.2,26330.6304717495,"project()"
1606.4,26330.6304691079,"project()"
1606.6,26330.630466467,"project()"
1606.8,26330.6304638266,"project()"
1607,26330.6304611869,"project()"
1607.2,26330.6304585479,"project()"
1607.4,26330.6304559095,"project()"
1607.6,26330.6304532717,"project()"
1607.8,26330.6304506345,"project()"
1608,26330.630447998,"project()"
1608.2,26330.6304453621,"project()"
1608.4,26330.6304427268,"project()"
1608.6,26330.6304400922,"project()"
1608.8,26330.6304374582,"project()"
1609,26330.6304348248,"project()"
1609.2,26330.6304321921,"project()"
1609.4,26330.63042956,"project()"
1609.6,26330.6304269285,"project()"
1609.8,26330.6304242976,"project()"
1610,26330.6304216674,"project()"
1610.2,26330.6304190378,"project()"
1610.4,26330.6304164088,"project()"
1610.6,26330.6304137805,"project()"
1610.8,26330.6304111527,"project()"
1611,26330.6304085256,"project()"
1611.2,26330.6304058992,"project()"
1611.4,26330.6304032734,"project()"
1611.6,26330.6304006482,"project()"
1611.8,26330.6303980236,"project()"
1612,26330.6303953996,"project()"
1612.2,26330.6303927763,"project()"
1612.4,26330.6303901536,"project()"
1612.6,26330.6303875316,"project()"
1612.8,26330.6303849101,"project()"
1613,26330.6303822893,"project()"
1613.2,26330.6303796692,"project()"
1613.4,26330.6303770496,"project()"
1613.6,26330.6303744307,"project()"
1613.8,26330.6303718124,"project()"
1614,26330.6303691947,"project()"
1614.2,26330.6303665776,"project()"
1614.4,26330.6303639612,"project()"
1614.6,26330.6303613454,"project()"
1614.8,26330.6303587302,"project()"
1615,26330.6303561157,"project()"
1615.2,26330.6303535017,"project()"
1615.4,26330.6303508884,"project()"
1615.6,26330.6303482757,"project()"
1615.8,26330.6303456636,"project()"
1616,26330.6303430522,"project()"
1616.2,26330.6303404414,"project()"
1616.4,26330.6303378312,"project()"
1616.6,26330.6303352216,"project()"
1616.8,26330.6303326127,"project()"
1617,26330.6303300044,"project()"
1617.2,26330.6303273967,"project()"
1617.4,26330.6303247896,"project()"
1617.6,26330.6303221831,"project()"
1617.8,26330.6303195773,"project()"
1618,26330.6303169721,"project()"
1618.2,26330.6303143675,"project()"
1618.4,26330.6303117635,"project()"
1618.6,26330.6303091602,"project()"
1618.8,26330.6303065574,"project()"
1619,26330.6303039553,"project()"
1619.2,26330.6303013538,"project()"
1619.4,26330.6302987529,"project()"
1619.6,26330.6302961527,"project()"
1619.8,26330.630293553,"project()"
1620,26330.630290954,"project()"
1620.2,26330.6302883556,"project()"
1620.4,26330.6302857578,"project()"
1620.6,26330.6302831607,"project()"
1620.8,26330.6302805641,"project()"
1621,26330.6302779682,"project()"
1621.2,26330.6302753729,"project()"
1621.4,26330.6302727782,"project()"
1621.6,26330.6302701841,"project()"
1621.8,26330.6302675906,"project()"
1622,26330.6302649978,"project()"
1622.2,26330.6302624055,"project()"
1622.4,26330.6302598139,"project()"
1622.6,26330.6302572229,"project()"
1622.8,26330.6302546325,"project()"
1623,26330.6302520428,"project()"
1623.2,26330.6302494536,"project()"
1623.4,26330.6302468651,"project()"
1623.6,26330.6302442772,"project()"
1623.8,26330.6302416899,"project()"
1624,26330.6302391032,"project()"
1624.2,26330.6302365172,"project()"
1624.4,26330.6302339317,"project()"
1624.6,26330.6302313469,"project()"
1624.8,26330.6302287626,"project()"
1625,26330.630226179,"project()"
1625.2,26330.630223596,"project()"
1625.4,26330.6302210137,"project()"
1625.6,26330.6302184319,"project()"
1625.8,26330.6302158507,"project()"
1626,26330.6302132702,"project()"
1626.2,26330.6302106903,"project()"
1626.4,26330.630208111,"project()"
1626.6,26330.6302055323,"project()"
1626.8,26330.6302029542,"project()"
1627,26330.6302003767,"project()"
1627.2,26330.6301977999,"project()"
1627.4,26330.6301952237,"project()"
1627.6,26330.630192648,"project()"
1627.8,26330.630190073,"project()"
1628,26330.6301874986,"project()"
1628.2,26330.6301849248,"project()"
1628.4,26330.6301823516,"project()"
1628.6,26330.6301797791,"project()"
1628.8,26330.6301772071,"project()"
1629,26330.6301746357,"project()"
1629.2,26330.630172065,"project()"
1629.4,26330.6301694949,"project()"
1629.6,26330.6301669253,"project()"
1629.8,26330.6301643564,"project()"
1630,26330.6301617881,"project()"
1630.2,26330.6301592204,"project()"
1630.4,26330.6301566534,"project()"
1630.6,26330.6301540869,"project()"
1630.8,26330.630151521,"project()"
1631,26330.6301489558,"project()"
1631.2,26330.6301463911,"project()"
1631.4,26330.6301438271,"project()"
1631.6,26330.6301412637,"project()"
1631.8,26330.6301387008,"project()"
1632,26330.6301361386,"project()"
1632.2,26330.630133577,"project()"
1632.4,26330.630131016,"project()"
1632.6,26330.6301284557,"project()"
1632.8,26330.6301258959,"project()"
1633,26330.6301233367,"project()"
1633.2,26330.6301207781,"project()"
1633.4,26330.6301182202,"project()"
1633.6,26330.6301156628,"project()"
1633.8,26330.630113106,"project()"
1634,26330.6301105499,"project()"
1634.2,26330.6301079944,"project()"
1634.4,26330.6301054394,"project()"
1634.6,26330.6301028851,"project()"
1634.8,26330.6301003314,"project()"
1635,26330.6300977782,"project()"
1635.2,26330.6300952257,"project()"
1635.4,26330.6300926738,"project()"
1635.6,26330.6300901225,"project()"
1635.8,26330.6300875718,"project()"
1636,26330.6300850218,"project()"
1636.2,26330.6300824723,"project()"
1636.4,26330.6300799234,"project()"
1636.6,26330.6300773751,"project()"
1636.8,26330.6300748275,"project()"
1637,26330.6300722804,"project()"
1637.2,26330.6300697339,"project()"
1637.4,26330.6300671881,"project()"
1637.6,26330.6300646428,"project()"
1637.8,26330.6300620981,"project()"
1638,26330.6300595541,"project()"
1638.2,26330.6300570106,"project()"
1638.4,26330.6300544677,"project()"
1638.6,26330.6300519255,"project()"
1638.8,26330.6300493838,"project()"
1639,26330.6300468428,"project()"
1639.2,26330.6300443023,"project()"
1639.4,26330.6300417624,"project()"
1639.6,26330.6300392232,"project()"
1639.8,26330.6300366845,"project()"
1640,26330.6300341465,"project()"
1640.2,26330.630031609,"project()"
1640.4,26330.6300290722,"project()"
1640.6,26330.6300265359,"project()"
1640.8,26330.6300240003,"project()"
1641,26330.6300214652,"project()"
1641.2,26330.6300189308,"project()"
1641.4,26330.6300163969,"project()"
1641.6,26330.6300138637,"project()"
1641.8,26330.630011331,"project()"
1642,26330.6300087989,"project()"
1642.2,26330.6300062675,"project()"
1642.4,26330.6300037366,"project()"
1642.6,26330.6300012063,"project()"
1642.8,26330.6299986767,"project()"
1643,26330.6299961476,"project()"
1643.2,26330.6299936191,"project()"
1643.4,26330.6299910912,"project()"
1643.6,26330.6299885639,"project()"
1643.8,26330.6299860373,"project()"
1644,26330.6299835112,"project()"
1644.2,26330.6299809857,"project()"
1644.4,26330.6299784608,"project()"
1644.6,26330.6299759365,"project()"
1644.8,26330.6299734128,"project()"
1645,26330.6299708897,"project()"
1645.2,26330.6299683671,"project()"
1645.4,26330.6299658452,"project()"
1645.6,26330.6299633239,"project()"
1645.8,26330.6299608032,"project()"
1646,26330.6299582831,"project()"
1646.2,26330.6299557635,"project()"
1646.4,26330.6299532446,"project()"
1646.6,26330.6299507263,"project()"
1646.8,26330.6299482085,"project()"
1647,26330.6299456914,"project()"
1647.2,26330.6299431748,"project()"
1647.4,26330.6299406589,"project()"
1647.6,26330.6299381435,"project()"
1647.8,26330.6299356287,"project()"
1648,26330.6299331146,"project()"
1648.2,26330.629930601,"project()"
1648.4,26330.629928088,"project()"
1648.6,26330.6299255756,"project()"
1648.8,26330.6299230637,"project()"
1649,26330.6299205525,"project()"
1649.2,26330.6299180419,"project()"
1649.4,26330.6299155318,"project()"
1649.6,26330.6299130224,"project()"
1649.8,26330.6299105135,"project()"
1650,26330.6299080053,"project()"
1650.2,26330.6299054976,"project()"
1650.4,26330.6299029905,"project()"
1650.6,26330.629900484,"project()"
1650.8,26330.6298979781,"project()"
1651,26330.6298954728,"project()"
1651.2,26330.6298929681,"project()"
1651.4,26330.629890464,"project()"
1651.6,26330.6298879604,"project()"
1651.8,26330.6298854575,"project()"
1652,26330.6298829551,"project()"
1652.2,26330.6298804533,"project()"
1652.4,26330.6298779521,"project()"
1652.6,26330.6298754515,"project()"
1652.8,26330.6298729515,"project()"
1653,26330.6298704521,"project()"
1653.2,26330.6298679532,"project()"
1653.4,26330.629865455,"project()"
1653.6,26330.6298629573,"project()"
1653.8,26330.6298604603,"project()"
1654,26330.6298579638,"project()"
1654.2,26330.6298554679,"project()"
1654.4,26330.6298529725,"project()"
1654.6,26330.6298504778,"project()"
1654.8,26330.6298479837,"project()"
1655,26330.6298454901,"project()"
1655.2,26330.6298429971,"project()"
1655.4,26330.6298405047,"project()"
1655.6,26330.6298380129,"project()"
1655.8,26330.6298355217,"project()"
1656,26330.6298330311,"project()"
1656.2,26330.629830541,"project()"
1656.4,26330.6298280516,"project()"
1656.6,26330.6298255627,"project()"
1656.8,26330.6298230744,"project()"
1657,26330.6298205867,"project()"
1657.2,26330.6298180996,"project()"
1657.4,26330.6298156131,"project()"
1657.6,26330.6298131271,"project()"
1657.8,26330.6298106417,"project()"
1658,26330.629808157,"project()"
1658.2,26330.6298056728,"project()"
1658.4,26330.6298031891,"project()"
1658.6,26330.6298007061,"project()"
1658.8,26330.6297982237,"project()"
1659,26330.6297957418,"project()"
1659.2,26330.6297932605,"project()"
1659.4,26330.6297907798,"project()"
1659.6,26330.6297882997,"project()"
1659.8,26330.6297858202,"project()"
1660,26330.6297833413,"project()"
1660.2,26330.6297808629,"project()"
1660.4,26330.6297783851,"project()"
1660.6,26330.6297759079,"project()"
1660.8,26330.6297734313,"project()"
1661,26330.6297709553,"project()"
1661.2,26330.6297684798,"project()"
1661.4,26330.6297660049,"project()"
1661.6,26330.6297635306,"project()"
1661.8,26330.6297610569,"project()"
1662,26330.6297585837,"project()"
1662.2,26330.6297561112,"project()"
1662.4,26330.6297536392,"project()"
1662.6,26330.6297511678,"project()"
1662.8,26330.629748697,"project()"
1663,26330.6297462267,"project()"
1663.2,26330.6297437571,"project()"
1663.4,26330.629741288,"project()"
1663.6,26330.6297388195,"project()"
1663.8,26330.6297363516,"project()"
1664,26330.6297338842,"project()"
1664.2,26330.6297314174,"project()"
1664.4,26330.6297289512,"project()"
1664.6,26330.6297264856,"project()"
1664.8,26330.6297240205,"project()"
1665,26330.6297215561,"project()"
1665.2,26330.6297190922,"project()"
1665.4,26330.6297166289,"project()"
1665.6,26330.6297141661,"project()"
1665.8,26330.629711704,"project()"
1666,26330.6297092424,"project()"
1666.2,26330.6297067814,"project()"
1666.4,26330.629704321,"project()"
1666.6,26330.6297018611,"project()"
1666.8,26330.6296994019,"project()"
1667,26330.6296969432,"project()"
1667.2,26330.6296944851,"project()"
1667.4,26330.6296920275,"project()"
1667.6,26330.6296895705,"project()"
1667.8,26330.6296871141,"project()"
1668,26330.6296846583,"project()"
1668.2,26330.6296822031,"project()"
1668.4,26330.6296797484,"project()"
1668.6,26330.6296772943,"project()"
1668.8,26330.6296748407,"project()"
1669,26330.6296723878,"project()"
1669.2,26330.6296699354,"project()"
1669.4,26330.6296674836,"project()"
1669.6,26330.6296650324,"project()"
1669.8,26330.6296625817,"project()"
1670,26330.6296601316,"project()"
1670.2,26330.6296576821,"project()"
1670.4,26330.6296552332,"project()"
1670.6,26330.6296527848,"project()"
1670.8,26330.629650337,"project()"
1671,26330.6296478898,"project()"
1671.2,26330.6296454431,"project()"
1671.4,26330.6296429971,"project()"
1671.6,26330.6296405516,"project()"
1671.8,26330.6296381066,"project()"
1672,26330.6296356623,"project()"
1672.2,26330.6296332185,"project()"
1672.4,26330.6296307752,"project()"
1672.6,26330.6296283326,"project()"
1672.8,26330.6296258905,"project()"
1673,26330.629623449,"project()"
1673.2,26330.629621008,"project()"
1673.4,26330.6296185676,"project()"
1673.6,26330.6296161278,"project()"
1673.8,26330.6296136886,"project()"
1674,26330.6296112499,"project()"
1674.2,26330.6296088118,"project()"
1674.4,26330.6296063743,"project()"
1674.6,26330.6296039374,"project()"
1674.8,26330.629601501,"project()"
1675,26330.6295990652,"project()"
1675.2,26330.6295966299,"project()"
1675.4,26330.6295941952,"project()"
1675.6,26330.6295917611,"project()"
1675.8,26330.6295893276,"project()"
1676,26330.6295868946,"project()"
1676.2,26330.6295844622,"project()"
1676.4,26330.6295820303,"project()"
1676.6,26330.6295795991,"project()"
1676.8,26330.6295771684,"project()"
1677,26330.6295747382,"project()"
1677.2,26330.6295723086,"project()"
1677.4,26330.6295698796,"project()"
1677.6,26330.6295674512,"project()"
1677.8,26330.6295650233,"project()"
1678,26330.629562596,"project()"
1678.2,26330.6295601693,"project()"
1678.4,26330.6295577431,"project()"
1678.6,26330.6295553175,"project()"
1678.8,26330.6295528924,"project()"
1679,26330.6295504679,"project()"
1679.2,26330.629548044,"project()"
1679.4,26330.6295456207,"project()"
1679.6,26330.6295431979,"project()"
1679.8,26330.6295407757,"project()"
1680,26330.629538354,"project()"
1680.2,26330.6295359329,"project()"
1680.4,26330.6295335124,"project()"
1680.6,26330.6295310924,"project()"
1680.8,26330.629528673,"project()"
1681,26330.6295262542,"project()"
1681.2,26330.6295238359,"project()"
1681.4,26330.6295214182,"project()"
1681.6,26330.629519001,"project()"
1681.8,26330.6295165844,"project()"
1682,26330.6295141684,"project()"
1682.2,26330.6295117529,"project()"
1682.4,26330.629509338,"project()"
1682.6,26330.6295069237,"project()"
1682.8,26330.6295045099,"project()"
1683,26330.6295020967,"project()"
1683.2,26330.629499684,"project()"
1683.4,26330.6294972719,"project()"
1683.6,26330.6294948603,"project()"
1683.8,26330.6294924494,"project()"
1684,26330.6294900389,"project()"
1684.2,26330.6294876291,"project()"
1684.4,26330.6294852198,"project()"
1684.6,26330.629482811,"project()"
1684.8,26330.6294804029,"project()"
1685,26330.6294779952,"project()"
1685.2,26330.6294755882,"project()"
1685.4,26330.6294731817,"project()"
1685.6,26330.6294707758,"project()"
1685.8,26330.6294683704,"project()"
1686,26330.6294659656,"project()"
1686.2,26330.6294635613,"project()"
1686.4,26330.6294611576,"project()"
1686.6,26330.6294587545,"project()"
1686.8,26330.6294563519,"project()"
1687,26330.6294539499,"project()"
1687.2,26330.6294515484,"project()"
1687.4,26330.6294491475,"project()"
1687.6,26330.6294467472,"project()"
1687.8,26330.6294443474,"project()"
1688,26330.6294419481,"project()"
1688.2,26330.6294395495,"project()"
1688.4,26330.6294371513,"project()"
1688.6,26330.6294347538,"project()"
1688.8,26330.6294323568,"project()"
1689,26330.6294299603,"project()"
1689.2,26330.6294275644,"project()"
1689.4,26330.6294251691,"project()"
1689.6,26330.6294227743,"project()"
1689.8,26330.6294203801,"project()"
1690,26330.6294179864,"project()"
1690.2,26330.6294155933,"project()"
1690.4,26330.6294132008,"project()"
1690.6,26330.6294108088,"project()"
1690.8,26330.6294084173,"project()"
1691,26330.6294060264,"project()"
1691.2,26330.6294036361,"project()"
1691.4,26330.6294012463,"project()"
1691.6,26330.6293988571,"project()"
1691.8,26330.6293964684,"project()"
1692,26330.6293940802,"project()"
1692.2,26330.6293916927,"project()"
1692.4,26330.6293893057,"project()"
1692.6,26330.6293869192,"project()"
1692.8,26330.6293845333,"project()"
1693,26330.6293821479,"project()"
1693.2,26330.6293797631,"project()"
1693.4,26330.6293773789,"project()"
1693.6,26330.6293749952,"project()"
1693.8,26330.6293726121,"project()"
1694,26330.6293702295,"project()"
1694.2,26330.6293678474,"project()"
1694.4,26330.6293654659,"project()"
1694.6,26330.629363085,"project()"
1694.8,26330.6293607046,"project()"
1695,26330.6293583248,"project()"
1695.2,26330.6293559455,"project()"
1695.4,26330.6293535668,"project()"
1695.6,26330.6293511886,"project()"
1695.8,26330.629348811,"project()"
1696,26330.6293464339,"project()"
1696.2,26330.6293440574,"project()"
1696.4,26330.6293416814,"project()"
1696.6,26330.629339306,"project()"
1696.8,26330.6293369311,"project()"
1697,26330.6293345568,"project()"
1697.2,26330.629332183,"project()"
1697.4,26330.6293298098,"project()"
1697.6,26330.6293274371,"project()"
1697.8,26330.6293250649,"project()"
1698,26330.6293226933,"project()"
1698.2,26330.6293203223,"project()"
1698.4,26330.6293179518,"project()"
1698.6,26330.6293155819,"project()"
1698.8,26330.6293132125,"project()"
1699,26330.6293108436,"project()"
1699.2,26330.6293084753,"project()"
1699.4,26330.6293061076,"project()"
1699.6,26330.6293037404,"project()"
1699.8,26330.6293013737,"project()"
1700,26330.6292990076,"project()"
1700.2,26330.6292966421,"project()"
1700.4,26330.629294277,"project()"
1700.6,26330.6292919126,"project()"
1700.8,26330.6292895487,"project()"
1701,26330.6292871853,"project()"
1701.2,26330.6292848224,"project()"
1701.4,26330.6292824602,"project()"
1701.6,26330.6292800984,"project()"
1701.8,26330.6292777372,"project()"
1702,26330.6292753766,"project()"
1702.2,26330.6292730165,"project()"
1702.4,26330.6292706569,"project()"
1702.6,26330.6292682979,"project()"
1702.8,26330.6292659394,"project()"
1703,26330.6292635815,"project()"
1703.2,26330.6292612242,"project()"
1703.4,26330.6292588673,"project()"
1703.6,26330.629256511,"project()"
1703.8,26330.6292541553,"project()"
1704,26330.6292518001,"project()"
1704.2,26330.6292494455,"project()"
1704.4,26330.6292470913,"project()"
1704.6,26330.6292447378,"project()"
1704.8,26330.6292423847,"project()"
1705,26330.6292400322,"project()"
1705.2,26330.6292376803,"project()"
1705.4,26330.6292353289,"project()"
1705.6,26330.629232978,"project()"
1705.8,26330.6292306277,"project()"
1706,26330.6292282779,"project()"
1706.2,26330.6292259287,"project()"
1706.4,26330.62922358,"project()"
1706.6,26330.6292212318,"project()"
1706.8,26330.6292188842,"project()"
1707,26330.6292165372,"project()"
1707.2,26330.6292141906,"project()"
1707.4,26330.6292118446,"project()"
1707.6,26330.6292094992,"project()"
1707.8,26330.6292071543,"project()"
1708,26330.6292048099,"project()"
1708.2,26330.6292024661,"project()"
1708.4,26330.6292001228,"project()"
1708.6,26330.6291977801,"project()"
1708.8,26330.6291954379,"project()"
1709,26330.6291930962,"project()"
1709.2,26330.6291907551,"project()"
1709.4,26330.6291884145,"project()"
1709.6,26330.6291860744,"project()"
1709.8,26330.6291837349,"project()"
1710,26330.629181396,"project()"
1710.2,26330.6291790575,"project()"
1710.4,26330.6291767196,"project()"
1710.6,26330.6291743823,"project()"
1710.8,26330.6291720455,"project()"
1711,26330.6291697092,"project()"
1711.2,26330.6291673734,"project()"
1711.4,26330.6291650382,"project()"
1711.6,26330.6291627036,"project()"
1711.8,26330.6291603694,"project()"
1712,26330.6291580358,"project()"
1712.2,26330.6291557028,"project()"
1712.4,26330.6291533703,"project()"
1712.6,26330.6291510383,"project()"
1712.8,26330.6291487069,"project()"
1713,26330.6291463759,"project()"
1713.2,26330.6291440456,"project()"
1713.4,26330.6291417157,"project()"
1713.6,26330.6291393864,"project()"
1713.8,26330.6291370577,"project()"
1714,26330.6291347294,"project()"
1714.2,26330.6291324017,"project()"
1714.4,26330.6291300746,"project()"
1714.6,26330.629127748,"project()"
1714.8,26330.6291254219,"project()"
1715,26330.6291230963,"project()"
1715.2,26330.6291207713,"project()"
1715.4,26330.6291184468,"project()"
1715.6,26330.6291161229,"project()"
1715.8,26330.6291137995,"project()"
1716,26330.6291114766,"project()"
1716.2,26330.6291091542,"project()"
1716.4,26330.6291068324,"project()"
1716.6,26330.6291045111,"project()"
1716.8,26330.6291021904,"project()"
1717,26330.6290998702,"project()"
1717.2,26330.6290975505,"project()"
1717.4,26330.6290952313,"project()"
1717.6,26330.6290929127,"project()"
1717.8,26330.6290905946,"project()"
1718,26330.6290882771,"project()"
1718.2,26330.6290859601,"project()"
1718.4,26330.6290836436,"project()"
1718.6,26330.6290813276,"project()"
1718.8,26330.6290790122,"project()"
1719,26330.6290766973,"project()"
1719.2,26330.629074383,"project()"
1719.4,26330.6290720691,"project()"
1719.6,26330.6290697558,"project()"
1719.8,26330.6290674431,"project()"
1720,26330.6290651308,"project()"
1720.2,26330.6290628191,"project()"
1720.4,26330.6290605079,"project()"
1720.6,26330.6290581973,"project()"
1720.8,26330.6290558871,"project()"
1721,26330.6290535776,"project()"
1721.2,26330.6290512685,"project()"
1721.4,26330.62904896,"project()"
1721.6,26330.629046652,"project()"
1721.8,26330.6290443445,"project()"
1722,26330.6290420375,"project()"
1722.2,26330.6290397311,"project()"
1722.4,26330.6290374252,"project()"
1722.6,26330.6290351199,"project()"
1722.8,26330.629032815,"project()"
1723,26330.6290305108,"project()"
1723.2,26330.629028207,"project()"
1723.4,26330.6290259037,"project()"
1723.6,26330.629023601,"project()"
1723.8,26330.6290212988,"project()"
1724,26330.6290189972,"project()"
1724.2,26330.629016696,"project()"
1724.4,26330.6290143954,"project()"
1724.6,26330.6290120954,"project()"
1724.8,26330.6290097958,"project()"
1725,26330.6290074968,"project()"
1725.2,26330.6290051983,"project()"
1725.4,26330.6290029003,"project()"
1725.6,26330.6290006029,"project()"
1725.8,26330.628998306,"project()"
1726,26330.6289960096,"project()"
1726.2,26330.6289937137,"project()"
1726.4,26330.6289914183,"project()"
1726.6,26330.6289891235,"project()"
1726.8,26330.6289868292,"project()"
1727,26330.6289845354,"project()"
1727.2,26330.6289822422,"project()"
1727.4,26330.6289799495,"project()"
1727.6,26330.6289776573,"project()"
1727.8,26330.6289753656,"project()"
1728,26330.6289730745,"project()"
1728.2,26330.6289707838,"project()"
1728.4,26330.6289684937,"project()"
1728.6,26330.6289662042,"project()"
1728.8,26330.6289639151,"project()"
1729,26330.6289616266,"project()"
1729.2,26330.6289593386,"project()"
1729.4,26330.6289570511,"project()"
1729.6,26330.6289547641,"project()"
1729.8,26330.6289524777,"project()"
1730,26330.6289501918,"project()"
1730.2,26330.6289479064,"project()"
1730.4,26330.6289456215,"project()"
1730.6,26330.6289433372,"project()"
1730.8,26330.6289410534,"project()"
1731,26330.6289387701,"project()"
1731.2,26330.6289364873,"project()"
1731.4,26330.628934205,"project()"
1731.6,26330.6289319233,"project()"
1731.8,26330.6289296421,"project()"
1732,26330.6289273614,"project()"
1732.2,26330.6289250812,"project()"
1732.4,26330.6289228015,"project()"
1732.6,26330.6289205224,"project()"
1732.8,26330.6289182438,"project()"
1733,26330.6289159657,"project()"
1733.2,26330.6289136881,"project()"
1733.4,26330.6289114111,"project()"
1733.6,26330.6289091346,"project()"
1733.8,26330.6289068586,"project()"
1734,26330.6289045831,"project()"
1734.2,26330.6289023081,"project()"
1734.4,26330.6289000336,"project()"
1734.6,26330.6288977597,"project()"
1734.8,26330.6288954863,"project()"
1735,26330.6288932134,"project()"
1735.2,26330.628890941,"project()"
1735.4,26330.6288886691,"project()"
1735.6,26330.6288863978,"project()"
1735.8,26330.628884127,"project()"
1736,26330.6288818567,"project()"
1736.2,26330.6288795869,"project()"
1736.4,26330.6288773176,"project()"
1736.6,26330.6288750488,"project()"
1736.8,26330.6288727806,"project()"
1737,26330.6288705129,"project()"
1737.2,26330.6288682457,"project()"
1737.4,26330.628865979,"project()"
1737.6,26330.6288637128,"project()"
1737.8,26330.6288614471,"project()"
1738,26330.628859182,"project()"
1738.2,26330.6288569173,"project()"
1738.4,26330.6288546532,"project()"
1738.6,26330.6288523897,"project()"
1738.8,26330.6288501266,"project()"
1739,26330.628847864,"project()"
1739.2,26330.628845602,"project()"
1739.4,26330.6288433405,"project()"
1739.6,26330.6288410794,"project()"
1739.8,26330.6288388189,"project()"
1740,26330.628836559,"project()"
1740.2,26330.6288342995,"project()"
1740.4,26330.6288320405,"project()"
1740.6,26330.6288297821,"project()"
1740.8,26330.6288275242,"project()"
1741,26330.6288252668,"project()"
1741.2,26330.6288230099,"project()"
1741.4,26330.6288207535,"project()"
1741.6,26330.6288184976,"project()"
1741.8,26330.6288162423,"project()"
1742,26330.6288139874,"project()"
1742.2,26330.6288117331,"project()"
1742.4,26330.6288094793,"project()"
1742.6,26330.628807226,"project()"
1742.8,26330.6288049732,"project()"
1743,26330.628802721,"project()"
1743.2,26330.6288004692,"project()"
1743.4,26330.628798218,"project()"
1743.6,26330.6287959672,"project()"
1743.8,26330.628793717,"project()"
1744,26330.6287914673,"project()"
1744.2,26330.6287892181,"project()"
1744.4,26330.6287869694,"project()"
1744.6,26330.6287847213,"project()"
1744.8,26330.6287824736,"project()"
1745,26330.6287802264,"project()"
1745.2,26330.6287779798,"project()"
1745.4,26330.6287757336,"project()"
1745.6,26330.628773488,"project()"
1745.8,26330.6287712429,"project()"
1746,26330.6287689983,"project()"
1746.2,26330.6287667542,"project()"
1746.4,26330.6287645106,"project()"
1746.6,26330.6287622675,"project()"
1746.8,26330.6287600249,"project()"
1747,26330.6287577829,"project()"
1747.2,26330.6287555413,"project()"
1747.4,26330.6287533003,"project()"
1747.6,26330.6287510597,"project()"
1747.8,26330.6287488197,"project()"
1748,26330.6287465802,"project()"
1748.2,26330.6287443412,"project()"
1748.4,26330.6287421027,"project()"
1748.6,26330.6287398647,"project()"
1748.8,26330.6287376272,"project()"
1749,26330.6287353902,"project()"
1749.2,26330.6287331537,"project()"
1749.4,26330.6287309178,"project()"
1749.6,26330.6287286823,"project()"
1749.8,26330.6287264474,"project()"
1750,26330.6287242129,"project()"
1750.2,26330.628721979,"project()"
1750.4,26330.6287197456,"project()"
1750.6,26330.6287175126,"project()"
1750.8,26330.6287152802,"project()"
1751,26330.6287130483,"project()"
1751.2,26330.6287108169,"project()"
1751.4,26330.628708586,"project()"
1751.6,26330.6287063556,"project()"
1751.8,26330.6287041257,"project()"
1752,26330.6287018963,"project()"
1752.2,26330.6286996675,"project()"
1752.4,26330.6286974391,"project()"
1752.6,26330.6286952112,"project()"
1752.8,26330.6286929839,"project()"
1753,26330.628690757,"project()"
1753.2,26330.6286885307,"project()"
1753.4,26330.6286863048,"project()"
1753.6,26330.6286840795,"project()"
1753.8,26330.6286818547,"project()"
1754,26330.6286796303,"project()"
1754.2,26330.6286774065,"project()"
1754.4,26330.6286751832,"project()"
1754.6,26330.6286729604,"project()"
1754.8,26330.6286707381,"project()"
1755,26330.6286685163,"project()"
1755.2,26330.6286662949,"project()"
1755.4,26330.6286640741,"project()"
1755.6,26330.6286618538,"project()"
1755.8,26330.628659634,"project()"
1756,26330.6286574147,"project()"
1756.2,26330.6286551959,"project()"
1756.4,26330.6286529776,"project()"
1756.6,26330.6286507598,"project()"
1756.8,26330.6286485425,"project()"
1757,26330.6286463257,"project()"
1757.2,26330.6286441094,"project()"
1757.4,26330.6286418936,"project()"
1757.6,26330.6286396783,"project()"
1757.8,26330.6286374635,"project()"
1758,26330.6286352492,"project()"
1758.2,26330.6286330354,"project()"
1758.4,26330.6286308221,"project()"
1758.6,26330.6286286093,"project()"
1758.8,26330.6286263971,"project()"
1759,26330.6286241853,"project()"
1759.2,26330.628621974,"project()"
1759.4,26330.6286197632,"project()"
1759.6,26330.6286175529,"project()"
1759.8,26330.6286153431,"project()"
1760,26330.6286131339,"project()"
1760.2,26330.6286109251,"project()"
1760.4,26330.6286087168,"project()"
1760.6,26330.628606509,"project()"
1760.8,26330.6286043017,"project()"
1761,26330.6286020949,"project()"
1761.2,26330.6285998886,"project()"
1761.4,26330.6285976828,"project()"
1761.6,26330.6285954776,"project()"
1761.8,26330.6285932727,"project()"
1762,26330.6285910684,"project()"
1762.2,26330.6285888646,"project()"
1762.4,26330.6285866613,"project()"
1762.6,26330.6285844585,"project()"
1762.8,26330.6285822562,"project()"
1763,26330.6285800544,"project()"
1763.2,26330.628577853,"project()"
1763.4,26330.6285756522,"project()"
1763.6,26330.6285734519,"project()"
1763.8,26330.628571252,"project()"
1764,26330.6285690527,"project()"
1764.2,26330.6285668538,"project()"
1764.4,26330.6285646555,"project()"
1764.6,26330.6285624576,"project()"
1764.8,26330.6285602602,"project()"
1765,26330.6285580634,"project()"
1765.2,26330.628555867,"project()"
1765.4,26330.6285536711,"project()"
1765.6,26330.6285514758,"project()"
1765.8,26330.6285492809,"project()"
1766,26330.6285470865,"project()"
1766.2,26330.6285448926,"project()"
1766.4,26330.6285426992,"project()"
1766.6,26330.6285405063,"project()"
1766.8,26330.6285383139,"project()"
1767,26330.628536122,"project()"
1767.2,26330.6285339306,"project()"
1767.4,26330.6285317396,"project()"
1767.6,26330.6285295492,"project()"
1767.8,26330.6285273593,"project()"
1768,26330.6285251699,"project()"
1768.2,26330.6285229809,"project()"
1768.4,26330.6285207925,"project()"
1768.6,26330.6285186045,"project()"
1768.8,26330.628516417,"project()"
1769,26330.6285142301,"project()"
1769.2,26330.6285120436,"project()"
1769.4,26330.6285098576,"project()"
1769.6,26330.6285076721,"project()"
1769.8,26330.6285054871,"project()"
1770,26330.6285033026,"project()"
1770.2,26330.6285011186,"project()"
1770.4,26330.6284989351,"project()"
1770.6,26330.628496752,"project()"
1770.8,26330.6284945695,"project()"
1771,26330.6284923874,"project()"
1771.2,26330.6284902059,"project()"
1771.4,26330.6284880248,"project()"
1771.6,26330.6284858442,"project()"
1771.8,26330.6284836641,"project()"
1772,26330.6284814845,"project()"
1772.2,26330.6284793054,"project()"
1772.4,26330.6284771268,"project()"
1772.6,26330.6284749487,"project()"
1772.8,26330.628472771,"project()"
1773,26330.6284705939,"project()"
1773.2,26330.6284684172,"project()"
1773.4,26330.628466241,"project()"
1773.6,26330.6284640653,"project()"
1773.8,26330.6284618901,"project()"
1774,26330.6284597154,"project()"
1774.2,26330.6284575412,"project()"
1774.4,26330.6284553675,"project()"
1774.6,26330.6284531942,"project()"
1774.8,26330.6284510215,"project()"
1775,26330.6284488492,"project()"
1775.2,26330.6284466774,"project()"
1775.4,26330.6284445061,"project()"
1775.6,26330.6284423353,"project()"
1775.8,26330.628440165,"project()"
1776,26330.6284379952,"project()"
1776.2,26330.6284358259,"project()"
1776.4,26330.628433657,"project()"
1776.6,26330.6284314887,"project()"
1776.8,26330.6284293208,"project()"
1777,26330.6284271534,"project()"
1777.2,26330.6284249865,"project()"
1777.4,26330.6284228201,"project()"
1777.6,26330.6284206542,"project()"
1777.8,26330.6284184887,"project()"
1778,26330.6284163238,"project()"
1778.2,26330.6284141593,"project()"
1778.4,26330.6284119953,"project()"
1778.6,26330.6284098318,"project()"
1778.8,26330.6284076688,"project()"
1779,26330.6284055062,"project()"
1779.2,26330.6284033442,"project()"
1779.4,26330.6284011826,"project()"
1779.6,26330.6283990215,"project()"
1779.8,26330.6283968609,"project()"
1780,26330.6283947008,"project()"
1780.2,26330.6283925412,"project()"
1780.4,26330.628390382,"project()"
1780.6,26330.6283882234,"project()"
1780.8,26330.6283860652,"project()"
1781,26330.6283839075,"project()"
1781.2,26330.6283817502,"project()"
1781.4,26330.6283795935,"project()"
1781.6,26330.6283774372,"project()"
1781.8,26330.6283752815,"project()"
1782,26330.6283731262,"project()"
1782.2,26330.6283709714,"project()"
1782.4,26330.6283688171,"project()"
1782.6,26330.6283666632,"project()"
1782.8,26330.6283645099,"project()"
1783,26330.628362357,"project()"
1783.2,26330.6283602046,"project()"
1783.4,26330.6283580527,"project()"
1783.6,26330.6283559013,"project()"
1783.8,26330.6283537504,"project()"
1784,26330.6283515999,"project()"
1784.2,26330.6283494499,"project()"
1784.4,26330.6283473004,"project()"
1784.6,26330.6283451514,"project()"
1784.8,26330.6283430029,"project()"
1785,26330.6283408549,"project()"
1785.2,26330.6283387073,"project()"
1785.4,26330.6283365602,"project()"
1785.6,26330.6283344136,"project()"
1785.8,26330.6283322675,"project()"
1786,26330.6283301218,"project()"
1786.2,26330.6283279766,"project()"
1786.4,26330.628325832,"project()"
1786.6,26330.6283236877,"project()"
1786.8,26330.628321544,"project()"
1787,26330.6283194008,"project()"
1787.2,26330.628317258,"project()"
1787.4,26330.6283151157,"project()"
1787.6,26330.6283129739,"project()"
1787.8,26330.6283108326,"project()"
1788,26330.6283086917,"project()"
1788.2,26330.6283065513,"project()"
1788.4,26330.6283044114,"project()"
1788.6,26330.628302272,"project()"
1788.8,26330.6283001331,"project()"
1789,26330.6282979946,"project()"
1789.2,26330.6282958566,"project()"
1789.4,26330.6282937191,"project()"
1789.6,26330.6282915821,"project()"
1789.8,26330.6282894455,"project()"
1790,26330.6282873094,"project()"
1790.2,26330.6282851738,"project()"
1790.4,26330.6282830387,"project()"
1790.6,26330.6282809041,"project()"
1790.8,26330.6282787699,"project()"
1791,26330.6282766363,"project()"
1791.2,26330.628274503,"project()"
1791.4,26330.6282723703,"project()"
1791.6,26330.6282702381,"project()"
1791.8,26330.6282681063,"project()"
1792,26330.628265975,"project()"
1792.2,26330.6282638442,"project()"
1792.4,26330.6282617138,"project()"
1792.6,26330.6282595839,"project()"
1792.8,26330.6282574545,"project()"
1793,26330.6282553256,"project()"
1793.2,26330.6282531972,"project()"
1793.4,26330.6282510692,"project()"
1793.6,26330.6282489417,"project()"
1793.8,26330.6282468146,"project()"
1794,26330.6282446881,"project()"
1794.2,26330.628242562,"project()"
1794.4,26330.6282404364,"project()"
1794.6,26330.6282383113,"project()"
1794.8,26330.6282361866,"project()"
1795,26330.6282340624,"project()"
1795.2,26330.6282319387,"project()"
1795.4,26330.6282298155,"project()"
1795.6,26330.6282276927,"project()"
1795.8,26330.6282255705,"project()"
1796,26330.6282234486,"project()"
1796.2,26330.6282213273,"project()"
1796.4,26330.6282192064,"project()"
1796.6,26330.628217086,"project()"
1796.8,26330.6282149661,"project()"
1797,26330.6282128466,"project()"
1797.2,26330.6282107277,"project()"
1797.4,26330.6282086091,"project()"
1797.6,26330.6282064911,"project()"
1797.8,26330.6282043735,"project()"
1798,26330.6282022565,"project()"
1798.2,26330.6282001398,"project()"
1798.4,26330.6281980237,"project()"
1798.6,26330.628195908,"project()"
1798.8,26330.6281937928,"project()"
1799,26330.6281916781,"project()"
1799.2,26330.6281895638,"project()"
1799.4,26330.62818745,"project()"
1799.6,26330.6281853367,"project()"
1799.8,26330.6281832239,"project()"
1800,26330.6281811115,"project()"
1800.2,26330.6281789996,"project()"
1800.4,26330.6281768881,"project()"
1800.6,26330.6281747771,"project()"
1800.8,26330.6281726666,"project()"
1801,26330.6281705566,"project()"
1801.2,26330.628168447,"project()"
1801.4,26330.628166338,"project()"
1801.6,26330.6281642293,"project()"
1801.8,26330.6281621212,"project()"
1802,26330.6281600135,"project()"
1802.2,26330.6281579063,"project()"
1802.4,26330.6281557995,"project()"
1802.6,26330.6281536932,"project()"
1802.8,26330.6281515874,"project()"
1803,26330.6281494821,"project()"
1803.2,26330.6281473772,"project()"
1803.4,26330.6281452728,"project()"
1803.6,26330.6281431688,"project()"
1803.8,26330.6281410654,"project()"
1804,26330.6281389623,"project()"
1804.2,26330.6281368598,"project()"
1804.4,26330.6281347577,"project()"
1804.6,26330.6281326561,"project()"
1804.8,26330.628130555,"project()"
1805,26330.6281284543,"project()"
1805.2,26330.6281263541,"project()"
1805.4,26330.6281242544,"project()"
1805.6,26330.6281221551,"project()"
1805.8,26330.6281200563,"project()"
1806,26330.628117958,"project()"
1806.2,26330.6281158601,"project()"
1806.4,26330.6281137627,"project()"
1806.6,26330.6281116658,"project()"
1806.8,26330.6281095693,"project()"
1807,26330.6281074733,"project()"
1807.2,26330.6281053777,"project()"
1807.4,26330.6281032826,"project()"
1807.6,26330.628101188,"project()"
1807.8,26330.6280990939,"project()"
1808,26330.6280970002,"project()"
1808.2,26330.628094907,"project()"
1808.4,26330.6280928142,"project()"
1808.6,26330.6280907219,"project()"
1808.8,26330.6280886301,"project()"
1809,26330.6280865387,"project()"
1809.2,26330.6280844478,"project()"
1809.4,26330.6280823573,"project()"
1809.6,26330.6280802674,"project()"
1809.8,26330.6280781779,"project()"
1810,26330.6280760888,"project()"
1810.2,26330.6280740002,"project()"
1810.4,26330.6280719121,"project()"
1810.6,26330.6280698244,"project()"
1810.8,26330.6280677372,"project()"
1811,26330.6280656505,"project()"
1811.2,26330.6280635642,"project()"
1811.4,26330.6280614784,"project()"
1811.6,26330.628059393,"project()"
1811.8,26330.6280573081,"project()"
1812,26330.6280552237,"project()"
1812.2,26330.6280531397,"project()"
1812.4,26330.6280510562,"project()"
1812.6,26330.6280489732,"project()"
1812.8,26330.6280468906,"project()"
1813,26330.6280448085,"project()"
1813.2,26330.6280427268,"project()"
1813.4,26330.6280406456,"project()"
1813.6,26330.6280385649,"project()"
1813.8,26330.6280364846,"project()"
1814,26330.6280344048,"project()"
1814.2,26330.6280323255,"project()"
1814.4,26330.6280302466,"project()"
1814.6,26330.6280281681,"project()"
1814.8,26330.6280260902,"project()"
1815,26330.6280240126,"project()"
1815.2,26330.6280219356,"project()"
1815.4,26330.628019859,"project()"
1815.6,26330.6280177828,"project()"
1815.8,26330.6280157071,"project()"
1816,26330.6280136319,"project()"
1816.2,26330.6280115572,"project()"
1816.4,26330.6280094828,"project()"
1816.6,26330.628007409,"project()"
1816.8,26330.6280053356,"project()"
1817,26330.6280032627,"project()"
1817.2,26330.6280011902,"project()"
1817.4,26330.6279991182,"project()"
1817.6,26330.6279970467,"project()"
1817.8,26330.6279949756,"project()"
1818,26330.627992905,"project()"
1818.2,26330.6279908348,"project()"
1818.4,26330.6279887651,"project()"
1818.6,26330.6279866958,"project()"
1818.8,26330.627984627,"project()"
1819,26330.6279825587,"project()"
1819.2,26330.6279804908,"project()"
1819.4,26330.6279784234,"project()"
1819.6,26330.6279763564,"project()"
1819.8,26330.6279742899,"project()"
1820,26330.6279722238,"project()"
1820.2,26330.6279701582,"project()"
1820.4,26330.627968093,"project()"
1820.6,26330.6279660283,"project()"
1820.8,26330.6279639641,"project()"
1821,26330.6279619003,"project()"
1821.2,26330.627959837,"project()"
1821.4,26330.6279577741,"project()"
1821.6,26330.6279557117,"project()"
1821.8,26330.6279536498,"project()"
1822,26330.6279515883,"project()"
1822.2,26330.6279495272,"project()"
1822.4,26330.6279474666,"project()"
1822.6,26330.6279454065,"project()"
1822.8,26330.6279433468,"project()"
1823,26330.6279412876,"project()"
1823.2,26330.6279392288,"project()"
1823.4,26330.6279371705,"project()"
1823.6,26330.6279351126,"project()"
1823.8,26330.6279330552,"project()"
1824,26330.6279309983,"project()"
1824.2,26330.6279289418,"project()"
1824.4,26330.6279268857,"project()"
1824.6,26330.6279248301,"project()"
1824.8,26330.627922775,"project()"
1825,26330.6279207203,"project()"
1825.2,26330.627918666,"project()"
1825.4,26330.6279166123,"project()"
1825.6,26330.6279145589,"project()"
1825.8,26330.627912506,"project()"
1826,26330.6279104536,"project()"
1826.2,26330.6279084016,"project()"
1826.4,26330.6279063501,"project()"
1826.6,26330.627904299,"project()"
1826.8,26330.6279022484,"project()"
1827,26330.6279001982,"project()"
1827.2,26330.6278981485,"project()"
1827.4,26330.6278960992,"project()"
1827.6,26330.6278940504,"project()"
1827.8,26330.627892002,"project()"
1828,26330.6278899541,"project()"
1828.2,26330.6278879066,"project()"
1828.4,26330.6278858596,"project()"
1828.6,26330.6278838131,"project()"
1828.8,26330.6278817669,"project()"
1829,26330.6278797213,"project()"
1829.2,26330.627877676,"project()"
1829.4,26330.6278756313,"project()"
1829.6,26330.627873587,"project()"
1829.8,26330.6278715431,"project()"
1830,26330.6278694997,"project()"
1830.2,26330.6278674567,"project()"
1830.4,26330.6278654142,"project()"
1830.6,26330.6278633721,"project()"
1830.8,26330.6278613305,"project()"
1831,26330.6278592893,"project()"
1831.2,26330.6278572486,"project()"
1831.4,26330.6278552083,"project()"
1831.6,26330.6278531685,"project()"
1831.8,26330.6278511291,"project()"
1832,26330.6278490902,"project()"
1832.2,26330.6278470517,"project()"
1832.4,26330.6278450137,"project()"
1832.6,26330.6278429761,"project()"
1832.8,26330.627840939,"project()"
1833,26330.6278389023,"project()"
1833.2,26330.6278368661,"project()"
1833.4,26330.6278348303,"project()"
1833.6,26330.627832795,"project()"
1833.8,26330.6278307601,"project()"
1834,26330.6278287256,"project()"
1834.2,26330.6278266916,"project()"
1834.4,26330.6278246581,"project()"
1834.6,26330.6278226249,"project()"
1834.8,26330.6278205923,"project()"
1835,26330.6278185601,"project()"
1835.2,26330.6278165283,"project()"
1835.4,26330.627814497,"project()"
1835.6,26330.6278124661,"project()"
1835.8,26330.6278104357,"project()"
1836,26330.6278084057,"project()"
1836.2,26330.6278063762,"project()"
1836.4,26330.6278043471,"project()"
1836.6,26330.6278023185,"project()"
1836.8,26330.6278002902,"project()"
1837,26330.6277982625,"project()"
1837.2,26330.6277962352,"project()"
1837.4,26330.6277942083,"project()"
1837.6,26330.6277921819,"project()"
1837.8,26330.6277901559,"project()"
1838,26330.6277881303,"project()"
1838.2,26330.6277861052,"project()"
1838.4,26330.6277840806,"project()"
1838.6,26330.6277820563,"project()"
1838.8,26330.6277800326,"project()"
1839,26330.6277780092,"project()"
1839.2,26330.6277759864,"project()"
1839.4,26330.6277739639,"project()"
1839.6,26330.6277719419,"project()"
1839.8,26330.6277699204,"project()"
1840,26330.6277678992,"project()"
1840.2,26330.6277658786,"project()"
1840.4,26330.6277638583,"project()"
1840.6,26330.6277618386,"project()"
1840.8,26330.6277598192,"project()"
1841,26330.6277578003,"project()"
1841.2,26330.6277557819,"project()"
1841.4,26330.6277537639,"project()"
1841.6,26330.6277517463,"project()"
1841.8,26330.6277497292,"project()"
1842,26330.6277477125,"project()"
1842.2,26330.6277456962,"project()"
1842.4,26330.6277436804,"project()"
1842.6,26330.6277416651,"project()"
1842.8,26330.6277396501,"project()"
1843,26330.6277376357,"project()"
1843.2,26330.6277356216,"project()"
1843.4,26330.627733608,"project()"
1843.6,26330.6277315949,"project()"
1843.8,26330.6277295822,"project()"
1844,26330.6277275699,"project()"
1844.2,26330.6277255581,"project()"
1844.4,26330.6277235467,"project()"
1844.6,26330.6277215358,"project()"
1844.8,26330.6277195253,"project()"
1845,26330.6277175152,"project()"
1845.2,26330.6277155056,"project()"
1845.4,26330.6277134964,"project()"
1845.6,26330.6277114876,"project()"
1845.8,26330.6277094793,"project()"
1846,26330.6277074715,"project()"
1846.2,26330.627705464,"project()"
1846.4,26330.6277034571,"project()"
1846.6,26330.6277014505,"project()"
1846.8,26330.6276994444,"project()"
1847,26330.6276974387,"project()"
1847.2,26330.6276954335,"project()"
1847.4,26330.6276934287,"project()"
1847.6,26330.6276914244,"project()"
1847.8,26330.6276894204,"project()"
1848,26330.627687417,"project()"
1848.2,26330.6276854139,"project()"
1848.4,26330.6276834113,"project()"
1848.6,26330.6276814092,"project()"
1848.8,26330.6276794075,"project()"
1849,26330.6276774062,"project()"
1849.2,26330.6276754053,"project()"
1849.4,26330.6276734049,"project()"
1849.6,26330.6276714049,"project()"
1849.8,26330.6276694054,"project()"
1850,26330.6276674063,"project()"
1850.2,26330.6276654076,"project()"
1850.4,26330.6276634094,"project()"
1850.6,26330.6276614116,"project()"
1850.8,26330.6276594142,"project()"
1851,26330.6276574173,"project()"
1851.2,26330.6276554208,"project()"
1851.4,26330.6276534248,"project()"
1851.6,26330.6276514291,"project()"
1851.8,26330.627649434,"project()"
1852,26330.6276474392,"project()"
1852.2,26330.6276454449,"project()"
1852.4,26330.627643451,"project()"
1852.6,26330.6276414576,"project()"
1852.8,26330.6276394646,"project()"
1853,26330.627637472,"project()"
1853.2,26330.6276354799,"project()"
1853.4,26330.6276334882,"project()"
1853.6,26330.6276314969,"project()"
1853.8,26330.6276295061,"project()"
1854,26330.6276275157,"project()"
1854.2,26330.6276255257,"project()"
1854.4,26330.6276235362,"project()"
1854.6,26330.6276215471,"project()"
1854.8,26330.6276195584,"project()"
1855,26330.6276175702,"project()"
1855.2,26330.6276155824,"project()"
1855.4,26330.627613595,"project()"
1855.6,26330.6276116081,"project()"
1855.8,26330.6276096216,"project()"
1856,26330.6276076355,"project()"
1856.2,26330.6276056499,"project()"
1856.4,26330.6276036647,"project()"
1856.6,26330.6276016799,"project()"
1856.8,26330.6275996956,"project()"
1857,26330.6275977117,"project()"
1857.2,26330.6275957282,"project()"
1857.4,26330.6275937452,"project()"
1857.6,26330.6275917626,"project()"
1857.8,26330.6275897804,"project()"
1858,26330.6275877986,"project()"
1858.2,26330.6275858173,"project()"
1858.4,26330.6275838364,"project()"
1858.6,26330.627581856,"project()"
1858.8,26330.627579876,"project()"
1859,26330.6275778964,"project()"
1859.2,26330.6275759172,"project()"
1859.4,26330.6275739385,"project()"
1859.6,26330.6275719602,"project()"
1859.8,26330.6275699823,"project()"
1860,26330.6275680049,"project()"
1860.2,26330.6275660279,"project()"
1860.4,26330.6275640513,"project()"
1860.6,26330.6275620752,"project()"
1860.8,26330.6275600995,"project()"
1861,26330.6275581242,"project()"
1861.2,26330.6275561493,"project()"
1861.4,26330.6275541749,"project()"
1861.6,26330.6275522009,"project()"
1861.8,26330.6275502274,"project()"
1862,26330.6275482542,"project()"
1862.2,26330.6275462815,"project()"
1862.4,26330.6275443092,"project()"
1862.6,26330.6275423374,"project()"
1862.8,26330.6275403659,"project()"
1863,26330.6275383949,"project()"
1863.2,26330.6275364244,"project()"
1863.4,26330.6275344542,"project()"
1863.6,26330.6275324845,"project()"
1863.8,26330.6275305152,"project()"
1864,26330.6275285463,"project()"
1864.2,26330.6275265779,"project()"
1864.4,26330.6275246099,"project()"
1864.6,26330.6275226423,"project()"
1864.8,26330.6275206751,"project()"
1865,26330.6275187084,"project()"
1865.2,26330.6275167421,"project()"
1865.4,26330.6275147762,"project()"
1865.6,26330.6275128108,"project()"
1865.8,26330.6275108458,"project()"
1866,26330.6275088812,"project()"
1866.2,26330.627506917,"project()"
1866.4,26330.6275049532,"project()"
1866.6,26330.6275029899,"project()"
1866.8,26330.627501027,"project()"
1867,26330.6274990645,"project()"
1867.2,26330.6274971025,"project()"
1867.4,26330.6274951409,"project()"
1867.6,26330.6274931797,"project()"
1867.8,26330.6274912189,"project()"
1868,26330.6274892586,"project()"
1868.2,26330.6274872987,"project()"
1868.4,26330.6274853392,"project()"
1868.6,26330.6274833801,"project()"
1868.8,26330.6274814215,"project()"
1869,26330.6274794633,"project()"
1869.2,26330.6274775055,"project()"
1869.4,26330.6274755481,"project()"
1869.6,26330.6274735912,"project()"
1869.8,26330.6274716346,"project()"
1870,26330.6274696785,"project()"
1870.2,26330.6274677229,"project()"
1870.4,26330.6274657676,"project()"
1870.6,26330.6274638128,"project()"
1870.8,26330.6274618584,"project()"
1871,26330.6274599044,"project()"
1871.2,26330.6274579509,"project()"
1871.4,26330.6274559978,"project()"
1871.6,26330.627454045,"project()"
1871.8,26330.6274520928,"project()"
1872,26330.6274501409,"project()"
1872.2,26330.6274481895,"project()"
1872.4,26330.6274462384,"project()"
1872.6,26330.6274442878,"project()"
1872.8,26330.6274423377,"project()"
1873,26330.6274403879,"project()"
1873.2,26330.6274384386,"project()"
1873.4,26330.6274364897,"project()"
1873.6,26330.6274345412,"project()"
1873.8,26330.6274325931,"project()"
1874,26330.6274306455,"project()"
1874.2,26330.6274286982,"project()"
1874.4,26330.6274267514,"project()"
1874.6,26330.627424805,"project()"
1874.8,26330.6274228591,"project()"
1875,26330.6274209135,"project()"
1875.2,26330.6274189684,"project()"
1875.4,26330.6274170237,"project()"
1875.6,26330.6274150794,"project()"
1875.8,26330.6274131356,"project()"
1876,26330.6274111921,"project()"
1876.2,26330.6274092491,"project()"
1876.4,26330.6274073065,"project()"
1876.6,26330.6274053644,"project()"
1876.8,26330.6274034226,"project()"
1877,26330.6274014813,"project()"
1877.2,26330.6273995403,"project()"
1877.4,26330.6273975999,"project()"
1877.6,26330.6273956598,"project()"
1877.8,26330.6273937201,"project()"
1878,26330.6273917809,"project()"
1878.2,26330.6273898421,"project()"
1878.4,26330.6273879037,"project()"
1878.6,26330.6273859657,"project()"
1878.8,26330.6273840281,"project()"
1879,26330.627382091,"project()"
1879.2,26330.6273801543,"project()"
1879.4,26330.627378218,"project()"
1879.6,26330.6273762821,"project()"
1879.8,26330.6273743466,"project()"
1880,26330.6273724116,"project()"
1880.2,26330.6273704769,"project()"
1880.4,26330.6273685427,"project()"
1880.6,26330.6273666089,"project()"
1880.8,26330.6273646756,"project()"
1881,26330.6273627426,"project()"
1881.2,26330.62736081,"project()"
1881.4,26330.6273588779,"project()"
1881.6,26330.6273569462,"project()"
1881.8,26330.6273550149,"project()"
1882,26330.627353084,"project()"
1882.2,26330.6273511535,"project()"
1882.4,26330.6273492235,"project()"
1882.6,26330.6273472938,"project()"
1882.8,26330.6273453646,"project()"
1883,26330.6273434358,"project()"
1883.2,26330.6273415074,"project()"
1883.4,26330.6273395795,"project()"
1883.6,26330.6273376519,"project()"
1883.8,26330.6273357248,"project()"
1884,26330.6273337981,"project()"
1884.2,26330.6273318718,"project()"
1884.4,26330.6273299459,"project()"
1884.6,26330.6273280204,"project()"
1884.8,26330.6273260954,"project()"
1885,26330.6273241707,"project()"
1885.2,26330.6273222465,"project()"
1885.4,26330.6273203227,"project()"
1885.6,26330.6273183993,"project()"
1885.8,26330.6273164763,"project()"
1886,26330.6273145538,"project()"
1886.2,26330.6273126316,"project()"
1886.4,26330.6273107099,"project()"
1886.6,26330.6273087885,"project()"
1886.8,26330.6273068676,"project()"
1887,26330.6273049471,"project()"
1887.2,26330.627303027,"project()"
1887.4,26330.6273011074,"project()"
1887.6,26330.6272991881,"project()"
1887.8,26330.6272972693,"project()"
1888,26330.6272953509,"project()"
1888.2,26330.6272934328,"project()"
1888.4,26330.6272915152,"project()"
1888.6,26330.6272895981,"project()"
1888.8,26330.6272876813,"project()"
1889,26330.6272857649,"project()"
1889.2,26330.6272838489,"project()"
1889.4,26330.6272819334,"project()"
1889.6,26330.6272800183,"project()"
1889.8,26330.6272781035,"project()"
1890,26330.6272761892,"project()"
1890.2,26330.6272742753,"project()"
1890.4,26330.6272723618,"project()"
1890.6,26330.6272704487,"project()"
1890.8,26330.627268536,"project()"
1891,26330.6272666238,"project()"
1891.2,26330.6272647119,"project()"
1891.4,26330.6272628005,"project()"
1891.6,26330.6272608894,"project()"
1891.8,26330.6272589788,"project()"
1892,26330.6272570686,"project()"
1892.2,26330.6272551588,"project()"
1892.4,26330.6272532494,"project()"
1892.6,26330.6272513404,"project()"
1892.8,26330.6272494318,"project()"
1893,26330.6272475237,"project()"
1893.2,26330.6272456159,"project()"
1893.4,26330.6272437086,"project()"
1893.6,26330.6272418017,"project()"
1893.8,26330.6272398952,"project()"
1894,26330.6272379891,"project()"
1894.2,26330.6272360834,"project()"
1894.4,26330.6272341781,"project()"
1894.6,26330.6272322732,"project()"
1894.8,26330.6272303687,"project()"
1895,26330.6272284647,"project()"
1895.2,26330.627226561,"project()"
1895.4,26330.6272246578,"project()"
1895.6,26330.627222755,"project()"
1895.8,26330.6272208525,"project()"
1896,26330.6272189505,"project()"
1896.2,26330.6272170489,"project()"
1896.4,26330.6272151477,"project()"
1896.6,26330.6272132469,"project()"
1896.8,26330.6272113465,"project()"
1897,26330.6272094465,"project()"
1897.2,26330.627207547,"project()"
1897.4,26330.6272056478,"project()"
1897.6,26330.6272037491,"project()"
1897.8,26330.6272018507,"project()"
1898,26330.6271999528,"project()"
1898.2,26330.6271980552,"project()"
1898.4,26330.6271961581,"project()"
1898.6,26330.6271942614,"project()"
1898.8,26330.627192365,"project()"
1899,26330.6271904691,"project()"
1899.2,26330.6271885736,"project()"
1899.4,26330.6271866785,"project()"
1899.6,26330.6271847839,"project()"
1899.8,26330.6271828896,"project()"
1900,26330.6271809957,"project()"
1900.2,26330.6271791022,"project()"
1900.4,26330.6271772092,"project()"
1900.6,26330.6271753165,"project()"
1900.8,26330.6271734243,"project()"
1901,26330.6271715324,"project()"
1901.2,26330.627169641,"project()"
1901.4,26330.6271677499,"project()"
1901.6,26330.6271658593,"project()"
1901.8,26330.6271639691,"project()"
1902,26330.6271620793,"project()"
1902.2,26330.6271601899,"project()"
1902.4,26330.6271583009,"project()"
1902.6,26330.6271564123,"project()"
1902.8,26330.6271545241,"project()"
1903,26330.6271526363,"project()"
1903.2,26330.6271507489,"project()"
1903.4,26330.6271488619,"project()"
1903.6,26330.6271469753,"project()"
1903.8,26330.6271450891,"project()"
1904,26330.6271432034,"project()"
1904.2,26330.627141318,"project()"
1904.4,26330.627139433,"project()"
1904.6,26330.6271375485,"project()"
1904.8,26330.6271356643,"project()"
1905,26330.6271337805,"project()"
1905.2,26330.6271318972,"project()"
1905.4,26330.6271300142,"project()"
1905.6,26330.6271281317,"project()"
1905.8,26330.6271262495,"project()"
1906,26330.6271243678,"project()"
1906.2,26330.6271224864,"project()"
1906.4,26330.6271206055,"project()"
1906.6,26330.6271187249,"project()"
1906.8,26330.6271168448,"project()"
1907,26330.6271149651,"project()"
1907.2,26330.6271130857,"project()"
1907.4,26330.6271112068,"project()"
1907.6,26330.6271093282,"project()"
1907.8,26330.6271074501,"project()"
1908,26330.6271055724,"project()"
1908.2,26330.627103695,"project()"
1908.4,26330.6271018181,"project()"
1908.6,26330.6270999416,"project()"
1908.8,26330.6270980655,"project()"
1909,26330.6270961897,"project()"
1909.2,26330.6270943144,"project()"
1909.4,26330.6270924395,"project()"
1909.6,26330.6270905649,"project()"
1909.8,26330.6270886908,"project()"
1910,26330.6270868171,"project()"
1910.2,26330.6270849437,"project()"
1910.4,26330.6270830708,"project()"
1910.6,26330.6270811983,"project()"
1910.8,26330.6270793261,"project()"
1911,26330.6270774544,"project()"
1911.2,26330.6270755831,"project()"
1911.4,26330.6270737121,"project()"
1911.6,26330.6270718416,"project()"
1911.8,26330.6270699714,"project()"
1912,26330.6270681017,"project()"
1912.2,26330.6270662324,"project()"
1912.4,26330.6270643634,"project()"
1912.6,26330.6270624949,"project()"
1912.8,26330.6270606267,"project()"
1913,26330.6270587589,"project()"
1913.2,26330.6270568916,"project()"
1913.4,26330.6270550246,"project()"
1913.6,26330.6270531581,"project()"
1913.8,26330.6270512919,"project()"
1914,26330.6270494262,"project()"
1914.2,26330.6270475608,"project()"
1914.4,26330.6270456958,"project()"
1914.6,26330.6270438312,"project()"
1914.8,26330.6270419671,"project()"
1915,26330.6270401033,"project()"
1915.2,26330.6270382399,"project()"
1915.4,26330.627036377,"project()"
1915.6,26330.6270345144,"project()"
1915.8,26330.6270326522,"project()"
1916,26330.6270307904,"project()"
1916.2,26330.627028929,"project()"
1916.4,26330.627027068,"project()"
1916.6,26330.6270252074,"project()"
1916.8,26330.6270233472,"project()"
1917,26330.6270214874,"project()"
1917.2,26330.627019628,"project()"
1917.4,26330.627017769,"project()"
1917.6,26330.6270159104,"project()"
1917.8,26330.6270140522,"project()"
1918,26330.6270121944,"project()"
1918.2,26330.6270103369,"project()"
1918.4,26330.6270084799,"project()"
1918.6,26330.6270066233,"project()"
1918.8,26330.627004767,"project()"
1919,26330.6270029112,"project()"
1919.2,26330.6270010557,"project()"
1919.4,26330.6269992007,"project()"
1919.6,26330.626997346,"project()"
1919.8,26330.6269954917,"project()"
1920,26330.6269936378,"project()"
1920.2,26330.6269917844,"project()"
1920.4,26330.6269899313,"project()"
1920.6,26330.6269880786,"project()"
1920.8,26330.6269862263,"project()"
1921,26330.6269843743,"project()"
1921.2,26330.6269825228,"project()"
1921.4,26330.6269806717,"project()"
1921.6,26330.626978821,"project()"
1921.8,26330.6269769706,"project()"
1922,26330.6269751207,"project()"
1922.2,26330.6269732711,"project()"
1922.4,26330.6269714219,"project()"
1922.6,26330.6269695732,"project()"
1922.8,26330.6269677248,"project()"
1923,26330.6269658768,"project()"
1923.2,26330.6269640292,"project()"
1923.4,26330.626962182,"project()"
1923.6,26330.6269603352,"project()"
1923.8,26330.6269584888,"project()"
1924,26330.6269566428,"project()"
1924.2,26330.6269547972,"project()"
1924.4,26330.6269529519,"project()"
1924.6,26330.626951107,"project()"
1924.8,26330.6269492626,"project()"
1925,26330.6269474185,"project()"
1925.2,26330.6269455748,"project()"
1925.4,26330.6269437315,"project()"
1925.6,26330.6269418886,"project()"
1925.8,26330.6269400461,"project()"
1926,26330.626938204,"project()"
1926.2,26330.6269363623,"project()"
1926.4,26330.626934521,"project()"
1926.6,26330.62693268,"project()"
1926.8,26330.6269308395,"project()"
1927,26330.6269289993,"project()"
1927.2,26330.6269271596,"project()"
1927.4,26330.6269253202,"project()"
1927.6,26330.6269234812,"project()"
1927.8,26330.6269216426,"project()"
1928,26330.6269198044,"project()"
1928.2,26330.6269179666,"project()"
1928.4,26330.6269161292,"project()"
1928.6,26330.6269142921,"project()"
1928.8,26330.6269124555,"project()"
1929,26330.6269106192,"project()"
1929.2,26330.6269087834,"project()"
1929.4,26330.6269069479,"project()"
1929.6,26330.6269051128,"project()"
1929.8,26330.6269032781,"project()"
1930,26330.6269014438,"project()"
1930.2,26330.6268996099,"project()"
1930.4,26330.6268977763,"project()"
1930.6,26330.6268959432,"project()"
1930.8,26330.6268941104,"project()"
1931,26330.6268922781,"project()"
1931.2,26330.6268904461,"project()"
1931.4,26330.6268886145,"project()"
1931.6,26330.6268867833,"project()"
1931.8,26330.6268849524,"project()"
1932,26330.626883122,"project()"
1932.2,26330.626881292,"project()"
1932.4,26330.6268794623,"project()"
1932.6,26330.626877633,"project()"
1932.8,26330.6268758041,"project()"
1933,26330.6268739756,"project()"
1933.2,26330.6268721475,"project()"
1933.4,26330.6268703198,"project()"
1933.6,26330.6268684925,"project()"
1933.8,26330.6268666655,"project()"
1934,26330.6268648389,"project()"
1934.2,26330.6268630127,"project()"
1934.4,26330.6268611869,"project()"
1934.6,26330.6268593615,"project()"
1934.8,26330.6268575365,"project()"
1935,26330.6268557119,"project()"
1935.2,26330.6268538876,"project()"
1935.4,26330.6268520637,"project()"
1935.6,26330.6268502403,"project()"
1935.8,26330.6268484172,"project()"
1936,26330.6268465945,"project()"
1936.2,26330.6268447721,"project()"
1936.4,26330.6268429502,"project()"
1936.6,26330.6268411286,"project()"
1936.8,26330.6268393075,"project()"
1937,26330.6268374867,"project()"
1937.2,26330.6268356663,"project()"
1937.4,26330.6268338462,"project()"
1937.6,26330.6268320266,"project()"
1937.8,26330.6268302073,"project()"
1938,26330.6268283885,"project()"
1938.2,26330.62682657,"project()"
1938.4,26330.6268247519,"project()"
1938.6,26330.6268229342,"project()"
1938.8,26330.6268211169,"project()"
1939,26330.6268192999,"project()"
1939.2,26330.6268174834,"project()"
1939.4,26330.6268156672,"project()"
1939.6,26330.6268138514,"project()"
1939.8,26330.626812036,"project()"
1940,26330.626810221,"project()"
1940.2,26330.6268084063,"project()"
1940.4,26330.6268065921,"project()"
1940.6,26330.6268047782,"project()"
1940.8,26330.6268029647,"project()"
1941,26330.6268011516,"project()"
1941.2,26330.6267993389,"project()"
1941.4,26330.6267975265,"project()"
1941.6,26330.6267957145,"project()"
1941.8,26330.6267939029,"project()"
1942,26330.6267920917,"project()"
1942.2,26330.6267902809,"project()"
1942.4,26330.6267884705,"project()"
1942.6,26330.6267866604,"project()"
1942.8,26330.6267848507,"project()"
1943,26330.6267830414,"project()"
1943.2,26330.6267812325,"project()"
1943.4,26330.6267794239,"project()"
1943.6,26330.6267776158,"project()"
1943.8,26330.626775808,"project()"
1944,26330.6267740006,"project()"
1944.2,26330.6267721936,"project()"
1944.4,26330.626770387,"project()"
1944.6,26330.6267685807,"project()"
1944.8,26330.6267667748,"project()"
1945,26330.6267649693,"project()"
1945.2,26330.6267631642,"project()"
1945.4,26330.6267613595,"project()"
1945.6,26330.6267595552,"project()"
1945.8,26330.6267577512,"project()"
1946,26330.6267559476,"project()"
1946.2,26330.6267541444,"project()"
1946.4,26330.6267523416,"project()"
1946.6,26330.6267505391,"project()"
1946.8,26330.626748737,"project()"
1947,26330.6267469353,"project()"
1947.2,26330.626745134,"project()"
1947.4,26330.6267433331,"project()"
1947.6,26330.6267415326,"project()"
1947.8,26330.6267397324,"project()"
1948,26330.6267379326,"project()"
1948.2,26330.6267361332,"project()"
1948.4,26330.6267343341,"project()"
1948.6,26330.6267325355,"project()"
1948.8,26330.6267307372,"project()"
1949,26330.6267289393,"project()"
1949.2,26330.6267271418,"project()"
1949.4,26330.6267253446,"project()"
1949.6,26330.6267235478,"project()"
1949.8,26330.6267217514,"project()"
1950,26330.6267199554,"project()"
1950.2,26330.6267181598,"project()"
1950.4,26330.6267163645,"project()"
1950.6,26330.6267145696,"project()"
1950.8,26330.6267127751,"project()"
1951,26330.626710981,"project()"
1951.2,26330.6267091872,"project()"
1951.4,26330.6267073939,"project()"
1951.6,26330.6267056009,"project()"
1951.8,26330.6267038083,"project()"
1952,26330.626702016,"project()"
1952.2,26330.6267002242,"project()"
1952.4,26330.6266984327,"project()"
1952.6,26330.6266966416,"project()"
1952.8,26330.6266948508,"project()"
1953,26330.6266930605,"project()"
1953.2,26330.6266912705,"project()"
1953.4,26330.6266894809,"project()"
1953.6,26330.6266876916,"project()"
1953.8,26330.6266859028,"project()"
1954,26330.6266841143,"project()"
1954.2,26330.6266823262,"project()"
1954.4,26330.6266805384,"project()"
1954.6,26330.6266787511,"project()"
1954.8,26330.6266769641,"project()"
1955,26330.6266751774,"project()"
1955.2,26330.6266733912,"project()"
1955.4,26330.6266716053,"project()"
1955.6,26330.6266698199,"project()"
1955.8,26330.6266680347,"project()"
1956,26330.62666625,"project()"
1956.2,26330.6266644656,"project()"
1956.4,26330.6266626816,"project()"
1956.6,26330.626660898,"project()"
1956.8,26330.6266591148,"project()"
1957,26330.6266573319,"project()"
1957.2,26330.6266555494,"project()"
1957.4,26330.6266537673,"project()"
1957.6,26330.6266519855,"project()"
1957.8,26330.6266502042,"project()"
1958,26330.6266484231,"project()"
1958.2,26330.6266466425,"project()"
1958.4,26330.6266448623,"project()"
1958.6,26330.6266430824,"project()"
1958.8,26330.6266413029,"project()"
1959,26330.6266395237,"project()"
1959.2,26330.626637745,"project()"
1959.4,26330.6266359666,"project()"
1959.6,26330.6266341886,"project()"
1959.8,26330.626632411,"project()"
1960,26330.6266306337,"project()"
1960.2,26330.6266288568,"project()"
1960.4,26330.6266270803,"project()"
1960.6,26330.6266253041,"project()"
1960.8,26330.6266235284,"project()"
1961,26330.6266217529,"project()"
1961.2,26330.6266199779,"project()"
1961.4,26330.6266182032,"project()"
1961.6,26330.626616429,"project()"
1961.8,26330.626614655,"project()"
1962,26330.6266128815,"project()"
1962.2,26330.6266111083,"project()"
1962.4,26330.6266093355,"project()"
1962.6,26330.6266075631,"project()"
1962.8,26330.626605791,"project()"
1963,26330.6266040193,"project()"
1963.2,26330.6266022479,"project()"
1963.4,26330.626600477,"project()"
1963.6,26330.6265987064,"project()"
1963.8,26330.6265969361,"project()"
1964,26330.6265951663,"project()"
1964.2,26330.6265933968,"project()"
1964.4,26330.6265916277,"project()"
1964.6,26330.6265898589,"project()"
1964.8,26330.6265880905,"project()"
1965,26330.6265863225,"project()"
1965.2,26330.6265845548,"project()"
1965.4,26330.6265827876,"project()"
1965.6,26330.6265810207,"project()"
1965.8,26330.6265792541,"project()"
1966,26330.6265774879,"project()"
1966.2,26330.6265757221,"project()"
1966.4,26330.6265739567,"project()"
1966.6,26330.6265721916,"project()"
1966.8,26330.6265704269,"project()"
1967,26330.6265686626,"project()"
1967.2,26330.6265668987,"project()"
1967.4,26330.6265651351,"project()"
1967.6,26330.6265633719,"project()"
1967.8,26330.626561609,"project()"
1968,26330.6265598465,"project()"
1968.2,26330.6265580844,"project()"
1968.4,26330.6265563227,"project()"
1968.6,26330.6265545613,"project()"
1968.8,26330.6265528003,"project()"
1969,26330.6265510397,"project()"
1969.2,26330.6265492795,"project()"
1969.4,26330.6265475196,"project()"
1969.6,26330.62654576,"project()"
1969.8,26330.6265440009,"project()"
1970,26330.6265422421,"project()"
1970.2,26330.6265404836,"project()"
1970.4,26330.6265387256,"project()"
1970.6,26330.6265369679,"project()"
1970.8,26330.6265352106,"project()"
1971,26330.6265334536,"project()"
1971.2,26330.626531697,"project()"
1971.4,26330.6265299408,"project()"
1971.6,26330.6265281849,"project()"
1971.8,26330.6265264294,"project()"
1972,26330.6265246743,"project()"
1972.2,26330.6265229195,"project()"
1972.4,26330.6265211651,"project()"
1972.6,26330.626519411,"project()"
1972.8,26330.6265176574,"project()"
1973,26330.6265159041,"project()"
1973.2,26330.6265141511,"project()"
1973.4,26330.6265123985,"project()"
1973.6,26330.6265106463,"project()"
1973.8,26330.6265088945,"project()"
1974,26330.626507143,"project()"
1974.2,26330.6265053919,"project()"
1974.4,26330.6265036411,"project()"
1974.6,26330.6265018907,"project()"
1974.8,26330.6265001407,"project()"
1975,26330.626498391,"project()"
1975.2,26330.6264966417,"project()"
1975.4,26330.6264948928,"project()"
1975.6,26330.6264931442,"project()"
1975.8,26330.626491396,"project()"
1976,26330.6264896481,"project()"
1976.2,26330.6264879006,"project()"
1976.4,26330.6264861535,"project()"
1976.6,26330.6264844068,"project()"
1976.8,26330.6264826604,"project()"
1977,26330.6264809144,"project()"
1977.2,26330.6264791687,"project()"
1977.4,26330.6264774234,"project()"
1977.6,26330.6264756785,"project()"
1977.8,26330.6264739339,"project()"
1978,26330.6264721897,"project()"
1978.2,26330.6264704459,"project()"
1978.4,26330.6264687024,"project()"
1978.6,26330.6264669593,"project()"
1978.8,26330.6264652165,"project()"
1979,26330.6264634741,"project()"
1979.2,26330.6264617321,"project()"
1979.4,26330.6264599904,"project()"
1979.6,26330.6264582491,"project()"
1979.8,26330.6264565082,"project()"
1980,26330.6264547676,"project()"
1980.2,26330.6264530273,"project()"
1980.4,26330.6264512875,"project()"
1980.6,26330.626449548,"project()"
1980.8,26330.6264478088,"project()"
1981,26330.6264460701,"project()"
1981.2,26330.6264443316,"project()"
1981.4,26330.6264425936,"project()"
1981.6,26330.6264408559,"project()"
1981.8,26330.6264391185,"project()"
1982,26330.6264373816,"project()"
1982.2,26330.6264356449,"project()"
1982.4,26330.6264339087,"project()"
1982.6,26330.6264321728,"project()"
1982.8,26330.6264304372,"project()"
1983,26330.6264287021,"project()"
1983.2,26330.6264269673,"project()"
1983.4,26330.6264252328,"project()"
1983.6,26330.6264234987,"project()"
1983.8,26330.626421765,"project()"
1984,26330.6264200316,"project()"
1984.2,26330.6264182986,"project()"
1984.4,26330.6264165659,"project()"
1984.6,26330.6264148336,"project()"
1984.8,26330.6264131017,"project()"
1985,26330.6264113701,"project()"
1985.2,26330.6264096389,"project()"
1985.4,26330.6264079081,"project()"
1985.6,26330.6264061776,"project()"
1985.8,26330.6264044475,"project()"
1986,26330.6264027177,"project()"
1986.2,26330.6264009883,"project()"
1986.4,26330.6263992592,"project()"
1986.6,26330.6263975305,"project()"
1986.8,26330.6263958022,"project()"
1987,26330.6263940742,"project()"
1987.2,26330.6263923466,"project()"
1987.4,26330.6263906193,"project()"
1987.6,26330.6263888924,"project()"
1987.8,26330.6263871659,"project()"
1988,26330.6263854397,"project()"
1988.2,26330.6263837138,"project()"
1988.4,26330.6263819883,"project()"
1988.6,26330.6263802632,"project()"
1988.8,26330.6263785384,"project()"
1989,26330.626376814,"project()"
1989.2,26330.6263750899,"project()"
1989.4,26330.6263733662,"project()"
1989.6,26330.6263716429,"project()"
1989.8,26330.6263699199,"project()"
1990,26330.6263681973,"project()"
1990.2,26330.626366475,"project()"
1990.4,26330.626364753,"project()"
1990.6,26330.6263630315,"project()"
1990.8,26330.6263613103,"project()"
1991,26330.6263595894,"project()"
1991.2,26330.6263578689,"project()"
1991.4,26330.6263561488,"project()"
1991.6,26330.626354429,"project()"
1991.8,26330.6263527096,"project()"
1992,26330.6263509905,"project()"
1992.2,26330.6263492718,"project()"
1992.4,26330.6263475534,"project()"
1992.6,26330.6263458354,"project()"
1992.8,26330.6263441177,"project()"
1993,26330.6263424005,"project()"
1993.2,26330.6263406835,"project()"
1993.4,26330.6263389669,"project()"
1993.6,26330.6263372507,"project()"
1993.8,26330.6263355348,"project()"
1994,26330.6263338193,"project()"
1994.2,26330.6263321041,"project()"
1994.4,26330.6263303893,"project()"
1994.6,26330.6263286749,"project()"
1994.8,26330.6263269608,"project()"
1995,26330.626325247,"project()"
1995.2,26330.6263235336,"project()"
1995.4,26330.6263218206,"project()"
1995.6,26330.6263201079,"project()"
1995.8,26330.6263183956,"project()"
1996,26330.6263166836,"project()"
1996.2,26330.626314972,"project()"
1996.4,26330.6263132607,"project()"
1996.6,26330.6263115498,"project()"
1996.8,26330.6263098392,"project()"
1997,26330.626308129,"project()"
1997.2,26330.6263064192,"project()"
1997.4,26330.6263047097,"project()"
1997.6,26330.6263030005,"project()"
1997.8,26330.6263012917,"project()"
1998,26330.6262995833,"project()"
1998.2,26330.6262978752,"project()"
1998.4,26330.6262961674,"project()"
1998.6,26330.6262944601,"project()"
1998.8,26330.626292753,"project()"
1999,26330.6262910463,"project()"
1999.2,26330.62628934,"project()"
1999.4,26330.626287634,"project()"
1999.6,26330.6262859284,"project()"
1999.8,26330.6262842231,"project()"
2000,26330.6262825182,"project()"
