"time","yield","schedule","regime"
500,0,"Peaks only","Oscillating (resource_decrease=0.005)"
500.2,1.08261283780056e-05,"Peaks only","Oscillating (resource_decrease=0.005)"
500.4,1.22737443187567e-05,"Peaks only","Oscillating (resource_decrease=0.005)"
500.6,1.38994150553284e-05,"Peaks only","Oscillating (resource_decrease=0.005)"
500.8,1.53770585920224e-05,"Peaks only","Oscillating (resource_decrease=0.005)"
501,1.65088262117604e-05,"Peaks only","Oscillating (resource_decrease=0.005)"
501.2,1.72642786366295e-05,"Peaks only","Oscillating (resource_decrease=0.005)"
501.4,1.77645807022264e-05,"Peaks only","Oscillating (resource_decrease=0.005)"
501.6,1.82268068014848e-05,"Peaks only","Oscillating (resource_decrease=0.005)"
501.8,1.88833222890414e-05,"Peaks only","Oscillating (resource_decrease=0.005)"
502,1.98834833743974e-05,"Peaks only","Oscillating (resource_decrease=0.005)"
502.2,2.12166955938565e-05,"Peaks only","Oscillating (resource_decrease=0.005)"
502.4,2.27197198838855e-05,"Peaks only","Oscillating (resource_decrease=0.005)"
502.6,2.41425101779771e-05,"Peaks only","Oscillating (resource_decrease=0.005)"
502.8,2.51906444828561e-05,"Peaks only","Oscillating (resource_decrease=0.005)"
503,2.55691774600051e-05,"Peaks only","Oscillating (resource_decrease=0.005)"
503.2,2.50815746555244e-05,"Peaks only","Oscillating (resource_decrease=0.005)"
503.4,2.37290776698908e-05,"Peaks only","Oscillating (resource_decrease=0.005)"
503.6,2.17218142475174e-05,"Peaks only","Oscillating (resource_decrease=0.005)"
503.8,1.93854817200882e-05,"Peaks only","Oscillating (resource_decrease=0.005)"
504,1.70270352294643e-05,"Peaks only","Oscillating (resource_decrease=0.005)"
504.2,1.48444802208194e-05,"Peaks only","Oscillating (resource_decrease=0.005)"
504.4,0,"Peaks only","Oscillating (resource_decrease=0.005)"
504.6,0,"Peaks only","Oscillating (resource_decrease=0.005)"
504.8,0,"Peaks only","Oscillating (resource_decrease=0.005)"
505,0,"Peaks only","Oscillating (resource_decrease=0.005)"
505.2,0,"Peaks only","Oscillating (resource_decrease=0.005)"
505.4,0,"Peaks only","Oscillating (resource_decrease=0.005)"
505.6,9.73502819748512e-06,"Peaks only","Oscillating (resource_decrease=0.005)"
505.8,9.55667615598334e-06,"Peaks only","Oscillating (resource_decrease=0.005)"
506,1.01324787763338e-05,"Peaks only","Oscillating (resource_decrease=0.005)"
506.2,1.12498606142823e-05,"Peaks only","Oscillating (resource_decrease=0.005)"
506.4,1.26827708791182e-05,"Peaks only","Oscillating (resource_decrease=0.005)"
506.6,1.42080444114256e-05,"Peaks only","Oscillating (resource_decrease=0.005)"
506.8,1.56402120091527e-05,"Peaks only","Oscillating (resource_decrease=0.005)"
507,1.68503403028352e-05,"Peaks only","Oscillating (resource_decrease=0.005)"
507.2,1.77897897922698e-05,"Peaks only","Oscillating (resource_decrease=0.005)"
507.4,1.85069740656125e-05,"Peaks only","Oscillating (resource_decrease=0.005)"
507.6,1.91110264191757e-05,"Peaks only","Oscillating (resource_decrease=0.005)"
507.8,1.97088598206089e-05,"Peaks only","Oscillating (resource_decrease=0.005)"
508,2.03856385033387e-05,"Peaks only","Oscillating (resource_decrease=0.005)"
508.2,2.12049499555444e-05,"Peaks only","Oscillating (resource_decrease=0.005)"
508.4,2.21532109130825e-05,"Peaks only","Oscillating (resource_decrease=0.005)"
508.6,2.30741179460623e-05,"Peaks only","Oscillating (resource_decrease=0.005)"
508.8,2.36906609947669e-05,"Peaks only","Oscillating (resource_decrease=0.005)"
509,2.37127447891535e-05,"Peaks only","Oscillating (resource_decrease=0.005)"
509.2,2.29640706903582e-05,"Peaks only","Oscillating (resource_decrease=0.005)"
509.4,2.14665954104886e-05,"Peaks only","Oscillating (resource_decrease=0.005)"
509.6,1.94396566621168e-05,"Peaks only","Oscillating (resource_decrease=0.005)"
509.8,1.72089999558799e-05,"Peaks only","Oscillating (resource_decrease=0.005)"
510,1.50767954867722e-05,"Peaks only","Oscillating (resource_decrease=0.005)"
510.2,0,"Peaks only","Oscillating (resource_decrease=0.005)"
510.4,0,"Peaks only","Oscillating (resource_decrease=0.005)"
510.6,0,"Peaks only","Oscillating (resource_decrease=0.005)"
510.8,0,"Peaks only","Oscillating (resource_decrease=0.005)"
511,0,"Peaks only","Oscillating (resource_decrease=0.005)"
511.2,0,"Peaks only","Oscillating (resource_decrease=0.005)"
511.4,0,"Peaks only","Oscillating (resource_decrease=0.005)"
511.6,1.0873939586682e-05,"Peaks only","Oscillating (resource_decrease=0.005)"
511.8,1.08483369271365e-05,"Peaks only","Oscillating (resource_decrease=0.005)"
512,1.15403885427703e-05,"Peaks only","Oscillating (resource_decrease=0.005)"
512.2,1.26852460828747e-05,"Peaks only","Oscillating (resource_decrease=0.005)"
512.4,1.40413874631517e-05,"Peaks only","Oscillating (resource_decrease=0.005)"
512.6,1.54106734912754e-05,"Peaks only","Oscillating (resource_decrease=0.005)"
512.8,1.66455558851477e-05,"Peaks only","Oscillating (resource_decrease=0.005)"
513,1.76642231511113e-05,"Peaks only","Oscillating (resource_decrease=0.005)"
513.2,1.84713589007772e-05,"Peaks only","Oscillating (resource_decrease=0.005)"
513.4,1.91433380384354e-05,"Peaks only","Oscillating (resource_decrease=0.005)"
513.6,1.97714916181418e-05,"Peaks only","Oscillating (resource_decrease=0.005)"
513.8,2.04065113146043e-05,"Peaks only","Oscillating (resource_decrease=0.005)"
514,2.10555478465939e-05,"Peaks only","Oscillating (resource_decrease=0.005)"
514.2,2.17020828769442e-05,"Peaks only","Oscillating (resource_decrease=0.005)"
514.4,2.22754558289374e-05,"Peaks only","Oscillating (resource_decrease=0.005)"
514.6,2.26116838917303e-05,"Peaks only","Oscillating (resource_decrease=0.005)"
514.8,2.24942520828597e-05,"Peaks only","Oscillating (resource_decrease=0.005)"
515,2.1761310955793e-05,"Peaks only","Oscillating (resource_decrease=0.005)"
515.2,2.04010793246412e-05,"Peaks only","Oscillating (resource_decrease=0.005)"
515.4,1.85747729326295e-05,"Peaks only","Oscillating (resource_decrease=0.005)"
515.6,1.65531594335913e-05,"Peaks only","Oscillating (resource_decrease=0.005)"
515.8,1.46067560978068e-05,"Peaks only","Oscillating (resource_decrease=0.005)"
516,0,"Peaks only","Oscillating (resource_decrease=0.005)"
516.2,0,"Peaks only","Oscillating (resource_decrease=0.005)"
516.4,0,"Peaks only","Oscillating (resource_decrease=0.005)"
516.6,0,"Peaks only","Oscillating (resource_decrease=0.005)"
516.8,0,"Peaks only","Oscillating (resource_decrease=0.005)"
517,0,"Peaks only","Oscillating (resource_decrease=0.005)"
517.2,0,"Peaks only","Oscillating (resource_decrease=0.005)"
517.4,1.15718993263081e-05,"Peaks only","Oscillating (resource_decrease=0.005)"
517.6,1.15306042759662e-05,"Peaks only","Oscillating (resource_decrease=0.005)"
517.8,1.2171128229743e-05,"Peaks only","Oscillating (resource_decrease=0.005)"
518,1.32265219388647e-05,"Peaks only","Oscillating (resource_decrease=0.005)"
518.2,1.44696303843704e-05,"Peaks only","Oscillating (resource_decrease=0.005)"
518.4,1.57282819243785e-05,"Peaks only","Oscillating (resource_decrease=0.005)"
518.6,1.6880065388041e-05,"Peaks only","Oscillating (resource_decrease=0.005)"
518.8,1.78568459973115e-05,"Peaks only","Oscillating (resource_decrease=0.005)"
519,1.86613826168763e-05,"Peaks only","Oscillating (resource_decrease=0.005)"
519.2,1.93529002980461e-05,"Peaks only","Oscillating (resource_decrease=0.005)"
519.4,1.99939788890435e-05,"Peaks only","Oscillating (resource_decrease=0.005)"
519.6,2.06019318671132e-05,"Peaks only","Oscillating (resource_decrease=0.005)"
519.8,2.11551374055099e-05,"Peaks only","Oscillating (resource_decrease=0.005)"
520,2.16229482288894e-05,"Peaks only","Oscillating (resource_decrease=0.005)"
520.2,2.19434432191533e-05,"Peaks only","Oscillating (resource_decrease=0.005)"
520.4,2.19866985705896e-05,"Peaks only","Oscillating (resource_decrease=0.005)"
520.6,2.15898302420429e-05,"Peaks only","Oscillating (resource_decrease=0.005)"
520.8,2.0649678924467e-05,"Peaks only","Oscillating (resource_decrease=0.005)"
521,1.9197646346554e-05,"Peaks only","Oscillating (resource_decrease=0.005)"
521.2,1.74051413566137e-05,"Peaks only","Oscillating (resource_decrease=0.005)"
521.4,1.55176336850377e-05,"Peaks only","Oscillating (resource_decrease=0.005)"
521.6,1.37607276660424e-05,"Peaks only","Oscillating (resource_decrease=0.005)"
521.8,1.22753260063424e-05,"Peaks only","Oscillating (resource_decrease=0.005)"
522,0,"Peaks only","Oscillating (resource_decrease=0.005)"
522.2,0,"Peaks only","Oscillating (resource_decrease=0.005)"
522.4,0,"Peaks only","Oscillating (resource_decrease=0.005)"
522.6,0,"Peaks only","Oscillating (resource_decrease=0.005)"
522.8,0,"Peaks only","Oscillating (resource_decrease=0.005)"
523,0,"Peaks only","Oscillating (resource_decrease=0.005)"
523.2,0,"Peaks only","Oscillating (resource_decrease=0.005)"
523.4,1.32989080953292e-05,"Peaks only","Oscillating (resource_decrease=0.005)"
523.6,1.3589871933282e-05,"Peaks only","Oscillating (resource_decrease=0.005)"
523.8,1.43815223737987e-05,"Peaks only","Oscillating (resource_decrease=0.005)"
524,1.536779543231e-05,"Peaks only","Oscillating (resource_decrease=0.005)"
524.2,1.63765089854357e-05,"Peaks only","Oscillating (resource_decrease=0.005)"
524.4,1.73465106853723e-05,"Peaks only","Oscillating (resource_decrease=0.005)"
524.6,1.82561068965845e-05,"Peaks only","Oscillating (resource_decrease=0.005)"
524.8,1.9091569051825e-05,"Peaks only","Oscillating (resource_decrease=0.005)"
525,1.98634707529312e-05,"Peaks only","Oscillating (resource_decrease=0.005)"
525.2,2.05975285293504e-05,"Peaks only","Oscillating (resource_decrease=0.005)"
525.4,2.12812651831249e-05,"Peaks only","Oscillating (resource_decrease=0.005)"
525.6,2.18235790605046e-05,"Peaks only","Oscillating (resource_decrease=0.005)"
525.8,2.20906961005909e-05,"Peaks only","Oscillating (resource_decrease=0.005)"
526,2.19824997362334e-05,"Peaks only","Oscillating (resource_decrease=0.005)"
526.2,2.14536770268776e-05,"Peaks only","Oscillating (resource_decrease=0.005)"
526.4,2.04941601183503e-05,"Peaks only","Oscillating (resource_decrease=0.005)"
526.6,1.91390689635876e-05,"Peaks only","Oscillating (resource_decrease=0.005)"
526.8,1.74937695623295e-05,"Peaks only","Oscillating (resource_decrease=0.005)"
527,1.57245938816557e-05,"Peaks only","Oscillating (resource_decrease=0.005)"
527.2,1.40113687293802e-05,"Peaks only","Oscillating (resource_decrease=0.005)"
527.4,1.24953246286583e-05,"Peaks only","Oscillating (resource_decrease=0.005)"
527.6,1.12546045139529e-05,"Peaks only","Oscillating (resource_decrease=0.005)"
527.8,0,"Peaks only","Oscillating (resource_decrease=0.005)"
528,0,"Peaks only","Oscillating (resource_decrease=0.005)"
528.2,0,"Peaks only","Oscillating (resource_decrease=0.005)"
528.4,0,"Peaks only","Oscillating (resource_decrease=0.005)"
528.6,0,"Peaks only","Oscillating (resource_decrease=0.005)"
528.8,0,"Peaks only","Oscillating (resource_decrease=0.005)"
529,0,"Peaks only","Oscillating (resource_decrease=0.005)"
529.2,1.45917864831162e-05,"Peaks only","Oscillating (resource_decrease=0.005)"
529.4,1.49200944698354e-05,"Peaks only","Oscillating (resource_decrease=0.005)"
529.6,1.56231381145902e-05,"Peaks only","Oscillating (resource_decrease=0.005)"
529.8,1.64248892695842e-05,"Peaks only","Oscillating (resource_decrease=0.005)"
530,1.72214960438801e-05,"Peaks only","Oscillating (resource_decrease=0.005)"
530.2,1.80215163960427e-05,"Peaks only","Oscillating (resource_decrease=0.005)"
530.4,1.88461750059818e-05,"Peaks only","Oscillating (resource_decrease=0.005)"
530.6,1.96884271015492e-05,"Peaks only","Oscillating (resource_decrease=0.005)"
530.8,2.05290464061334e-05,"Peaks only","Oscillating (resource_decrease=0.005)"
531,2.13302842286402e-05,"Peaks only","Oscillating (resource_decrease=0.005)"
531.2,2.1995213862148e-05,"Peaks only","Oscillating (resource_decrease=0.005)"
531.4,2.23563964478531e-05,"Peaks only","Oscillating (resource_decrease=0.005)"
531.6,2.22490616252643e-05,"Peaks only","Oscillating (resource_decrease=0.005)"
531.8,2.16120152157809e-05,"Peaks only","Oscillating (resource_decrease=0.005)"
532,2.05035206790374e-05,"Peaks only","Oscillating (resource_decrease=0.005)"
532.2,1.90452255160451e-05,"Peaks only","Oscillating (resource_decrease=0.005)"
532.4,1.73799943005099e-05,"Peaks only","Oscillating (resource_decrease=0.005)"
532.6,1.56550247658999e-05,"Peaks only","Oscillating (resource_decrease=0.005)"
532.8,1.40038534498453e-05,"Peaks only","Oscillating (resource_decrease=0.005)"
533,1.25275234339332e-05,"Peaks only","Oscillating (resource_decrease=0.005)"
533.2,1.12880145774682e-05,"Peaks only","Oscillating (resource_decrease=0.005)"
533.4,1.03171936671012e-05,"Peaks only","Oscillating (resource_decrease=0.005)"
533.6,0,"Peaks only","Oscillating (resource_decrease=0.005)"
533.8,0,"Peaks only","Oscillating (resource_decrease=0.005)"
534,0,"Peaks only","Oscillating (resource_decrease=0.005)"
534.2,0,"Peaks only","Oscillating (resource_decrease=0.005)"
534.4,0,"Peaks only","Oscillating (resource_decrease=0.005)"
534.6,0,"Peaks only","Oscillating (resource_decrease=0.005)"
534.8,0,"Peaks only","Oscillating (resource_decrease=0.005)"
535,1.61245610427147e-05,"Peaks only","Oscillating (resource_decrease=0.005)"
535.2,1.63473667778343e-05,"Peaks only","Oscillating (resource_decrease=0.005)"
535.4,1.68440867142587e-05,"Peaks only","Oscillating (resource_decrease=0.005)"
535.6,1.73994420916194e-05,"Peaks only","Oscillating (resource_decrease=0.005)"
535.8,1.79866302789131e-05,"Peaks only","Oscillating (resource_decrease=0.005)"
536,1.86705840434599e-05,"Peaks only","Oscillating (resource_decrease=0.005)"
536.2,1.94889493020742e-05,"Peaks only","Oscillating (resource_decrease=0.005)"
536.4,2.04072251496109e-05,"Peaks only","Oscillating (resource_decrease=0.005)"
536.6,2.13374525807902e-05,"Peaks only","Oscillating (resource_decrease=0.005)"
536.8,2.214360203286e-05,"Peaks only","Oscillating (resource_decrease=0.005)"
537,2.26321655655939e-05,"Peaks only","Oscillating (resource_decrease=0.005)"
537.2,2.25892989901199e-05,"Peaks only","Oscillating (resource_decrease=0.005)"
537.4,2.1892423417825e-05,"Peaks only","Oscillating (resource_decrease=0.005)"
537.6,2.06065728473131e-05,"Peaks only","Oscillating (resource_decrease=0.005)"
537.8,1.89480787035566e-05,"Peaks only","Oscillating (resource_decrease=0.005)"
538,1.71587675557022e-05,"Peaks only","Oscillating (resource_decrease=0.005)"
538.2,1.54178291561305e-05,"Peaks only","Oscillating (resource_decrease=0.005)"
538.4,1.38259214019179e-05,"Peaks only","Oscillating (resource_decrease=0.005)"
538.6,1.24270147132986e-05,"Peaks only","Oscillating (resource_decrease=0.005)"
538.8,1.123907102404e-05,"Peaks only","Oscillating (resource_decrease=0.005)"
539,1.02789069133866e-05,"Peaks only","Oscillating (resource_decrease=0.005)"
539.2,9.57479104367325e-06,"Peaks only","Oscillating (resource_decrease=0.005)"
539.4,9.16724021811592e-06,"Peaks only","Oscillating (resource_decrease=0.005)"
539.6,0,"Peaks only","Oscillating (resource_decrease=0.005)"
539.8,0,"Peaks only","Oscillating (resource_decrease=0.005)"
540,0,"Peaks only","Oscillating (resource_decrease=0.005)"
540.2,0,"Peaks only","Oscillating (resource_decrease=0.005)"
540.4,0,"Peaks only","Oscillating (resource_decrease=0.005)"
540.6,0,"Peaks only","Oscillating (resource_decrease=0.005)"
540.8,0,"Peaks only","Oscillating (resource_decrease=0.005)"
541,1.91343666835879e-05,"Peaks only","Oscillating (resource_decrease=0.005)"
541.2,1.87387554078445e-05,"Peaks only","Oscillating (resource_decrease=0.005)"
541.4,1.86756084231359e-05,"Peaks only","Oscillating (resource_decrease=0.005)"
541.6,1.88474285224374e-05,"Peaks only","Oscillating (resource_decrease=0.005)"
541.8,1.93000914054545e-05,"Peaks only","Oscillating (resource_decrease=0.005)"
542,2.00845153172986e-05,"Peaks only","Oscillating (resource_decrease=0.005)"
542.2,2.11241340154753e-05,"Peaks only","Oscillating (resource_decrease=0.005)"
542.4,2.21857535337586e-05,"Peaks only","Oscillating (resource_decrease=0.005)"
542.6,2.29473686862742e-05,"Peaks only","Oscillating (resource_decrease=0.005)"
542.8,2.30928294166021e-05,"Peaks only","Oscillating (resource_decrease=0.005)"
543,2.24161829749481e-05,"Peaks only","Oscillating (resource_decrease=0.005)"
543.2,2.09268701020688e-05,"Peaks only","Oscillating (resource_decrease=0.005)"
543.4,1.88901699868476e-05,"Peaks only","Oscillating (resource_decrease=0.005)"
543.6,1.67228300319337e-05,"Peaks only","Oscillating (resource_decrease=0.005)"
543.8,1.47801200675172e-05,"Peaks only","Oscillating (resource_decrease=0.005)"
544,1.3209238402299e-05,"Peaks only","Oscillating (resource_decrease=0.005)"
544.2,1.19737486566108e-05,"Peaks only","Oscillating (resource_decrease=0.005)"
544.4,1.09728808310938e-05,"Peaks only","Oscillating (resource_decrease=0.005)"
544.6,1.01405483621701e-05,"Peaks only","Oscillating (resource_decrease=0.005)"
544.8,9.48227703595126e-06,"Peaks only","Oscillating (resource_decrease=0.005)"
545,9.06342467410056e-06,"Peaks only","Oscillating (resource_decrease=0.005)"
545.2,8.97506809446502e-06,"Peaks only","Oscillating (resource_decrease=0.005)"
545.4,0,"Peaks only","Oscillating (resource_decrease=0.005)"
545.6,0,"Peaks only","Oscillating (resource_decrease=0.005)"
545.8,0,"Peaks only","Oscillating (resource_decrease=0.005)"
546,0,"Peaks only","Oscillating (resource_decrease=0.005)"
546.2,0,"Peaks only","Oscillating (resource_decrease=0.005)"
546.4,0,"Peaks only","Oscillating (resource_decrease=0.005)"
546.6,0,"Peaks only","Oscillating (resource_decrease=0.005)"
546.8,2.05892891213152e-05,"Peaks only","Oscillating (resource_decrease=0.005)"
547,1.98288011923665e-05,"Peaks only","Oscillating (resource_decrease=0.005)"
547.2,1.95466880780525e-05,"Peaks only","Oscillating (resource_decrease=0.005)"
547.4,1.96645024644728e-05,"Peaks only","Oscillating (resource_decrease=0.005)"
547.6,2.02071680441941e-05,"Peaks only","Oscillating (resource_decrease=0.005)"
547.8,2.11465065904928e-05,"Peaks only","Oscillating (resource_decrease=0.005)"
548,2.22693663981013e-05,"Peaks only","Oscillating (resource_decrease=0.005)"
548.2,2.31842052360659e-05,"Peaks only","Oscillating (resource_decrease=0.005)"
548.4,2.34598861174412e-05,"Peaks only","Oscillating (resource_decrease=0.005)"
548.6,2.28008315426724e-05,"Peaks only","Oscillating (resource_decrease=0.005)"
548.8,2.11872502552494e-05,"Peaks only","Oscillating (resource_decrease=0.005)"
549,1.89136241093359e-05,"Peaks only","Oscillating (resource_decrease=0.005)"
549.2,1.64707595583209e-05,"Peaks only","Oscillating (resource_decrease=0.005)"
549.4,1.43119484906513e-05,"Peaks only","Oscillating (resource_decrease=0.005)"
549.6,1.2655315247663e-05,"Peaks only","Oscillating (resource_decrease=0.005)"
549.8,1.1463080532661e-05,"Peaks only","Oscillating (resource_decrease=0.005)"
550,1.057597218141e-05,"Peaks only","Oscillating (resource_decrease=0.005)"
550.2,9.86196660242318e-06,"Peaks only","Oscillating (resource_decrease=0.005)"
550.4,9.28736148278795e-06,"Peaks only","Oscillating (resource_decrease=0.005)"
550.6,8.91232938964871e-06,"Peaks only","Oscillating (resource_decrease=0.005)"
550.8,8.84745259399157e-06,"Peaks only","Oscillating (resource_decrease=0.005)"
551,9.19850777727248e-06,"Peaks only","Oscillating (resource_decrease=0.005)"
551.2,1.00114286924325e-05,"Peaks only","Oscillating (resource_decrease=0.005)"
551.4,0,"Peaks only","Oscillating (resource_decrease=0.005)"
551.6,0,"Peaks only","Oscillating (resource_decrease=0.005)"
551.8,0,"Peaks only","Oscillating (resource_decrease=0.005)"
552,0,"Peaks only","Oscillating (resource_decrease=0.005)"
552.2,0,"Peaks only","Oscillating (resource_decrease=0.005)"
552.4,0,"Peaks only","Oscillating (resource_decrease=0.005)"
552.6,0,"Peaks only","Oscillating (resource_decrease=0.005)"
552.8,2.23120579998386e-05,"Peaks only","Oscillating (resource_decrease=0.005)"
553,2.13055837836178e-05,"Peaks only","Oscillating (resource_decrease=0.005)"
553.2,2.11403915630926e-05,"Peaks only","Oscillating (resource_decrease=0.005)"
553.4,2.16027466776594e-05,"Peaks only","Oscillating (resource_decrease=0.005)"
553.6,2.24734194376047e-05,"Peaks only","Oscillating (resource_decrease=0.005)"
553.8,2.34141990909152e-05,"Peaks only","Oscillating (resource_decrease=0.005)"
554,2.39425811419464e-05,"Peaks only","Oscillating (resource_decrease=0.005)"
554.2,2.35871436633373e-05,"Peaks only","Oscillating (resource_decrease=0.005)"
554.4,2.21382569032932e-05,"Peaks only","Oscillating (resource_decrease=0.005)"
554.6,1.97847029272761e-05,"Peaks only","Oscillating (resource_decrease=0.005)"
554.8,1.70241183187066e-05,"Peaks only","Oscillating (resource_decrease=0.005)"
555,1.44127822830872e-05,"Peaks only","Oscillating (resource_decrease=0.005)"
555.2,1.23273781268657e-05,"Peaks only","Oscillating (resource_decrease=0.005)"
555.4,1.08695536399457e-05,"Peaks only","Oscillating (resource_decrease=0.005)"
555.6,9.92236931473009e-06,"Peaks only","Oscillating (resource_decrease=0.005)"
555.8,9.29173755668135e-06,"Peaks only","Oscillating (resource_decrease=0.005)"
556,8.84157109813668e-06,"Peaks only","Oscillating (resource_decrease=0.005)"
556.2,8.55409327060774e-06,"Peaks only","Oscillating (resource_decrease=0.005)"
556.4,8.51238721644119e-06,"Peaks only","Oscillating (resource_decrease=0.005)"
556.6,8.84073413723249e-06,"Peaks only","Oscillating (resource_decrease=0.005)"
556.8,9.62863755353789e-06,"Peaks only","Oscillating (resource_decrease=0.005)"
557,1.08579162457728e-05,"Peaks only","Oscillating (resource_decrease=0.005)"
557.2,0,"Peaks only","Oscillating (resource_decrease=0.005)"
557.4,0,"Peaks only","Oscillating (resource_decrease=0.005)"
557.6,0,"Peaks only","Oscillating (resource_decrease=0.005)"
557.8,0,"Peaks only","Oscillating (resource_decrease=0.005)"
558,0,"Peaks only","Oscillating (resource_decrease=0.005)"
558.2,0,"Peaks only","Oscillating (resource_decrease=0.005)"
558.4,0,"Peaks only","Oscillating (resource_decrease=0.005)"
558.6,2.28826456181872e-05,"Peaks only","Oscillating (resource_decrease=0.005)"
558.8,2.20579193219081e-05,"Peaks only","Oscillating (resource_decrease=0.005)"
559,2.21702203671181e-05,"Peaks only","Oscillating (resource_decrease=0.005)"
559.2,2.28814802148704e-05,"Peaks only","Oscillating (resource_decrease=0.005)"
559.4,2.38302639426128e-05,"Peaks only","Oscillating (resource_decrease=0.005)"
559.6,2.45677022358751e-05,"Peaks only","Oscillating (resource_decrease=0.005)"
559.8,2.45915076055686e-05,"Peaks only","Oscillating (resource_decrease=0.005)"
560,2.35402142406119e-05,"Peaks only","Oscillating (resource_decrease=0.005)"
560.2,2.14162862725568e-05,"Peaks only","Oscillating (resource_decrease=0.005)"
560.4,1.86145876159857e-05,"Peaks only","Oscillating (resource_decrease=0.005)"
560.6,1.57139158755852e-05,"Peaks only","Oscillating (resource_decrease=0.005)"
560.8,1.31992123347494e-05,"Peaks only","Oscillating (resource_decrease=0.005)"
561,1.13026404622804e-05,"Peaks only","Oscillating (resource_decrease=0.005)"
561.2,1.00102987633466e-05,"Peaks only","Oscillating (resource_decrease=0.005)"
561.4,9.16659750789051e-06,"Peaks only","Oscillating (resource_decrease=0.005)"
561.6,8.60335677276657e-06,"Peaks only","Oscillating (resource_decrease=0.005)"
561.8,8.23675269715238e-06,"Peaks only","Oscillating (resource_decrease=0.005)"
562,8.09404579044625e-06,"Peaks only","Oscillating (resource_decrease=0.005)"
562.2,8.27822908031599e-06,"Peaks only","Oscillating (resource_decrease=0.005)"
562.4,8.90061763582109e-06,"Peaks only","Oscillating (resource_decrease=0.005)"
562.6,1.00004030192863e-05,"Peaks only","Oscillating (resource_decrease=0.005)"
562.8,1.14801837894883e-05,"Peaks only","Oscillating (resource_decrease=0.005)"
563,0,"Peaks only","Oscillating (resource_decrease=0.005)"
563.2,0,"Peaks only","Oscillating (resource_decrease=0.005)"
563.4,0,"Peaks only","Oscillating (resource_decrease=0.005)"
563.6,0,"Peaks only","Oscillating (resource_decrease=0.005)"
563.8,0,"Peaks only","Oscillating (resource_decrease=0.005)"
564,0,"Peaks only","Oscillating (resource_decrease=0.005)"
564.2,0,"Peaks only","Oscillating (resource_decrease=0.005)"
564.4,2.3070838806255e-05,"Peaks only","Oscillating (resource_decrease=0.005)"
564.6,2.24606059789006e-05,"Peaks only","Oscillating (resource_decrease=0.005)"
564.8,2.28242823724087e-05,"Peaks only","Oscillating (resource_decrease=0.005)"
565,2.37228263696949e-05,"Peaks only","Oscillating (resource_decrease=0.005)"
565.2,2.4702445288631e-05,"Peaks only","Oscillating (resource_decrease=0.005)"
565.4,2.52705954162635e-05,"Peaks only","Oscillating (resource_decrease=0.005)"
565.6,2.49576997377185e-05,"Peaks only","Oscillating (resource_decrease=0.005)"
565.8,2.35090862729015e-05,"Peaks only","Oscillating (resource_decrease=0.005)"
566,2.10612012239023e-05,"Peaks only","Oscillating (resource_decrease=0.005)"
566.2,1.80959336921903e-05,"Peaks only","Oscillating (resource_decrease=0.005)"
566.4,1.51874358653429e-05,"Peaks only","Oscillating (resource_decrease=0.005)"
566.6,1.27471597131723e-05,"Peaks only","Oscillating (resource_decrease=0.005)"
566.8,1.09272193661539e-05,"Peaks only","Oscillating (resource_decrease=0.005)"
567,9.67260606977521e-06,"Peaks only","Oscillating (resource_decrease=0.005)"
567.2,8.83145764146892e-06,"Peaks only","Oscillating (resource_decrease=0.005)"
567.4,8.26497323994809e-06,"Peaks only","Oscillating (resource_decrease=0.005)"
567.6,7.9213156698183e-06,"Peaks only","Oscillating (resource_decrease=0.005)"
567.8,7.8472891977079e-06,"Peaks only","Oscillating (resource_decrease=0.005)"
568,8.14772916736847e-06,"Peaks only","Oscillating (resource_decrease=0.005)"
568.2,8.91773839671213e-06,"Peaks only","Oscillating (resource_decrease=0.005)"
568.4,1.01639454792358e-05,"Peaks only","Oscillating (resource_decrease=0.005)"
568.6,1.17490641527383e-05,"Peaks only","Oscillating (resource_decrease=0.005)"
568.8,1.34168848807666e-05,"Peaks only","Oscillating (resource_decrease=0.005)"
569,0,"Peaks only","Oscillating (resource_decrease=0.005)"
569.2,0,"Peaks only","Oscillating (resource_decrease=0.005)"
569.4,0,"Peaks only","Oscillating (resource_decrease=0.005)"
569.6,0,"Peaks only","Oscillating (resource_decrease=0.005)"
569.8,0,"Peaks only","Oscillating (resource_decrease=0.005)"
570,0,"Peaks only","Oscillating (resource_decrease=0.005)"
570.2,0,"Peaks only","Oscillating (resource_decrease=0.005)"
570.4,2.44094958228125e-05,"Peaks only","Oscillating (resource_decrease=0.005)"
570.6,2.41748761204606e-05,"Peaks only","Oscillating (resource_decrease=0.005)"
570.8,2.47453135917195e-05,"Peaks only","Oscillating (resource_decrease=0.005)"
571,2.54811137270114e-05,"Peaks only","Oscillating (resource_decrease=0.005)"
571.2,2.58425317883997e-05,"Peaks only","Oscillating (resource_decrease=0.005)"
571.4,2.54194278996962e-05,"Peaks only","Oscillating (resource_decrease=0.005)"
571.6,2.39874273779736e-05,"Peaks only","Oscillating (resource_decrease=0.005)"
571.8,2.1613178944164e-05,"Peaks only","Oscillating (resource_decrease=0.005)"
572,1.86764121502352e-05,"Peaks only","Oscillating (resource_decrease=0.005)"
572.2,1.56959786476254e-05,"Peaks only","Oscillating (resource_decrease=0.005)"
572.4,1.30850301055137e-05,"Peaks only","Oscillating (resource_decrease=0.005)"
572.6,1.10319067924795e-05,"Peaks only","Oscillating (resource_decrease=0.005)"
572.8,9.54018026055697e-06,"Peaks only","Oscillating (resource_decrease=0.005)"
573,8.52367600928075e-06,"Peaks only","Oscillating (resource_decrease=0.005)"
573.2,7.87913167000478e-06,"Peaks only","Oscillating (resource_decrease=0.005)"
573.4,7.53833230981374e-06,"Peaks only","Oscillating (resource_decrease=0.005)"
573.6,7.50205310873886e-06,"Peaks only","Oscillating (resource_decrease=0.005)"
573.8,7.83479280770896e-06,"Peaks only","Oscillating (resource_decrease=0.005)"
574,8.6161226527057e-06,"Peaks only","Oscillating (resource_decrease=0.005)"
574.2,9.86323214036956e-06,"Peaks only","Oscillating (resource_decrease=0.005)"
574.4,1.14596490016394e-05,"Peaks only","Oscillating (resource_decrease=0.005)"
574.6,1.31540550364413e-05,"Peaks only","Oscillating (resource_decrease=0.005)"
574.8,0,"Peaks only","Oscillating (resource_decrease=0.005)"
575,0,"Peaks only","Oscillating (resource_decrease=0.005)"
575.2,0,"Peaks only","Oscillating (resource_decrease=0.005)"
575.4,0,"Peaks only","Oscillating (resource_decrease=0.005)"
575.6,0,"Peaks only","Oscillating (resource_decrease=0.005)"
575.8,0,"Peaks only","Oscillating (resource_decrease=0.005)"
576,0,"Peaks only","Oscillating (resource_decrease=0.005)"
576.2,2.40183010043406e-05,"Peaks only","Oscillating (resource_decrease=0.005)"
576.4,2.39248495788704e-05,"Peaks only","Oscillating (resource_decrease=0.005)"
576.6,2.46617380921458e-05,"Peaks only","Oscillating (resource_decrease=0.005)"
576.8,2.55954256458007e-05,"Peaks only","Oscillating (resource_decrease=0.005)"
577,2.61824891507392e-05,"Peaks only","Oscillating (resource_decrease=0.005)"
577.2,2.59964920669146e-05,"Peaks only","Oscillating (resource_decrease=0.005)"
577.4,2.47811555039882e-05,"Peaks only","Oscillating (resource_decrease=0.005)"
577.6,2.25600009200569e-05,"Peaks only","Oscillating (resource_decrease=0.005)"
577.8,1.96766304877997e-05,"Peaks only","Oscillating (resource_decrease=0.005)"
578,1.6642728515245e-05,"Peaks only","Oscillating (resource_decrease=0.005)"
578.2,1.38979181930416e-05,"Peaks only","Oscillating (resource_decrease=0.005)"
578.4,1.16726648247258e-05,"Peaks only","Oscillating (resource_decrease=0.005)"
578.6,1.00054753371566e-05,"Peaks only","Oscillating (resource_decrease=0.005)"
578.8,8.82764645206882e-06,"Peaks only","Oscillating (resource_decrease=0.005)"
579,8.03843988010711e-06,"Peaks only","Oscillating (resource_decrease=0.005)"
579.2,7.56369225797963e-06,"Peaks only","Oscillating (resource_decrease=0.005)"
579.4,7.39491204624082e-06,"Peaks only","Oscillating (resource_decrease=0.005)"
579.6,7.58897357590277e-06,"Peaks only","Oscillating (resource_decrease=0.005)"
579.8,8.22792122849984e-06,"Peaks only","Oscillating (resource_decrease=0.005)"
580,9.35138463894194e-06,"Peaks only","Oscillating (resource_decrease=0.005)"
580.2,1.08827347734529e-05,"Peaks only","Oscillating (resource_decrease=0.005)"
580.4,1.26019001682666e-05,"Peaks only","Oscillating (resource_decrease=0.005)"
580.6,1.42161200259612e-05,"Peaks only","Oscillating (resource_decrease=0.005)"
580.8,0,"Peaks only","Oscillating (resource_decrease=0.005)"
581,0,"Peaks only","Oscillating (resource_decrease=0.005)"
581.2,0,"Peaks only","Oscillating (resource_decrease=0.005)"
581.4,0,"Peaks only","Oscillating (resource_decrease=0.005)"
581.6,0,"Peaks only","Oscillating (resource_decrease=0.005)"
581.8,0,"Peaks only","Oscillating (resource_decrease=0.005)"
582,2.3352616440284e-05,"Peaks only","Oscillating (resource_decrease=0.005)"
582.2,2.32592604180909e-05,"Peaks only","Oscillating (resource_decrease=0.005)"
582.4,2.40745956301715e-05,"Peaks only","Oscillating (resource_decrease=0.005)"
582.6,2.51912714778592e-05,"Peaks only","Oscillating (resource_decrease=0.005)"
582.8,2.60548965348621e-05,"Peaks only","Oscillating (resource_decrease=0.005)"
583,2.6235594636606e-05,"Peaks only","Oscillating (resource_decrease=0.005)"
583.2,2.54740534723441e-05,"Peaks only","Oscillating (resource_decrease=0.005)"
583.4,2.37105481675316e-05,"Peaks only","Oscillating (resource_decrease=0.005)"
583.6,2.11344900809757e-05,"Peaks only","Oscillating (resource_decrease=0.005)"
583.8,1.81607880996629e-05,"Peaks only","Oscillating (resource_decrease=0.005)"
584,1.52622657006242e-05,"Peaks only","Oscillating (resource_decrease=0.005)"
584.2,1.2779212705433e-05,"Peaks only","Oscillating (resource_decrease=0.005)"
584.4,1.08477415787328e-05,"Peaks only","Oscillating (resource_decrease=0.005)"
584.6,9.44316390742198e-06,"Peaks only","Oscillating (resource_decrease=0.005)"
584.8,8.46425125059993e-06,"Peaks only","Oscillating (resource_decrease=0.005)"
585,7.81654445062044e-06,"Peaks only","Oscillating (resource_decrease=0.005)"
585.2,7.46813063446955e-06,"Peaks only","Oscillating (resource_decrease=0.005)"
585.4,7.45684265591789e-06,"Peaks only","Oscillating (resource_decrease=0.005)"
585.6,7.85921217655471e-06,"Peaks only","Oscillating (resource_decrease=0.005)"
585.8,8.73898170282132e-06,"Peaks only","Oscillating (resource_decrease=0.005)"
586,1.00805891015306e-05,"Peaks only","Oscillating (resource_decrease=0.005)"
586.2,1.17347530350119e-05,"Peaks only","Oscillating (resource_decrease=0.005)"
586.4,1.34355449859593e-05,"Peaks only","Oscillating (resource_decrease=0.005)"
586.6,0,"Peaks only","Oscillating (resource_decrease=0.005)"
586.8,0,"Peaks only","Oscillating (resource_decrease=0.005)"
587,0,"Peaks only","Oscillating (resource_decrease=0.005)"
587.2,0,"Peaks only","Oscillating (resource_decrease=0.005)"
587.4,0,"Peaks only","Oscillating (resource_decrease=0.005)"
587.6,0,"Peaks only","Oscillating (resource_decrease=0.005)"
587.8,0,"Peaks only","Oscillating (resource_decrease=0.005)"
588,2.42158742044527e-05,"Peaks only","Oscillating (resource_decrease=0.005)"
588.2,2.4176877483682e-05,"Peaks only","Oscillating (resource_decrease=0.005)"
588.4,2.49316498671625e-05,"Peaks only","Oscillating (resource_decrease=0.005)"
588.6,2.58195552495267e-05,"Peaks only","Oscillating (resource_decrease=0.005)"
588.8,2.62929870987961e-05,"Peaks only","Oscillating (resource_decrease=0.005)"
589,2.5947316121424e-05,"Peaks only","Oscillating (resource_decrease=0.005)"
589.2,2.45684423810307e-05,"Peaks only","Oscillating (resource_decrease=0.005)"
589.4,2.2226624259527e-05,"Peaks only","Oscillating (resource_decrease=0.005)"
589.6,1.92941939377077e-05,"Peaks only","Oscillating (resource_decrease=0.005)"
589.8,1.62790744194787e-05,"Peaks only","Oscillating (resource_decrease=0.005)"
590,1.3591641721862e-05,"Peaks only","Oscillating (resource_decrease=0.005)"
590.2,1.14297658919068e-05,"Peaks only","Oscillating (resource_decrease=0.005)"
590.4,9.81372185186932e-06,"Peaks only","Oscillating (resource_decrease=0.005)"
590.6,8.67365246719383e-06,"Peaks only","Oscillating (resource_decrease=0.005)"
590.8,7.91734043463459e-06,"Peaks only","Oscillating (resource_decrease=0.005)"
591,7.48053689084517e-06,"Peaks only","Oscillating (resource_decrease=0.005)"
591.2,7.36138937007807e-06,"Peaks only","Oscillating (resource_decrease=0.005)"
591.4,7.6184842723376e-06,"Peaks only","Oscillating (resource_decrease=0.005)"
591.6,8.32929575809909e-06,"Peaks only","Oscillating (resource_decrease=0.005)"
591.8,9.52075151163831e-06,"Peaks only","Oscillating (resource_decrease=0.005)"
592,1.1097182962389e-05,"Peaks only","Oscillating (resource_decrease=0.005)"
592.2,1.2822710160961e-05,"Peaks only","Oscillating (resource_decrease=0.005)"
592.4,0,"Peaks only","Oscillating (resource_decrease=0.005)"
592.6,0,"Peaks only","Oscillating (resource_decrease=0.005)"
592.8,0,"Peaks only","Oscillating (resource_decrease=0.005)"
593,0,"Peaks only","Oscillating (resource_decrease=0.005)"
593.2,0,"Peaks only","Oscillating (resource_decrease=0.005)"
593.4,0,"Peaks only","Oscillating (resource_decrease=0.005)"
593.6,0,"Peaks only","Oscillating (resource_decrease=0.005)"
593.8,2.35994766760918e-05,"Peaks only","Oscillating (resource_decrease=0.005)"
594,2.3511124545231e-05,"Peaks only","Oscillating (resource_decrease=0.005)"
594.2,2.43109981447345e-05,"Peaks only","Oscillating (resource_decrease=0.005)"
594.4,2.537991097161e-05,"Peaks only","Oscillating (resource_decrease=0.005)"
594.6,2.61653883639348e-05,"Peaks only","Oscillating (resource_decrease=0.005)"
594.8,2.62077267658766e-05,"Peaks only","Oscillating (resource_decrease=0.005)"
595,2.52017452524123e-05,"Peaks only","Oscillating (resource_decrease=0.005)"
595.2,2.31245939519352e-05,"Peaks only","Oscillating (resource_decrease=0.005)"
595.4,2.0296793526217e-05,"Peaks only","Oscillating (resource_decrease=0.005)"
595.6,1.7239660116473e-05,"Peaks only","Oscillating (resource_decrease=0.005)"
595.8,1.44246607093664e-05,"Peaks only","Oscillating (resource_decrease=0.005)"
596,1.21145689772773e-05,"Peaks only","Oscillating (resource_decrease=0.005)"
596.2,1.03655337436135e-05,"Peaks only","Oscillating (resource_decrease=0.005)"
596.4,9.11117791509436e-06,"Peaks only","Oscillating (resource_decrease=0.005)"
596.6,8.24534906951161e-06,"Peaks only","Oscillating (resource_decrease=0.005)"
596.8,7.68773198702477e-06,"Peaks only","Oscillating (resource_decrease=0.005)"
597,7.42607679946171e-06,"Peaks only","Oscillating (resource_decrease=0.005)"
597.2,7.51668534574952e-06,"Peaks only","Oscillating (resource_decrease=0.005)"
597.4,8.04627847761782e-06,"Peaks only","Oscillating (resource_decrease=0.005)"
597.6,9.0690078014578e-06,"Peaks only","Oscillating (resource_decrease=0.005)"
597.8,1.05336071250292e-05,"Peaks only","Oscillating (resource_decrease=0.005)"
598,1.22447386303833e-05,"Peaks only","Oscillating (resource_decrease=0.005)"
598.2,1.39143274792936e-05,"Peaks only","Oscillating (resource_decrease=0.005)"
598.4,0,"Peaks only","Oscillating (resource_decrease=0.005)"
598.6,0,"Peaks only","Oscillating (resource_decrease=0.005)"
598.8,0,"Peaks only","Oscillating (resource_decrease=0.005)"
599,0,"Peaks only","Oscillating (resource_decrease=0.005)"
599.2,0,"Peaks only","Oscillating (resource_decrease=0.005)"
599.4,0,"Peaks only","Oscillating (resource_decrease=0.005)"
599.6,0,"Peaks only","Oscillating (resource_decrease=0.005)"
599.8,2.47337638418604e-05,"Peaks only","Oscillating (resource_decrease=0.005)"
600,2.47368597680054e-05,"Peaks only","Oscillating (resource_decrease=0.005)"
600.2,2.54502806745854e-05,"Peaks only","Oscillating (resource_decrease=0.005)"
600.4,2.61846342226769e-05,"Peaks only","Oscillating (resource_decrease=0.005)"
600.6,2.64039800263361e-05,"Peaks only","Oscillating (resource_decrease=0.005)"
600.8,2.57555516961418e-05,"Peaks only","Oscillating (resource_decrease=0.005)"
601,2.41009194297055e-05,"Peaks only","Oscillating (resource_decrease=0.005)"
601.2,2.15786632060425e-05,"Peaks only","Oscillating (resource_decrease=0.005)"
601.4,1.85892925531613e-05,"Peaks only","Oscillating (resource_decrease=0.005)"
601.6,1.56182825545973e-05,"Peaks only","Oscillating (resource_decrease=0.005)"
601.8,1.30248881813371e-05,"Peaks only","Oscillating (resource_decrease=0.005)"
602,1.09619237911075e-05,"Peaks only","Oscillating (resource_decrease=0.005)"
602.2,9.43020895616201e-06,"Peaks only","Oscillating (resource_decrease=0.005)"
602.4,8.36301328207233e-06,"Peaks only","Oscillating (resource_decrease=0.005)"
602.6,7.68079109396631e-06,"Peaks only","Oscillating (resource_decrease=0.005)"
602.8,7.33117256522118e-06,"Peaks only","Oscillating (resource_decrease=0.005)"
603,7.318933899159e-06,"Peaks only","Oscillating (resource_decrease=0.005)"
603.2,7.70234429945044e-06,"Peaks only","Oscillating (resource_decrease=0.005)"
603.4,8.54841580367023e-06,"Peaks only","Oscillating (resource_decrease=0.005)"
603.6,9.85936705619635e-06,"Peaks only","Oscillating (resource_decrease=0.005)"
603.8,1.15047087836495e-05,"Peaks only","Oscillating (resource_decrease=0.005)"
604,1.32226263545952e-05,"Peaks only","Oscillating (resource_decrease=0.005)"
604.2,0,"Peaks only","Oscillating (resource_decrease=0.005)"
604.4,0,"Peaks only","Oscillating (resource_decrease=0.005)"
604.6,0,"Peaks only","Oscillating (resource_decrease=0.005)"
604.8,0,"Peaks only","Oscillating (resource_decrease=0.005)"
605,0,"Peaks only","Oscillating (resource_decrease=0.005)"
605.2,0,"Peaks only","Oscillating (resource_decrease=0.005)"
605.4,0,"Peaks only","Oscillating (resource_decrease=0.005)"
605.6,2.39570043146647e-05,"Peaks only","Oscillating (resource_decrease=0.005)"
605.8,2.3961373188661e-05,"Peaks only","Oscillating (resource_decrease=0.005)"
606,2.47880715054188e-05,"Peaks only","Oscillating (resource_decrease=0.005)"
606.2,2.57863989406615e-05,"Peaks only","Oscillating (resource_decrease=0.005)"
606.4,2.64054124786977e-05,"Peaks only","Oscillating (resource_decrease=0.005)"
606.6,2.62232986027867e-05,"Peaks only","Oscillating (resource_decrease=0.005)"
606.8,2.49969631404144e-05,"Peaks only","Oscillating (resource_decrease=0.005)"
607,2.2763406408606e-05,"Peaks only","Oscillating (resource_decrease=0.005)"
607.2,1.98716493159324e-05,"Peaks only","Oscillating (resource_decrease=0.005)"
607.4,1.68287967056659e-05,"Peaks only","Oscillating (resource_decrease=0.005)"
607.6,1.406596123864e-05,"Peaks only","Oscillating (resource_decrease=0.005)"
607.8,1.18090011302459e-05,"Peaks only","Oscillating (resource_decrease=0.005)"
608,1.00987516659864e-05,"Peaks only","Oscillating (resource_decrease=0.005)"
608.2,8.8734955129653e-06,"Peaks only","Oscillating (resource_decrease=0.005)"
608.4,8.03998564386429e-06,"Peaks only","Oscillating (resource_decrease=0.005)"
608.6,7.52889864550222e-06,"Peaks only","Oscillating (resource_decrease=0.005)"
608.8,7.3327273780062e-06,"Peaks only","Oscillating (resource_decrease=0.005)"
609,7.5062436406646e-06,"Peaks only","Oscillating (resource_decrease=0.005)"
609.2,8.12885202326797e-06,"Peaks only","Oscillating (resource_decrease=0.005)"
609.4,9.24036886414452e-06,"Peaks only","Oscillating (resource_decrease=0.005)"
609.6,1.0768525544179e-05,"Peaks only","Oscillating (resource_decrease=0.005)"
609.8,1.24980391913724e-05,"Peaks only","Oscillating (resource_decrease=0.005)"
610,1.41346773788435e-05,"Peaks only","Oscillating (resource_decrease=0.005)"
610.2,0,"Peaks only","Oscillating (resource_decrease=0.005)"
610.4,0,"Peaks only","Oscillating (resource_decrease=0.005)"
610.6,0,"Peaks only","Oscillating (resource_decrease=0.005)"
610.8,0,"Peaks only","Oscillating (resource_decrease=0.005)"
611,0,"Peaks only","Oscillating (resource_decrease=0.005)"
611.2,0,"Peaks only","Oscillating (resource_decrease=0.005)"
611.4,2.32127449660292e-05,"Peaks only","Oscillating (resource_decrease=0.005)"
611.6,2.31266562421274e-05,"Peaks only","Oscillating (resource_decrease=0.005)"
611.8,2.39668572257588e-05,"Peaks only","Oscillating (resource_decrease=0.005)"
612,2.51291400625948e-05,"Peaks only","Oscillating (resource_decrease=0.005)"
612.2,2.60559506928768e-05,"Peaks only","Oscillating (resource_decrease=0.005)"
612.4,2.63083612781671e-05,"Peaks only","Oscillating (resource_decrease=0.005)"
612.6,2.56144389887728e-05,"Peaks only","Oscillating (resource_decrease=0.005)"
612.8,2.39018668350422e-05,"Peaks only","Oscillating (resource_decrease=0.005)"
613,2.13518857330934e-05,"Peaks only","Oscillating (resource_decrease=0.005)"
613.2,1.83788661117336e-05,"Peaks only","Oscillating (resource_decrease=0.005)"
613.4,1.54620808766568e-05,"Peaks only","Oscillating (resource_decrease=0.005)"
613.6,1.29508568052509e-05,"Peaks only","Oscillating (resource_decrease=0.005)"
613.8,1.0988263578919e-05,"Peaks only","Oscillating (resource_decrease=0.005)"
614,9.55270117744374e-06,"Peaks only","Oscillating (resource_decrease=0.005)"
614.2,8.54314335687426e-06,"Peaks only","Oscillating (resource_decrease=0.005)"
614.4,7.86423079631851e-06,"Peaks only","Oscillating (resource_decrease=0.005)"
614.6,7.48317857759633e-06,"Peaks only","Oscillating (resource_decrease=0.005)"
614.8,7.43729589758453e-06,"Peaks only","Oscillating (resource_decrease=0.005)"
615,7.80341903521043e-06,"Peaks only","Oscillating (resource_decrease=0.005)"
615.2,8.64800601406763e-06,"Peaks only","Oscillating (resource_decrease=0.005)"
615.4,9.96223351967269e-06,"Peaks only","Oscillating (resource_decrease=0.005)"
615.6,1.16058773604894e-05,"Peaks only","Oscillating (resource_decrease=0.005)"
615.8,1.33181548042372e-05,"Peaks only","Oscillating (resource_decrease=0.005)"
616,0,"Peaks only","Oscillating (resource_decrease=0.005)"
616.2,0,"Peaks only","Oscillating (resource_decrease=0.005)"
616.4,0,"Peaks only","Oscillating (resource_decrease=0.005)"
616.6,0,"Peaks only","Oscillating (resource_decrease=0.005)"
616.8,0,"Peaks only","Oscillating (resource_decrease=0.005)"
617,0,"Peaks only","Oscillating (resource_decrease=0.005)"
617.2,0,"Peaks only","Oscillating (resource_decrease=0.005)"
617.4,2.40841380457984e-05,"Peaks only","Oscillating (resource_decrease=0.005)"
617.6,2.40332071214697e-05,"Peaks only","Oscillating (resource_decrease=0.005)"
617.8,2.47989274251394e-05,"Peaks only","Oscillating (resource_decrease=0.005)"
618,2.57263808401812e-05,"Peaks only","Oscillating (resource_decrease=0.005)"
618.2,2.62636806058582e-05,"Peaks only","Oscillating (resource_decrease=0.005)"
618.4,2.59923390047392e-05,"Peaks only","Oscillating (resource_decrease=0.005)"
618.6,2.46793903046696e-05,"Peaks only","Oscillating (resource_decrease=0.005)"
618.8,2.23792387321538e-05,"Peaks only","Oscillating (resource_decrease=0.005)"
619,1.94589421238511e-05,"Peaks only","Oscillating (resource_decrease=0.005)"
619.2,1.64331710723876e-05,"Peaks only","Oscillating (resource_decrease=0.005)"
619.4,1.37249097526198e-05,"Peaks only","Oscillating (resource_decrease=0.005)"
619.6,1.15421300589923e-05,"Peaks only","Oscillating (resource_decrease=0.005)"
619.8,9.90864790768775e-06,"Peaks only","Oscillating (resource_decrease=0.005)"
620,8.75298892591809e-06,"Peaks only","Oscillating (resource_decrease=0.005)"
620.2,7.97962500765738e-06,"Peaks only","Oscillating (resource_decrease=0.005)"
620.4,7.52176275611572e-06,"Peaks only","Oscillating (resource_decrease=0.005)"
620.6,7.37658434501577e-06,"Peaks only","Oscillating (resource_decrease=0.005)"
620.8,7.60329586400354e-06,"Peaks only","Oscillating (resource_decrease=0.005)"
621,8.28192550511475e-06,"Peaks only","Oscillating (resource_decrease=0.005)"
621.2,9.44475203439811e-06,"Peaks only","Oscillating (resource_decrease=0.005)"
621.4,1.10037837364792e-05,"Peaks only","Oscillating (resource_decrease=0.005)"
621.6,1.27294399483408e-05,"Peaks only","Oscillating (resource_decrease=0.005)"
621.8,0,"Peaks only","Oscillating (resource_decrease=0.005)"
622,0,"Peaks only","Oscillating (resource_decrease=0.005)"
622.2,0,"Peaks only","Oscillating (resource_decrease=0.005)"
622.4,0,"Peaks only","Oscillating (resource_decrease=0.005)"
622.6,0,"Peaks only","Oscillating (resource_decrease=0.005)"
622.8,0,"Peaks only","Oscillating (resource_decrease=0.005)"
623,0,"Peaks only","Oscillating (resource_decrease=0.005)"
623.2,2.35247209004587e-05,"Peaks only","Oscillating (resource_decrease=0.005)"
623.4,2.34123370138021e-05,"Peaks only","Oscillating (resource_decrease=0.005)"
623.6,2.42028588891356e-05,"Peaks only","Oscillating (resource_decrease=0.005)"
623.8,2.52848446509377e-05,"Peaks only","Oscillating (resource_decrease=0.005)"
624,2.61061055298646e-05,"Peaks only","Oscillating (resource_decrease=0.005)"
624.2,2.61986623220169e-05,"Peaks only","Oscillating (resource_decrease=0.005)"
624.4,2.52430385934609e-05,"Peaks only","Oscillating (resource_decrease=0.005)"
624.6,2.32021739822255e-05,"Peaks only","Oscillating (resource_decrease=0.005)"
624.8,2.03894829549373e-05,"Peaks only","Oscillating (resource_decrease=0.005)"
625,1.73292890302049e-05,"Peaks only","Oscillating (resource_decrease=0.005)"
625.2,1.45024918943664e-05,"Peaks only","Oscillating (resource_decrease=0.005)"
625.4,1.21806823065287e-05,"Peaks only","Oscillating (resource_decrease=0.005)"
625.6,1.04237091252746e-05,"Peaks only","Oscillating (resource_decrease=0.005)"
625.8,9.16402363080216e-06,"Peaks only","Oscillating (resource_decrease=0.005)"
626,8.29223252532558e-06,"Peaks only","Oscillating (resource_decrease=0.005)"
626.2,7.72524748061781e-06,"Peaks only","Oscillating (resource_decrease=0.005)"
626.4,7.44964456907332e-06,"Peaks only","Oscillating (resource_decrease=0.005)"
626.6,7.52213749244806e-06,"Peaks only","Oscillating (resource_decrease=0.005)"
626.8,8.03117819304139e-06,"Peaks only","Oscillating (resource_decrease=0.005)"
627,9.03408331180174e-06,"Peaks only","Oscillating (resource_decrease=0.005)"
627.2,1.04841151149787e-05,"Peaks only","Oscillating (resource_decrease=0.005)"
627.4,1.2190321371486e-05,"Peaks only","Oscillating (resource_decrease=0.005)"
627.6,1.38662340208177e-05,"Peaks only","Oscillating (resource_decrease=0.005)"
627.8,0,"Peaks only","Oscillating (resource_decrease=0.005)"
628,0,"Peaks only","Oscillating (resource_decrease=0.005)"
628.2,0,"Peaks only","Oscillating (resource_decrease=0.005)"
628.4,0,"Peaks only","Oscillating (resource_decrease=0.005)"
628.6,0,"Peaks only","Oscillating (resource_decrease=0.005)"
628.8,0,"Peaks only","Oscillating (resource_decrease=0.005)"
629,0,"Peaks only","Oscillating (resource_decrease=0.005)"
629.2,2.46827260541185e-05,"Peaks only","Oscillating (resource_decrease=0.005)"
629.4,2.46738576169101e-05,"Peaks only","Oscillating (resource_decrease=0.005)"
629.6,2.53867220178506e-05,"Peaks only","Oscillating (resource_decrease=0.005)"
629.8,2.6134215189177e-05,"Peaks only","Oscillating (resource_decrease=0.005)"
630,2.63775702774883e-05,"Peaks only","Oscillating (resource_decrease=0.005)"
630.2,2.57569320103009e-05,"Peaks only","Oscillating (resource_decrease=0.005)"
630.4,2.41254354863236e-05,"Peaks only","Oscillating (resource_decrease=0.005)"
630.6,2.16159024319328e-05,"Peaks only","Oscillating (resource_decrease=0.005)"
630.8,1.86285304554574e-05,"Peaks only","Oscillating (resource_decrease=0.005)"
631,1.56531804419475e-05,"Peaks only","Oscillating (resource_decrease=0.005)"
631.2,1.30545206136301e-05,"Peaks only","Oscillating (resource_decrease=0.005)"
631.4,1.09884247014779e-05,"Peaks only","Oscillating (resource_decrease=0.005)"
631.6,9.4556595165807e-06,"Peaks only","Oscillating (resource_decrease=0.005)"
631.8,8.38770636540095e-06,"Peaks only","Oscillating (resource_decrease=0.005)"
632,7.7031713679317e-06,"Peaks only","Oscillating (resource_decrease=0.005)"
632.2,7.34866417926947e-06,"Peaks only","Oscillating (resource_decrease=0.005)"
632.4,7.32889861909829e-06,"Peaks only","Oscillating (resource_decrease=0.005)"
632.6,7.70286010759945e-06,"Peaks only","Oscillating (resource_decrease=0.005)"
632.8,8.53894225223396e-06,"Peaks only","Oscillating (resource_decrease=0.005)"
633,9.84137681750891e-06,"Peaks only","Oscillating (resource_decrease=0.005)"
633.2,1.14819299132544e-05,"Peaks only","Oscillating (resource_decrease=0.005)"
633.4,1.32002905524876e-05,"Peaks only","Oscillating (resource_decrease=0.005)"
633.6,0,"Peaks only","Oscillating (resource_decrease=0.005)"
633.8,0,"Peaks only","Oscillating (resource_decrease=0.005)"
634,0,"Peaks only","Oscillating (resource_decrease=0.005)"
634.2,0,"Peaks only","Oscillating (resource_decrease=0.005)"
634.4,0,"Peaks only","Oscillating (resource_decrease=0.005)"
634.6,0,"Peaks only","Oscillating (resource_decrease=0.005)"
634.8,0,"Peaks only","Oscillating (resource_decrease=0.005)"
635,2.3942151672788e-05,"Peaks only","Oscillating (resource_decrease=0.005)"
635.2,2.39373052004429e-05,"Peaks only","Oscillating (resource_decrease=0.005)"
635.4,2.47590449052363e-05,"Peaks only","Oscillating (resource_decrease=0.005)"
635.6,2.5758649883182e-05,"Peaks only","Oscillating (resource_decrease=0.005)"
635.8,2.6384922161368e-05,"Peaks only","Oscillating (resource_decrease=0.005)"
636,2.62134971434159e-05,"Peaks only","Oscillating (resource_decrease=0.005)"
636.2,2.49974619924671e-05,"Peaks only","Oscillating (resource_decrease=0.005)"
636.4,2.27705794882799e-05,"Peaks only","Oscillating (resource_decrease=0.005)"
636.6,1.98808898458956e-05,"Peaks only","Oscillating (resource_decrease=0.005)"
636.8,1.6836993721992e-05,"Peaks only","Oscillating (resource_decrease=0.005)"
637,1.40725249363409e-05,"Peaks only","Oscillating (resource_decrease=0.005)"
637.2,1.18150853035872e-05,"Peaks only","Oscillating (resource_decrease=0.005)"
637.4,1.01057297057447e-05,"Peaks only","Oscillating (resource_decrease=0.005)"
637.6,8.88188638457062e-06,"Peaks only","Oscillating (resource_decrease=0.005)"
637.8,8.04923614052566e-06,"Peaks only","Oscillating (resource_decrease=0.005)"
638,7.53776022650072e-06,"Peaks only","Oscillating (resource_decrease=0.005)"
638.2,7.33981016278559e-06,"Peaks only","Oscillating (resource_decrease=0.005)"
638.4,7.51046527792566e-06,"Peaks only","Oscillating (resource_decrease=0.005)"
638.6,8.12969868813903e-06,"Peaks only","Oscillating (resource_decrease=0.005)"
638.8,9.23801485028389e-06,"Peaks only","Oscillating (resource_decrease=0.005)"
639,1.07638404668459e-05,"Peaks only","Oscillating (resource_decrease=0.005)"
639.2,1.24924397422145e-05,"Peaks only","Oscillating (resource_decrease=0.005)"
639.4,1.41298057928172e-05,"Peaks only","Oscillating (resource_decrease=0.005)"
639.6,0,"Peaks only","Oscillating (resource_decrease=0.005)"
639.8,0,"Peaks only","Oscillating (resource_decrease=0.005)"
640,0,"Peaks only","Oscillating (resource_decrease=0.005)"
640.2,0,"Peaks only","Oscillating (resource_decrease=0.005)"
640.4,0,"Peaks only","Oscillating (resource_decrease=0.005)"
640.6,0,"Peaks only","Oscillating (resource_decrease=0.005)"
640.8,2.32134140860988e-05,"Peaks only","Oscillating (resource_decrease=0.005)"
641,2.31231665207747e-05,"Peaks only","Oscillating (resource_decrease=0.005)"
641.2,2.39598900348894e-05,"Peaks only","Oscillating (resource_decrease=0.005)"
641.4,2.51202404280716e-05,"Peaks only","Oscillating (resource_decrease=0.005)"
641.6,2.60469800701717e-05,"Peaks only","Oscillating (resource_decrease=0.005)"
641.8,2.63007882455677e-05,"Peaks only","Oscillating (resource_decrease=0.005)"
642,2.56087998612714e-05,"Peaks only","Oscillating (resource_decrease=0.005)"
642.2,2.389771321321e-05,"Peaks only","Oscillating (resource_decrease=0.005)"
642.4,2.13482920282946e-05,"Peaks only","Oscillating (resource_decrease=0.005)"
642.6,1.83751679412614e-05,"Peaks only","Oscillating (resource_decrease=0.005)"
642.8,1.54583073130222e-05,"Peaks only","Oscillating (resource_decrease=0.005)"
643,1.29475973697834e-05,"Peaks only","Oscillating (resource_decrease=0.005)"
643.2,1.09861972840988e-05,"Peaks only","Oscillating (resource_decrease=0.005)"
643.4,9.55219207521778e-06,"Peaks only","Oscillating (resource_decrease=0.005)"
643.6,8.54411383847008e-06,"Peaks only","Oscillating (resource_decrease=0.005)"
643.8,7.86627690337772e-06,"Peaks only","Oscillating (resource_decrease=0.005)"
644,7.48578950550835e-06,"Peaks only","Oscillating (resource_decrease=0.005)"
644.2,7.44005237488046e-06,"Peaks only","Oscillating (resource_decrease=0.005)"
644.4,7.80609395467786e-06,"Peaks only","Oscillating (resource_decrease=0.005)"
644.6,8.65053978209365e-06,"Peaks only","Oscillating (resource_decrease=0.005)"
644.8,9.9646122500936e-06,"Peaks only","Oscillating (resource_decrease=0.005)"
645,1.16080214312768e-05,"Peaks only","Oscillating (resource_decrease=0.005)"
645.2,1.33199512936848e-05,"Peaks only","Oscillating (resource_decrease=0.005)"
645.4,0,"Peaks only","Oscillating (resource_decrease=0.005)"
645.6,0,"Peaks only","Oscillating (resource_decrease=0.005)"
645.8,0,"Peaks only","Oscillating (resource_decrease=0.005)"
646,0,"Peaks only","Oscillating (resource_decrease=0.005)"
646.2,0,"Peaks only","Oscillating (resource_decrease=0.005)"
646.4,0,"Peaks only","Oscillating (resource_decrease=0.005)"
646.6,0,"Peaks only","Oscillating (resource_decrease=0.005)"
646.8,2.40878450329017e-05,"Peaks only","Oscillating (resource_decrease=0.005)"
647,2.40358553387047e-05,"Peaks only","Oscillating (resource_decrease=0.005)"
647.2,2.48002383861313e-05,"Peaks only","Oscillating (resource_decrease=0.005)"
647.4,2.57260991183538e-05,"Peaks only","Oscillating (resource_decrease=0.005)"
647.6,2.62616449564365e-05,"Peaks only","Oscillating (resource_decrease=0.005)"
647.8,2.59885522999043e-05,"Peaks only","Oscillating (resource_decrease=0.005)"
648,2.4674082092992e-05,"Peaks only","Oscillating (resource_decrease=0.005)"
648.2,2.23728842757628e-05,"Peaks only","Oscillating (resource_decrease=0.005)"
648.4,1.94521887027102e-05,"Peaks only","Oscillating (resource_decrease=0.005)"
648.6,1.64266744202068e-05,"Peaks only","Oscillating (resource_decrease=0.005)"
648.8,1.37191684651336e-05,"Peaks only","Oscillating (resource_decrease=0.005)"
649,1.15374165646941e-05,"Peaks only","Oscillating (resource_decrease=0.005)"
649.2,9.90504692941998e-06,"Peaks only","Oscillating (resource_decrease=0.005)"
649.4,8.75047932248149e-06,"Peaks only","Oscillating (resource_decrease=0.005)"
649.6,7.97814967492e-06,"Peaks only","Oscillating (resource_decrease=0.005)"
649.8,7.52127409122572e-06,"Peaks only","Oscillating (resource_decrease=0.005)"
650,7.37707121197008e-06,"Peaks only","Oscillating (resource_decrease=0.005)"
650.2,7.6047863250867e-06,"Peaks only","Oscillating (resource_decrease=0.005)"
650.4,8.28443604463829e-06,"Peaks only","Oscillating (resource_decrease=0.005)"
650.6,9.44816354027096e-06,"Peaks only","Oscillating (resource_decrease=0.005)"
650.8,1.10077133242407e-05,"Peaks only","Oscillating (resource_decrease=0.005)"
651,1.27332689209381e-05,"Peaks only","Oscillating (resource_decrease=0.005)"
651.2,0,"Peaks only","Oscillating (resource_decrease=0.005)"
651.4,0,"Peaks only","Oscillating (resource_decrease=0.005)"
651.6,0,"Peaks only","Oscillating (resource_decrease=0.005)"
651.8,0,"Peaks only","Oscillating (resource_decrease=0.005)"
652,0,"Peaks only","Oscillating (resource_decrease=0.005)"
652.2,0,"Peaks only","Oscillating (resource_decrease=0.005)"
652.4,0,"Peaks only","Oscillating (resource_decrease=0.005)"
652.6,2.35287188073681e-05,"Peaks only","Oscillating (resource_decrease=0.005)"
652.8,2.34168058892302e-05,"Peaks only","Oscillating (resource_decrease=0.005)"
653,2.42072071316914e-05,"Peaks only","Oscillating (resource_decrease=0.005)"
653.2,2.52882173347938e-05,"Peaks only","Oscillating (resource_decrease=0.005)"
653.4,2.61076550628252e-05,"Peaks only","Oscillating (resource_decrease=0.005)"
653.6,2.61978633453663e-05,"Peaks only","Oscillating (resource_decrease=0.005)"
653.8,2.52399227426006e-05,"Peaks only","Oscillating (resource_decrease=0.005)"
654,2.31973500969086e-05,"Peaks only","Oscillating (resource_decrease=0.005)"
654.2,2.0383887870894e-05,"Peaks only","Oscillating (resource_decrease=0.005)"
654.4,1.73237926012092e-05,"Peaks only","Oscillating (resource_decrease=0.005)"
654.6,1.44976079078676e-05,"Peaks only","Oscillating (resource_decrease=0.005)"
654.8,1.2176544400066e-05,"Peaks only","Oscillating (resource_decrease=0.005)"
655,1.04202450004469e-05,"Peaks only","Oscillating (resource_decrease=0.005)"
655.2,9.16114834696819e-06,"Peaks only","Oscillating (resource_decrease=0.005)"
655.4,8.28994867936314e-06,"Peaks only","Oscillating (resource_decrease=0.005)"
655.6,7.72365041573638e-06,"Peaks only","Oscillating (resource_decrease=0.005)"
655.8,7.44888085575751e-06,"Peaks only","Oscillating (resource_decrease=0.005)"
656,7.52235625387374e-06,"Peaks only","Oscillating (resource_decrease=0.005)"
656.2,8.03247595740147e-06,"Peaks only","Oscillating (resource_decrease=0.005)"
656.4,9.03641765768461e-06,"Peaks only","Oscillating (resource_decrease=0.005)"
656.6,1.04872050342661e-05,"Peaks only","Oscillating (resource_decrease=0.005)"
656.8,1.21936361088617e-05,"Peaks only","Oscillating (resource_decrease=0.005)"
657,1.38691547036681e-05,"Peaks only","Oscillating (resource_decrease=0.005)"
657.2,0,"Peaks only","Oscillating (resource_decrease=0.005)"
657.4,0,"Peaks only","Oscillating (resource_decrease=0.005)"
657.6,0,"Peaks only","Oscillating (resource_decrease=0.005)"
657.8,0,"Peaks only","Oscillating (resource_decrease=0.005)"
658,0,"Peaks only","Oscillating (resource_decrease=0.005)"
658.2,0,"Peaks only","Oscillating (resource_decrease=0.005)"
658.4,0,"Peaks only","Oscillating (resource_decrease=0.005)"
658.6,2.46861955502605e-05,"Peaks only","Oscillating (resource_decrease=0.005)"
658.8,2.46777475705555e-05,"Peaks only","Oscillating (resource_decrease=0.005)"
659,2.53903750523219e-05,"Peaks only","Oscillating (resource_decrease=0.005)"
659.2,2.6136852932856e-05,"Peaks only","Oscillating (resource_decrease=0.005)"
659.4,2.63785801385987e-05,"Peaks only","Oscillating (resource_decrease=0.005)"
659.6,2.57561098241747e-05,"Peaks only","Oscillating (resource_decrease=0.005)"
659.8,2.41230735709863e-05,"Peaks only","Oscillating (resource_decrease=0.005)"
660,2.16126539438301e-05,"Peaks only","Oscillating (resource_decrease=0.005)"
660.2,1.86251027506915e-05,"Peaks only","Oscillating (resource_decrease=0.005)"
660.4,1.56500467538261e-05,"Peaks only","Oscillating (resource_decrease=0.005)"
660.6,1.30518289655906e-05,"Peaks only","Oscillating (resource_decrease=0.005)"
660.8,1.09861107493451e-05,"Peaks only","Oscillating (resource_decrease=0.005)"
661,9.45362328093541e-06,"Peaks only","Oscillating (resource_decrease=0.005)"
661.2,8.38592359700583e-06,"Peaks only","Oscillating (resource_decrease=0.005)"
661.4,7.70171202638824e-06,"Peaks only","Oscillating (resource_decrease=0.005)"
661.6,7.3476578785113e-06,"Peaks only","Oscillating (resource_decrease=0.005)"
661.8,7.32848832037784e-06,"Peaks only","Oscillating (resource_decrease=0.005)"
662,7.70315850948537e-06,"Peaks only","Oscillating (resource_decrease=0.005)"
662.2,8.53998127270726e-06,"Peaks only","Oscillating (resource_decrease=0.005)"
662.4,9.84304514946854e-06,"Peaks only","Oscillating (resource_decrease=0.005)"
662.6,1.14839378177401e-05,"Peaks only","Oscillating (resource_decrease=0.005)"
662.8,1.32022271323374e-05,"Peaks only","Oscillating (resource_decrease=0.005)"
663,0,"Peaks only","Oscillating (resource_decrease=0.005)"
663.2,0,"Peaks only","Oscillating (resource_decrease=0.005)"
663.4,0,"Peaks only","Oscillating (resource_decrease=0.005)"
663.6,0,"Peaks only","Oscillating (resource_decrease=0.005)"
663.8,0,"Peaks only","Oscillating (resource_decrease=0.005)"
664,0,"Peaks only","Oscillating (resource_decrease=0.005)"
664.2,0,"Peaks only","Oscillating (resource_decrease=0.005)"
664.4,2.39438130072727e-05,"Peaks only","Oscillating (resource_decrease=0.005)"
664.6,2.39395361804946e-05,"Peaks only","Oscillating (resource_decrease=0.005)"
664.8,2.47614876609718e-05,"Peaks only","Oscillating (resource_decrease=0.005)"
665,2.57607959065193e-05,"Peaks only","Oscillating (resource_decrease=0.005)"
665.2,2.63862904214137e-05,"Peaks only","Oscillating (resource_decrease=0.005)"
665.4,2.62138180817282e-05,"Peaks only","Oscillating (resource_decrease=0.005)"
665.6,2.49967840518325e-05,"Peaks only","Oscillating (resource_decrease=0.005)"
665.8,2.27692312632563e-05,"Peaks only","Oscillating (resource_decrease=0.005)"
666,1.98793031129103e-05,"Peaks only","Oscillating (resource_decrease=0.005)"
666.2,1.68354953330512e-05,"Peaks only","Oscillating (resource_decrease=0.005)"
666.4,1.40712345378507e-05,"Peaks only","Oscillating (resource_decrease=0.005)"
666.6,1.18139606079954e-05,"Peaks only","Oscillating (resource_decrease=0.005)"
666.8,1.01046838891935e-05,"Peaks only","Oscillating (resource_decrease=0.005)"
667,8.88087976764788e-06,"Peaks only","Oscillating (resource_decrease=0.005)"
667.2,8.04830318400805e-06,"Peaks only","Oscillating (resource_decrease=0.005)"
667.4,7.53698855406688e-06,"Peaks only","Oscillating (resource_decrease=0.005)"
667.6,7.3393032362819e-06,"Peaks only","Oscillating (resource_decrease=0.005)"
667.8,7.51030959125411e-06,"Peaks only","Oscillating (resource_decrease=0.005)"
668,8.12993835759755e-06,"Peaks only","Oscillating (resource_decrease=0.005)"
668.2,9.23862669340335e-06,"Peaks only","Oscillating (resource_decrease=0.005)"
668.4,1.07647143618985e-05,"Peaks only","Oscillating (resource_decrease=0.005)"
668.6,1.24933885624125e-05,"Peaks only","Oscillating (resource_decrease=0.005)"
668.8,0,"Peaks only","Oscillating (resource_decrease=0.005)"
669,0,"Peaks only","Oscillating (resource_decrease=0.005)"
669.2,0,"Peaks only","Oscillating (resource_decrease=0.005)"
669.4,0,"Peaks only","Oscillating (resource_decrease=0.005)"
669.6,0,"Peaks only","Oscillating (resource_decrease=0.005)"
669.8,0,"Peaks only","Oscillating (resource_decrease=0.005)"
670,0,"Peaks only","Oscillating (resource_decrease=0.005)"
670.2,2.32842626153424e-05,"Peaks only","Oscillating (resource_decrease=0.005)"
670.4,2.31473263218731e-05,"Peaks only","Oscillating (resource_decrease=0.005)"
670.6,2.39469482323494e-05,"Peaks only","Oscillating (resource_decrease=0.005)"
670.8,2.50885902824928e-05,"Peaks only","Oscillating (resource_decrease=0.005)"
671,2.60212828446341e-05,"Peaks only","Oscillating (resource_decrease=0.005)"
671.2,2.62592316462892e-05,"Peaks only","Oscillating (resource_decrease=0.005)"
671.4,2.54498709890184e-05,"Peaks only","Oscillating (resource_decrease=0.005)"
671.6,2.3519846402373e-05,"Peaks only","Oscillating (resource_decrease=0.005)"
671.8,2.07597296451628e-05,"Peaks only","Oscillating (resource_decrease=0.005)"
672,1.76951645125832e-05,"Peaks only","Oscillating (resource_decrease=0.005)"
672.2,1.48280020002201e-05,"Peaks only","Oscillating (resource_decrease=0.005)"
672.4,1.245448114638e-05,"Peaks only","Oscillating (resource_decrease=0.005)"
672.6,1.06493336256365e-05,"Peaks only","Oscillating (resource_decrease=0.005)"
672.8,9.3475276286385e-06,"Peaks only","Oscillating (resource_decrease=0.005)"
673,8.4349868513046e-06,"Peaks only","Oscillating (resource_decrease=0.005)"
673.2,7.82278786000734e-06,"Peaks only","Oscillating (resource_decrease=0.005)"
673.4,7.49381417488968e-06,"Peaks only","Oscillating (resource_decrease=0.005)"
673.6,7.50396520324839e-06,"Peaks only","Oscillating (resource_decrease=0.005)"
673.8,7.94434135169278e-06,"Peaks only","Oscillating (resource_decrease=0.005)"
674,8.88055253995194e-06,"Peaks only","Oscillating (resource_decrease=0.005)"
674.2,1.02809570742504e-05,"Peaks only","Oscillating (resource_decrease=0.005)"
674.4,1.19710388872238e-05,"Peaks only","Oscillating (resource_decrease=0.005)"
674.6,1.36707279535123e-05,"Peaks only","Oscillating (resource_decrease=0.005)"
674.8,0,"Peaks only","Oscillating (resource_decrease=0.005)"
675,0,"Peaks only","Oscillating (resource_decrease=0.005)"
675.2,0,"Peaks only","Oscillating (resource_decrease=0.005)"
675.4,0,"Peaks only","Oscillating (resource_decrease=0.005)"
675.6,0,"Peaks only","Oscillating (resource_decrease=0.005)"
675.8,0,"Peaks only","Oscillating (resource_decrease=0.005)"
676,0,"Peaks only","Oscillating (resource_decrease=0.005)"
676.2,2.44559222444502e-05,"Peaks only","Oscillating (resource_decrease=0.005)"
676.4,2.44213430178263e-05,"Peaks only","Oscillating (resource_decrease=0.005)"
676.6,2.51505673166596e-05,"Peaks only","Oscillating (resource_decrease=0.005)"
676.8,2.59651594089389e-05,"Peaks only","Oscillating (resource_decrease=0.005)"
677,2.63165197722405e-05,"Peaks only","Oscillating (resource_decrease=0.005)"
677.2,2.58187337327894e-05,"Peaks only","Oscillating (resource_decrease=0.005)"
677.4,2.4292141296234e-05,"Peaks only","Oscillating (resource_decrease=0.005)"
677.6,2.18445764815853e-05,"Peaks only","Oscillating (resource_decrease=0.005)"
677.8,1.88710220758258e-05,"Peaks only","Oscillating (resource_decrease=0.005)"
678,1.58758374342579e-05,"Peaks only","Oscillating (resource_decrease=0.005)"
678.2,1.32454569237143e-05,"Peaks only","Oscillating (resource_decrease=0.005)"
678.4,1.1150889550865e-05,"Peaks only","Oscillating (resource_decrease=0.005)"
678.6,9.59634541401252e-06,"Peaks only","Oscillating (resource_decrease=0.005)"
678.8,8.50887250107549e-06,"Peaks only","Oscillating (resource_decrease=0.005)"
679,7.80090522695107e-06,"Peaks only","Oscillating (resource_decrease=0.005)"
679.2,7.41488185049433e-06,"Peaks only","Oscillating (resource_decrease=0.005)"
679.4,7.35432182370145e-06,"Peaks only","Oscillating (resource_decrease=0.005)"
679.6,7.67992199459605e-06,"Peaks only","Oscillating (resource_decrease=0.005)"
679.8,8.46526261079199e-06,"Peaks only","Oscillating (resource_decrease=0.005)"
680,9.72420610810931e-06,"Peaks only","Oscillating (resource_decrease=0.005)"
680.2,1.13408623926177e-05,"Peaks only","Oscillating (resource_decrease=0.005)"
680.4,1.30635446770688e-05,"Peaks only","Oscillating (resource_decrease=0.005)"
680.6,0,"Peaks only","Oscillating (resource_decrease=0.005)"
680.8,0,"Peaks only","Oscillating (resource_decrease=0.005)"
681,0,"Peaks only","Oscillating (resource_decrease=0.005)"
681.2,0,"Peaks only","Oscillating (resource_decrease=0.005)"
681.4,0,"Peaks only","Oscillating (resource_decrease=0.005)"
681.6,0,"Peaks only","Oscillating (resource_decrease=0.005)"
681.8,0,"Peaks only","Oscillating (resource_decrease=0.005)"
682,2.38252803422615e-05,"Peaks only","Oscillating (resource_decrease=0.005)"
682.2,2.37824335814526e-05,"Peaks only","Oscillating (resource_decrease=0.005)"
682.4,2.45906512456118e-05,"Peaks only","Oscillating (resource_decrease=0.005)"
682.6,2.56118672443044e-05,"Peaks only","Oscillating (resource_decrease=0.005)"
682.8,2.62933297304866e-05,"Peaks only","Oscillating (resource_decrease=0.005)"
683,2.61962815895737e-05,"Peaks only","Oscillating (resource_decrease=0.005)"
683.2,2.50516827538503e-05,"Peaks only","Oscillating (resource_decrease=0.005)"
683.4,2.28733389517767e-05,"Peaks only","Oscillating (resource_decrease=0.005)"
683.6,2.00013935835196e-05,"Peaks only","Oscillating (resource_decrease=0.005)"
683.8,1.69512564773076e-05,"Peaks only","Oscillating (resource_decrease=0.005)"
684,1.41710420213689e-05,"Peaks only","Oscillating (resource_decrease=0.005)"
684.2,1.1900125426762e-05,"Peaks only","Oscillating (resource_decrease=0.005)"
684.4,1.01832340259326e-05,"Peaks only","Oscillating (resource_decrease=0.005)"
684.6,8.95487192190407e-06,"Peaks only","Oscillating (resource_decrease=0.005)"
684.8,8.11564695528491e-06,"Peaks only","Oscillating (resource_decrease=0.005)"
685,7.5917511578918e-06,"Peaks only","Oscillating (resource_decrease=0.005)"
685.2,7.37428048261222e-06,"Peaks only","Oscillating (resource_decrease=0.005)"
685.4,7.51935342976135e-06,"Peaks only","Oscillating (resource_decrease=0.005)"
685.6,8.10983183572915e-06,"Peaks only","Oscillating (resource_decrease=0.005)"
685.8,9.19102054746113e-06,"Peaks only","Oscillating (resource_decrease=0.005)"
686,1.06977293944906e-05,"Peaks only","Oscillating (resource_decrease=0.005)"
686.2,1.24209557039036e-05,"Peaks only","Oscillating (resource_decrease=0.005)"
686.4,1.4068371014918e-05,"Peaks only","Oscillating (resource_decrease=0.005)"
686.6,0,"Peaks only","Oscillating (resource_decrease=0.005)"
686.8,0,"Peaks only","Oscillating (resource_decrease=0.005)"
687,0,"Peaks only","Oscillating (resource_decrease=0.005)"
687.2,0,"Peaks only","Oscillating (resource_decrease=0.005)"
687.4,0,"Peaks only","Oscillating (resource_decrease=0.005)"
687.6,0,"Peaks only","Oscillating (resource_decrease=0.005)"
687.8,2.31758202091796e-05,"Peaks only","Oscillating (resource_decrease=0.005)"
688,2.30574797714418e-05,"Peaks only","Oscillating (resource_decrease=0.005)"
688.2,2.38752226217235e-05,"Peaks only","Oscillating (resource_decrease=0.005)"
688.4,2.50334107456729e-05,"Peaks only","Oscillating (resource_decrease=0.005)"
688.6,2.59769691019721e-05,"Peaks only","Oscillating (resource_decrease=0.005)"
688.8,2.62618413501637e-05,"Peaks only","Oscillating (resource_decrease=0.005)"
689,2.56050890064049e-05,"Peaks only","Oscillating (resource_decrease=0.005)"
689.2,2.3922304720339e-05,"Peaks only","Oscillating (resource_decrease=0.005)"
689.4,2.13874907621012e-05,"Peaks only","Oscillating (resource_decrease=0.005)"
689.6,1.84159652263288e-05,"Peaks only","Oscillating (resource_decrease=0.005)"
689.8,1.54940563934813e-05,"Peaks only","Oscillating (resource_decrease=0.005)"
690,1.29785319930977e-05,"Peaks only","Oscillating (resource_decrease=0.005)"
690.2,1.10158318750977e-05,"Peaks only","Oscillating (resource_decrease=0.005)"
690.4,9.58322080231907e-06,"Peaks only","Oscillating (resource_decrease=0.005)"
690.6,8.57635410987413e-06,"Peaks only","Oscillating (resource_decrease=0.005)"
690.8,7.89689356097749e-06,"Peaks only","Oscillating (resource_decrease=0.005)"
691,7.51074022271539e-06,"Peaks only","Oscillating (resource_decrease=0.005)"
691.2,7.45560153545615e-06,"Peaks only","Oscillating (resource_decrease=0.005)"
691.4,7.8098290216679e-06,"Peaks only","Oscillating (resource_decrease=0.005)"
691.6,8.64199597924563e-06,"Peaks only","Oscillating (resource_decrease=0.005)"
691.8,9.94573654529558e-06,"Peaks only","Oscillating (resource_decrease=0.005)"
692,1.15832332466519e-05,"Peaks only","Oscillating (resource_decrease=0.005)"
692.2,1.32952847352462e-05,"Peaks only","Oscillating (resource_decrease=0.005)"
692.4,0,"Peaks only","Oscillating (resource_decrease=0.005)"
692.6,0,"Peaks only","Oscillating (resource_decrease=0.005)"
692.8,0,"Peaks only","Oscillating (resource_decrease=0.005)"
693,0,"Peaks only","Oscillating (resource_decrease=0.005)"
693.2,0,"Peaks only","Oscillating (resource_decrease=0.005)"
693.4,0,"Peaks only","Oscillating (resource_decrease=0.005)"
693.6,0,"Peaks only","Oscillating (resource_decrease=0.005)"
693.8,2.4072791690313e-05,"Peaks only","Oscillating (resource_decrease=0.005)"
694,2.40086572393439e-05,"Peaks only","Oscillating (resource_decrease=0.005)"
694.2,2.47657379786752e-05,"Peaks only","Oscillating (resource_decrease=0.005)"
694.4,2.56914930437759e-05,"Peaks only","Oscillating (resource_decrease=0.005)"
694.6,2.62338982369859e-05,"Peaks only","Oscillating (resource_decrease=0.005)"
694.8,2.59717564876828e-05,"Peaks only","Oscillating (resource_decrease=0.005)"
695,2.46680259710528e-05,"Peaks only","Oscillating (resource_decrease=0.005)"
695.2,2.23737798423354e-05,"Peaks only","Oscillating (resource_decrease=0.005)"
695.4,1.94552925970112e-05,"Peaks only","Oscillating (resource_decrease=0.005)"
695.6,1.64290455546614e-05,"Peaks only","Oscillating (resource_decrease=0.005)"
695.8,1.37206661916871e-05,"Peaks only","Oscillating (resource_decrease=0.005)"
696,1.15396750212863e-05,"Peaks only","Oscillating (resource_decrease=0.005)"
696.2,9.90972342596198e-06,"Peaks only","Oscillating (resource_decrease=0.005)"
696.4,8.75810356016629e-06,"Peaks only","Oscillating (resource_decrease=0.005)"
696.6,7.98795801640885e-06,"Peaks only","Oscillating (resource_decrease=0.005)"
696.8,7.53169786185245e-06,"Peaks only","Oscillating (resource_decrease=0.005)"
697,7.38640988699828e-06,"Peaks only","Oscillating (resource_decrease=0.005)"
697.2,7.61174254659749e-06,"Peaks only","Oscillating (resource_decrease=0.005)"
697.4,8.28838563390779e-06,"Peaks only","Oscillating (resource_decrease=0.005)"
697.6,9.44918389692144e-06,"Peaks only","Oscillating (resource_decrease=0.005)"
697.8,1.10064610239864e-05,"Peaks only","Oscillating (resource_decrease=0.005)"
698,1.27308177507466e-05,"Peaks only","Oscillating (resource_decrease=0.005)"
698.2,0,"Peaks only","Oscillating (resource_decrease=0.005)"
698.4,0,"Peaks only","Oscillating (resource_decrease=0.005)"
698.6,0,"Peaks only","Oscillating (resource_decrease=0.005)"
698.8,0,"Peaks only","Oscillating (resource_decrease=0.005)"
699,0,"Peaks only","Oscillating (resource_decrease=0.005)"
699.2,0,"Peaks only","Oscillating (resource_decrease=0.005)"
699.4,0,"Peaks only","Oscillating (resource_decrease=0.005)"
699.6,2.35335083561527e-05,"Peaks only","Oscillating (resource_decrease=0.005)"
699.8,2.34169627488131e-05,"Peaks only","Oscillating (resource_decrease=0.005)"
700,2.4202941503051e-05,"Peaks only","Oscillating (resource_decrease=0.005)"
700.2,2.52804983092702e-05,"Peaks only","Oscillating (resource_decrease=0.005)"
700.4,2.60978244971512e-05,"Peaks only","Oscillating (resource_decrease=0.005)"
700.6,2.61871286407581e-05,"Peaks only","Oscillating (resource_decrease=0.005)"
700.8,2.52289863502057e-05,"Peaks only","Oscillating (resource_decrease=0.005)"
701,2.31863891757637e-05,"Peaks only","Oscillating (resource_decrease=0.005)"
701.2,2.03729000304807e-05,"Peaks only","Oscillating (resource_decrease=0.005)"
701.4,1.73130204140614e-05,"Peaks only","Oscillating (resource_decrease=0.005)"
701.6,1.44876786096051e-05,"Peaks only","Oscillating (resource_decrease=0.005)"
701.8,1.21682568316931e-05,"Peaks only","Oscillating (resource_decrease=0.005)"
702,1.04142366225736e-05,"Peaks only","Oscillating (resource_decrease=0.005)"
702.2,9.15768289125196e-06,"Peaks only","Oscillating (resource_decrease=0.005)"
702.4,8.28890162747715e-06,"Peaks only","Oscillating (resource_decrease=0.005)"
702.6,7.72464434914624e-06,"Peaks only","Oscillating (resource_decrease=0.005)"
702.8,7.45148237404812e-06,"Peaks only","Oscillating (resource_decrease=0.005)"
703,7.5262417334003e-06,"Peaks only","Oscillating (resource_decrease=0.005)"
703.2,8.03747270856092e-06,"Peaks only","Oscillating (resource_decrease=0.005)"
703.4,9.04235976291238e-06,"Peaks only","Oscillating (resource_decrease=0.005)"
703.6,1.04936798044194e-05,"Peaks only","Oscillating (resource_decrease=0.005)"
703.8,1.21998899683956e-05,"Peaks only","Oscillating (resource_decrease=0.005)"
704,1.3874381718355e-05,"Peaks only","Oscillating (resource_decrease=0.005)"
704.2,0,"Peaks only","Oscillating (resource_decrease=0.005)"
704.4,0,"Peaks only","Oscillating (resource_decrease=0.005)"
704.6,0,"Peaks only","Oscillating (resource_decrease=0.005)"
704.8,0,"Peaks only","Oscillating (resource_decrease=0.005)"
705,0,"Peaks only","Oscillating (resource_decrease=0.005)"
705.2,0,"Peaks only","Oscillating (resource_decrease=0.005)"
705.4,0,"Peaks only","Oscillating (resource_decrease=0.005)"
705.6,2.46944505692489e-05,"Peaks only","Oscillating (resource_decrease=0.005)"
705.8,2.4684911226359e-05,"Peaks only","Oscillating (resource_decrease=0.005)"
706,2.53953520421657e-05,"Peaks only","Oscillating (resource_decrease=0.005)"
706.2,2.61385246220214e-05,"Peaks only","Oscillating (resource_decrease=0.005)"
706.4,2.63762080529758e-05,"Peaks only","Oscillating (resource_decrease=0.005)"
706.6,2.57496537436711e-05,"Peaks only","Oscillating (resource_decrease=0.005)"
706.8,2.41133076787096e-05,"Peaks only","Oscillating (resource_decrease=0.005)"
707,2.16009786636417e-05,"Peaks only","Oscillating (resource_decrease=0.005)"
707.2,1.8613080557657e-05,"Peaks only","Oscillating (resource_decrease=0.005)"
707.4,1.56389036382736e-05,"Peaks only","Oscillating (resource_decrease=0.005)"
707.6,1.30422151932172e-05,"Peaks only","Oscillating (resource_decrease=0.005)"
707.8,1.09781992336371e-05,"Peaks only","Oscillating (resource_decrease=0.005)"
708,9.44736918948744e-06,"Peaks only","Oscillating (resource_decrease=0.005)"
708.2,8.381271878734e-06,"Peaks only","Oscillating (resource_decrease=0.005)"
708.4,7.69868148974142e-06,"Peaks only","Oscillating (resource_decrease=0.005)"
708.6,7.34634581002421e-06,"Peaks only","Oscillating (resource_decrease=0.005)"
708.8,7.32904611783266e-06,"Peaks only","Oscillating (resource_decrease=0.005)"
709,7.70573578500867e-06,"Peaks only","Oscillating (resource_decrease=0.005)"
709.2,8.54458671050962e-06,"Peaks only","Oscillating (resource_decrease=0.005)"
709.4,9.84931428045663e-06,"Peaks only","Oscillating (resource_decrease=0.005)"
709.6,1.14909737293895e-05,"Peaks only","Oscillating (resource_decrease=0.005)"
709.8,1.32087795416661e-05,"Peaks only","Oscillating (resource_decrease=0.005)"
710,0,"Peaks only","Oscillating (resource_decrease=0.005)"
710.2,0,"Peaks only","Oscillating (resource_decrease=0.005)"
710.4,0,"Peaks only","Oscillating (resource_decrease=0.005)"
710.6,0,"Peaks only","Oscillating (resource_decrease=0.005)"
710.8,0,"Peaks only","Oscillating (resource_decrease=0.005)"
711,0,"Peaks only","Oscillating (resource_decrease=0.005)"
711.2,0,"Peaks only","Oscillating (resource_decrease=0.005)"
711.4,2.39507846564364e-05,"Peaks only","Oscillating (resource_decrease=0.005)"
711.6,2.39474906754519e-05,"Peaks only","Oscillating (resource_decrease=0.005)"
711.8,2.47692043510995e-05,"Peaks only","Oscillating (resource_decrease=0.005)"
712,2.57666651478466e-05,"Peaks only","Oscillating (resource_decrease=0.005)"
712.2,2.63888681720178e-05,"Peaks only","Oscillating (resource_decrease=0.005)"
712.4,2.62123828634769e-05,"Peaks only","Oscillating (resource_decrease=0.005)"
712.6,2.49916538640575e-05,"Peaks only","Oscillating (resource_decrease=0.005)"
712.8,2.27616394891291e-05,"Peaks only","Oscillating (resource_decrease=0.005)"
713,1.98708412955059e-05,"Peaks only","Oscillating (resource_decrease=0.005)"
713.2,1.68274415786145e-05,"Peaks only","Oscillating (resource_decrease=0.005)"
713.4,1.40641925750857e-05,"Peaks only","Oscillating (resource_decrease=0.005)"
713.6,1.18079628913366e-05,"Peaks only","Oscillating (resource_decrease=0.005)"
713.8,1.00995443813719e-05,"Peaks only","Oscillating (resource_decrease=0.005)"
714,8.87649028216049e-06,"Peaks only","Oscillating (resource_decrease=0.005)"
714.2,8.04474058058135e-06,"Peaks only","Oscillating (resource_decrease=0.005)"
714.4,7.53447669976653e-06,"Peaks only","Oscillating (resource_decrease=0.005)"
714.6,7.33812271431366e-06,"Peaks only","Oscillating (resource_decrease=0.005)"
714.8,7.51071060024311e-06,"Peaks only","Oscillating (resource_decrease=0.005)"
715,8.13204756756626e-06,"Peaks only","Oscillating (resource_decrease=0.005)"
715.2,9.24231303988595e-06,"Peaks only","Oscillating (resource_decrease=0.005)"
715.4,1.07694579016505e-05,"Peaks only","Oscillating (resource_decrease=0.005)"
715.6,1.24983098636828e-05,"Peaks only","Oscillating (resource_decrease=0.005)"
715.8,1.41347641206056e-05,"Peaks only","Oscillating (resource_decrease=0.005)"
716,0,"Peaks only","Oscillating (resource_decrease=0.005)"
716.2,0,"Peaks only","Oscillating (resource_decrease=0.005)"
716.4,0,"Peaks only","Oscillating (resource_decrease=0.005)"
716.6,0,"Peaks only","Oscillating (resource_decrease=0.005)"
716.8,0,"Peaks only","Oscillating (resource_decrease=0.005)"
717,0,"Peaks only","Oscillating (resource_decrease=0.005)"
717.2,2.32174257793384e-05,"Peaks only","Oscillating (resource_decrease=0.005)"
717.4,2.312900895185e-05,"Peaks only","Oscillating (resource_decrease=0.005)"
717.6,2.39667647047842e-05,"Peaks only","Oscillating (resource_decrease=0.005)"
717.8,2.51267967591185e-05,"Peaks only","Oscillating (resource_decrease=0.005)"
718,2.60517552887554e-05,"Peaks only","Oscillating (resource_decrease=0.005)"
718.2,2.63027336029638e-05,"Peaks only","Oscillating (resource_decrease=0.005)"
718.4,2.56076759527436e-05,"Peaks only","Oscillating (resource_decrease=0.005)"
718.6,2.38941567357125e-05,"Peaks only","Oscillating (resource_decrease=0.005)"
718.8,2.1343476199093e-05,"Peaks only","Oscillating (resource_decrease=0.005)"
719,1.8370223857955e-05,"Peaks only","Oscillating (resource_decrease=0.005)"
719.2,1.54538732375865e-05,"Peaks only","Oscillating (resource_decrease=0.005)"
719.4,1.29437594910634e-05,"Peaks only","Oscillating (resource_decrease=0.005)"
719.6,1.09827531028229e-05,"Peaks only","Oscillating (resource_decrease=0.005)"
719.8,9.54896402866691e-06,"Peaks only","Oscillating (resource_decrease=0.005)"
720,8.54111508256444e-06,"Peaks only","Oscillating (resource_decrease=0.005)"
720.2,7.86370634050979e-06,"Peaks only","Oscillating (resource_decrease=0.005)"
720.4,7.4839342897324e-06,"Peaks only","Oscillating (resource_decrease=0.005)"
720.6,7.43918341243809e-06,"Peaks only","Oscillating (resource_decrease=0.005)"
720.8,7.80639042432515e-06,"Peaks only","Oscillating (resource_decrease=0.005)"
721,8.65202381621264e-06,"Peaks only","Oscillating (resource_decrease=0.005)"
721.2,9.96707695380233e-06,"Peaks only","Oscillating (resource_decrease=0.005)"
721.4,1.16110012483862e-05,"Peaks only","Oscillating (resource_decrease=0.005)"
721.6,1.33228163164092e-05,"Peaks only","Oscillating (resource_decrease=0.005)"
721.8,0,"Peaks only","Oscillating (resource_decrease=0.005)"
722,0,"Peaks only","Oscillating (resource_decrease=0.005)"
722.2,0,"Peaks only","Oscillating (resource_decrease=0.005)"
722.4,0,"Peaks only","Oscillating (resource_decrease=0.005)"
722.6,0,"Peaks only","Oscillating (resource_decrease=0.005)"
722.8,0,"Peaks only","Oscillating (resource_decrease=0.005)"
723,0,"Peaks only","Oscillating (resource_decrease=0.005)"
723.2,2.40902128227179e-05,"Peaks only","Oscillating (resource_decrease=0.005)"
723.4,2.40391762504884e-05,"Peaks only","Oscillating (resource_decrease=0.005)"
723.6,2.48039554074812e-05,"Peaks only","Oscillating (resource_decrease=0.005)"
723.8,2.57294339487119e-05,"Peaks only","Oscillating (resource_decrease=0.005)"
724,2.62638737159537e-05,"Peaks only","Oscillating (resource_decrease=0.005)"
724.2,2.5989282872251e-05,"Peaks only","Oscillating (resource_decrease=0.005)"
724.4,2.46734049788987e-05,"Peaks only","Oscillating (resource_decrease=0.005)"
724.6,2.23712968120625e-05,"Peaks only","Oscillating (resource_decrease=0.005)"
724.8,1.94503122983018e-05,"Peaks only","Oscillating (resource_decrease=0.005)"
725,1.6424944412935e-05,"Peaks only","Oscillating (resource_decrease=0.005)"
725.2,1.37177034325508e-05,"Peaks only","Oscillating (resource_decrease=0.005)"
725.4,1.15361103854834e-05,"Peaks only","Oscillating (resource_decrease=0.005)"
725.6,9.90375348610952e-06,"Peaks only","Oscillating (resource_decrease=0.005)"
725.8,8.74914382982603e-06,"Peaks only","Oscillating (resource_decrease=0.005)"
726,7.97683826603121e-06,"Peaks only","Oscillating (resource_decrease=0.005)"
726.2,7.52013360314388e-06,"Peaks only","Oscillating (resource_decrease=0.005)"
726.4,7.37626774163236e-06,"Peaks only","Oscillating (resource_decrease=0.005)"
726.6,7.60445300515253e-06,"Peaks only","Oscillating (resource_decrease=0.005)"
726.8,8.28463535613901e-06,"Peaks only","Oscillating (resource_decrease=0.005)"
727,9.44885700672088e-06,"Peaks only","Oscillating (resource_decrease=0.005)"
727.2,1.10087452627938e-05,"Peaks only","Oscillating (resource_decrease=0.005)"
727.4,1.27343896280648e-05,"Peaks only","Oscillating (resource_decrease=0.005)"
727.6,0,"Peaks only","Oscillating (resource_decrease=0.005)"
727.8,0,"Peaks only","Oscillating (resource_decrease=0.005)"
728,0,"Peaks only","Oscillating (resource_decrease=0.005)"
728.2,0,"Peaks only","Oscillating (resource_decrease=0.005)"
728.4,0,"Peaks only","Oscillating (resource_decrease=0.005)"
728.6,0,"Peaks only","Oscillating (resource_decrease=0.005)"
728.8,0,"Peaks only","Oscillating (resource_decrease=0.005)"
729,2.35291564324333e-05,"Peaks only","Oscillating (resource_decrease=0.005)"
729.2,2.34178082769484e-05,"Peaks only","Oscillating (resource_decrease=0.005)"
729.4,2.42086141078009e-05,"Peaks only","Oscillating (resource_decrease=0.005)"
729.6,2.52897353887338e-05,"Peaks only","Oscillating (resource_decrease=0.005)"
729.8,2.61089585253322e-05,"Peaks only","Oscillating (resource_decrease=0.005)"
730,2.61987166318612e-05,"Peaks only","Oscillating (resource_decrease=0.005)"
730.2,2.52402693041038e-05,"Peaks only","Oscillating (resource_decrease=0.005)"
730.4,2.31973164386091e-05,"Peaks only","Oscillating (resource_decrease=0.005)"
730.6,2.03836899987e-05,"Peaks only","Oscillating (resource_decrease=0.005)"
730.8,1.73236033671498e-05,"Peaks only","Oscillating (resource_decrease=0.005)"
731,1.44974789108698e-05,"Peaks only","Oscillating (resource_decrease=0.005)"
731.2,1.21764238990549e-05,"Peaks only","Oscillating (resource_decrease=0.005)"
731.4,1.04200519294358e-05,"Peaks only","Oscillating (resource_decrease=0.005)"
731.6,9.16083736157683e-06,"Peaks only","Oscillating (resource_decrease=0.005)"
731.8,8.28953361490243e-06,"Peaks only","Oscillating (resource_decrease=0.005)"
732,7.72319120625969e-06,"Peaks only","Oscillating (resource_decrease=0.005)"
732.2,7.44845405777233e-06,"Peaks only","Oscillating (resource_decrease=0.005)"
732.4,7.52202742057304e-06,"Peaks only","Oscillating (resource_decrease=0.005)"
732.6,8.03228312349137e-06,"Peaks only","Oscillating (resource_decrease=0.005)"
732.8,9.03636620999703e-06,"Peaks only","Oscillating (resource_decrease=0.005)"
733,1.04872705364334e-05,"Peaks only","Oscillating (resource_decrease=0.005)"
733.2,1.21937715554065e-05,"Peaks only","Oscillating (resource_decrease=0.005)"
733.4,1.38692990303606e-05,"Peaks only","Oscillating (resource_decrease=0.005)"
733.6,0,"Peaks only","Oscillating (resource_decrease=0.005)"
733.8,0,"Peaks only","Oscillating (resource_decrease=0.005)"
734,0,"Peaks only","Oscillating (resource_decrease=0.005)"
734.2,0,"Peaks only","Oscillating (resource_decrease=0.005)"
734.4,0,"Peaks only","Oscillating (resource_decrease=0.005)"
734.6,0,"Peaks only","Oscillating (resource_decrease=0.005)"
734.8,0,"Peaks only","Oscillating (resource_decrease=0.005)"
735,2.46861633753441e-05,"Peaks only","Oscillating (resource_decrease=0.005)"
735.2,2.46779163867726e-05,"Peaks only","Oscillating (resource_decrease=0.005)"
735.4,2.53907028793445e-05,"Peaks only","Oscillating (resource_decrease=0.005)"
735.6,2.61372739436309e-05,"Peaks only","Oscillating (resource_decrease=0.005)"
735.8,2.63790299400047e-05,"Peaks only","Oscillating (resource_decrease=0.005)"
736,2.57565485991202e-05,"Peaks only","Oscillating (resource_decrease=0.005)"
736.2,2.41234935783106e-05,"Peaks only","Oscillating (resource_decrease=0.005)"
736.4,2.16130662110648e-05,"Peaks only","Oscillating (resource_decrease=0.005)"
736.6,1.86255128789522e-05,"Peaks only","Oscillating (resource_decrease=0.005)"
736.8,1.56504393111677e-05,"Peaks only","Oscillating (resource_decrease=0.005)"
737,1.30521715534147e-05,"Peaks only","Oscillating (resource_decrease=0.005)"
737.2,1.09863706614711e-05,"Peaks only","Oscillating (resource_decrease=0.005)"
737.4,9.45378204557803e-06,"Peaks only","Oscillating (resource_decrease=0.005)"
737.6,8.38598139674412e-06,"Peaks only","Oscillating (resource_decrease=0.005)"
737.8,7.70168318481236e-06,"Peaks only","Oscillating (resource_decrease=0.005)"
738,7.34756230522686e-06,"Peaks only","Oscillating (resource_decrease=0.005)"
738.2,7.32834331653423e-06,"Peaks only","Oscillating (resource_decrease=0.005)"
738.4,7.70297441503972e-06,"Peaks only","Oscillating (resource_decrease=0.005)"
738.6,8.53976385291558e-06,"Peaks only","Oscillating (resource_decrease=0.005)"
738.8,9.84280457542727e-06,"Peaks only","Oscillating (resource_decrease=0.005)"
739,1.14836967042583e-05,"Peaks only","Oscillating (resource_decrease=0.005)"
739.2,1.32020160352446e-05,"Peaks only","Oscillating (resource_decrease=0.005)"
739.4,0,"Peaks only","Oscillating (resource_decrease=0.005)"
739.6,0,"Peaks only","Oscillating (resource_decrease=0.005)"
739.8,0,"Peaks only","Oscillating (resource_decrease=0.005)"
740,0,"Peaks only","Oscillating (resource_decrease=0.005)"
740.2,0,"Peaks only","Oscillating (resource_decrease=0.005)"
740.4,0,"Peaks only","Oscillating (resource_decrease=0.005)"
740.6,0,"Peaks only","Oscillating (resource_decrease=0.005)"
740.8,2.39434975123284e-05,"Peaks only","Oscillating (resource_decrease=0.005)"
741,2.3939251058932e-05,"Peaks only","Oscillating (resource_decrease=0.005)"
741.2,2.47612720835025e-05,"Peaks only","Oscillating (resource_decrease=0.005)"
741.4,2.57606940982927e-05,"Peaks only","Oscillating (resource_decrease=0.005)"
741.6,2.6386337190233e-05,"Peaks only","Oscillating (resource_decrease=0.005)"
741.8,2.62140251486762e-05,"Peaks only","Oscillating (resource_decrease=0.005)"
742,2.49971323092468e-05,"Peaks only","Oscillating (resource_decrease=0.005)"
742.2,2.27696738741024e-05,"Peaks only","Oscillating (resource_decrease=0.005)"
742.4,1.98797802482121e-05,"Peaks only","Oscillating (resource_decrease=0.005)"
742.6,1.6835953723575e-05,"Peaks only","Oscillating (resource_decrease=0.005)"
742.8,1.40716406014596e-05,"Peaks only","Oscillating (resource_decrease=0.005)"
743,1.1814300961618e-05,"Peaks only","Oscillating (resource_decrease=0.005)"
743.2,1.01049571220578e-05,"Peaks only","Oscillating (resource_decrease=0.005)"
743.4,8.88108770485092e-06,"Peaks only","Oscillating (resource_decrease=0.005)"
743.6,8.04844616534915e-06,"Peaks only","Oscillating (resource_decrease=0.005)"
743.8,7.53706430180403e-06,"Peaks only","Oscillating (resource_decrease=0.005)"
744,7.33930729671832e-06,"Peaks only","Oscillating (resource_decrease=0.005)"
744.2,7.51023655048758e-06,"Peaks only","Oscillating (resource_decrease=0.005)"
744.4,8.12978535529691e-06,"Peaks only","Oscillating (resource_decrease=0.005)"
744.6,9.23840113541737e-06,"Peaks only","Oscillating (resource_decrease=0.005)"
744.8,1.07644425663757e-05,"Peaks only","Oscillating (resource_decrease=0.005)"
745,1.24931152156246e-05,"Peaks only","Oscillating (resource_decrease=0.005)"
745.2,1.41303918780058e-05,"Peaks only","Oscillating (resource_decrease=0.005)"
745.4,0,"Peaks only","Oscillating (resource_decrease=0.005)"
745.6,0,"Peaks only","Oscillating (resource_decrease=0.005)"
745.8,0,"Peaks only","Oscillating (resource_decrease=0.005)"
746,0,"Peaks only","Oscillating (resource_decrease=0.005)"
746.2,0,"Peaks only","Oscillating (resource_decrease=0.005)"
746.4,0,"Peaks only","Oscillating (resource_decrease=0.005)"
746.6,2.32136458865892e-05,"Peaks only","Oscillating (resource_decrease=0.005)"
746.8,2.31237429236251e-05,"Peaks only","Oscillating (resource_decrease=0.005)"
747,2.39607273779048e-05,"Peaks only","Oscillating (resource_decrease=0.005)"
747.2,2.5121170680446e-05,"Peaks only","Oscillating (resource_decrease=0.005)"
747.4,2.60478073575504e-05,"Peaks only","Oscillating (resource_decrease=0.005)"
747.6,2.63013609114716e-05,"Peaks only","Oscillating (resource_decrease=0.005)"
747.8,2.56090664601678e-05,"Peaks only","Oscillating (resource_decrease=0.005)"
748,2.38977324373123e-05,"Peaks only","Oscillating (resource_decrease=0.005)"
748.2,2.13481864376593e-05,"Peaks only","Oscillating (resource_decrease=0.005)"
748.4,1.83750479684435e-05,"Peaks only","Oscillating (resource_decrease=0.005)"
748.6,1.54582172283055e-05,"Peaks only","Oscillating (resource_decrease=0.005)"
748.8,1.29475156540764e-05,"Peaks only","Oscillating (resource_decrease=0.005)"
749,1.09860769773141e-05,"Peaks only","Oscillating (resource_decrease=0.005)"
749.2,9.55200260462839e-06,"Peaks only","Oscillating (resource_decrease=0.005)"
749.4,8.54385952884615e-06,"Peaks only","Oscillating (resource_decrease=0.005)"
749.6,7.86599160044262e-06,"Peaks only","Oscillating (resource_decrease=0.005)"
749.8,7.48551916245337e-06,"Peaks only","Oscillating (resource_decrease=0.005)"
750,7.4398377927431e-06,"Peaks only","Oscillating (resource_decrease=0.005)"
750.2,7.80596033905588e-06,"Peaks only","Oscillating (resource_decrease=0.005)"
750.4,8.65049350160352e-06,"Peaks only","Oscillating (resource_decrease=0.005)"
750.6,9.9646421601345e-06,"Peaks only","Oscillating (resource_decrease=0.005)"
750.8,1.16081022707428e-05,"Peaks only","Oscillating (resource_decrease=0.005)"
751,1.33200476947549e-05,"Peaks only","Oscillating (resource_decrease=0.005)"
751.2,0,"Peaks only","Oscillating (resource_decrease=0.005)"
751.4,0,"Peaks only","Oscillating (resource_decrease=0.005)"
751.6,0,"Peaks only","Oscillating (resource_decrease=0.005)"
751.8,0,"Peaks only","Oscillating (resource_decrease=0.005)"
752,0,"Peaks only","Oscillating (resource_decrease=0.005)"
752.2,0,"Peaks only","Oscillating (resource_decrease=0.005)"
752.4,0,"Peaks only","Oscillating (resource_decrease=0.005)"
752.6,2.40878125735398e-05,"Peaks only","Oscillating (resource_decrease=0.005)"
752.8,2.40359464630633e-05,"Peaks only","Oscillating (resource_decrease=0.005)"
753,2.48004324788461e-05,"Peaks only","Oscillating (resource_decrease=0.005)"
753.2,2.57263577351894e-05,"Peaks only","Oscillating (resource_decrease=0.005)"
753.4,2.626192613933e-05,"Peaks only","Oscillating (resource_decrease=0.005)"
753.6,2.5988825862986e-05,"Peaks only","Oscillating (resource_decrease=0.005)"
753.8,2.46743377389877e-05,"Peaks only","Oscillating (resource_decrease=0.005)"
754,2.23731273383318e-05,"Peaks only","Oscillating (resource_decrease=0.005)"
754.2,1.94524262840138e-05,"Peaks only","Oscillating (resource_decrease=0.005)"
754.4,1.64269028861984e-05,"Peaks only","Oscillating (resource_decrease=0.005)"
754.6,1.37193719282648e-05,"Peaks only","Oscillating (resource_decrease=0.005)"
754.8,1.15375753251388e-05,"Peaks only","Oscillating (resource_decrease=0.005)"
755,9.90514737819076e-06,"Peaks only","Oscillating (resource_decrease=0.005)"
755.2,8.75051875626698e-06,"Peaks only","Oscillating (resource_decrease=0.005)"
755.4,7.97813516607862e-06,"Peaks only","Oscillating (resource_decrease=0.005)"
755.6,7.52121783960333e-06,"Peaks only","Oscillating (resource_decrease=0.005)"
755.8,7.37698519842558e-06,"Peaks only","Oscillating (resource_decrease=0.005)"
756,7.60467865844113e-06,"Peaks only","Oscillating (resource_decrease=0.005)"
756.2,8.28431099916216e-06,"Peaks only","Oscillating (resource_decrease=0.005)"
756.4,9.44802586237793e-06,"Peaks only","Oscillating (resource_decrease=0.005)"
756.6,1.10075735840215e-05,"Peaks only","Oscillating (resource_decrease=0.005)"
756.8,1.27331432538587e-05,"Peaks only","Oscillating (resource_decrease=0.005)"
757,0,"Peaks only","Oscillating (resource_decrease=0.005)"
757.2,0,"Peaks only","Oscillating (resource_decrease=0.005)"
757.4,0,"Peaks only","Oscillating (resource_decrease=0.005)"
757.6,0,"Peaks only","Oscillating (resource_decrease=0.005)"
757.8,0,"Peaks only","Oscillating (resource_decrease=0.005)"
758,0,"Peaks only","Oscillating (resource_decrease=0.005)"
758.2,0,"Peaks only","Oscillating (resource_decrease=0.005)"
758.4,2.3528541587572e-05,"Peaks only","Oscillating (resource_decrease=0.005)"
758.6,2.34166441755602e-05,"Peaks only","Oscillating (resource_decrease=0.005)"
758.8,2.42070824002353e-05,"Peaks only","Oscillating (resource_decrease=0.005)"
759,2.528815490183e-05,"Peaks only","Oscillating (resource_decrease=0.005)"
759.2,2.61076764140826e-05,"Peaks only","Oscillating (resource_decrease=0.005)"
759.4,2.61979780039668e-05,"Peaks only","Oscillating (resource_decrease=0.005)"
759.6,2.52401226468135e-05,"Peaks only","Oscillating (resource_decrease=0.005)"
759.8,2.31976098951635e-05,"Peaks only","Oscillating (resource_decrease=0.005)"
760,2.03841725190919e-05,"Peaks only","Oscillating (resource_decrease=0.005)"
760.2,1.7324069082408e-05,"Peaks only","Oscillating (resource_decrease=0.005)"
760.4,1.4497854287386e-05,"Peaks only","Oscillating (resource_decrease=0.005)"
760.6,1.21767513983799e-05,"Peaks only","Oscillating (resource_decrease=0.005)"
760.8,1.0420411469928e-05,"Peaks only","Oscillating (resource_decrease=0.005)"
761,9.16127566687426e-06,"Peaks only","Oscillating (resource_decrease=0.005)"
761.2,8.29003743978628e-06,"Peaks only","Oscillating (resource_decrease=0.005)"
761.4,7.72369956237838e-06,"Peaks only","Oscillating (resource_decrease=0.005)"
761.6,7.44888801511716e-06,"Peaks only","Oscillating (resource_decrease=0.005)"
761.8,7.52231841673572e-06,"Peaks only","Oscillating (resource_decrease=0.005)"
762,8.03239118412072e-06,"Peaks only","Oscillating (resource_decrease=0.005)"
762.2,9.03628914825233e-06,"Peaks only","Oscillating (resource_decrease=0.005)"
762.4,1.04870463688012e-05,"Peaks only","Oscillating (resource_decrease=0.005)"
762.6,1.21934721185814e-05,"Peaks only","Oscillating (resource_decrease=0.005)"
762.8,1.38690134678019e-05,"Peaks only","Oscillating (resource_decrease=0.005)"
763,0,"Peaks only","Oscillating (resource_decrease=0.005)"
763.2,0,"Peaks only","Oscillating (resource_decrease=0.005)"
763.4,0,"Peaks only","Oscillating (resource_decrease=0.005)"
763.6,0,"Peaks only","Oscillating (resource_decrease=0.005)"
763.8,0,"Peaks only","Oscillating (resource_decrease=0.005)"
764,0,"Peaks only","Oscillating (resource_decrease=0.005)"
764.2,0,"Peaks only","Oscillating (resource_decrease=0.005)"
764.4,2.46860156493405e-05,"Peaks only","Oscillating (resource_decrease=0.005)"
764.6,2.46775612228374e-05,"Peaks only","Oscillating (resource_decrease=0.005)"
764.8,2.53902139816097e-05,"Peaks only","Oscillating (resource_decrease=0.005)"
765,2.61367528021378e-05,"Peaks only","Oscillating (resource_decrease=0.005)"
765.2,2.63785673669122e-05,"Peaks only","Oscillating (resource_decrease=0.005)"
765.4,2.57561908426301e-05,"Peaks only","Oscillating (resource_decrease=0.005)"
765.6,2.4123231301878e-05,"Peaks only","Oscillating (resource_decrease=0.005)"
765.8,2.16128545237543e-05,"Peaks only","Oscillating (resource_decrease=0.005)"
766,1.86253100429811e-05,"Peaks only","Oscillating (resource_decrease=0.005)"
766.2,1.5650235953695e-05,"Peaks only","Oscillating (resource_decrease=0.005)"
766.4,1.30519910394509e-05,"Peaks only","Oscillating (resource_decrease=0.005)"
766.6,1.09862473222977e-05,"Peaks only","Oscillating (resource_decrease=0.005)"
766.8,9.45373841214078e-06,"Peaks only","Oscillating (resource_decrease=0.005)"
767,8.38601847201326e-06,"Peaks only","Oscillating (resource_decrease=0.005)"
767.2,7.70178388506848e-06,"Peaks only","Oscillating (resource_decrease=0.005)"
767.4,7.34770134996841e-06,"Peaks only","Oscillating (resource_decrease=0.005)"
767.6,7.32849731013999e-06,"Peaks only","Oscillating (resource_decrease=0.005)"
767.8,7.70312815030674e-06,"Peaks only","Oscillating (resource_decrease=0.005)"
768,8.53991065763109e-06,"Peaks only","Oscillating (resource_decrease=0.005)"
768.2,9.84294109372576e-06,"Peaks only","Oscillating (resource_decrease=0.005)"
768.4,1.14838171060954e-05,"Peaks only","Oscillating (resource_decrease=0.005)"
768.6,1.32021131372777e-05,"Peaks only","Oscillating (resource_decrease=0.005)"
768.8,0,"Peaks only","Oscillating (resource_decrease=0.005)"
769,0,"Peaks only","Oscillating (resource_decrease=0.005)"
769.2,0,"Peaks only","Oscillating (resource_decrease=0.005)"
769.4,0,"Peaks only","Oscillating (resource_decrease=0.005)"
769.6,0,"Peaks only","Oscillating (resource_decrease=0.005)"
769.8,0,"Peaks only","Oscillating (resource_decrease=0.005)"
770,0,"Peaks only","Oscillating (resource_decrease=0.005)"
770.2,2.39437073097573e-05,"Peaks only","Oscillating (resource_decrease=0.005)"
770.4,2.39394040779386e-05,"Peaks only","Oscillating (resource_decrease=0.005)"
770.6,2.47613506151207e-05,"Peaks only","Oscillating (resource_decrease=0.005)"
770.8,2.57606830927245e-05,"Peaks only","Oscillating (resource_decrease=0.005)"
771,2.6386228505787e-05,"Peaks only","Oscillating (resource_decrease=0.005)"
771.2,2.62138209169059e-05,"Peaks only","Oscillating (resource_decrease=0.005)"
771.4,2.49968469478313e-05,"Peaks only","Oscillating (resource_decrease=0.005)"
771.6,2.27693335264441e-05,"Peaks only","Oscillating (resource_decrease=0.005)"
771.8,1.98794184014331e-05,"Peaks only","Oscillating (resource_decrease=0.005)"
772,1.68356036162985e-05,"Peaks only","Oscillating (resource_decrease=0.005)"
772.2,1.407132793066e-05,"Peaks only","Oscillating (resource_decrease=0.005)"
772.4,1.18140407800338e-05,"Peaks only","Oscillating (resource_decrease=0.005)"
772.6,1.01047553676646e-05,"Peaks only","Oscillating (resource_decrease=0.005)"
772.8,8.88094469813135e-06,"Peaks only","Oscillating (resource_decrease=0.005)"
773,8.04835974630885e-06,"Peaks only","Oscillating (resource_decrease=0.005)"
773.2,7.53703206138294e-06,"Peaks only","Oscillating (resource_decrease=0.005)"
773.4,7.33932812627198e-06,"Peaks only","Oscillating (resource_decrease=0.005)"
773.6,7.51031119248287e-06,"Peaks only","Oscillating (resource_decrease=0.005)"
773.8,8.12991440879912e-06,"Peaks only","Oscillating (resource_decrease=0.005)"
774,9.23857910411573e-06,"Peaks only","Oscillating (resource_decrease=0.005)"
774.2,1.07646507404927e-05,"Peaks only","Oscillating (resource_decrease=0.005)"
774.4,1.24933215968538e-05,"Peaks only","Oscillating (resource_decrease=0.005)"
774.6,1.41305631514391e-05,"Peaks only","Oscillating (resource_decrease=0.005)"
774.8,0,"Peaks only","Oscillating (resource_decrease=0.005)"
775,0,"Peaks only","Oscillating (resource_decrease=0.005)"
775.2,0,"Peaks only","Oscillating (resource_decrease=0.005)"
775.4,0,"Peaks only","Oscillating (resource_decrease=0.005)"
775.6,0,"Peaks only","Oscillating (resource_decrease=0.005)"
775.8,0,"Peaks only","Oscillating (resource_decrease=0.005)"
776,2.32138494749916e-05,"Peaks only","Oscillating (resource_decrease=0.005)"
776.2,2.31239758389132e-05,"Peaks only","Oscillating (resource_decrease=0.005)"
776.4,2.39609598962756e-05,"Peaks only","Oscillating (resource_decrease=0.005)"
776.6,2.51213588482401e-05,"Peaks only","Oscillating (resource_decrease=0.005)"
776.8,2.60479067482159e-05,"Peaks only","Oscillating (resource_decrease=0.005)"
777,2.63013421101423e-05,"Peaks only","Oscillating (resource_decrease=0.005)"
777.2,2.56089264117163e-05,"Peaks only","Oscillating (resource_decrease=0.005)"
777.4,2.38974965855389e-05,"Peaks only","Oscillating (resource_decrease=0.005)"
777.6,2.13478990613542e-05,"Peaks only","Oscillating (resource_decrease=0.005)"
777.8,1.83747544193472e-05,"Peaks only","Oscillating (resource_decrease=0.005)"
778,1.54579483829858e-05,"Peaks only","Oscillating (resource_decrease=0.005)"
778.2,1.29472835163168e-05,"Peaks only","Oscillating (resource_decrease=0.005)"
778.4,1.09858810347547e-05,"Peaks only","Oscillating (resource_decrease=0.005)"
778.6,9.5518393451099e-06,"Peaks only","Oscillating (resource_decrease=0.005)"
778.8,8.54372857276793e-06,"Peaks only","Oscillating (resource_decrease=0.005)"
779,7.8658969543586e-06,"Peaks only","Oscillating (resource_decrease=0.005)"
779.2,7.48546751550789e-06,"Peaks only","Oscillating (resource_decrease=0.005)"
779.4,7.43983624077584e-06,"Peaks only","Oscillating (resource_decrease=0.005)"
779.6,7.80601416896523e-06,"Peaks only","Oscillating (resource_decrease=0.005)"
779.8,8.65060270849282e-06,"Peaks only","Oscillating (resource_decrease=0.005)"
780,9.96479628284093e-06,"Peaks only","Oscillating (resource_decrease=0.005)"
780.2,1.16082774475597e-05,"Peaks only","Oscillating (resource_decrease=0.005)"
780.4,1.33202117581132e-05,"Peaks only","Oscillating (resource_decrease=0.005)"
780.6,0,"Peaks only","Oscillating (resource_decrease=0.005)"
780.8,0,"Peaks only","Oscillating (resource_decrease=0.005)"
781,0,"Peaks only","Oscillating (resource_decrease=0.005)"
781.2,0,"Peaks only","Oscillating (resource_decrease=0.005)"
781.4,0,"Peaks only","Oscillating (resource_decrease=0.005)"
781.6,0,"Peaks only","Oscillating (resource_decrease=0.005)"
781.8,0,"Peaks only","Oscillating (resource_decrease=0.005)"
782,2.40879788135979e-05,"Peaks only","Oscillating (resource_decrease=0.005)"
782.2,2.40361432868095e-05,"Peaks only","Oscillating (resource_decrease=0.005)"
782.4,2.4800628755156e-05,"Peaks only","Oscillating (resource_decrease=0.005)"
782.6,2.57265121971335e-05,"Peaks only","Oscillating (resource_decrease=0.005)"
782.8,2.62620017725877e-05,"Peaks only","Oscillating (resource_decrease=0.005)"
783,2.59888042522971e-05,"Peaks only","Oscillating (resource_decrease=0.005)"
783.2,2.46742270744675e-05,"Peaks only","Oscillating (resource_decrease=0.005)"
783.4,2.23729587795749e-05,"Peaks only","Oscillating (resource_decrease=0.005)"
783.6,1.94522390863013e-05,"Peaks only","Oscillating (resource_decrease=0.005)"
783.8,1.64267271360875e-05,"Peaks only","Oscillating (resource_decrease=0.005)"
784,1.37192200798809e-05,"Peaks only","Oscillating (resource_decrease=0.005)"
784.2,1.15374458576083e-05,"Peaks only","Oscillating (resource_decrease=0.005)"
784.4,9.90503433134348e-06,"Peaks only","Oscillating (resource_decrease=0.005)"
784.6,8.75041919613237e-06,"Peaks only","Oscillating (resource_decrease=0.005)"
784.8,7.97805152881905e-06,"Peaks only","Oscillating (resource_decrease=0.005)"
785,7.52115657067342e-06,"Peaks only","Oscillating (resource_decrease=0.005)"
785.2,7.37695413610472e-06,"Peaks only","Oscillating (resource_decrease=0.005)"
785.4,7.60468454725726e-06,"Peaks only","Oscillating (resource_decrease=0.005)"
785.6,8.28435696394859e-06,"Peaks only","Oscillating (resource_decrease=0.005)"
785.8,9.44810821609559e-06,"Peaks only","Oscillating (resource_decrease=0.005)"
786,1.1007679273523e-05,"Peaks only","Oscillating (resource_decrease=0.005)"
786.2,1.27332514239959e-05,"Peaks only","Oscillating (resource_decrease=0.005)"
786.4,0,"Peaks only","Oscillating (resource_decrease=0.005)"
786.6,0,"Peaks only","Oscillating (resource_decrease=0.005)"
786.8,0,"Peaks only","Oscillating (resource_decrease=0.005)"
787,0,"Peaks only","Oscillating (resource_decrease=0.005)"
787.2,0,"Peaks only","Oscillating (resource_decrease=0.005)"
787.4,0,"Peaks only","Oscillating (resource_decrease=0.005)"
787.6,0,"Peaks only","Oscillating (resource_decrease=0.005)"
787.8,2.35286186635709e-05,"Peaks only","Oscillating (resource_decrease=0.005)"
788,2.34167548675802e-05,"Peaks only","Oscillating (resource_decrease=0.005)"
788.2,2.42072104616114e-05,"Peaks only","Oscillating (resource_decrease=0.005)"
788.4,2.52882740697489e-05,"Peaks only","Oscillating (resource_decrease=0.005)"
788.6,2.61077591530508e-05,"Peaks only","Oscillating (resource_decrease=0.005)"
788.8,2.61980058295276e-05,"Peaks only","Oscillating (resource_decrease=0.005)"
789,2.52400936348505e-05,"Peaks only","Oscillating (resource_decrease=0.005)"
789.2,2.31975390100708e-05,"Peaks only","Oscillating (resource_decrease=0.005)"
789.4,2.03840834659388e-05,"Peaks only","Oscillating (resource_decrease=0.005)"
789.6,1.73239823390709e-05,"Peaks only","Oscillating (resource_decrease=0.005)"
789.8,1.44977793744278e-05,"Peaks only","Oscillating (resource_decrease=0.005)"
790,1.21766875299351e-05,"Peaks only","Oscillating (resource_decrease=0.005)"
790.2,1.04203536369498e-05,"Peaks only","Oscillating (resource_decrease=0.005)"
790.4,9.16122048324751e-06,"Peaks only","Oscillating (resource_decrease=0.005)"
790.6,8.2899856380982e-06,"Peaks only","Oscillating (resource_decrease=0.005)"
790.8,7.72365539402768e-06,"Peaks only","Oscillating (resource_decrease=0.005)"
791,7.44885722265422e-06,"Peaks only","Oscillating (resource_decrease=0.005)"
791.2,7.52230621413803e-06,"Peaks only","Oscillating (resource_decrease=0.005)"
791.4,8.03240069141563e-06,"Peaks only","Oscillating (resource_decrease=0.005)"
791.6,9.03631994161797e-06,"Peaks only","Oscillating (resource_decrease=0.005)"
791.8,1.04870932369335e-05,"Peaks only","Oscillating (resource_decrease=0.005)"
792,1.21935252851563e-05,"Peaks only","Oscillating (resource_decrease=0.005)"
792.2,1.38690612962218e-05,"Peaks only","Oscillating (resource_decrease=0.005)"
792.4,0,"Peaks only","Oscillating (resource_decrease=0.005)"
792.6,0,"Peaks only","Oscillating (resource_decrease=0.005)"
792.8,0,"Peaks only","Oscillating (resource_decrease=0.005)"
793,0,"Peaks only","Oscillating (resource_decrease=0.005)"
793.2,0,"Peaks only","Oscillating (resource_decrease=0.005)"
793.4,0,"Peaks only","Oscillating (resource_decrease=0.005)"
793.6,0,"Peaks only","Oscillating (resource_decrease=0.005)"
793.8,2.46860624016384e-05,"Peaks only","Oscillating (resource_decrease=0.005)"
794,2.46776233183974e-05,"Peaks only","Oscillating (resource_decrease=0.005)"
794.2,2.53902801155074e-05,"Peaks only","Oscillating (resource_decrease=0.005)"
794.4,2.61368089259814e-05,"Peaks only","Oscillating (resource_decrease=0.005)"
794.6,2.6378601930946e-05,"Peaks only","Oscillating (resource_decrease=0.005)"
794.8,2.57561992736498e-05,"Peaks only","Oscillating (resource_decrease=0.005)"
795,2.41232175217117e-05,"Peaks only","Oscillating (resource_decrease=0.005)"
795.2,2.16128283215644e-05,"Peaks only","Oscillating (resource_decrease=0.005)"
795.4,1.86252815753182e-05,"Peaks only","Oscillating (resource_decrease=0.005)"
795.6,1.56502109933417e-05,"Peaks only","Oscillating (resource_decrease=0.005)"
795.8,1.30519699760817e-05,"Peaks only","Oscillating (resource_decrease=0.005)"
796,1.09862276034904e-05,"Peaks only","Oscillating (resource_decrease=0.005)"
796.2,9.45371772769389e-06,"Peaks only","Oscillating (resource_decrease=0.005)"
796.4,8.38599650329425e-06,"Peaks only","Oscillating (resource_decrease=0.005)"
796.6,7.70176231847463e-06,"Peaks only","Oscillating (resource_decrease=0.005)"
796.8,7.34768296235895e-06,"Peaks only","Oscillating (resource_decrease=0.005)"
797,7.32848491871174e-06,"Peaks only","Oscillating (resource_decrease=0.005)"
797.2,7.70312379371609e-06,"Peaks only","Oscillating (resource_decrease=0.005)"
797.4,8.53991501016608e-06,"Peaks only","Oscillating (resource_decrease=0.005)"
797.6,9.84295303590579e-06,"Peaks only","Oscillating (resource_decrease=0.005)"
797.8,1.14838336370919e-05,"Peaks only","Oscillating (resource_decrease=0.005)"
798,1.32021299756194e-05,"Peaks only","Oscillating (resource_decrease=0.005)"
798.2,0,"Peaks only","Oscillating (resource_decrease=0.005)"
798.4,0,"Peaks only","Oscillating (resource_decrease=0.005)"
798.6,0,"Peaks only","Oscillating (resource_decrease=0.005)"
798.8,0,"Peaks only","Oscillating (resource_decrease=0.005)"
799,0,"Peaks only","Oscillating (resource_decrease=0.005)"
799.2,0,"Peaks only","Oscillating (resource_decrease=0.005)"
799.4,0,"Peaks only","Oscillating (resource_decrease=0.005)"
799.6,0,"Peaks only","Oscillating (resource_decrease=0.005)"
799.8,0,"Peaks only","Oscillating (resource_decrease=0.005)"
800,0,"Peaks only","Oscillating (resource_decrease=0.005)"
500,0,"Troughs only","Oscillating (resource_decrease=0.005)"
500.2,0,"Troughs only","Oscillating (resource_decrease=0.005)"
500.4,1.37429910931539e-05,"Troughs only","Oscillating (resource_decrease=0.005)"
500.6,1.47469881799134e-05,"Troughs only","Oscillating (resource_decrease=0.005)"
500.8,1.58661966965744e-05,"Troughs only","Oscillating (resource_decrease=0.005)"
501,1.67910853309631e-05,"Troughs only","Oscillating (resource_decrease=0.005)"
501.2,1.74254986278082e-05,"Troughs only","Oscillating (resource_decrease=0.005)"
501.4,1.78520932999795e-05,"Troughs only","Oscillating (resource_decrease=0.005)"
501.6,1.82656344535339e-05,"Troughs only","Oscillating (resource_decrease=0.005)"
501.8,1.88928256099227e-05,"Troughs only","Oscillating (resource_decrease=0.005)"
502,1.99066025607865e-05,"Troughs only","Oscillating (resource_decrease=0.005)"
502.2,2.13382372117095e-05,"Troughs only","Oscillating (resource_decrease=0.005)"
502.4,2.30054540483325e-05,"Troughs only","Oscillating (resource_decrease=0.005)"
502.6,2.45198697787165e-05,"Troughs only","Oscillating (resource_decrease=0.005)"
502.8,2.54361303130123e-05,"Troughs only","Oscillating (resource_decrease=0.005)"
503,2.54595549068725e-05,"Troughs only","Oscillating (resource_decrease=0.005)"
503.2,2.45435795233914e-05,"Troughs only","Oscillating (resource_decrease=0.005)"
503.4,0,"Troughs only","Oscillating (resource_decrease=0.005)"
503.6,0,"Troughs only","Oscillating (resource_decrease=0.005)"
503.8,0,"Troughs only","Oscillating (resource_decrease=0.005)"
504,1.92860186579331e-05,"Troughs only","Oscillating (resource_decrease=0.005)"
504.2,1.59831585690092e-05,"Troughs only","Oscillating (resource_decrease=0.005)"
504.4,1.34787051665411e-05,"Troughs only","Oscillating (resource_decrease=0.005)"
504.6,1.15276891780751e-05,"Troughs only","Oscillating (resource_decrease=0.005)"
504.8,1.00083166792166e-05,"Troughs only","Oscillating (resource_decrease=0.005)"
505,8.89044648626024e-06,"Troughs only","Oscillating (resource_decrease=0.005)"
505.2,8.18674370581914e-06,"Troughs only","Oscillating (resource_decrease=0.005)"
505.4,7.90712789572543e-06,"Troughs only","Oscillating (resource_decrease=0.005)"
505.6,8.03274448862256e-06,"Troughs only","Oscillating (resource_decrease=0.005)"
505.8,8.51921843063995e-06,"Troughs only","Oscillating (resource_decrease=0.005)"
506,9.32622789990818e-06,"Troughs only","Oscillating (resource_decrease=0.005)"
506.2,1.04330605934256e-05,"Troughs only","Oscillating (resource_decrease=0.005)"
506.4,1.17958129330263e-05,"Troughs only","Oscillating (resource_decrease=0.005)"
506.6,1.32834098644092e-05,"Troughs only","Oscillating (resource_decrease=0.005)"
506.8,1.46859159666237e-05,"Troughs only","Oscillating (resource_decrease=0.005)"
507,1.58185114562156e-05,"Troughs only","Oscillating (resource_decrease=0.005)"
507.2,1.66298104083728e-05,"Troughs only","Oscillating (resource_decrease=0.005)"
507.4,1.7219658375472e-05,"Troughs only","Oscillating (resource_decrease=0.005)"
507.6,1.77716717119305e-05,"Troughs only","Oscillating (resource_decrease=0.005)"
507.8,1.84659239022582e-05,"Troughs only","Oscillating (resource_decrease=0.005)"
508,1.94181836853157e-05,"Troughs only","Oscillating (resource_decrease=0.005)"
508.2,2.06517349793706e-05,"Troughs only","Oscillating (resource_decrease=0.005)"
508.4,2.20865728273828e-05,"Troughs only","Oscillating (resource_decrease=0.005)"
508.6,2.35377443053165e-05,"Troughs only","Oscillating (resource_decrease=0.005)"
508.8,2.47358080750811e-05,"Troughs only","Oscillating (resource_decrease=0.005)"
509,2.53879248179165e-05,"Troughs only","Oscillating (resource_decrease=0.005)"
509.2,2.52724968733467e-05,"Troughs only","Oscillating (resource_decrease=0.005)"
509.4,0,"Troughs only","Oscillating (resource_decrease=0.005)"
509.6,0,"Troughs only","Oscillating (resource_decrease=0.005)"
509.8,2.3484194625905e-05,"Troughs only","Oscillating (resource_decrease=0.005)"
510,1.99235202616125e-05,"Troughs only","Oscillating (resource_decrease=0.005)"
510.2,1.69373302957682e-05,"Troughs only","Oscillating (resource_decrease=0.005)"
510.4,1.44414935167724e-05,"Troughs only","Oscillating (resource_decrease=0.005)"
510.6,1.23756804308896e-05,"Troughs only","Oscillating (resource_decrease=0.005)"
510.8,1.0700403875626e-05,"Troughs only","Oscillating (resource_decrease=0.005)"
511,9.39903450562839e-06,"Troughs only","Oscillating (resource_decrease=0.005)"
511.2,8.47007249739859e-06,"Troughs only","Oscillating (resource_decrease=0.005)"
511.4,7.91227890672017e-06,"Troughs only","Oscillating (resource_decrease=0.005)"
511.6,7.71437066604748e-06,"Troughs only","Oscillating (resource_decrease=0.005)"
511.8,7.8651372793672e-06,"Troughs only","Oscillating (resource_decrease=0.005)"
512,8.38380821520603e-06,"Troughs only","Oscillating (resource_decrease=0.005)"
512.2,9.32082969140268e-06,"Troughs only","Oscillating (resource_decrease=0.005)"
512.4,1.06769918406502e-05,"Troughs only","Oscillating (resource_decrease=0.005)"
512.6,1.23069344699753e-05,"Troughs only","Oscillating (resource_decrease=0.005)"
512.8,1.3939095659174e-05,"Troughs only","Oscillating (resource_decrease=0.005)"
513,1.53123722708215e-05,"Troughs only","Oscillating (resource_decrease=0.005)"
513.2,1.63019750672948e-05,"Troughs only","Oscillating (resource_decrease=0.005)"
513.4,1.69492050993621e-05,"Troughs only","Oscillating (resource_decrease=0.005)"
513.6,1.74108366040774e-05,"Troughs only","Oscillating (resource_decrease=0.005)"
513.8,1.78852563761414e-05,"Troughs only","Oscillating (resource_decrease=0.005)"
514,1.85543121881911e-05,"Troughs only","Oscillating (resource_decrease=0.005)"
514.2,1.9543207944684e-05,"Troughs only","Oscillating (resource_decrease=0.005)"
514.4,2.08815331198279e-05,"Troughs only","Oscillating (resource_decrease=0.005)"
514.6,2.24632415941194e-05,"Troughs only","Oscillating (resource_decrease=0.005)"
514.8,2.40345067164225e-05,"Troughs only","Oscillating (resource_decrease=0.005)"
515,2.52445399913425e-05,"Troughs only","Oscillating (resource_decrease=0.005)"
515.2,0,"Troughs only","Oscillating (resource_decrease=0.005)"
515.4,0,"Troughs only","Oscillating (resource_decrease=0.005)"
515.6,0,"Troughs only","Oscillating (resource_decrease=0.005)"
515.8,2.6201090945447e-05,"Troughs only","Oscillating (resource_decrease=0.005)"
516,2.22456284470127e-05,"Troughs only","Oscillating (resource_decrease=0.005)"
516.2,1.89376616523795e-05,"Troughs only","Oscillating (resource_decrease=0.005)"
516.4,1.61647201119141e-05,"Troughs only","Oscillating (resource_decrease=0.005)"
516.6,1.38426668596356e-05,"Troughs only","Oscillating (resource_decrease=0.005)"
516.8,1.19040437714535e-05,"Troughs only","Oscillating (resource_decrease=0.005)"
517,1.03101200278182e-05,"Troughs only","Oscillating (resource_decrease=0.005)"
517.2,9.0485036431203e-06,"Troughs only","Oscillating (resource_decrease=0.005)"
517.4,8.11411356196387e-06,"Troughs only","Oscillating (resource_decrease=0.005)"
517.6,7.50123916382769e-06,"Troughs only","Oscillating (resource_decrease=0.005)"
517.8,7.22871073040689e-06,"Troughs only","Oscillating (resource_decrease=0.005)"
518,7.37040475441768e-06,"Troughs only","Oscillating (resource_decrease=0.005)"
518.2,8.02906200965572e-06,"Troughs only","Oscillating (resource_decrease=0.005)"
518.4,9.24107685543191e-06,"Troughs only","Oscillating (resource_decrease=0.005)"
518.6,1.08872765664948e-05,"Troughs only","Oscillating (resource_decrease=0.005)"
518.8,1.26994440464829e-05,"Troughs only","Oscillating (resource_decrease=0.005)"
519,1.43657787341121e-05,"Troughs only","Oscillating (resource_decrease=0.005)"
519.2,1.56567286553812e-05,"Troughs only","Oscillating (resource_decrease=0.005)"
519.4,1.64974887800369e-05,"Troughs only","Oscillating (resource_decrease=0.005)"
519.6,1.69674650021286e-05,"Troughs only","Oscillating (resource_decrease=0.005)"
519.8,1.72539007508307e-05,"Troughs only","Oscillating (resource_decrease=0.005)"
520,1.75957290227829e-05,"Troughs only","Oscillating (resource_decrease=0.005)"
520.2,1.82276710328596e-05,"Troughs only","Oscillating (resource_decrease=0.005)"
520.4,1.9313342513348e-05,"Troughs only","Oscillating (resource_decrease=0.005)"
520.6,2.08698809511888e-05,"Troughs only","Oscillating (resource_decrease=0.005)"
520.8,2.27189581758641e-05,"Troughs only","Oscillating (resource_decrease=0.005)"
521,0,"Troughs only","Oscillating (resource_decrease=0.005)"
521.2,0,"Troughs only","Oscillating (resource_decrease=0.005)"
521.4,0,"Troughs only","Oscillating (resource_decrease=0.005)"
521.6,3.0049078925916e-05,"Troughs only","Oscillating (resource_decrease=0.005)"
521.8,2.68320223496765e-05,"Troughs only","Oscillating (resource_decrease=0.005)"
522,2.37691589348412e-05,"Troughs only","Oscillating (resource_decrease=0.005)"
522.2,2.08669905269747e-05,"Troughs only","Oscillating (resource_decrease=0.005)"
522.4,1.82037763432739e-05,"Troughs only","Oscillating (resource_decrease=0.005)"
522.6,1.58160732007955e-05,"Troughs only","Oscillating (resource_decrease=0.005)"
522.8,1.36871607102446e-05,"Troughs only","Oscillating (resource_decrease=0.005)"
523,1.17890894439881e-05,"Troughs only","Oscillating (resource_decrease=0.005)"
523.2,1.01186020178461e-05,"Troughs only","Oscillating (resource_decrease=0.005)"
523.4,8.70545977694663e-06,"Troughs only","Oscillating (resource_decrease=0.005)"
523.6,7.61268243485888e-06,"Troughs only","Oscillating (resource_decrease=0.005)"
523.8,6.93748056283074e-06,"Troughs only","Oscillating (resource_decrease=0.005)"
524,6.78854742991937e-06,"Troughs only","Oscillating (resource_decrease=0.005)"
524.2,7.23319835645866e-06,"Troughs only","Oscillating (resource_decrease=0.005)"
524.4,8.25210546097826e-06,"Troughs only","Oscillating (resource_decrease=0.005)"
524.6,9.73246618941201e-06,"Troughs only","Oscillating (resource_decrease=0.005)"
524.8,1.14833241085758e-05,"Troughs only","Oscillating (resource_decrease=0.005)"
525,1.32558436527608e-05,"Troughs only","Oscillating (resource_decrease=0.005)"
525.2,1.47884979732039e-05,"Troughs only","Oscillating (resource_decrease=0.005)"
525.4,1.58865469526747e-05,"Troughs only","Oscillating (resource_decrease=0.005)"
525.6,1.64995565564573e-05,"Troughs only","Oscillating (resource_decrease=0.005)"
525.8,1.67502234311945e-05,"Troughs only","Oscillating (resource_decrease=0.005)"
526,1.689808345819e-05,"Troughs only","Oscillating (resource_decrease=0.005)"
526.2,1.72531151663768e-05,"Troughs only","Oscillating (resource_decrease=0.005)"
526.4,1.80689292030783e-05,"Troughs only","Oscillating (resource_decrease=0.005)"
526.6,1.94491005655231e-05,"Troughs only","Oscillating (resource_decrease=0.005)"
526.8,2.12960431931478e-05,"Troughs only","Oscillating (resource_decrease=0.005)"
527,0,"Troughs only","Oscillating (resource_decrease=0.005)"
527.2,0,"Troughs only","Oscillating (resource_decrease=0.005)"
527.4,2.95879078576184e-05,"Troughs only","Oscillating (resource_decrease=0.005)"
527.6,2.83951850208059e-05,"Troughs only","Oscillating (resource_decrease=0.005)"
527.8,2.68231671505343e-05,"Troughs only","Oscillating (resource_decrease=0.005)"
528,2.47921588201808e-05,"Troughs only","Oscillating (resource_decrease=0.005)"
528.2,2.24644825862488e-05,"Troughs only","Oscillating (resource_decrease=0.005)"
528.4,2.00622432960656e-05,"Troughs only","Oscillating (resource_decrease=0.005)"
528.6,1.77365958005717e-05,"Troughs only","Oscillating (resource_decrease=0.005)"
528.8,1.55365906811928e-05,"Troughs only","Oscillating (resource_decrease=0.005)"
529,1.34595354858809e-05,"Troughs only","Oscillating (resource_decrease=0.005)"
529.2,1.15194124503613e-05,"Troughs only","Oscillating (resource_decrease=0.005)"
529.4,9.78223683445891e-06,"Troughs only","Oscillating (resource_decrease=0.005)"
529.6,8.36324461883449e-06,"Troughs only","Oscillating (resource_decrease=0.005)"
529.8,7.39556308921221e-06,"Troughs only","Oscillating (resource_decrease=0.005)"
530,6.97494962665274e-06,"Troughs only","Oscillating (resource_decrease=0.005)"
530.2,7.11901833861723e-06,"Troughs only","Oscillating (resource_decrease=0.005)"
530.4,7.78187692312925e-06,"Troughs only","Oscillating (resource_decrease=0.005)"
530.6,8.89136630713831e-06,"Troughs only","Oscillating (resource_decrease=0.005)"
530.8,1.03513614295882e-05,"Troughs only","Oscillating (resource_decrease=0.005)"
531,1.2011252988401e-05,"Troughs only","Oscillating (resource_decrease=0.005)"
531.2,1.3651811921257e-05,"Troughs only","Oscillating (resource_decrease=0.005)"
531.4,1.50299494685252e-05,"Troughs only","Oscillating (resource_decrease=0.005)"
531.6,1.59768680908162e-05,"Troughs only","Oscillating (resource_decrease=0.005)"
531.8,1.64885058281836e-05,"Troughs only","Oscillating (resource_decrease=0.005)"
532,1.67404728664022e-05,"Troughs only","Oscillating (resource_decrease=0.005)"
532.2,1.70148932406178e-05,"Troughs only","Oscillating (resource_decrease=0.005)"
532.4,1.75863696922923e-05,"Troughs only","Oscillating (resource_decrease=0.005)"
532.6,1.86249007903974e-05,"Troughs only","Oscillating (resource_decrease=0.005)"
532.8,0,"Troughs only","Oscillating (resource_decrease=0.005)"
533,0,"Troughs only","Oscillating (resource_decrease=0.005)"
533.2,0,"Troughs only","Oscillating (resource_decrease=0.005)"
533.4,2.92244673836639e-05,"Troughs only","Oscillating (resource_decrease=0.005)"
533.6,2.83927102745531e-05,"Troughs only","Oscillating (resource_decrease=0.005)"
533.8,2.73510172543698e-05,"Troughs only","Oscillating (resource_decrease=0.005)"
534,2.58121491351764e-05,"Troughs only","Oscillating (resource_decrease=0.005)"
534.2,2.38060525342001e-05,"Troughs only","Oscillating (resource_decrease=0.005)"
534.4,2.15264253307778e-05,"Troughs only","Oscillating (resource_decrease=0.005)"
534.6,1.91740731169571e-05,"Troughs only","Oscillating (resource_decrease=0.005)"
534.8,1.68653832147009e-05,"Troughs only","Oscillating (resource_decrease=0.005)"
535,1.46338155335881e-05,"Troughs only","Oscillating (resource_decrease=0.005)"
535.2,1.24955114101726e-05,"Troughs only","Oscillating (resource_decrease=0.005)"
535.4,1.052071233803e-05,"Troughs only","Oscillating (resource_decrease=0.005)"
535.6,8.8531991578983e-06,"Troughs only","Oscillating (resource_decrease=0.005)"
535.8,7.65349708773628e-06,"Troughs only","Oscillating (resource_decrease=0.005)"
536,7.01506633438039e-06,"Troughs only","Oscillating (resource_decrease=0.005)"
536.2,6.93544039957277e-06,"Troughs only","Oscillating (resource_decrease=0.005)"
536.4,7.35890799053334e-06,"Troughs only","Oscillating (resource_decrease=0.005)"
536.6,8.228021106888e-06,"Troughs only","Oscillating (resource_decrease=0.005)"
536.8,9.48664715516703e-06,"Troughs only","Oscillating (resource_decrease=0.005)"
537,1.10387258441405e-05,"Troughs only","Oscillating (resource_decrease=0.005)"
537.2,1.27068372303672e-05,"Troughs only","Oscillating (resource_decrease=0.005)"
537.4,1.42426126852144e-05,"Troughs only","Oscillating (resource_decrease=0.005)"
537.6,1.54139799710559e-05,"Troughs only","Oscillating (resource_decrease=0.005)"
537.8,1.61250839631458e-05,"Troughs only","Oscillating (resource_decrease=0.005)"
538,1.64769921741813e-05,"Troughs only","Oscillating (resource_decrease=0.005)"
538.2,1.67208124391042e-05,"Troughs only","Oscillating (resource_decrease=0.005)"
538.4,1.71438793979584e-05,"Troughs only","Oscillating (resource_decrease=0.005)"
538.6,0,"Troughs only","Oscillating (resource_decrease=0.005)"
538.8,0,"Troughs only","Oscillating (resource_decrease=0.005)"
539,0,"Troughs only","Oscillating (resource_decrease=0.005)"
539.2,2.63134277906097e-05,"Troughs only","Oscillating (resource_decrease=0.005)"
539.4,2.6628574932685e-05,"Troughs only","Oscillating (resource_decrease=0.005)"
539.6,2.70458130298544e-05,"Troughs only","Oscillating (resource_decrease=0.005)"
539.8,2.70108622892104e-05,"Troughs only","Oscillating (resource_decrease=0.005)"
540,2.62575835903802e-05,"Troughs only","Oscillating (resource_decrease=0.005)"
540.2,2.47936021320448e-05,"Troughs only","Oscillating (resource_decrease=0.005)"
540.4,2.28090648796714e-05,"Troughs only","Oscillating (resource_decrease=0.005)"
540.6,2.0540907380629e-05,"Troughs only","Oscillating (resource_decrease=0.005)"
540.8,1.81638104766648e-05,"Troughs only","Oscillating (resource_decrease=0.005)"
541,1.57659050647424e-05,"Troughs only","Oscillating (resource_decrease=0.005)"
541.2,1.34149363006608e-05,"Troughs only","Oscillating (resource_decrease=0.005)"
541.4,1.1241338465717e-05,"Troughs only","Oscillating (resource_decrease=0.005)"
541.6,9.43077054063281e-06,"Troughs only","Oscillating (resource_decrease=0.005)"
541.8,8.12650891844215e-06,"Troughs only","Oscillating (resource_decrease=0.005)"
542,7.36152964652438e-06,"Troughs only","Oscillating (resource_decrease=0.005)"
542.2,7.09006524071098e-06,"Troughs only","Oscillating (resource_decrease=0.005)"
542.4,7.26071294883799e-06,"Troughs only","Oscillating (resource_decrease=0.005)"
542.6,7.85130035950942e-06,"Troughs only","Oscillating (resource_decrease=0.005)"
542.8,8.85213985027226e-06,"Troughs only","Oscillating (resource_decrease=0.005)"
543,1.02200434471269e-05,"Troughs only","Oscillating (resource_decrease=0.005)"
543.2,1.18272742666462e-05,"Troughs only","Oscillating (resource_decrease=0.005)"
543.4,1.34468110103664e-05,"Troughs only","Oscillating (resource_decrease=0.005)"
543.6,1.48183791461547e-05,"Troughs only","Oscillating (resource_decrease=0.005)"
543.8,1.57748054765966e-05,"Troughs only","Oscillating (resource_decrease=0.005)"
544,1.63321898725163e-05,"Troughs only","Oscillating (resource_decrease=0.005)"
544.2,1.66727929300575e-05,"Troughs only","Oscillating (resource_decrease=0.005)"
544.4,1.70501859682951e-05,"Troughs only","Oscillating (resource_decrease=0.005)"
544.6,0,"Troughs only","Oscillating (resource_decrease=0.005)"
544.8,0,"Troughs only","Oscillating (resource_decrease=0.005)"
545,0,"Troughs only","Oscillating (resource_decrease=0.005)"
545.2,2.53027518320075e-05,"Troughs only","Oscillating (resource_decrease=0.005)"
545.4,2.57208368660922e-05,"Troughs only","Oscillating (resource_decrease=0.005)"
545.6,2.64241731548312e-05,"Troughs only","Oscillating (resource_decrease=0.005)"
545.8,2.68179682830304e-05,"Troughs only","Oscillating (resource_decrease=0.005)"
546,2.65375209511988e-05,"Troughs only","Oscillating (resource_decrease=0.005)"
546.2,2.54772780878116e-05,"Troughs only","Oscillating (resource_decrease=0.005)"
546.4,2.37502348940362e-05,"Troughs only","Oscillating (resource_decrease=0.005)"
546.6,2.15814788467265e-05,"Troughs only","Oscillating (resource_decrease=0.005)"
546.8,1.91892575879346e-05,"Troughs only","Oscillating (resource_decrease=0.005)"
547,1.67204561049667e-05,"Troughs only","Oscillating (resource_decrease=0.005)"
547.2,1.42787709694288e-05,"Troughs only","Oscillating (resource_decrease=0.005)"
547.4,1.20003482906601e-05,"Troughs only","Oscillating (resource_decrease=0.005)"
547.6,1.00644917060047e-05,"Troughs only","Oscillating (resource_decrease=0.005)"
547.8,8.61248585682041e-06,"Troughs only","Oscillating (resource_decrease=0.005)"
548,7.68074456077926e-06,"Troughs only","Oscillating (resource_decrease=0.005)"
548.2,7.22711019598122e-06,"Troughs only","Oscillating (resource_decrease=0.005)"
548.4,7.2030524242427e-06,"Troughs only","Oscillating (resource_decrease=0.005)"
548.6,7.59233147086388e-06,"Troughs only","Oscillating (resource_decrease=0.005)"
548.8,8.39987800306955e-06,"Troughs only","Oscillating (resource_decrease=0.005)"
549,9.61108027523438e-06,"Troughs only","Oscillating (resource_decrease=0.005)"
549.2,1.11386582882266e-05,"Troughs only","Oscillating (resource_decrease=0.005)"
549.4,1.27889815254883e-05,"Troughs only","Oscillating (resource_decrease=0.005)"
549.6,1.42986629456634e-05,"Troughs only","Oscillating (resource_decrease=0.005)"
549.8,1.5448982104583e-05,"Troughs only","Oscillating (resource_decrease=0.005)"
550,1.61789631467977e-05,"Troughs only","Oscillating (resource_decrease=0.005)"
550.2,1.66066954514006e-05,"Troughs only","Oscillating (resource_decrease=0.005)"
550.4,0,"Troughs only","Oscillating (resource_decrease=0.005)"
550.6,0,"Troughs only","Oscillating (resource_decrease=0.005)"
550.8,0,"Troughs only","Oscillating (resource_decrease=0.005)"
551,2.26250120451302e-05,"Troughs only","Oscillating (resource_decrease=0.005)"
551.2,2.29951857633819e-05,"Troughs only","Oscillating (resource_decrease=0.005)"
551.4,2.40773773809791e-05,"Troughs only","Oscillating (resource_decrease=0.005)"
551.6,2.53196237343392e-05,"Troughs only","Oscillating (resource_decrease=0.005)"
551.8,2.62250301211694e-05,"Troughs only","Oscillating (resource_decrease=0.005)"
552,2.64274907891587e-05,"Troughs only","Oscillating (resource_decrease=0.005)"
552.2,2.57656509715071e-05,"Troughs only","Oscillating (resource_decrease=0.005)"
552.4,2.42966892777919e-05,"Troughs only","Oscillating (resource_decrease=0.005)"
552.6,2.22268808769104e-05,"Troughs only","Oscillating (resource_decrease=0.005)"
552.8,1.97965307013579e-05,"Troughs only","Oscillating (resource_decrease=0.005)"
553,1.72121932107062e-05,"Troughs only","Oscillating (resource_decrease=0.005)"
553.2,1.46688950231686e-05,"Troughs only","Oscillating (resource_decrease=0.005)"
553.4,1.23729242135904e-05,"Troughs only","Oscillating (resource_decrease=0.005)"
553.6,1.04885948705342e-05,"Troughs only","Oscillating (resource_decrease=0.005)"
553.8,9.07536317821817e-06,"Troughs only","Oscillating (resource_decrease=0.005)"
554,8.1048248788725e-06,"Troughs only","Oscillating (resource_decrease=0.005)"
554.2,7.53244586675195e-06,"Troughs only","Oscillating (resource_decrease=0.005)"
554.4,7.34486072920622e-06,"Troughs only","Oscillating (resource_decrease=0.005)"
554.6,7.56102709577075e-06,"Troughs only","Oscillating (resource_decrease=0.005)"
554.8,8.21017029260962e-06,"Troughs only","Oscillating (resource_decrease=0.005)"
555,9.29701692852307e-06,"Troughs only","Oscillating (resource_decrease=0.005)"
555.2,1.07539080178243e-05,"Troughs only","Oscillating (resource_decrease=0.005)"
555.4,1.24049343612138e-05,"Troughs only","Oscillating (resource_decrease=0.005)"
555.6,1.39929955767991e-05,"Troughs only","Oscillating (resource_decrease=0.005)"
555.8,1.52823101443464e-05,"Troughs only","Oscillating (resource_decrease=0.005)"
556,1.61680384635418e-05,"Troughs only","Oscillating (resource_decrease=0.005)"
556.2,1.67114395529539e-05,"Troughs only","Oscillating (resource_decrease=0.005)"
556.4,0,"Troughs only","Oscillating (resource_decrease=0.005)"
556.6,0,"Troughs only","Oscillating (resource_decrease=0.005)"
556.8,2.05898144031162e-05,"Troughs only","Oscillating (resource_decrease=0.005)"
557,2.07041527506061e-05,"Troughs only","Oscillating (resource_decrease=0.005)"
557.2,2.1631963684832e-05,"Troughs only","Oscillating (resource_decrease=0.005)"
557.4,2.30439959345353e-05,"Troughs only","Oscillating (resource_decrease=0.005)"
557.6,2.4543475172466e-05,"Troughs only","Oscillating (resource_decrease=0.005)"
557.8,2.5704401972235e-05,"Troughs only","Oscillating (resource_decrease=0.005)"
558,2.61660128580653e-05,"Troughs only","Oscillating (resource_decrease=0.005)"
558.2,2.57336465946248e-05,"Troughs only","Oscillating (resource_decrease=0.005)"
558.4,2.44275635852674e-05,"Troughs only","Oscillating (resource_decrease=0.005)"
558.6,2.24450079467204e-05,"Troughs only","Oscillating (resource_decrease=0.005)"
558.8,2.0055348928037e-05,"Troughs only","Oscillating (resource_decrease=0.005)"
559,1.75141949963527e-05,"Troughs only","Oscillating (resource_decrease=0.005)"
559.2,1.50503046987915e-05,"Troughs only","Oscillating (resource_decrease=0.005)"
559.4,1.28569084642914e-05,"Troughs only","Oscillating (resource_decrease=0.005)"
559.6,1.10428885067889e-05,"Troughs only","Oscillating (resource_decrease=0.005)"
559.8,9.620762693568e-06,"Troughs only","Oscillating (resource_decrease=0.005)"
560,8.56409933842685e-06,"Troughs only","Oscillating (resource_decrease=0.005)"
560.2,7.86410084380676e-06,"Troughs only","Oscillating (resource_decrease=0.005)"
560.4,7.54123980589404e-06,"Troughs only","Oscillating (resource_decrease=0.005)"
560.6,7.63138751565175e-06,"Troughs only","Oscillating (resource_decrease=0.005)"
560.8,8.16807835460324e-06,"Troughs only","Oscillating (resource_decrease=0.005)"
561,9.15768691675556e-06,"Troughs only","Oscillating (resource_decrease=0.005)"
561.2,1.05410853369569e-05,"Troughs only","Oscillating (resource_decrease=0.005)"
561.4,1.21613205433101e-05,"Troughs only","Oscillating (resource_decrease=0.005)"
561.6,1.37800395771202e-05,"Troughs only","Oscillating (resource_decrease=0.005)"
561.8,1.51590722237052e-05,"Troughs only","Oscillating (resource_decrease=0.005)"
562,1.61603697939453e-05,"Troughs only","Oscillating (resource_decrease=0.005)"
562.2,0,"Troughs only","Oscillating (resource_decrease=0.005)"
562.4,0,"Troughs only","Oscillating (resource_decrease=0.005)"
562.6,0,"Troughs only","Oscillating (resource_decrease=0.005)"
562.8,2.11342262952925e-05,"Troughs only","Oscillating (resource_decrease=0.005)"
563,2.0877196173646e-05,"Troughs only","Oscillating (resource_decrease=0.005)"
563.2,2.15347897721357e-05,"Troughs only","Oscillating (resource_decrease=0.005)"
563.4,2.27670946785734e-05,"Troughs only","Oscillating (resource_decrease=0.005)"
563.6,2.41772319933012e-05,"Troughs only","Oscillating (resource_decrease=0.005)"
563.8,2.53307304396798e-05,"Troughs only","Oscillating (resource_decrease=0.005)"
564,2.58392973707881e-05,"Troughs only","Oscillating (resource_decrease=0.005)"
564.2,2.5466639836219e-05,"Troughs only","Oscillating (resource_decrease=0.005)"
564.4,2.41884379326146e-05,"Troughs only","Oscillating (resource_decrease=0.005)"
564.6,2.21619851457441e-05,"Troughs only","Oscillating (resource_decrease=0.005)"
564.8,1.96524629917704e-05,"Troughs only","Oscillating (resource_decrease=0.005)"
565,1.69841003630081e-05,"Troughs only","Oscillating (resource_decrease=0.005)"
565.2,1.44831482975263e-05,"Troughs only","Oscillating (resource_decrease=0.005)"
565.4,1.23770796766688e-05,"Troughs only","Oscillating (resource_decrease=0.005)"
565.6,1.07277759260152e-05,"Troughs only","Oscillating (resource_decrease=0.005)"
565.8,9.47646740405083e-06,"Troughs only","Oscillating (resource_decrease=0.005)"
566,8.55103997317036e-06,"Troughs only","Oscillating (resource_decrease=0.005)"
566.2,7.93264107490694e-06,"Troughs only","Oscillating (resource_decrease=0.005)"
566.4,7.65495987948478e-06,"Troughs only","Oscillating (resource_decrease=0.005)"
566.6,7.77565041535291e-06,"Troughs only","Oscillating (resource_decrease=0.005)"
566.8,8.34734469597624e-06,"Troughs only","Oscillating (resource_decrease=0.005)"
567,9.3830658124089e-06,"Troughs only","Oscillating (resource_decrease=0.005)"
567.2,1.08119294403291e-05,"Troughs only","Oscillating (resource_decrease=0.005)"
567.4,1.24542808373362e-05,"Troughs only","Oscillating (resource_decrease=0.005)"
567.6,1.40593496167645e-05,"Troughs only","Oscillating (resource_decrease=0.005)"
567.8,1.54010533143575e-05,"Troughs only","Oscillating (resource_decrease=0.005)"
568,0,"Troughs only","Oscillating (resource_decrease=0.005)"
568.2,0,"Troughs only","Oscillating (resource_decrease=0.005)"
568.4,0,"Troughs only","Oscillating (resource_decrease=0.005)"
568.6,2.07073331536381e-05,"Troughs only","Oscillating (resource_decrease=0.005)"
568.8,2.01393209730168e-05,"Troughs only","Oscillating (resource_decrease=0.005)"
569,2.04390340686139e-05,"Troughs only","Oscillating (resource_decrease=0.005)"
569.2,2.14106510330292e-05,"Troughs only","Oscillating (resource_decrease=0.005)"
569.4,2.27914135127855e-05,"Troughs only","Oscillating (resource_decrease=0.005)"
569.6,2.42206689048892e-05,"Troughs only","Oscillating (resource_decrease=0.005)"
569.8,2.52864251329112e-05,"Troughs only","Oscillating (resource_decrease=0.005)"
570,2.56316221358766e-05,"Troughs only","Oscillating (resource_decrease=0.005)"
570.2,2.50574149310825e-05,"Troughs only","Oscillating (resource_decrease=0.005)"
570.4,2.35584805212191e-05,"Troughs only","Oscillating (resource_decrease=0.005)"
570.6,2.13097969250775e-05,"Troughs only","Oscillating (resource_decrease=0.005)"
570.8,1.86483074212602e-05,"Troughs only","Oscillating (resource_decrease=0.005)"
571,1.59949023632154e-05,"Troughs only","Oscillating (resource_decrease=0.005)"
571.2,1.36885929890406e-05,"Troughs only","Oscillating (resource_decrease=0.005)"
571.4,1.18568887218344e-05,"Troughs only","Oscillating (resource_decrease=0.005)"
571.6,1.04436856407957e-05,"Troughs only","Oscillating (resource_decrease=0.005)"
571.8,9.34445213887577e-06,"Troughs only","Oscillating (resource_decrease=0.005)"
572,8.50996791125911e-06,"Troughs only","Oscillating (resource_decrease=0.005)"
572.2,7.96298202095791e-06,"Troughs only","Oscillating (resource_decrease=0.005)"
572.4,7.76740181444749e-06,"Troughs only","Oscillating (resource_decrease=0.005)"
572.6,7.9951303666453e-06,"Troughs only","Oscillating (resource_decrease=0.005)"
572.8,8.69661514669167e-06,"Troughs only","Oscillating (resource_decrease=0.005)"
573,9.86199556672766e-06,"Troughs only","Oscillating (resource_decrease=0.005)"
573.2,1.13809553777686e-05,"Troughs only","Oscillating (resource_decrease=0.005)"
573.4,1.3041148649544e-05,"Troughs only","Oscillating (resource_decrease=0.005)"
573.6,1.45916819270475e-05,"Troughs only","Oscillating (resource_decrease=0.005)"
573.8,1.58389172082086e-05,"Troughs only","Oscillating (resource_decrease=0.005)"
574,0,"Troughs only","Oscillating (resource_decrease=0.005)"
574.2,0,"Troughs only","Oscillating (resource_decrease=0.005)"
574.4,1.99692986754198e-05,"Troughs only","Oscillating (resource_decrease=0.005)"
574.6,1.94618752551694e-05,"Troughs only","Oscillating (resource_decrease=0.005)"
574.8,1.9616869130141e-05,"Troughs only","Oscillating (resource_decrease=0.005)"
575,2.03767349979101e-05,"Troughs only","Oscillating (resource_decrease=0.005)"
575.2,2.16201840934387e-05,"Troughs only","Oscillating (resource_decrease=0.005)"
575.4,2.31044023965685e-05,"Troughs only","Oscillating (resource_decrease=0.005)"
575.6,2.44731893670728e-05,"Troughs only","Oscillating (resource_decrease=0.005)"
575.8,2.53350929941948e-05,"Troughs only","Oscillating (resource_decrease=0.005)"
576,2.53839906340774e-05,"Troughs only","Oscillating (resource_decrease=0.005)"
576.2,2.44983773462407e-05,"Troughs only","Oscillating (resource_decrease=0.005)"
576.4,2.27602158606639e-05,"Troughs only","Oscillating (resource_decrease=0.005)"
576.6,2.04169362810928e-05,"Troughs only","Oscillating (resource_decrease=0.005)"
576.8,1.78328330744414e-05,"Troughs only","Oscillating (resource_decrease=0.005)"
577,1.53849164671243e-05,"Troughs only","Oscillating (resource_decrease=0.005)"
577.2,1.33088749653638e-05,"Troughs only","Oscillating (resource_decrease=0.005)"
577.4,1.16398958488931e-05,"Troughs only","Oscillating (resource_decrease=0.005)"
577.6,1.03030316387932e-05,"Troughs only","Oscillating (resource_decrease=0.005)"
577.8,9.23527153205886e-06,"Troughs only","Oscillating (resource_decrease=0.005)"
578,8.43684994684432e-06,"Troughs only","Oscillating (resource_decrease=0.005)"
578.2,7.95739008409423e-06,"Troughs only","Oscillating (resource_decrease=0.005)"
578.4,7.86438319795963e-06,"Troughs only","Oscillating (resource_decrease=0.005)"
578.6,8.21802485762851e-06,"Troughs only","Oscillating (resource_decrease=0.005)"
578.8,9.04571756910586e-06,"Troughs only","Oscillating (resource_decrease=0.005)"
579,1.03067669910391e-05,"Troughs only","Oscillating (resource_decrease=0.005)"
579.2,1.18636224472742e-05,"Troughs only","Oscillating (resource_decrease=0.005)"
579.4,1.34957334019231e-05,"Troughs only","Oscillating (resource_decrease=0.005)"
579.6,1.49678506296267e-05,"Troughs only","Oscillating (resource_decrease=0.005)"
579.8,0,"Troughs only","Oscillating (resource_decrease=0.005)"
580,0,"Troughs only","Oscillating (resource_decrease=0.005)"
580.2,0,"Troughs only","Oscillating (resource_decrease=0.005)"
580.4,2.06610569007615e-05,"Troughs only","Oscillating (resource_decrease=0.005)"
580.6,1.99666493606486e-05,"Troughs only","Oscillating (resource_decrease=0.005)"
580.8,2.00703020178193e-05,"Troughs only","Oscillating (resource_decrease=0.005)"
581,2.08342329534965e-05,"Troughs only","Oscillating (resource_decrease=0.005)"
581.2,2.20646526558086e-05,"Troughs only","Oscillating (resource_decrease=0.005)"
581.4,2.34616261163585e-05,"Troughs only","Oscillating (resource_decrease=0.005)"
581.6,2.46418945759097e-05,"Troughs only","Oscillating (resource_decrease=0.005)"
581.8,2.52287983722611e-05,"Troughs only","Oscillating (resource_decrease=0.005)"
582,2.49588006641834e-05,"Troughs only","Oscillating (resource_decrease=0.005)"
582.2,2.37416715475977e-05,"Troughs only","Oscillating (resource_decrease=0.005)"
582.4,2.16842052594123e-05,"Troughs only","Oscillating (resource_decrease=0.005)"
582.6,1.91023852447814e-05,"Troughs only","Oscillating (resource_decrease=0.005)"
582.8,1.64467191699085e-05,"Troughs only","Oscillating (resource_decrease=0.005)"
583,1.41085890246124e-05,"Troughs only","Oscillating (resource_decrease=0.005)"
583.2,1.22538872339201e-05,"Troughs only","Oscillating (resource_decrease=0.005)"
583.4,1.08330686951137e-05,"Troughs only","Oscillating (resource_decrease=0.005)"
583.6,9.72444374817073e-06,"Troughs only","Oscillating (resource_decrease=0.005)"
583.8,8.85764305556188e-06,"Troughs only","Oscillating (resource_decrease=0.005)"
584,8.24434905069673e-06,"Troughs only","Oscillating (resource_decrease=0.005)"
584.2,7.94968519244355e-06,"Troughs only","Oscillating (resource_decrease=0.005)"
584.4,8.05466578956673e-06,"Troughs only","Oscillating (resource_decrease=0.005)"
584.6,8.62384174323712e-06,"Troughs only","Oscillating (resource_decrease=0.005)"
584.8,9.66714933589219e-06,"Troughs only","Oscillating (resource_decrease=0.005)"
585,1.10988332060522e-05,"Troughs only","Oscillating (resource_decrease=0.005)"
585.2,1.27280669800354e-05,"Troughs only","Oscillating (resource_decrease=0.005)"
585.4,1.43110292563142e-05,"Troughs only","Oscillating (resource_decrease=0.005)"
585.6,1.56409157905272e-05,"Troughs only","Oscillating (resource_decrease=0.005)"
585.8,0,"Troughs only","Oscillating (resource_decrease=0.005)"
586,0,"Troughs only","Oscillating (resource_decrease=0.005)"
586.2,2.00054096451062e-05,"Troughs only","Oscillating (resource_decrease=0.005)"
586.4,1.947791811501e-05,"Troughs only","Oscillating (resource_decrease=0.005)"
586.6,1.95517895105184e-05,"Troughs only","Oscillating (resource_decrease=0.005)"
586.8,2.01916263322173e-05,"Troughs only","Oscillating (resource_decrease=0.005)"
587,2.13135075952352e-05,"Troughs only","Oscillating (resource_decrease=0.005)"
587.2,2.27166205369675e-05,"Troughs only","Oscillating (resource_decrease=0.005)"
587.4,2.40768267312015e-05,"Troughs only","Oscillating (resource_decrease=0.005)"
587.6,2.50113400557935e-05,"Troughs only","Oscillating (resource_decrease=0.005)"
587.8,2.51939185251235e-05,"Troughs only","Oscillating (resource_decrease=0.005)"
588,2.44612946610038e-05,"Troughs only","Oscillating (resource_decrease=0.005)"
588.2,2.28499339994791e-05,"Troughs only","Oscillating (resource_decrease=0.005)"
588.4,2.05788972564068e-05,"Troughs only","Oscillating (resource_decrease=0.005)"
588.6,1.80134354356399e-05,"Troughs only","Oscillating (resource_decrease=0.005)"
588.8,1.5555045918462e-05,"Troughs only","Oscillating (resource_decrease=0.005)"
589,1.34674541879528e-05,"Troughs only","Oscillating (resource_decrease=0.005)"
589.2,1.17996097038123e-05,"Troughs only","Oscillating (resource_decrease=0.005)"
589.4,1.04725252489865e-05,"Troughs only","Oscillating (resource_decrease=0.005)"
589.6,9.41000622263848e-06,"Troughs only","Oscillating (resource_decrease=0.005)"
589.8,8.60087899448779e-06,"Troughs only","Oscillating (resource_decrease=0.005)"
590,8.09072295305096e-06,"Troughs only","Oscillating (resource_decrease=0.005)"
590.2,7.94973383027612e-06,"Troughs only","Oscillating (resource_decrease=0.005)"
590.4,8.24460745536988e-06,"Troughs only","Oscillating (resource_decrease=0.005)"
590.6,9.0113043891528e-06,"Troughs only","Oscillating (resource_decrease=0.005)"
590.8,1.02193209661241e-05,"Troughs only","Oscillating (resource_decrease=0.005)"
591,1.17416459282078e-05,"Troughs only","Oscillating (resource_decrease=0.005)"
591.2,1.33654330809908e-05,"Troughs only","Oscillating (resource_decrease=0.005)"
591.4,1.48567763107552e-05,"Troughs only","Oscillating (resource_decrease=0.005)"
591.6,0,"Troughs only","Oscillating (resource_decrease=0.005)"
591.8,0,"Troughs only","Oscillating (resource_decrease=0.005)"
592,0,"Troughs only","Oscillating (resource_decrease=0.005)"
592.2,2.06920366414674e-05,"Troughs only","Oscillating (resource_decrease=0.005)"
592.4,1.99822158188701e-05,"Troughs only","Oscillating (resource_decrease=0.005)"
592.6,2.00427500153435e-05,"Troughs only","Oscillating (resource_decrease=0.005)"
592.8,2.07479610508263e-05,"Troughs only","Oscillating (resource_decrease=0.005)"
593,2.19222964235799e-05,"Troughs only","Oscillating (resource_decrease=0.005)"
593.2,2.32844900660676e-05,"Troughs only","Oscillating (resource_decrease=0.005)"
593.4,2.44637812575786e-05,"Troughs only","Oscillating (resource_decrease=0.005)"
593.6,2.50846608911996e-05,"Troughs only","Oscillating (resource_decrease=0.005)"
593.8,2.48721898441984e-05,"Troughs only","Oscillating (resource_decrease=0.005)"
594,2.37164368897771e-05,"Troughs only","Oscillating (resource_decrease=0.005)"
594.2,2.17051718201146e-05,"Troughs only","Oscillating (resource_decrease=0.005)"
594.4,1.91455428532975e-05,"Troughs only","Oscillating (resource_decrease=0.005)"
594.6,1.64928241764516e-05,"Troughs only","Oscillating (resource_decrease=0.005)"
594.8,1.41510628812506e-05,"Troughs only","Oscillating (resource_decrease=0.005)"
595,1.22969236518276e-05,"Troughs only","Oscillating (resource_decrease=0.005)"
595.2,1.08837816664878e-05,"Troughs only","Oscillating (resource_decrease=0.005)"
595.4,9.78578945618487e-06,"Troughs only","Oscillating (resource_decrease=0.005)"
595.6,8.92601134756225e-06,"Troughs only","Oscillating (resource_decrease=0.005)"
595.8,8.31148535819946e-06,"Troughs only","Oscillating (resource_decrease=0.005)"
596,8.00627211558816e-06,"Troughs only","Oscillating (resource_decrease=0.005)"
596.2,8.0932087012715e-06,"Troughs only","Oscillating (resource_decrease=0.005)"
596.4,8.64021207876014e-06,"Troughs only","Oscillating (resource_decrease=0.005)"
596.6,9.66127800475645e-06,"Troughs only","Oscillating (resource_decrease=0.005)"
596.8,1.10748704842055e-05,"Troughs only","Oscillating (resource_decrease=0.005)"
597,1.26937765093868e-05,"Troughs only","Oscillating (resource_decrease=0.005)"
597.2,1.42762494415506e-05,"Troughs only","Oscillating (resource_decrease=0.005)"
597.4,0,"Troughs only","Oscillating (resource_decrease=0.005)"
597.6,0,"Troughs only","Oscillating (resource_decrease=0.005)"
597.8,0,"Troughs only","Oscillating (resource_decrease=0.005)"
598,2.05581776778689e-05,"Troughs only","Oscillating (resource_decrease=0.005)"
598.2,1.98089222095969e-05,"Troughs only","Oscillating (resource_decrease=0.005)"
598.4,1.97432932125991e-05,"Troughs only","Oscillating (resource_decrease=0.005)"
598.6,2.02858044076738e-05,"Troughs only","Oscillating (resource_decrease=0.005)"
598.8,2.1332339164685e-05,"Troughs only","Oscillating (resource_decrease=0.005)"
599,2.26721212822137e-05,"Troughs only","Oscillating (resource_decrease=0.005)"
599.2,2.39776195344171e-05,"Troughs only","Oscillating (resource_decrease=0.005)"
599.4,2.48703131733106e-05,"Troughs only","Oscillating (resource_decrease=0.005)"
599.6,2.50220179348769e-05,"Troughs only","Oscillating (resource_decrease=0.005)"
599.8,2.4231854789042e-05,"Troughs only","Oscillating (resource_decrease=0.005)"
600,2.24899406041891e-05,"Troughs only","Oscillating (resource_decrease=0.005)"
600.2,2.00438258982077e-05,"Troughs only","Oscillating (resource_decrease=0.005)"
600.4,1.7358079417981e-05,"Troughs only","Oscillating (resource_decrease=0.005)"
600.6,1.49012902637801e-05,"Troughs only","Oscillating (resource_decrease=0.005)"
600.8,1.29208612185766e-05,"Troughs only","Oscillating (resource_decrease=0.005)"
601,1.14062096538874e-05,"Troughs only","Oscillating (resource_decrease=0.005)"
601.2,1.02277731711054e-05,"Troughs only","Oscillating (resource_decrease=0.005)"
601.4,9.28568267739699e-06,"Troughs only","Oscillating (resource_decrease=0.005)"
601.6,8.56646330904317e-06,"Troughs only","Oscillating (resource_decrease=0.005)"
601.8,8.12543179488543e-06,"Troughs only","Oscillating (resource_decrease=0.005)"
602,8.04797831191177e-06,"Troughs only","Oscillating (resource_decrease=0.005)"
602.2,8.41483732264733e-06,"Troughs only","Oscillating (resource_decrease=0.005)"
602.4,9.26527397388971e-06,"Troughs only","Oscillating (resource_decrease=0.005)"
602.6,1.05538245496685e-05,"Troughs only","Oscillating (resource_decrease=0.005)"
602.8,1.2126248512829e-05,"Troughs only","Oscillating (resource_decrease=0.005)"
603,1.37507775510376e-05,"Troughs only","Oscillating (resource_decrease=0.005)"
603.2,1.5199276892167e-05,"Troughs only","Oscillating (resource_decrease=0.005)"
603.4,0,"Troughs only","Oscillating (resource_decrease=0.005)"
603.6,0,"Troughs only","Oscillating (resource_decrease=0.005)"
603.8,1.98945531676002e-05,"Troughs only","Oscillating (resource_decrease=0.005)"
604,1.93584019789747e-05,"Troughs only","Oscillating (resource_decrease=0.005)"
604.2,1.93347315994918e-05,"Troughs only","Oscillating (resource_decrease=0.005)"
604.4,1.98204228709205e-05,"Troughs only","Oscillating (resource_decrease=0.005)"
604.6,2.07880796375124e-05,"Troughs only","Oscillating (resource_decrease=0.005)"
604.8,2.21033592730203e-05,"Troughs only","Oscillating (resource_decrease=0.005)"
605,2.34958495733881e-05,"Troughs only","Oscillating (resource_decrease=0.005)"
605.2,2.46011449133291e-05,"Troughs only","Oscillating (resource_decrease=0.005)"
605.4,2.50649348611259e-05,"Troughs only","Oscillating (resource_decrease=0.005)"
605.6,2.46562629964875e-05,"Troughs only","Oscillating (resource_decrease=0.005)"
605.8,2.33272215434846e-05,"Troughs only","Oscillating (resource_decrease=0.005)"
606,2.12294657905249e-05,"Troughs only","Oscillating (resource_decrease=0.005)"
606.2,1.87094138608482e-05,"Troughs only","Oscillating (resource_decrease=0.005)"
606.4,1.62035995406892e-05,"Troughs only","Oscillating (resource_decrease=0.005)"
606.6,1.40342395907302e-05,"Troughs only","Oscillating (resource_decrease=0.005)"
606.8,1.22923678223503e-05,"Troughs only","Oscillating (resource_decrease=0.005)"
607,1.0907647471585e-05,"Troughs only","Oscillating (resource_decrease=0.005)"
607.2,9.78913114228584e-06,"Troughs only","Oscillating (resource_decrease=0.005)"
607.4,8.90691670648836e-06,"Troughs only","Oscillating (resource_decrease=0.005)"
607.6,8.29626770827544e-06,"Troughs only","Oscillating (resource_decrease=0.005)"
607.8,8.02720257582763e-06,"Troughs only","Oscillating (resource_decrease=0.005)"
608,8.17388361622764e-06,"Troughs only","Oscillating (resource_decrease=0.005)"
608.2,8.78739532789634e-06,"Troughs only","Oscillating (resource_decrease=0.005)"
608.4,9.86166103607099e-06,"Troughs only","Oscillating (resource_decrease=0.005)"
608.6,1.12993158898419e-05,"Troughs only","Oscillating (resource_decrease=0.005)"
608.8,1.29092786913892e-05,"Troughs only","Oscillating (resource_decrease=0.005)"
609,1.44579038948264e-05,"Troughs only","Oscillating (resource_decrease=0.005)"
609.2,0,"Troughs only","Oscillating (resource_decrease=0.005)"
609.4,0,"Troughs only","Oscillating (resource_decrease=0.005)"
609.6,0,"Troughs only","Oscillating (resource_decrease=0.005)"
609.8,2.06007527343896e-05,"Troughs only","Oscillating (resource_decrease=0.005)"
610,1.9856666141144e-05,"Troughs only","Oscillating (resource_decrease=0.005)"
610.2,1.98219094855117e-05,"Troughs only","Oscillating (resource_decrease=0.005)"
610.4,2.04050763216246e-05,"Troughs only","Oscillating (resource_decrease=0.005)"
610.6,2.14786653210515e-05,"Troughs only","Oscillating (resource_decrease=0.005)"
610.8,2.28098564187453e-05,"Troughs only","Oscillating (resource_decrease=0.005)"
611,2.40594716159111e-05,"Troughs only","Oscillating (resource_decrease=0.005)"
611.2,2.48526289441015e-05,"Troughs only","Oscillating (resource_decrease=0.005)"
611.4,2.48798055779752e-05,"Troughs only","Oscillating (resource_decrease=0.005)"
611.6,2.39697861720853e-05,"Troughs only","Oscillating (resource_decrease=0.005)"
611.8,2.21445303406669e-05,"Troughs only","Oscillating (resource_decrease=0.005)"
612,1.96713845999625e-05,"Troughs only","Oscillating (resource_decrease=0.005)"
612.2,1.70115288932952e-05,"Troughs only","Oscillating (resource_decrease=0.005)"
612.4,1.46106411570336e-05,"Troughs only","Oscillating (resource_decrease=0.005)"
612.6,1.26903889302385e-05,"Troughs only","Oscillating (resource_decrease=0.005)"
612.8,1.12262275523984e-05,"Troughs only","Oscillating (resource_decrease=0.005)"
613,1.00886275621832e-05,"Troughs only","Oscillating (resource_decrease=0.005)"
613.2,9.18490420893949e-06,"Troughs only","Oscillating (resource_decrease=0.005)"
613.4,8.50853769628966e-06,"Troughs only","Oscillating (resource_decrease=0.005)"
613.6,8.11826527840027e-06,"Troughs only","Oscillating (resource_decrease=0.005)"
613.8,8.09928012346111e-06,"Troughs only","Oscillating (resource_decrease=0.005)"
614,8.52853187008197e-06,"Troughs only","Oscillating (resource_decrease=0.005)"
614.2,9.43687149752687e-06,"Troughs only","Oscillating (resource_decrease=0.005)"
614.4,1.07663173952779e-05,"Troughs only","Oscillating (resource_decrease=0.005)"
614.6,1.23512297767977e-05,"Troughs only","Oscillating (resource_decrease=0.005)"
614.8,1.39570817026666e-05,"Troughs only","Oscillating (resource_decrease=0.005)"
615,1.53645055670535e-05,"Troughs only","Oscillating (resource_decrease=0.005)"
615.2,0,"Troughs only","Oscillating (resource_decrease=0.005)"
615.4,0,"Troughs only","Oscillating (resource_decrease=0.005)"
615.6,1.99690135048267e-05,"Troughs only","Oscillating (resource_decrease=0.005)"
615.8,1.94386812169039e-05,"Troughs only","Oscillating (resource_decrease=0.005)"
616,1.94460644969065e-05,"Troughs only","Oscillating (resource_decrease=0.005)"
616.2,1.99757444780331e-05,"Troughs only","Oscillating (resource_decrease=0.005)"
616.4,2.09814674795711e-05,"Troughs only","Oscillating (resource_decrease=0.005)"
616.6,2.23078693448911e-05,"Troughs only","Oscillating (resource_decrease=0.005)"
616.8,2.36684550517439e-05,"Troughs only","Oscillating (resource_decrease=0.005)"
617,2.4694692889471e-05,"Troughs only","Oscillating (resource_decrease=0.005)"
617.2,2.50432850362433e-05,"Troughs only","Oscillating (resource_decrease=0.005)"
617.4,2.45071191731582e-05,"Troughs only","Oscillating (resource_decrease=0.005)"
617.6,2.30681639863772e-05,"Troughs only","Oscillating (resource_decrease=0.005)"
617.8,2.09033348997037e-05,"Troughs only","Oscillating (resource_decrease=0.005)"
618,1.83678344347273e-05,"Troughs only","Oscillating (resource_decrease=0.005)"
618.2,1.58866388610312e-05,"Troughs only","Oscillating (resource_decrease=0.005)"
618.4,1.37599936401814e-05,"Troughs only","Oscillating (resource_decrease=0.005)"
618.6,1.20615892471156e-05,"Troughs only","Oscillating (resource_decrease=0.005)"
618.8,1.07156396369846e-05,"Troughs only","Oscillating (resource_decrease=0.005)"
619,9.63465510141212e-06,"Troughs only","Oscillating (resource_decrease=0.005)"
619.2,8.79432342629652e-06,"Troughs only","Oscillating (resource_decrease=0.005)"
619.4,8.2332734224041e-06,"Troughs only","Oscillating (resource_decrease=0.005)"
619.6,8.02198413964266e-06,"Troughs only","Oscillating (resource_decrease=0.005)"
619.8,8.23266403788727e-06,"Troughs only","Oscillating (resource_decrease=0.005)"
620,8.91123066222485e-06,"Troughs only","Oscillating (resource_decrease=0.005)"
620.2,1.00418388594784e-05,"Troughs only","Oscillating (resource_decrease=0.005)"
620.4,1.15143124985665e-05,"Troughs only","Oscillating (resource_decrease=0.005)"
620.6,1.31279447910941e-05,"Troughs only","Oscillating (resource_decrease=0.005)"
620.8,1.46494217244637e-05,"Troughs only","Oscillating (resource_decrease=0.005)"
621,0,"Troughs only","Oscillating (resource_decrease=0.005)"
621.2,0,"Troughs only","Oscillating (resource_decrease=0.005)"
621.4,0,"Troughs only","Oscillating (resource_decrease=0.005)"
621.6,2.06685407402067e-05,"Troughs only","Oscillating (resource_decrease=0.005)"
621.8,1.99398449444774e-05,"Troughs only","Oscillating (resource_decrease=0.005)"
622,1.99448321298369e-05,"Troughs only","Oscillating (resource_decrease=0.005)"
622.2,2.0576328924613e-05,"Troughs only","Oscillating (resource_decrease=0.005)"
622.4,2.16857808872447e-05,"Troughs only","Oscillating (resource_decrease=0.005)"
622.6,2.30195384232258e-05,"Troughs only","Oscillating (resource_decrease=0.005)"
622.8,2.42251668193606e-05,"Troughs only","Oscillating (resource_decrease=0.005)"
623,2.49281924977205e-05,"Troughs only","Oscillating (resource_decrease=0.005)"
623.2,2.48351300290567e-05,"Troughs only","Oscillating (resource_decrease=0.005)"
623.4,2.38031380673058e-05,"Troughs only","Oscillating (resource_decrease=0.005)"
623.6,2.18854809021498e-05,"Troughs only","Oscillating (resource_decrease=0.005)"
623.8,1.93695790514066e-05,"Troughs only","Oscillating (resource_decrease=0.005)"
624,1.67151288839901e-05,"Troughs only","Oscillating (resource_decrease=0.005)"
624.2,1.43482697013792e-05,"Troughs only","Oscillating (resource_decrease=0.005)"
624.4,1.24682665995368e-05,"Troughs only","Oscillating (resource_decrease=0.005)"
624.6,1.10385593505049e-05,"Troughs only","Oscillating (resource_decrease=0.005)"
624.8,9.93003420810239e-06,"Troughs only","Oscillating (resource_decrease=0.005)"
625,9.05659780603278e-06,"Troughs only","Oscillating (resource_decrease=0.005)"
625.2,8.41776843699408e-06,"Troughs only","Oscillating (resource_decrease=0.005)"
625.4,8.07488926686181e-06,"Troughs only","Oscillating (resource_decrease=0.005)"
625.6,8.1124472640051e-06,"Troughs only","Oscillating (resource_decrease=0.005)"
625.8,8.60346695170813e-06,"Troughs only","Oscillating (resource_decrease=0.005)"
626,9.570570762659e-06,"Troughs only","Oscillating (resource_decrease=0.005)"
626.2,1.09435280172166e-05,"Troughs only","Oscillating (resource_decrease=0.005)"
626.4,1.25451494621174e-05,"Troughs only","Oscillating (resource_decrease=0.005)"
626.6,1.41371484444977e-05,"Troughs only","Oscillating (resource_decrease=0.005)"
626.8,0,"Troughs only","Oscillating (resource_decrease=0.005)"
627,0,"Troughs only","Oscillating (resource_decrease=0.005)"
627.2,0,"Troughs only","Oscillating (resource_decrease=0.005)"
627.4,2.05427507067544e-05,"Troughs only","Oscillating (resource_decrease=0.005)"
627.6,1.97931308387254e-05,"Troughs only","Oscillating (resource_decrease=0.005)"
627.8,1.9701245088369e-05,"Troughs only","Oscillating (resource_decrease=0.005)"
628,2.01998250539112e-05,"Troughs only","Oscillating (resource_decrease=0.005)"
628.2,2.11999972299713e-05,"Troughs only","Oscillating (resource_decrease=0.005)"
628.4,2.25092692795223e-05,"Troughs only","Oscillating (resource_decrease=0.005)"
628.6,2.38152406083286e-05,"Troughs only","Oscillating (resource_decrease=0.005)"
628.8,2.47452674611e-05,"Troughs only","Oscillating (resource_decrease=0.005)"
629,2.49644253749431e-05,"Troughs only","Oscillating (resource_decrease=0.005)"
629.2,2.42535625914464e-05,"Troughs only","Oscillating (resource_decrease=0.005)"
629.4,2.25794861636688e-05,"Troughs only","Oscillating (resource_decrease=0.005)"
629.6,2.01722633636763e-05,"Troughs only","Oscillating (resource_decrease=0.005)"
629.8,1.74938715544386e-05,"Troughs only","Oscillating (resource_decrease=0.005)"
630,1.50245609545298e-05,"Troughs only","Oscillating (resource_decrease=0.005)"
630.2,1.30274855916524e-05,"Troughs only","Oscillating (resource_decrease=0.005)"
630.4,1.15015399951295e-05,"Troughs only","Oscillating (resource_decrease=0.005)"
630.6,1.03173837104664e-05,"Troughs only","Oscillating (resource_decrease=0.005)"
630.8,9.36978401614958e-06,"Troughs only","Oscillating (resource_decrease=0.005)"
631,8.63957117488118e-06,"Troughs only","Oscillating (resource_decrease=0.005)"
631.2,8.17910984709796e-06,"Troughs only","Oscillating (resource_decrease=0.005)"
631.4,8.07393541357439e-06,"Troughs only","Oscillating (resource_decrease=0.005)"
631.6,8.40733647979006e-06,"Troughs only","Oscillating (resource_decrease=0.005)"
631.8,9.22330034045742e-06,"Troughs only","Oscillating (resource_decrease=0.005)"
632,1.04829930102005e-05,"Troughs only","Oscillating (resource_decrease=0.005)"
632.2,1.20389092045283e-05,"Troughs only","Oscillating (resource_decrease=0.005)"
632.4,1.36630043413404e-05,"Troughs only","Oscillating (resource_decrease=0.005)"
632.6,1.5125856740195e-05,"Troughs only","Oscillating (resource_decrease=0.005)"
632.8,0,"Troughs only","Oscillating (resource_decrease=0.005)"
633,0,"Troughs only","Oscillating (resource_decrease=0.005)"
633.2,1.98834636392563e-05,"Troughs only","Oscillating (resource_decrease=0.005)"
633.4,1.93529044878068e-05,"Troughs only","Oscillating (resource_decrease=0.005)"
633.6,1.9318634930558e-05,"Troughs only","Oscillating (resource_decrease=0.005)"
633.8,1.97804361229343e-05,"Troughs only","Oscillating (resource_decrease=0.005)"
634,2.07187253430841e-05,"Troughs only","Oscillating (resource_decrease=0.005)"
634.2,2.20100307017723e-05,"Troughs only","Oscillating (resource_decrease=0.005)"
634.4,2.33943416904404e-05,"Troughs only","Oscillating (resource_decrease=0.005)"
634.6,2.45131582506348e-05,"Troughs only","Oscillating (resource_decrease=0.005)"
634.8,2.50108352044536e-05,"Troughs only","Oscillating (resource_decrease=0.005)"
635,2.4647753860784e-05,"Troughs only","Oscillating (resource_decrease=0.005)"
635.2,2.33629177320021e-05,"Troughs only","Oscillating (resource_decrease=0.005)"
635.4,2.12959057485134e-05,"Troughs only","Oscillating (resource_decrease=0.005)"
635.6,1.87879764943709e-05,"Troughs only","Oscillating (resource_decrease=0.005)"
635.8,1.62794994469722e-05,"Troughs only","Oscillating (resource_decrease=0.005)"
636,1.41014968946902e-05,"Troughs only","Oscillating (resource_decrease=0.005)"
636.2,1.23522585152955e-05,"Troughs only","Oscillating (resource_decrease=0.005)"
636.4,1.09635684119146e-05,"Troughs only","Oscillating (resource_decrease=0.005)"
636.6,9.8423061688761e-06,"Troughs only","Oscillating (resource_decrease=0.005)"
636.8,8.95510049845128e-06,"Troughs only","Oscillating (resource_decrease=0.005)"
637,8.33487576836935e-06,"Troughs only","Oscillating (resource_decrease=0.005)"
637.2,8.05117271155075e-06,"Troughs only","Oscillating (resource_decrease=0.005)"
637.4,8.17916758097585e-06,"Troughs only","Oscillating (resource_decrease=0.005)"
637.6,8.77209812884721e-06,"Troughs only","Oscillating (resource_decrease=0.005)"
637.8,9.82714970114003e-06,"Troughs only","Oscillating (resource_decrease=0.005)"
638,1.12509010282037e-05,"Troughs only","Oscillating (resource_decrease=0.005)"
638.2,1.28555196253959e-05,"Troughs only","Oscillating (resource_decrease=0.005)"
638.4,1.44082994683227e-05,"Troughs only","Oscillating (resource_decrease=0.005)"
638.6,0,"Troughs only","Oscillating (resource_decrease=0.005)"
638.8,0,"Troughs only","Oscillating (resource_decrease=0.005)"
639,0,"Troughs only","Oscillating (resource_decrease=0.005)"
639.2,2.05957333864107e-05,"Troughs only","Oscillating (resource_decrease=0.005)"
639.4,1.98504226242004e-05,"Troughs only","Oscillating (resource_decrease=0.005)"
639.6,1.98051134441012e-05,"Troughs only","Oscillating (resource_decrease=0.005)"
639.8,2.03718118144409e-05,"Troughs only","Oscillating (resource_decrease=0.005)"
640,2.14288348599197e-05,"Troughs only","Oscillating (resource_decrease=0.005)"
640.2,2.27499700153063e-05,"Troughs only","Oscillating (resource_decrease=0.005)"
640.4,2.40011765215497e-05,"Troughs only","Oscillating (resource_decrease=0.005)"
640.6,2.48091600039698e-05,"Troughs only","Oscillating (resource_decrease=0.005)"
640.8,2.48614213335458e-05,"Troughs only","Oscillating (resource_decrease=0.005)"
641,2.39798258082474e-05,"Troughs only","Oscillating (resource_decrease=0.005)"
641.2,2.21780219792696e-05,"Troughs only","Oscillating (resource_decrease=0.005)"
641.4,1.97175878638338e-05,"Troughs only","Oscillating (resource_decrease=0.005)"
641.6,1.70594226644766e-05,"Troughs only","Oscillating (resource_decrease=0.005)"
641.8,1.46537372103498e-05,"Troughs only","Oscillating (resource_decrease=0.005)"
642,1.27277378666935e-05,"Troughs only","Oscillating (resource_decrease=0.005)"
642.2,1.12599154795374e-05,"Troughs only","Oscillating (resource_decrease=0.005)"
642.4,1.0120506345835e-05,"Troughs only","Oscillating (resource_decrease=0.005)"
642.6,9.21479082518621e-06,"Troughs only","Oscillating (resource_decrease=0.005)"
642.8,8.53426631912941e-06,"Troughs only","Oscillating (resource_decrease=0.005)"
643,8.13672809606317e-06,"Troughs only","Oscillating (resource_decrease=0.005)"
643.2,8.10752322911538e-06,"Troughs only","Oscillating (resource_decrease=0.005)"
643.4,8.52461570141241e-06,"Troughs only","Oscillating (resource_decrease=0.005)"
643.6,9.42066879138622e-06,"Troughs only","Oscillating (resource_decrease=0.005)"
643.8,1.07401626533801e-05,"Troughs only","Oscillating (resource_decrease=0.005)"
644,1.23198181204857e-05,"Troughs only","Oscillating (resource_decrease=0.005)"
644.2,1.39262363793015e-05,"Troughs only","Oscillating (resource_decrease=0.005)"
644.4,1.53393461740973e-05,"Troughs only","Oscillating (resource_decrease=0.005)"
644.6,0,"Troughs only","Oscillating (resource_decrease=0.005)"
644.8,0,"Troughs only","Oscillating (resource_decrease=0.005)"
645,1.99658430707753e-05,"Troughs only","Oscillating (resource_decrease=0.005)"
645.2,1.94367414476642e-05,"Troughs only","Oscillating (resource_decrease=0.005)"
645.4,1.94395801750467e-05,"Troughs only","Oscillating (resource_decrease=0.005)"
645.6,1.99602014853324e-05,"Troughs only","Oscillating (resource_decrease=0.005)"
645.8,2.09553374690977e-05,"Troughs only","Oscillating (resource_decrease=0.005)"
646,2.22735804898539e-05,"Troughs only","Oscillating (resource_decrease=0.005)"
646.2,2.36320369006183e-05,"Troughs only","Oscillating (resource_decrease=0.005)"
646.4,2.46639888956576e-05,"Troughs only","Oscillating (resource_decrease=0.005)"
646.6,2.50252847557704e-05,"Troughs only","Oscillating (resource_decrease=0.005)"
646.8,2.45054305946735e-05,"Troughs only","Oscillating (resource_decrease=0.005)"
647,2.30816947580972e-05,"Troughs only","Oscillating (resource_decrease=0.005)"
647.2,2.09269684259155e-05,"Troughs only","Oscillating (resource_decrease=0.005)"
647.4,1.83950499153863e-05,"Troughs only","Oscillating (resource_decrease=0.005)"
647.6,1.59125838866586e-05,"Troughs only","Oscillating (resource_decrease=0.005)"
647.8,1.37829558352676e-05,"Troughs only","Oscillating (resource_decrease=0.005)"
648,1.20822229198551e-05,"Troughs only","Oscillating (resource_decrease=0.005)"
648.2,1.07351147762348e-05,"Troughs only","Oscillating (resource_decrease=0.005)"
648.4,9.65324783496186e-06,"Troughs only","Oscillating (resource_decrease=0.005)"
648.6,8.81108923232294e-06,"Troughs only","Oscillating (resource_decrease=0.005)"
648.8,8.24651524819463e-06,"Troughs only","Oscillating (resource_decrease=0.005)"
649,8.02991169957016e-06,"Troughs only","Oscillating (resource_decrease=0.005)"
649.2,8.23390313016776e-06,"Troughs only","Oscillating (resource_decrease=0.005)"
649.4,8.90522310829449e-06,"Troughs only","Oscillating (resource_decrease=0.005)"
649.6,1.00292292844635e-05,"Troughs only","Oscillating (resource_decrease=0.005)"
649.8,1.14971428826038e-05,"Troughs only","Oscillating (resource_decrease=0.005)"
650,1.31093280044619e-05,"Troughs only","Oscillating (resource_decrease=0.005)"
650.2,1.46326704119188e-05,"Troughs only","Oscillating (resource_decrease=0.005)"
650.4,0,"Troughs only","Oscillating (resource_decrease=0.005)"
650.6,0,"Troughs only","Oscillating (resource_decrease=0.005)"
650.8,0,"Troughs only","Oscillating (resource_decrease=0.005)"
651,2.0667290630803e-05,"Troughs only","Oscillating (resource_decrease=0.005)"
651.2,1.99376623505808e-05,"Troughs only","Oscillating (resource_decrease=0.005)"
651.4,1.99385237198932e-05,"Troughs only","Oscillating (resource_decrease=0.005)"
651.6,2.05640201916892e-05,"Troughs only","Oscillating (resource_decrease=0.005)"
651.8,2.16677131750683e-05,"Troughs only","Oscillating (resource_decrease=0.005)"
652,2.2998253643992e-05,"Troughs only","Oscillating (resource_decrease=0.005)"
652.2,2.420488213876e-05,"Troughs only","Oscillating (resource_decrease=0.005)"
652.4,2.49134758706824e-05,"Troughs only","Oscillating (resource_decrease=0.005)"
652.6,2.48293013356572e-05,"Troughs only","Oscillating (resource_decrease=0.005)"
652.8,2.38069988683711e-05,"Troughs only","Oscillating (resource_decrease=0.005)"
653,2.18970203495549e-05,"Troughs only","Oscillating (resource_decrease=0.005)"
653.2,1.93850245057822e-05,"Troughs only","Oscillating (resource_decrease=0.005)"
653.4,1.6730860915899e-05,"Troughs only","Oscillating (resource_decrease=0.005)"
653.6,1.4362334661099e-05,"Troughs only","Oscillating (resource_decrease=0.005)"
653.8,1.248054264016e-05,"Troughs only","Oscillating (resource_decrease=0.005)"
654,1.10498138809303e-05,"Troughs only","Oscillating (resource_decrease=0.005)"
654.2,9.94083297905898e-06,"Troughs only","Oscillating (resource_decrease=0.005)"
654.4,9.0667688171055e-06,"Troughs only","Oscillating (resource_decrease=0.005)"
654.6,8.42648603742384e-06,"Troughs only","Oscillating (resource_decrease=0.005)"
654.8,8.08105522274424e-06,"Troughs only","Oscillating (resource_decrease=0.005)"
655,8.11506198504735e-06,"Troughs only","Oscillating (resource_decrease=0.005)"
655.2,8.60191639580722e-06,"Troughs only","Oscillating (resource_decrease=0.005)"
655.4,9.56489265708809e-06,"Troughs only","Oscillating (resource_decrease=0.005)"
655.6,1.09346109663945e-05,"Troughs only","Oscillating (resource_decrease=0.005)"
655.8,1.25346560338406e-05,"Troughs only","Oscillating (resource_decrease=0.005)"
656,1.41270621832866e-05,"Troughs only","Oscillating (resource_decrease=0.005)"
656.2,0,"Troughs only","Oscillating (resource_decrease=0.005)"
656.4,0,"Troughs only","Oscillating (resource_decrease=0.005)"
656.6,0,"Troughs only","Oscillating (resource_decrease=0.005)"
656.8,2.05419599806145e-05,"Troughs only","Oscillating (resource_decrease=0.005)"
657,1.9792605193509e-05,"Troughs only","Oscillating (resource_decrease=0.005)"
657.2,1.96989879741831e-05,"Troughs only","Oscillating (resource_decrease=0.005)"
657.4,2.01943477548971e-05,"Troughs only","Oscillating (resource_decrease=0.005)"
657.6,2.11908861506387e-05,"Troughs only","Oscillating (resource_decrease=0.005)"
657.8,2.24974733706843e-05,"Troughs only","Oscillating (resource_decrease=0.005)"
658,2.38029011237427e-05,"Troughs only","Oscillating (resource_decrease=0.005)"
658.2,2.47350783224837e-05,"Troughs only","Oscillating (resource_decrease=0.005)"
658.4,2.49587100654337e-05,"Troughs only","Oscillating (resource_decrease=0.005)"
658.6,2.42533920469143e-05,"Troughs only","Oscillating (resource_decrease=0.005)"
658.8,2.2584244019455e-05,"Troughs only","Oscillating (resource_decrease=0.005)"
659,2.01800014389438e-05,"Troughs only","Oscillating (resource_decrease=0.005)"
659.2,1.75023612444621e-05,"Troughs only","Oscillating (resource_decrease=0.005)"
659.4,1.50323529303129e-05,"Troughs only","Oscillating (resource_decrease=0.005)"
659.6,1.30342609294775e-05,"Troughs only","Oscillating (resource_decrease=0.005)"
659.8,1.15076940396897e-05,"Troughs only","Oscillating (resource_decrease=0.005)"
660,1.03233559359452e-05,"Troughs only","Oscillating (resource_decrease=0.005)"
660.2,9.37562727344301e-06,"Troughs only","Oscillating (resource_decrease=0.005)"
660.4,8.64490251499913e-06,"Troughs only","Oscillating (resource_decrease=0.005)"
660.6,8.183303719157e-06,"Troughs only","Oscillating (resource_decrease=0.005)"
660.8,8.07635894955998e-06,"Troughs only","Oscillating (resource_decrease=0.005)"
661,8.40753321433608e-06,"Troughs only","Oscillating (resource_decrease=0.005)"
661.2,9.2211416420543e-06,"Troughs only","Oscillating (resource_decrease=0.005)"
661.4,1.04788026450464e-05,"Troughs only","Oscillating (resource_decrease=0.005)"
661.6,1.20334723690819e-05,"Troughs only","Oscillating (resource_decrease=0.005)"
661.8,1.36573803513687e-05,"Troughs only","Oscillating (resource_decrease=0.005)"
662,1.51210612249758e-05,"Troughs only","Oscillating (resource_decrease=0.005)"
662.2,0,"Troughs only","Oscillating (resource_decrease=0.005)"
662.4,0,"Troughs only","Oscillating (resource_decrease=0.005)"
662.6,1.98829491619711e-05,"Troughs only","Oscillating (resource_decrease=0.005)"
662.8,1.93529131249088e-05,"Troughs only","Oscillating (resource_decrease=0.005)"
663,1.93180589491519e-05,"Troughs only","Oscillating (resource_decrease=0.005)"
663.2,1.97783021825968e-05,"Troughs only","Oscillating (resource_decrease=0.005)"
663.4,2.07145452490438e-05,"Troughs only","Oscillating (resource_decrease=0.005)"
663.6,2.2004036629177e-05,"Troughs only","Oscillating (resource_decrease=0.005)"
663.8,2.33874878942409e-05,"Troughs only","Oscillating (resource_decrease=0.005)"
664,2.45068483107284e-05,"Troughs only","Oscillating (resource_decrease=0.005)"
664.2,2.50064507742462e-05,"Troughs only","Oscillating (resource_decrease=0.005)"
664.4,2.46461567843225e-05,"Troughs only","Oscillating (resource_decrease=0.005)"
664.6,2.33641300854094e-05,"Troughs only","Oscillating (resource_decrease=0.005)"
664.8,2.12991468270436e-05,"Troughs only","Oscillating (resource_decrease=0.005)"
665,1.879209611207e-05,"Troughs only","Oscillating (resource_decrease=0.005)"
665.2,1.6283563856246e-05,"Troughs only","Oscillating (resource_decrease=0.005)"
665.4,1.41051283296402e-05,"Troughs only","Oscillating (resource_decrease=0.005)"
665.6,1.23555526656216e-05,"Troughs only","Oscillating (resource_decrease=0.005)"
665.8,1.09667663314344e-05,"Troughs only","Oscillating (resource_decrease=0.005)"
666,9.84550687161661e-06,"Troughs only","Oscillating (resource_decrease=0.005)"
666.2,8.95816510090431e-06,"Troughs only","Oscillating (resource_decrease=0.005)"
666.4,8.33749734332374e-06,"Troughs only","Oscillating (resource_decrease=0.005)"
666.6,8.05300335179805e-06,"Troughs only","Oscillating (resource_decrease=0.005)"
666.8,8.17992290527868e-06,"Troughs only","Oscillating (resource_decrease=0.005)"
667,8.77163094203872e-06,"Troughs only","Oscillating (resource_decrease=0.005)"
667.2,9.82551234259749e-06,"Troughs only","Oscillating (resource_decrease=0.005)"
667.4,1.1248381003759e-05,"Troughs only","Oscillating (resource_decrease=0.005)"
667.6,1.28526016917151e-05,"Troughs only","Oscillating (resource_decrease=0.005)"
667.8,1.44055414548111e-05,"Troughs only","Oscillating (resource_decrease=0.005)"
668,0,"Troughs only","Oscillating (resource_decrease=0.005)"
668.2,0,"Troughs only","Oscillating (resource_decrease=0.005)"
668.4,0,"Troughs only","Oscillating (resource_decrease=0.005)"
668.6,2.05956884937833e-05,"Troughs only","Oscillating (resource_decrease=0.005)"
668.8,1.98503773384446e-05,"Troughs only","Oscillating (resource_decrease=0.005)"
669,1.9804485864146e-05,"Troughs only","Oscillating (resource_decrease=0.005)"
669.2,2.037019186075e-05,"Troughs only","Oscillating (resource_decrease=0.005)"
669.4,2.14261417671865e-05,"Troughs only","Oscillating (resource_decrease=0.005)"
669.6,2.27465162096719e-05,"Troughs only","Oscillating (resource_decrease=0.005)"
669.8,2.39975977414866e-05,"Troughs only","Oscillating (resource_decrease=0.005)"
670,2.48062184975156e-05,"Troughs only","Oscillating (resource_decrease=0.005)"
670.2,2.48597413805181e-05,"Troughs only","Oscillating (resource_decrease=0.005)"
670.4,2.39796580393704e-05,"Troughs only","Oscillating (resource_decrease=0.005)"
670.6,2.21791509295296e-05,"Troughs only","Oscillating (resource_decrease=0.005)"
670.8,1.97194635487957e-05,"Troughs only","Oscillating (resource_decrease=0.005)"
671,1.7061462751198e-05,"Troughs only","Oscillating (resource_decrease=0.005)"
671.2,1.46555984117087e-05,"Troughs only","Oscillating (resource_decrease=0.005)"
671.4,1.27293791963714e-05,"Troughs only","Oscillating (resource_decrease=0.005)"
671.6,1.12614643074911e-05,"Troughs only","Oscillating (resource_decrease=0.005)"
671.8,1.01220757845184e-05,"Troughs only","Oscillating (resource_decrease=0.005)"
672,9.21637470335036e-06,"Troughs only","Oscillating (resource_decrease=0.005)"
672.2,8.53573907392061e-06,"Troughs only","Oscillating (resource_decrease=0.005)"
672.4,8.13790502916068e-06,"Troughs only","Oscillating (resource_decrease=0.005)"
672.6,8.10822649451802e-06,"Troughs only","Oscillating (resource_decrease=0.005)"
672.8,8.52472370196542e-06,"Troughs only","Oscillating (resource_decrease=0.005)"
673,9.42015517223661e-06,"Troughs only","Oscillating (resource_decrease=0.005)"
673.2,1.07391245044686e-05,"Troughs only","Oscillating (resource_decrease=0.005)"
673.4,1.23184707078877e-05,"Troughs only","Oscillating (resource_decrease=0.005)"
673.6,1.39248592716648e-05,"Troughs only","Oscillating (resource_decrease=0.005)"
673.8,0,"Troughs only","Oscillating (resource_decrease=0.005)"
674,0,"Troughs only","Oscillating (resource_decrease=0.005)"
674.2,0,"Troughs only","Oscillating (resource_decrease=0.005)"
674.4,2.04885933805257e-05,"Troughs only","Oscillating (resource_decrease=0.005)"
674.6,1.97382427320823e-05,"Troughs only","Oscillating (resource_decrease=0.005)"
674.8,1.9612473918347e-05,"Troughs only","Oscillating (resource_decrease=0.005)"
675,2.00561237916487e-05,"Troughs only","Oscillating (resource_decrease=0.005)"
675.2,2.10011128106297e-05,"Troughs only","Oscillating (resource_decrease=0.005)"
675.4,2.22795685422776e-05,"Troughs only","Oscillating (resource_decrease=0.005)"
675.6,2.35994852354169e-05,"Troughs only","Oscillating (resource_decrease=0.005)"
675.8,2.45961260904353e-05,"Troughs only","Oscillating (resource_decrease=0.005)"
676,2.4925056905966e-05,"Troughs only","Oscillating (resource_decrease=0.005)"
676.2,2.43408592897344e-05,"Troughs only","Oscillating (resource_decrease=0.005)"
676.4,2.27754734865463e-05,"Troughs only","Oscillating (resource_decrease=0.005)"
676.6,2.04310737879538e-05,"Troughs only","Oscillating (resource_decrease=0.005)"
676.8,1.77634919380976e-05,"Troughs only","Oscillating (resource_decrease=0.005)"
677,1.52695740825489e-05,"Troughs only","Oscillating (resource_decrease=0.005)"
677.2,1.32371882991876e-05,"Troughs only","Oscillating (resource_decrease=0.005)"
677.4,1.16815441049122e-05,"Troughs only","Oscillating (resource_decrease=0.005)"
677.6,1.04756036603957e-05,"Troughs only","Oscillating (resource_decrease=0.005)"
677.8,9.50743162695755e-06,"Troughs only","Oscillating (resource_decrease=0.005)"
678,8.74995564004371e-06,"Troughs only","Oscillating (resource_decrease=0.005)"
678.2,8.25109482968592e-06,"Troughs only","Oscillating (resource_decrease=0.005)"
678.4,8.09610053814996e-06,"Troughs only","Oscillating (resource_decrease=0.005)"
678.6,8.37151684570589e-06,"Troughs only","Oscillating (resource_decrease=0.005)"
678.8,9.12841347989704e-06,"Troughs only","Oscillating (resource_decrease=0.005)"
679,1.03389802884674e-05,"Troughs only","Oscillating (resource_decrease=0.005)"
679.2,1.18675867499461e-05,"Troughs only","Oscillating (resource_decrease=0.005)"
679.4,1.34928150805655e-05,"Troughs only","Oscillating (resource_decrease=0.005)"
679.6,1.49824207206536e-05,"Troughs only","Oscillating (resource_decrease=0.005)"
679.8,0,"Troughs only","Oscillating (resource_decrease=0.005)"
680,0,"Troughs only","Oscillating (resource_decrease=0.005)"
680.2,1.98428839289073e-05,"Troughs only","Oscillating (resource_decrease=0.005)"
680.4,1.93204005281661e-05,"Troughs only","Oscillating (resource_decrease=0.005)"
680.6,1.92671343243862e-05,"Troughs only","Oscillating (resource_decrease=0.005)"
680.8,1.96890598202485e-05,"Troughs only","Oscillating (resource_decrease=0.005)"
681,2.05806611002842e-05,"Troughs only","Oscillating (resource_decrease=0.005)"
681.2,2.18374112375056e-05,"Troughs only","Oscillating (resource_decrease=0.005)"
681.4,2.32171827282072e-05,"Troughs only","Oscillating (resource_decrease=0.005)"
681.6,2.43713196779149e-05,"Troughs only","Oscillating (resource_decrease=0.005)"
681.8,2.49411710238329e-05,"Troughs only","Oscillating (resource_decrease=0.005)"
682,2.46709916456461e-05,"Troughs only","Oscillating (resource_decrease=0.005)"
682.2,2.34752788301644e-05,"Troughs only","Oscillating (resource_decrease=0.005)"
682.4,2.14702117505971e-05,"Troughs only","Oscillating (resource_decrease=0.005)"
682.6,1.89861009276446e-05,"Troughs only","Oscillating (resource_decrease=0.005)"
682.8,1.64697942976281e-05,"Troughs only","Oscillating (resource_decrease=0.005)"
683,1.42692623671942e-05,"Troughs only","Oscillating (resource_decrease=0.005)"
683.2,1.24976072118241e-05,"Troughs only","Oscillating (resource_decrease=0.005)"
683.4,1.10919003682354e-05,"Troughs only","Oscillating (resource_decrease=0.005)"
683.6,9.95599155885603e-06,"Troughs only","Oscillating (resource_decrease=0.005)"
683.8,9.05067030532834e-06,"Troughs only","Oscillating (resource_decrease=0.005)"
684,8.40471660308018e-06,"Troughs only","Oscillating (resource_decrease=0.005)"
684.2,8.08661712122259e-06,"Troughs only","Oscillating (resource_decrease=0.005)"
684.4,8.1730872405876e-06,"Troughs only","Oscillating (resource_decrease=0.005)"
684.6,8.72124800920067e-06,"Troughs only","Oscillating (resource_decrease=0.005)"
684.8,9.73491597340248e-06,"Troughs only","Oscillating (resource_decrease=0.005)"
685,1.11292920352746e-05,"Troughs only","Oscillating (resource_decrease=0.005)"
685.2,1.27238221208304e-05,"Troughs only","Oscillating (resource_decrease=0.005)"
685.4,1.42876074865114e-05,"Troughs only","Oscillating (resource_decrease=0.005)"
685.6,0,"Troughs only","Oscillating (resource_decrease=0.005)"
685.8,0,"Troughs only","Oscillating (resource_decrease=0.005)"
686,0,"Troughs only","Oscillating (resource_decrease=0.005)"
686.2,2.0568267163342e-05,"Troughs only","Oscillating (resource_decrease=0.005)"
686.4,1.98192932321271e-05,"Troughs only","Oscillating (resource_decrease=0.005)"
686.6,1.97510008378088e-05,"Troughs only","Oscillating (resource_decrease=0.005)"
686.8,2.02836593304303e-05,"Troughs only","Oscillating (resource_decrease=0.005)"
687,2.13086604431571e-05,"Troughs only","Oscillating (resource_decrease=0.005)"
687.2,2.26142684080883e-05,"Troughs only","Oscillating (resource_decrease=0.005)"
687.4,2.3877427571686e-05,"Troughs only","Oscillating (resource_decrease=0.005)"
687.6,2.47277877520108e-05,"Troughs only","Oscillating (resource_decrease=0.005)"
687.8,2.48455014129494e-05,"Troughs only","Oscillating (resource_decrease=0.005)"
688,2.40360092632537e-05,"Troughs only","Oscillating (resource_decrease=0.005)"
688.2,2.22930150155142e-05,"Troughs only","Oscillating (resource_decrease=0.005)"
688.4,1.98638123967822e-05,"Troughs only","Oscillating (resource_decrease=0.005)"
688.6,1.72081267227868e-05,"Troughs only","Oscillating (resource_decrease=0.005)"
688.8,1.47870498949387e-05,"Troughs only","Oscillating (resource_decrease=0.005)"
689,1.28416605361045e-05,"Troughs only","Oscillating (resource_decrease=0.005)"
689.2,1.135852870725e-05,"Troughs only","Oscillating (resource_decrease=0.005)"
689.4,1.02080396578933e-05,"Troughs only","Oscillating (resource_decrease=0.005)"
689.6,9.2911329982399e-06,"Troughs only","Oscillating (resource_decrease=0.005)"
689.8,8.59487820217176e-06,"Troughs only","Oscillating (resource_decrease=0.005)"
690,8.17486785895394e-06,"Troughs only","Oscillating (resource_decrease=0.005)"
690.2,8.11664073855701e-06,"Troughs only","Oscillating (resource_decrease=0.005)"
690.4,8.50041203173855e-06,"Troughs only","Oscillating (resource_decrease=0.005)"
690.6,9.36336292817547e-06,"Troughs only","Oscillating (resource_decrease=0.005)"
690.8,1.06565801639208e-05,"Troughs only","Oscillating (resource_decrease=0.005)"
691,1.22233084338578e-05,"Troughs only","Oscillating (resource_decrease=0.005)"
691.2,1.38330839797408e-05,"Troughs only","Oscillating (resource_decrease=0.005)"
691.4,1.52632997497996e-05,"Troughs only","Oscillating (resource_decrease=0.005)"
691.6,0,"Troughs only","Oscillating (resource_decrease=0.005)"
691.8,0,"Troughs only","Oscillating (resource_decrease=0.005)"
692,1.99467577761666e-05,"Troughs only","Oscillating (resource_decrease=0.005)"
692.2,1.94195157601618e-05,"Troughs only","Oscillating (resource_decrease=0.005)"
692.4,1.94090681218853e-05,"Troughs only","Oscillating (resource_decrease=0.005)"
692.6,1.99055002155153e-05,"Troughs only","Oscillating (resource_decrease=0.005)"
692.8,2.087412852048e-05,"Troughs only","Oscillating (resource_decrease=0.005)"
693,2.21744464181275e-05,"Troughs only","Oscillating (resource_decrease=0.005)"
693.2,2.35331748444468e-05,"Troughs only","Oscillating (resource_decrease=0.005)"
693.4,2.45880147381152e-05,"Troughs only","Oscillating (resource_decrease=0.005)"
693.6,2.49917073672813e-05,"Troughs only","Oscillating (resource_decrease=0.005)"
693.8,2.4523622732812e-05,"Troughs only","Oscillating (resource_decrease=0.005)"
694,2.31471938903916e-05,"Troughs only","Oscillating (resource_decrease=0.005)"
694.2,2.10233301456972e-05,"Troughs only","Oscillating (resource_decrease=0.005)"
694.4,1.85014498662796e-05,"Troughs only","Oscillating (resource_decrease=0.005)"
694.6,1.60130646005484e-05,"Troughs only","Oscillating (resource_decrease=0.005)"
694.8,1.38710918723981e-05,"Troughs only","Oscillating (resource_decrease=0.005)"
695,1.21590212595241e-05,"Troughs only","Oscillating (resource_decrease=0.005)"
695.2,1.08035729299972e-05,"Troughs only","Oscillating (resource_decrease=0.005)"
695.4,9.71415542738298e-06,"Troughs only","Oscillating (resource_decrease=0.005)"
695.6,8.86197838414504e-06,"Troughs only","Oscillating (resource_decrease=0.005)"
695.8,8.28287342821174e-06,"Troughs only","Oscillating (resource_decrease=0.005)"
696,8.04691921335986e-06,"Troughs only","Oscillating (resource_decrease=0.005)"
696.2,8.22782770386835e-06,"Troughs only","Oscillating (resource_decrease=0.005)"
696.4,8.87473016894274e-06,"Troughs only","Oscillating (resource_decrease=0.005)"
696.6,9.97688048375593e-06,"Troughs only","Oscillating (resource_decrease=0.005)"
696.8,1.14302687206716e-05,"Troughs only","Oscillating (resource_decrease=0.005)"
697,1.30388941527034e-05,"Troughs only","Oscillating (resource_decrease=0.005)"
697.2,1.45700081661823e-05,"Troughs only","Oscillating (resource_decrease=0.005)"
697.4,0,"Troughs only","Oscillating (resource_decrease=0.005)"
697.6,0,"Troughs only","Oscillating (resource_decrease=0.005)"
697.8,0,"Troughs only","Oscillating (resource_decrease=0.005)"
698,2.06544866476056e-05,"Troughs only","Oscillating (resource_decrease=0.005)"
698.2,1.99208000829102e-05,"Troughs only","Oscillating (resource_decrease=0.005)"
698.4,1.99075099685379e-05,"Troughs only","Oscillating (resource_decrease=0.005)"
698.6,2.05137518906821e-05,"Troughs only","Oscillating (resource_decrease=0.005)"
698.8,2.16004919107889e-05,"Troughs only","Oscillating (resource_decrease=0.005)"
699,2.29241467137195e-05,"Troughs only","Oscillating (resource_decrease=0.005)"
699.2,2.41393421811736e-05,"Troughs only","Oscillating (resource_decrease=0.005)"
699.4,2.48726245754396e-05,"Troughs only","Oscillating (resource_decrease=0.005)"
699.6,2.48243540346786e-05,"Troughs only","Oscillating (resource_decrease=0.005)"
699.8,2.38398399028475e-05,"Troughs only","Oscillating (resource_decrease=0.005)"
700,2.1959160370288e-05,"Troughs only","Oscillating (resource_decrease=0.005)"
700.2,1.94614035859801e-05,"Troughs only","Oscillating (resource_decrease=0.005)"
700.4,1.68069518162406e-05,"Troughs only","Oscillating (resource_decrease=0.005)"
700.6,1.44299078946551e-05,"Troughs only","Oscillating (resource_decrease=0.005)"
700.8,1.25384319599897e-05,"Troughs only","Oscillating (resource_decrease=0.005)"
701,1.11004561187702e-05,"Troughs only","Oscillating (resource_decrease=0.005)"
701.2,9.98620033360111e-06,"Troughs only","Oscillating (resource_decrease=0.005)"
701.4,9.1063543278645e-06,"Troughs only","Oscillating (resource_decrease=0.005)"
701.6,8.45754732395087e-06,"Troughs only","Oscillating (resource_decrease=0.005)"
701.8,8.09989464132837e-06,"Troughs only","Oscillating (resource_decrease=0.005)"
702,8.11827957292468e-06,"Troughs only","Oscillating (resource_decrease=0.005)"
702.2,8.58748673379978e-06,"Troughs only","Oscillating (resource_decrease=0.005)"
702.4,9.53336014237672e-06,"Troughs only","Oscillating (resource_decrease=0.005)"
702.6,1.08900899111612e-05,"Troughs only","Oscillating (resource_decrease=0.005)"
702.8,1.24845443641847e-05,"Troughs only","Oscillating (resource_decrease=0.005)"
703,1.4079932458738e-05,"Troughs only","Oscillating (resource_decrease=0.005)"
703.2,0,"Troughs only","Oscillating (resource_decrease=0.005)"
703.4,0,"Troughs only","Oscillating (resource_decrease=0.005)"
703.6,0,"Troughs only","Oscillating (resource_decrease=0.005)"
703.8,2.05329643027555e-05,"Troughs only","Oscillating (resource_decrease=0.005)"
704,1.97837295919939e-05,"Troughs only","Oscillating (resource_decrease=0.005)"
704.2,1.9682203395831e-05,"Troughs only","Oscillating (resource_decrease=0.005)"
704.4,2.01642684173469e-05,"Troughs only","Oscillating (resource_decrease=0.005)"
704.6,2.11469398044383e-05,"Troughs only","Oscillating (resource_decrease=0.005)"
704.8,2.24448869333239e-05,"Troughs only","Oscillating (resource_decrease=0.005)"
705,2.37517551910738e-05,"Troughs only","Oscillating (resource_decrease=0.005)"
705.2,2.46974028177848e-05,"Troughs only","Oscillating (resource_decrease=0.005)"
705.4,2.4944435850906e-05,"Troughs only","Oscillating (resource_decrease=0.005)"
705.6,2.4266517209739e-05,"Troughs only","Oscillating (resource_decrease=0.005)"
705.8,2.26209630188116e-05,"Troughs only","Oscillating (resource_decrease=0.005)"
706,2.02303922087715e-05,"Troughs only","Oscillating (resource_decrease=0.005)"
706.2,1.75552900499508e-05,"Troughs only","Oscillating (resource_decrease=0.005)"
706.4,1.50804456257885e-05,"Troughs only","Oscillating (resource_decrease=0.005)"
706.6,1.3075559223822e-05,"Troughs only","Oscillating (resource_decrease=0.005)"
706.8,1.15437029442651e-05,"Troughs only","Oscillating (resource_decrease=0.005)"
707,1.03559241957357e-05,"Troughs only","Oscillating (resource_decrease=0.005)"
707.2,9.40497700888283e-06,"Troughs only","Oscillating (resource_decrease=0.005)"
707.4,8.66940866678718e-06,"Troughs only","Oscillating (resource_decrease=0.005)"
707.6,8.20032288995968e-06,"Troughs only","Oscillating (resource_decrease=0.005)"
707.8,8.08321439334441e-06,"Troughs only","Oscillating (resource_decrease=0.005)"
708,8.40232631796336e-06,"Troughs only","Oscillating (resource_decrease=0.005)"
708.2,9.20355755421574e-06,"Troughs only","Oscillating (resource_decrease=0.005)"
708.4,1.04508802581072e-05,"Troughs only","Oscillating (resource_decrease=0.005)"
708.6,1.19997164246269e-05,"Troughs only","Oscillating (resource_decrease=0.005)"
708.8,1.3623660621917e-05,"Troughs only","Oscillating (resource_decrease=0.005)"
709,1.50927103943202e-05,"Troughs only","Oscillating (resource_decrease=0.005)"
709.2,0,"Troughs only","Oscillating (resource_decrease=0.005)"
709.4,0,"Troughs only","Oscillating (resource_decrease=0.005)"
709.6,1.98764542316292e-05,"Troughs only","Oscillating (resource_decrease=0.005)"
709.8,1.93482809198003e-05,"Troughs only","Oscillating (resource_decrease=0.005)"
710,1.93095702613224e-05,"Troughs only","Oscillating (resource_decrease=0.005)"
710.2,1.9761402412932e-05,"Troughs only","Oscillating (resource_decrease=0.005)"
710.4,2.06875482360396e-05,"Troughs only","Oscillating (resource_decrease=0.005)"
710.6,2.19691882100249e-05,"Troughs only","Oscillating (resource_decrease=0.005)"
710.8,2.33507746191862e-05,"Troughs only","Oscillating (resource_decrease=0.005)"
711,2.44763489687719e-05,"Troughs only","Oscillating (resource_decrease=0.005)"
711.2,2.49896884311854e-05,"Troughs only","Oscillating (resource_decrease=0.005)"
711.4,2.46474048975726e-05,"Troughs only","Oscillating (resource_decrease=0.005)"
711.6,2.33827330420907e-05,"Troughs only","Oscillating (resource_decrease=0.005)"
711.8,2.13298107411092e-05,"Troughs only","Oscillating (resource_decrease=0.005)"
712,1.88274377105473e-05,"Troughs only","Oscillating (resource_decrease=0.005)"
712.2,1.63175656749182e-05,"Troughs only","Oscillating (resource_decrease=0.005)"
712.4,1.41351430766489e-05,"Troughs only","Oscillating (resource_decrease=0.005)"
712.6,1.23818064470769e-05,"Troughs only","Oscillating (resource_decrease=0.005)"
712.8,1.09904349529673e-05,"Troughs only","Oscillating (resource_decrease=0.005)"
713,9.86706673853077e-06,"Troughs only","Oscillating (resource_decrease=0.005)"
713.2,8.9768597817949e-06,"Troughs only","Oscillating (resource_decrease=0.005)"
713.4,8.35171287229564e-06,"Troughs only","Oscillating (resource_decrease=0.005)"
713.6,8.06092356486561e-06,"Troughs only","Oscillating (resource_decrease=0.005)"
713.8,8.18007077170918e-06,"Troughs only","Oscillating (resource_decrease=0.005)"
714,8.76332622978439e-06,"Troughs only","Oscillating (resource_decrease=0.005)"
714.2,9.80936910867026e-06,"Troughs only","Oscillating (resource_decrease=0.005)"
714.4,1.1226643433841e-05,"Troughs only","Oscillating (resource_decrease=0.005)"
714.6,1.28288694007714e-05,"Troughs only","Oscillating (resource_decrease=0.005)"
714.8,1.43837622195632e-05,"Troughs only","Oscillating (resource_decrease=0.005)"
715,0,"Troughs only","Oscillating (resource_decrease=0.005)"
715.2,0,"Troughs only","Oscillating (resource_decrease=0.005)"
715.4,0,"Troughs only","Oscillating (resource_decrease=0.005)"
715.6,2.05917629286035e-05,"Troughs only","Oscillating (resource_decrease=0.005)"
715.8,1.98458130140972e-05,"Troughs only","Oscillating (resource_decrease=0.005)"
716,1.97955704477298e-05,"Troughs only","Oscillating (resource_decrease=0.005)"
716.2,2.03547140074046e-05,"Troughs only","Oscillating (resource_decrease=0.005)"
716.4,2.14043298239317e-05,"Troughs only","Oscillating (resource_decrease=0.005)"
716.6,2.27213223698931e-05,"Troughs only","Oscillating (resource_decrease=0.005)"
716.8,2.39740543781287e-05,"Troughs only","Oscillating (resource_decrease=0.005)"
717,2.4789938583997e-05,"Troughs only","Oscillating (resource_decrease=0.005)"
717.2,2.48550024128988e-05,"Troughs only","Oscillating (resource_decrease=0.005)"
717.4,2.3987733334456e-05,"Troughs only","Oscillating (resource_decrease=0.005)"
717.6,2.21976955147487e-05,"Troughs only","Oscillating (resource_decrease=0.005)"
717.8,1.974358515117e-05,"Troughs only","Oscillating (resource_decrease=0.005)"
718,1.70861094430622e-05,"Troughs only","Oscillating (resource_decrease=0.005)"
718.2,1.46777032344384e-05,"Troughs only","Oscillating (resource_decrease=0.005)"
718.4,1.2748350220521e-05,"Troughs only","Oscillating (resource_decrease=0.005)"
718.6,1.12781115138504e-05,"Troughs only","Oscillating (resource_decrease=0.005)"
718.8,1.01371790867444e-05,"Troughs only","Oscillating (resource_decrease=0.005)"
719,9.22988609922879e-06,"Troughs only","Oscillating (resource_decrease=0.005)"
719.2,8.54678550536578e-06,"Troughs only","Oscillating (resource_decrease=0.005)"
719.4,8.14521207990126e-06,"Troughs only","Oscillating (resource_decrease=0.005)"
719.6,8.1105689488355e-06,"Troughs only","Oscillating (resource_decrease=0.005)"
719.8,8.52130051913504e-06,"Troughs only","Oscillating (resource_decrease=0.005)"
720,9.41097827260181e-06,"Troughs only","Oscillating (resource_decrease=0.005)"
720.2,1.07253604571669e-05,"Troughs only","Oscillating (resource_decrease=0.005)"
720.4,1.23024091526351e-05,"Troughs only","Oscillating (resource_decrease=0.005)"
720.6,1.39092983912208e-05,"Troughs only","Oscillating (resource_decrease=0.005)"
720.8,1.53255277219217e-05,"Troughs only","Oscillating (resource_decrease=0.005)"
721,0,"Troughs only","Oscillating (resource_decrease=0.005)"
721.2,0,"Troughs only","Oscillating (resource_decrease=0.005)"
721.4,1.99632005869317e-05,"Troughs only","Oscillating (resource_decrease=0.005)"
721.6,1.94345946360698e-05,"Troughs only","Oscillating (resource_decrease=0.005)"
721.8,1.94349739675108e-05,"Troughs only","Oscillating (resource_decrease=0.005)"
722,1.995091490784e-05,"Troughs only","Oscillating (resource_decrease=0.005)"
722.2,2.09407499102398e-05,"Troughs only","Oscillating (resource_decrease=0.005)"
722.4,2.22551470392352e-05,"Troughs only","Oscillating (resource_decrease=0.005)"
722.6,2.36130718355356e-05,"Troughs only","Oscillating (resource_decrease=0.005)"
722.8,2.46487008005598e-05,"Troughs only","Oscillating (resource_decrease=0.005)"
723,2.50173596983664e-05,"Troughs only","Oscillating (resource_decrease=0.005)"
723.2,2.45067011725027e-05,"Troughs only","Oscillating (resource_decrease=0.005)"
723.4,2.30914451648377e-05,"Troughs only","Oscillating (resource_decrease=0.005)"
723.6,2.09422916047238e-05,"Troughs only","Oscillating (resource_decrease=0.005)"
723.8,1.84122591696366e-05,"Troughs only","Oscillating (resource_decrease=0.005)"
724,1.59288960258297e-05,"Troughs only","Oscillating (resource_decrease=0.005)"
724.2,1.37973169873421e-05,"Troughs only","Oscillating (resource_decrease=0.005)"
724.4,1.20949035974698e-05,"Troughs only","Oscillating (resource_decrease=0.005)"
724.6,1.07467070068381e-05,"Troughs only","Oscillating (resource_decrease=0.005)"
724.8,9.66389777970668e-06,"Troughs only","Oscillating (resource_decrease=0.005)"
725,8.82031304624733e-06,"Troughs only","Oscillating (resource_decrease=0.005)"
725.2,8.25343766976221e-06,"Troughs only","Oscillating (resource_decrease=0.005)"
725.4,8.03360415386142e-06,"Troughs only","Oscillating (resource_decrease=0.005)"
725.6,8.23365011112409e-06,"Troughs only","Oscillating (resource_decrease=0.005)"
725.8,8.90075221345387e-06,"Troughs only","Oscillating (resource_decrease=0.005)"
726,1.00209552292912e-05,"Troughs only","Oscillating (resource_decrease=0.005)"
726.2,1.14863002008923e-05,"Troughs only","Oscillating (resource_decrease=0.005)"
726.4,1.30977755301584e-05,"Troughs only","Oscillating (resource_decrease=0.005)"
726.6,1.46223510296019e-05,"Troughs only","Oscillating (resource_decrease=0.005)"
726.8,0,"Troughs only","Oscillating (resource_decrease=0.005)"
727,0,"Troughs only","Oscillating (resource_decrease=0.005)"
727.2,0,"Troughs only","Oscillating (resource_decrease=0.005)"
727.4,2.06657592581193e-05,"Troughs only","Oscillating (resource_decrease=0.005)"
727.6,1.99354922981267e-05,"Troughs only","Oscillating (resource_decrease=0.005)"
727.8,1.99339214533952e-05,"Troughs only","Oscillating (resource_decrease=0.005)"
728,2.05560131890414e-05,"Troughs only","Oscillating (resource_decrease=0.005)"
728.2,2.1656587491947e-05,"Troughs only","Oscillating (resource_decrease=0.005)"
728.4,2.29856350734994e-05,"Troughs only","Oscillating (resource_decrease=0.005)"
728.6,2.41933442922041e-05,"Troughs only","Oscillating (resource_decrease=0.005)"
728.8,2.49057438178423e-05,"Troughs only","Oscillating (resource_decrease=0.005)"
729,2.48273035301703e-05,"Troughs only","Oscillating (resource_decrease=0.005)"
729.2,2.38111168761742e-05,"Troughs only","Oscillating (resource_decrease=0.005)"
729.4,2.19059170906561e-05,"Troughs only","Oscillating (resource_decrease=0.005)"
729.6,1.93962837582686e-05,"Troughs only","Oscillating (resource_decrease=0.005)"
729.8,1.67421625637406e-05,"Troughs only","Oscillating (resource_decrease=0.005)"
730,1.43723938772871e-05,"Troughs only","Oscillating (resource_decrease=0.005)"
730.2,1.24892218682225e-05,"Troughs only","Oscillating (resource_decrease=0.005)"
730.4,1.1057546328385e-05,"Troughs only","Oscillating (resource_decrease=0.005)"
730.6,9.94795224057637e-06,"Troughs only","Oscillating (resource_decrease=0.005)"
730.8,9.07317938459452e-06,"Troughs only","Oscillating (resource_decrease=0.005)"
731,8.43170980468117e-06,"Troughs only","Oscillating (resource_decrease=0.005)"
731.2,8.08445308933794e-06,"Troughs only","Oscillating (resource_decrease=0.005)"
731.4,8.11604982700821e-06,"Troughs only","Oscillating (resource_decrease=0.005)"
731.6,8.60014231463651e-06,"Troughs only","Oscillating (resource_decrease=0.005)"
731.8,9.56041996245407e-06,"Troughs only","Oscillating (resource_decrease=0.005)"
732,1.09280643819502e-05,"Troughs only","Oscillating (resource_decrease=0.005)"
732.2,1.25271730077924e-05,"Troughs only","Oscillating (resource_decrease=0.005)"
732.4,1.41199734552492e-05,"Troughs only","Oscillating (resource_decrease=0.005)"
732.6,0,"Troughs only","Oscillating (resource_decrease=0.005)"
732.8,0,"Troughs only","Oscillating (resource_decrease=0.005)"
733,0,"Troughs only","Oscillating (resource_decrease=0.005)"
733.2,2.05409152177887e-05,"Troughs only","Oscillating (resource_decrease=0.005)"
733.4,1.97916343756868e-05,"Troughs only","Oscillating (resource_decrease=0.005)"
733.6,1.96968086824738e-05,"Troughs only","Oscillating (resource_decrease=0.005)"
733.8,2.01900621493757e-05,"Troughs only","Oscillating (resource_decrease=0.005)"
734,2.11843347116008e-05,"Troughs only","Oscillating (resource_decrease=0.005)"
734.2,2.24894024409264e-05,"Troughs only","Oscillating (resource_decrease=0.005)"
734.4,2.37948273282271e-05,"Troughs only","Oscillating (resource_decrease=0.005)"
734.6,2.47288448789947e-05,"Troughs only","Oscillating (resource_decrease=0.005)"
734.8,2.4955861640599e-05,"Troughs only","Oscillating (resource_decrease=0.005)"
735,2.42545823381827e-05,"Troughs only","Oscillating (resource_decrease=0.005)"
735.2,2.25889477303005e-05,"Troughs only","Oscillating (resource_decrease=0.005)"
735.4,2.01867697391626e-05,"Troughs only","Oscillating (resource_decrease=0.005)"
735.6,1.75095614750092e-05,"Troughs only","Oscillating (resource_decrease=0.005)"
735.8,1.50389138359662e-05,"Troughs only","Oscillating (resource_decrease=0.005)"
736,1.30399180777041e-05,"Troughs only","Oscillating (resource_decrease=0.005)"
736.2,1.15126947040609e-05,"Troughs only","Oscillating (resource_decrease=0.005)"
736.4,1.03279891419916e-05,"Troughs only","Oscillating (resource_decrease=0.005)"
736.6,9.37992611309906e-06,"Troughs only","Oscillating (resource_decrease=0.005)"
736.8,8.64861161173289e-06,"Troughs only","Oscillating (resource_decrease=0.005)"
737,8.18600868329803e-06,"Troughs only","Oscillating (resource_decrease=0.005)"
737.2,8.07764108020522e-06,"Troughs only","Oscillating (resource_decrease=0.005)"
737.4,8.4070941450931e-06,"Troughs only","Oscillating (resource_decrease=0.005)"
737.6,9.21891893666951e-06,"Troughs only","Oscillating (resource_decrease=0.005)"
737.8,1.04750747228207e-05,"Troughs only","Oscillating (resource_decrease=0.005)"
738,1.20288707370757e-05,"Troughs only","Oscillating (resource_decrease=0.005)"
738.2,1.36527361066319e-05,"Troughs only","Oscillating (resource_decrease=0.005)"
738.4,1.51171424412581e-05,"Troughs only","Oscillating (resource_decrease=0.005)"
738.6,0,"Troughs only","Oscillating (resource_decrease=0.005)"
738.8,0,"Troughs only","Oscillating (resource_decrease=0.005)"
739,1.98822126723158e-05,"Troughs only","Oscillating (resource_decrease=0.005)"
739.2,1.93524858427121e-05,"Troughs only","Oscillating (resource_decrease=0.005)"
739.4,1.93171112198973e-05,"Troughs only","Oscillating (resource_decrease=0.005)"
739.6,1.97761501117577e-05,"Troughs only","Oscillating (resource_decrease=0.005)"
739.8,2.07109032290818e-05,"Troughs only","Oscillating (resource_decrease=0.005)"
740,2.19991787788234e-05,"Troughs only","Oscillating (resource_decrease=0.005)"
740.2,2.33822296969898e-05,"Troughs only","Oscillating (resource_decrease=0.005)"
740.4,2.4502318999985e-05,"Troughs only","Oscillating (resource_decrease=0.005)"
740.6,2.50037199343773e-05,"Troughs only","Oscillating (resource_decrease=0.005)"
740.8,2.46458504362607e-05,"Troughs only","Oscillating (resource_decrease=0.005)"
741,2.33661898958842e-05,"Troughs only","Oscillating (resource_decrease=0.005)"
741.2,2.13028688417164e-05,"Troughs only","Oscillating (resource_decrease=0.005)"
741.4,1.87964851731636e-05,"Troughs only","Oscillating (resource_decrease=0.005)"
741.6,1.62878117303097e-05,"Troughs only","Oscillating (resource_decrease=0.005)"
741.8,1.4108889706844e-05,"Troughs only","Oscillating (resource_decrease=0.005)"
742,1.23588754909919e-05,"Troughs only","Oscillating (resource_decrease=0.005)"
742.2,1.09698245382216e-05,"Troughs only","Oscillating (resource_decrease=0.005)"
742.4,9.848370424481e-06,"Troughs only","Oscillating (resource_decrease=0.005)"
742.6,8.96072542351433e-06,"Troughs only","Oscillating (resource_decrease=0.005)"
742.8,8.33952143550297e-06,"Troughs only","Oscillating (resource_decrease=0.005)"
743,8.05422889741104e-06,"Troughs only","Oscillating (resource_decrease=0.005)"
743.2,8.18013653813564e-06,"Troughs only","Oscillating (resource_decrease=0.005)"
743.4,8.77073048780646e-06,"Troughs only","Oscillating (resource_decrease=0.005)"
743.6,9.82356974395177e-06,"Troughs only","Oscillating (resource_decrease=0.005)"
743.8,1.12456829007607e-05,"Troughs only","Oscillating (resource_decrease=0.005)"
744,1.28496133572509e-05,"Troughs only","Oscillating (resource_decrease=0.005)"
744.2,1.44027795655901e-05,"Troughs only","Oscillating (resource_decrease=0.005)"
744.4,0,"Troughs only","Oscillating (resource_decrease=0.005)"
744.6,0,"Troughs only","Oscillating (resource_decrease=0.005)"
744.8,0,"Troughs only","Oscillating (resource_decrease=0.005)"
745,2.05953143263538e-05,"Troughs only","Oscillating (resource_decrease=0.005)"
745.2,1.98499411784745e-05,"Troughs only","Oscillating (resource_decrease=0.005)"
745.4,1.98034866886631e-05,"Troughs only","Oscillating (resource_decrease=0.005)"
745.6,2.0368314918488e-05,"Troughs only","Oscillating (resource_decrease=0.005)"
745.8,2.14233879035195e-05,"Troughs only","Oscillating (resource_decrease=0.005)"
746,2.27432449949411e-05,"Troughs only","Oscillating (resource_decrease=0.005)"
746.2,2.39944483583801e-05,"Troughs only","Oscillating (resource_decrease=0.005)"
746.4,2.48039171204672e-05,"Troughs only","Oscillating (resource_decrease=0.005)"
746.6,2.48588520309048e-05,"Troughs only","Oscillating (resource_decrease=0.005)"
746.8,2.39803646786559e-05,"Troughs only","Oscillating (resource_decrease=0.005)"
747,2.21811764471672e-05,"Troughs only","Oscillating (resource_decrease=0.005)"
747.2,1.97222054256723e-05,"Troughs only","Oscillating (resource_decrease=0.005)"
747.4,1.70642961535605e-05,"Troughs only","Oscillating (resource_decrease=0.005)"
747.6,1.46581476193324e-05,"Troughs only","Oscillating (resource_decrease=0.005)"
747.8,1.27315792368073e-05,"Troughs only","Oscillating (resource_decrease=0.005)"
748,1.12634248870276e-05,"Troughs only","Oscillating (resource_decrease=0.005)"
748.2,1.01238993778236e-05,"Troughs only","Oscillating (resource_decrease=0.005)"
748.4,9.21805464234001e-06,"Troughs only","Oscillating (resource_decrease=0.005)"
748.6,8.53716012338217e-06,"Troughs only","Oscillating (resource_decrease=0.005)"
748.8,8.1388990540635e-06,"Troughs only","Oscillating (resource_decrease=0.005)"
749,8.10863200442997e-06,"Troughs only","Oscillating (resource_decrease=0.005)"
749.2,8.52443388695332e-06,"Troughs only","Oscillating (resource_decrease=0.005)"
749.4,9.41916443430393e-06,"Troughs only","Oscillating (resource_decrease=0.005)"
749.6,1.07375676568009e-05,"Troughs only","Oscillating (resource_decrease=0.005)"
749.8,1.23166184418251e-05,"Troughs only","Oscillating (resource_decrease=0.005)"
750,1.39230464822414e-05,"Troughs only","Oscillating (resource_decrease=0.005)"
750.2,1.53367203184676e-05,"Troughs only","Oscillating (resource_decrease=0.005)"
750.4,0,"Troughs only","Oscillating (resource_decrease=0.005)"
750.6,0,"Troughs only","Oscillating (resource_decrease=0.005)"
750.8,1.99656019779031e-05,"Troughs only","Oscillating (resource_decrease=0.005)"
751,1.94366762096124e-05,"Troughs only","Oscillating (resource_decrease=0.005)"
751.2,1.94390657620579e-05,"Troughs only","Oscillating (resource_decrease=0.005)"
751.4,1.99587285680288e-05,"Troughs only","Oscillating (resource_decrease=0.005)"
751.6,2.09527033200968e-05,"Troughs only","Oscillating (resource_decrease=0.005)"
751.8,2.22700019634883e-05,"Troughs only","Oscillating (resource_decrease=0.005)"
752,2.3628123058287e-05,"Troughs only","Oscillating (resource_decrease=0.005)"
752.2,2.46605596646871e-05,"Troughs only","Oscillating (resource_decrease=0.005)"
752.4,2.50230910556856e-05,"Troughs only","Oscillating (resource_decrease=0.005)"
752.6,2.45048827155617e-05,"Troughs only","Oscillating (resource_decrease=0.005)"
752.8,2.30827146332139e-05,"Troughs only","Oscillating (resource_decrease=0.005)"
753,2.09290523896372e-05,"Troughs only","Oscillating (resource_decrease=0.005)"
753.2,1.83975382690118e-05,"Troughs only","Oscillating (resource_decrease=0.005)"
753.4,1.59149818973019e-05,"Troughs only","Oscillating (resource_decrease=0.005)"
753.6,1.37850913029936e-05,"Troughs only","Oscillating (resource_decrease=0.005)"
753.8,1.20841699470109e-05,"Troughs only","Oscillating (resource_decrease=0.005)"
754,1.07370018647542e-05,"Troughs only","Oscillating (resource_decrease=0.005)"
754.2,9.6551085067187e-06,"Troughs only","Oscillating (resource_decrease=0.005)"
754.4,8.81282518664358e-06,"Troughs only","Oscillating (resource_decrease=0.005)"
754.6,8.24794503842458e-06,"Troughs only","Oscillating (resource_decrease=0.005)"
754.8,8.03084187555061e-06,"Troughs only","Oscillating (resource_decrease=0.005)"
755,8.23418342693446e-06,"Troughs only","Oscillating (resource_decrease=0.005)"
755.2,8.90478713197097e-06,"Troughs only","Oscillating (resource_decrease=0.005)"
755.4,1.00281308989586e-05,"Troughs only","Oscillating (resource_decrease=0.005)"
755.6,1.14955737959787e-05,"Troughs only","Oscillating (resource_decrease=0.005)"
755.8,1.31075873826159e-05,"Troughs only","Oscillating (resource_decrease=0.005)"
756,1.46310839918172e-05,"Troughs only","Oscillating (resource_decrease=0.005)"
756.2,0,"Troughs only","Oscillating (resource_decrease=0.005)"
756.4,0,"Troughs only","Oscillating (resource_decrease=0.005)"
756.6,0,"Troughs only","Oscillating (resource_decrease=0.005)"
756.8,2.06672654791104e-05,"Troughs only","Oscillating (resource_decrease=0.005)"
757,1.99375680370243e-05,"Troughs only","Oscillating (resource_decrease=0.005)"
757.2,1.9938033614129e-05,"Troughs only","Oscillating (resource_decrease=0.005)"
757.4,2.05629277302839e-05,"Troughs only","Oscillating (resource_decrease=0.005)"
757.6,2.16660157191012e-05,"Troughs only","Oscillating (resource_decrease=0.005)"
757.8,2.29961766304094e-05,"Troughs only","Oscillating (resource_decrease=0.005)"
758,2.42028234022163e-05,"Troughs only","Oscillating (resource_decrease=0.005)"
758.2,2.49118796082879e-05,"Troughs only","Oscillating (resource_decrease=0.005)"
758.4,2.48285021805249e-05,"Troughs only","Oscillating (resource_decrease=0.005)"
758.6,2.38070955852517e-05,"Troughs only","Oscillating (resource_decrease=0.005)"
758.8,2.1897843253862e-05,"Troughs only","Oscillating (resource_decrease=0.005)"
759,1.93862325019906e-05,"Troughs only","Oscillating (resource_decrease=0.005)"
759.2,1.67321223919066e-05,"Troughs only","Oscillating (resource_decrease=0.005)"
759.4,1.43634717970904e-05,"Troughs only","Oscillating (resource_decrease=0.005)"
759.6,1.24815489800704e-05,"Troughs only","Oscillating (resource_decrease=0.005)"
759.8,1.10507663302964e-05,"Troughs only","Oscillating (resource_decrease=0.005)"
760,9.94178808975538e-06,"Troughs only","Oscillating (resource_decrease=0.005)"
760.2,9.06771063373259e-06,"Troughs only","Oscillating (resource_decrease=0.005)"
760.4,8.42733355812061e-06,"Troughs only","Oscillating (resource_decrease=0.005)"
760.6,8.08169971648694e-06,"Troughs only","Oscillating (resource_decrease=0.005)"
760.8,8.11540389885386e-06,"Troughs only","Oscillating (resource_decrease=0.005)"
761,8.60189265634073e-06,"Troughs only","Oscillating (resource_decrease=0.005)"
761.2,9.56449948990389e-06,"Troughs only","Oscillating (resource_decrease=0.005)"
761.4,1.09339198715242e-05,"Troughs only","Oscillating (resource_decrease=0.005)"
761.6,1.25338072376405e-05,"Troughs only","Oscillating (resource_decrease=0.005)"
761.8,1.41262278016331e-05,"Troughs only","Oscillating (resource_decrease=0.005)"
762,0,"Troughs only","Oscillating (resource_decrease=0.005)"
762.2,0,"Troughs only","Oscillating (resource_decrease=0.005)"
762.4,0,"Troughs only","Oscillating (resource_decrease=0.005)"
762.6,2.05419551019306e-05,"Troughs only","Oscillating (resource_decrease=0.005)"
762.8,1.97926412926815e-05,"Troughs only","Oscillating (resource_decrease=0.005)"
763,1.96988834346832e-05,"Troughs only","Oscillating (resource_decrease=0.005)"
763.2,2.01939577751191e-05,"Troughs only","Oscillating (resource_decrease=0.005)"
763.4,2.11901561204792e-05,"Troughs only","Oscillating (resource_decrease=0.005)"
763.6,2.24964681649905e-05,"Troughs only","Oscillating (resource_decrease=0.005)"
763.8,2.38017942410769e-05,"Troughs only","Oscillating (resource_decrease=0.005)"
764,2.47340990576194e-05,"Troughs only","Oscillating (resource_decrease=0.005)"
764.2,2.49580642506513e-05,"Troughs only","Oscillating (resource_decrease=0.005)"
764.4,2.42531848309378e-05,"Troughs only","Oscillating (resource_decrease=0.005)"
764.6,2.25844401993996e-05,"Troughs only","Oscillating (resource_decrease=0.005)"
764.8,2.01804525502716e-05,"Troughs only","Oscillating (resource_decrease=0.005)"
765,1.75028917294382e-05,"Troughs only","Oscillating (resource_decrease=0.005)"
765.2,1.50328484239696e-05,"Troughs only","Oscillating (resource_decrease=0.005)"
765.4,1.30346988581427e-05,"Troughs only","Oscillating (resource_decrease=0.005)"
765.6,1.15081104845563e-05,"Troughs only","Oscillating (resource_decrease=0.005)"
765.8,1.03237901191627e-05,"Troughs only","Oscillating (resource_decrease=0.005)"
766,9.3760847460842e-06,"Troughs only","Oscillating (resource_decrease=0.005)"
766.2,8.64535026535522e-06,"Troughs only","Oscillating (resource_decrease=0.005)"
766.4,8.18368671748948e-06,"Troughs only","Oscillating (resource_decrease=0.005)"
766.6,8.07662103646675e-06,"Troughs only","Oscillating (resource_decrease=0.005)"
766.8,8.40763300579819e-06,"Troughs only","Oscillating (resource_decrease=0.005)"
767,9.22106391992608e-06,"Troughs only","Oscillating (resource_decrease=0.005)"
767.2,1.04785664399763e-05,"Troughs only","Oscillating (resource_decrease=0.005)"
767.4,1.20331311194992e-05,"Troughs only","Oscillating (resource_decrease=0.005)"
767.6,1.36570095899692e-05,"Troughs only","Oscillating (resource_decrease=0.005)"
767.8,1.51207377231341e-05,"Troughs only","Oscillating (resource_decrease=0.005)"
768,0,"Troughs only","Oscillating (resource_decrease=0.005)"
768.2,0,"Troughs only","Oscillating (resource_decrease=0.005)"
768.4,1.98829546793054e-05,"Troughs only","Oscillating (resource_decrease=0.005)"
768.6,1.93529711976115e-05,"Troughs only","Oscillating (resource_decrease=0.005)"
768.8,1.93180849976514e-05,"Troughs only","Oscillating (resource_decrease=0.005)"
769,1.97782151726124e-05,"Troughs only","Oscillating (resource_decrease=0.005)"
769.2,2.07142959853576e-05,"Troughs only","Oscillating (resource_decrease=0.005)"
769.4,2.20036280567271e-05,"Troughs only","Oscillating (resource_decrease=0.005)"
769.6,2.33869783357036e-05,"Troughs only","Oscillating (resource_decrease=0.005)"
769.8,2.45063341835605e-05,"Troughs only","Oscillating (resource_decrease=0.005)"
770,2.50060335274392e-05,"Troughs only","Oscillating (resource_decrease=0.005)"
770.2,2.46459061871625e-05,"Troughs only","Oscillating (resource_decrease=0.005)"
770.4,2.33640594508564e-05,"Troughs only","Oscillating (resource_decrease=0.005)"
770.6,2.12992137163838e-05,"Troughs only","Oscillating (resource_decrease=0.005)"
770.8,1.87922309806669e-05,"Troughs only","Oscillating (resource_decrease=0.005)"
771,1.62837096022121e-05,"Troughs only","Oscillating (resource_decrease=0.005)"
771.2,1.41052638078015e-05,"Troughs only","Oscillating (resource_decrease=0.005)"
771.4,1.23556879246346e-05,"Troughs only","Oscillating (resource_decrease=0.005)"
771.6,1.0966920610014e-05,"Troughs only","Oscillating (resource_decrease=0.005)"
771.8,9.84568848366576e-06,"Troughs only","Oscillating (resource_decrease=0.005)"
772,8.95836425168821e-06,"Troughs only","Oscillating (resource_decrease=0.005)"
772.2,8.33769106587278e-06,"Troughs only","Oscillating (resource_decrease=0.005)"
772.4,8.05316519041109e-06,"Troughs only","Oscillating (resource_decrease=0.005)"
772.6,8.18003093977264e-06,"Troughs only","Oscillating (resource_decrease=0.005)"
772.8,8.77167250447656e-06,"Troughs only","Oscillating (resource_decrease=0.005)"
773,9.82548662743999e-06,"Troughs only","Oscillating (resource_decrease=0.005)"
773.2,1.12482999765009e-05,"Troughs only","Oscillating (resource_decrease=0.005)"
773.4,1.28524883236099e-05,"Troughs only","Oscillating (resource_decrease=0.005)"
773.6,1.44054249485873e-05,"Troughs only","Oscillating (resource_decrease=0.005)"
773.8,0,"Troughs only","Oscillating (resource_decrease=0.005)"
774,0,"Troughs only","Oscillating (resource_decrease=0.005)"
774.2,0,"Troughs only","Oscillating (resource_decrease=0.005)"
774.4,2.05957304066082e-05,"Troughs only","Oscillating (resource_decrease=0.005)"
774.6,1.9850428226778e-05,"Troughs only","Oscillating (resource_decrease=0.005)"
774.8,1.98045099270192e-05,"Troughs only","Oscillating (resource_decrease=0.005)"
775,2.03701583734233e-05,"Troughs only","Oscillating (resource_decrease=0.005)"
775.2,2.14260356902943e-05,"Troughs only","Oscillating (resource_decrease=0.005)"
775.4,2.27463438925991e-05,"Troughs only","Oscillating (resource_decrease=0.005)"
775.6,2.39973854038409e-05,"Troughs only","Oscillating (resource_decrease=0.005)"
775.8,2.48060034460148e-05,"Troughs only","Oscillating (resource_decrease=0.005)"
776,2.48595587196991e-05,"Troughs only","Oscillating (resource_decrease=0.005)"
776.2,2.39795281244625e-05,"Troughs only","Oscillating (resource_decrease=0.005)"
776.4,2.21790736321099e-05,"Troughs only","Oscillating (resource_decrease=0.005)"
776.6,1.9719423015799e-05,"Troughs only","Oscillating (resource_decrease=0.005)"
776.8,1.70614400055812e-05,"Troughs only","Oscillating (resource_decrease=0.005)"
777,1.46555830103042e-05,"Troughs only","Oscillating (resource_decrease=0.005)"
777.2,1.27293723793149e-05,"Troughs only","Oscillating (resource_decrease=0.005)"
777.4,1.12614737529709e-05,"Troughs only","Oscillating (resource_decrease=0.005)"
777.6,1.01221077598362e-05,"Troughs only","Oscillating (resource_decrease=0.005)"
777.8,9.21642909487458e-06,"Troughs only","Oscillating (resource_decrease=0.005)"
778,8.5358092028203e-06,"Troughs only","Oscillating (resource_decrease=0.005)"
778.2,8.13798079234465e-06,"Troughs only","Oscillating (resource_decrease=0.005)"
778.4,8.10829804135701e-06,"Troughs only","Oscillating (resource_decrease=0.005)"
778.6,8.52478372885416e-06,"Troughs only","Oscillating (resource_decrease=0.005)"
778.8,9.42019956580348e-06,"Troughs only","Oscillating (resource_decrease=0.005)"
779,1.07391520677619e-05,"Troughs only","Oscillating (resource_decrease=0.005)"
779.2,1.23184828831914e-05,"Troughs only","Oscillating (resource_decrease=0.005)"
779.4,1.39248603274497e-05,"Troughs only","Oscillating (resource_decrease=0.005)"
779.6,1.53381989968046e-05,"Troughs only","Oscillating (resource_decrease=0.005)"
779.8,0,"Troughs only","Oscillating (resource_decrease=0.005)"
780,0,"Troughs only","Oscillating (resource_decrease=0.005)"
780.2,1.99658776880649e-05,"Troughs only","Oscillating (resource_decrease=0.005)"
780.4,1.94368988333424e-05,"Troughs only","Oscillating (resource_decrease=0.005)"
780.6,1.94395532778557e-05,"Troughs only","Oscillating (resource_decrease=0.005)"
780.8,1.99597202163234e-05,"Troughs only","Oscillating (resource_decrease=0.005)"
781,2.09542663384971e-05,"Troughs only","Oscillating (resource_decrease=0.005)"
781.2,2.22719804900118e-05,"Troughs only","Oscillating (resource_decrease=0.005)"
781.4,2.36301614750452e-05,"Troughs only","Oscillating (resource_decrease=0.005)"
781.6,2.46622063387797e-05,"Troughs only","Oscillating (resource_decrease=0.005)"
781.8,2.50239505444895e-05,"Troughs only","Oscillating (resource_decrease=0.005)"
782,2.45047585769878e-05,"Troughs only","Oscillating (resource_decrease=0.005)"
782.2,2.30816836731857e-05,"Troughs only","Oscillating (resource_decrease=0.005)"
782.4,2.09274258553871e-05,"Troughs only","Oscillating (resource_decrease=0.005)"
782.6,1.83957102418767e-05,"Troughs only","Oscillating (resource_decrease=0.005)"
782.8,1.59132491605811e-05,"Troughs only","Oscillating (resource_decrease=0.005)"
783,1.37835654222371e-05,"Troughs only","Oscillating (resource_decrease=0.005)"
783.2,1.20828210885061e-05,"Troughs only","Oscillating (resource_decrease=0.005)"
783.4,1.07357663438827e-05,"Troughs only","Oscillating (resource_decrease=0.005)"
783.6,9.65397086564877e-06,"Troughs only","Oscillating (resource_decrease=0.005)"
783.8,8.81183769547822e-06,"Troughs only","Oscillating (resource_decrease=0.005)"
784,8.24720191602392e-06,"Troughs only","Oscillating (resource_decrease=0.005)"
784.2,8.03044291446232e-06,"Troughs only","Oscillating (resource_decrease=0.005)"
784.4,8.2342054067609e-06,"Troughs only","Oscillating (resource_decrease=0.005)"
784.6,8.90525926997763e-06,"Troughs only","Oscillating (resource_decrease=0.005)"
784.8,1.00290089451742e-05,"Troughs only","Oscillating (resource_decrease=0.005)"
785,1.14967260537158e-05,"Troughs only","Oscillating (resource_decrease=0.005)"
785.2,1.31088156347211e-05,"Troughs only","Oscillating (resource_decrease=0.005)"
785.4,1.46321810137921e-05,"Troughs only","Oscillating (resource_decrease=0.005)"
785.6,0,"Troughs only","Oscillating (resource_decrease=0.005)"
785.8,0,"Troughs only","Oscillating (resource_decrease=0.005)"
786,0,"Troughs only","Oscillating (resource_decrease=0.005)"
786.2,2.06674233074497e-05,"Troughs only","Oscillating (resource_decrease=0.005)"
786.4,1.99377940746053e-05,"Troughs only","Oscillating (resource_decrease=0.005)"
786.6,1.99385195593495e-05,"Troughs only","Oscillating (resource_decrease=0.005)"
786.8,2.05637778274465e-05,"Troughs only","Oscillating (resource_decrease=0.005)"
787,2.16671999697334e-05,"Troughs only","Oscillating (resource_decrease=0.005)"
787.2,2.29975220953911e-05,"Troughs only","Oscillating (resource_decrease=0.005)"
787.4,2.42040559951374e-05,"Troughs only","Oscillating (resource_decrease=0.005)"
787.6,2.4912709019919e-05,"Troughs only","Oscillating (resource_decrease=0.005)"
787.8,2.48287229385894e-05,"Troughs only","Oscillating (resource_decrease=0.005)"
788,2.38066669106053e-05,"Troughs only","Oscillating (resource_decrease=0.005)"
788.2,2.18969071491035e-05,"Troughs only","Oscillating (resource_decrease=0.005)"
788.4,1.93850454878164e-05,"Troughs only","Oscillating (resource_decrease=0.005)"
788.6,1.67309304743291e-05,"Troughs only","Oscillating (resource_decrease=0.005)"
788.8,1.43624108106882e-05,"Troughs only","Oscillating (resource_decrease=0.005)"
789,1.24806329520197e-05,"Troughs only","Oscillating (resource_decrease=0.005)"
789.2,1.10499489084754e-05,"Troughs only","Oscillating (resource_decrease=0.005)"
789.4,9.94103380128648e-06,"Troughs only","Oscillating (resource_decrease=0.005)"
789.6,9.06702982818646e-06,"Troughs only","Oscillating (resource_decrease=0.005)"
789.8,8.42677735121435e-06,"Troughs only","Oscillating (resource_decrease=0.005)"
790,8.08133631930157e-06,"Troughs only","Oscillating (resource_decrease=0.005)"
790.2,8.11529558401308e-06,"Troughs only","Oscillating (resource_decrease=0.005)"
790.4,8.60207692443599e-06,"Troughs only","Oscillating (resource_decrease=0.005)"
790.6,9.56496973336181e-06,"Troughs only","Oscillating (resource_decrease=0.005)"
790.8,1.09346099933432e-05,"Troughs only","Oscillating (resource_decrease=0.005)"
791,1.25345968697118e-05,"Troughs only","Oscillating (resource_decrease=0.005)"
791.2,1.41269760726212e-05,"Troughs only","Oscillating (resource_decrease=0.005)"
791.4,0,"Troughs only","Oscillating (resource_decrease=0.005)"
791.6,0,"Troughs only","Oscillating (resource_decrease=0.005)"
791.8,0,"Troughs only","Oscillating (resource_decrease=0.005)"
792,2.05420624063718e-05,"Troughs only","Oscillating (resource_decrease=0.005)"
792.2,1.97927405137245e-05,"Troughs only","Oscillating (resource_decrease=0.005)"
792.4,1.96991106135234e-05,"Troughs only","Oscillating (resource_decrease=0.005)"
792.6,2.01944083979834e-05,"Troughs only","Oscillating (resource_decrease=0.005)"
792.8,2.11908475494015e-05,"Troughs only","Oscillating (resource_decrease=0.005)"
793,2.24973218204658e-05,"Troughs only","Oscillating (resource_decrease=0.005)"
793.2,2.38026499084938e-05,"Troughs only","Oscillating (resource_decrease=0.005)"
793.4,2.47347618314045e-05,"Troughs only","Oscillating (resource_decrease=0.005)"
793.6,2.4958370688704e-05,"Troughs only","Oscillating (resource_decrease=0.005)"
793.8,2.42530656076709e-05,"Troughs only","Oscillating (resource_decrease=0.005)"
794,2.25839505022476e-05,"Troughs only","Oscillating (resource_decrease=0.005)"
794.2,2.01797450192397e-05,"Troughs only","Oscillating (resource_decrease=0.005)"
794.4,1.75021383207658e-05,"Troughs only","Oscillating (resource_decrease=0.005)"
794.6,1.50321618004125e-05,"Troughs only","Oscillating (resource_decrease=0.005)"
794.8,1.30341065846398e-05,"Troughs only","Oscillating (resource_decrease=0.005)"
795,1.15075862402338e-05,"Troughs only","Oscillating (resource_decrease=0.005)"
795.2,1.03233033146604e-05,"Troughs only","Oscillating (resource_decrease=0.005)"
795.4,9.37563193236632e-06,"Troughs only","Oscillating (resource_decrease=0.005)"
795.6,8.64495853277818e-06,"Troughs only","Oscillating (resource_decrease=0.005)"
795.8,8.18339997238538e-06,"Troughs only","Oscillating (resource_decrease=0.005)"
796,8.07648361232217e-06,"Troughs only","Oscillating (resource_decrease=0.005)"
796.2,8.40767648837252e-06,"Troughs only","Oscillating (resource_decrease=0.005)"
796.4,9.22129499941693e-06,"Troughs only","Oscillating (resource_decrease=0.005)"
796.6,1.04789559375205e-05,"Troughs only","Oscillating (resource_decrease=0.005)"
796.8,1.20336127470812e-05,"Troughs only","Oscillating (resource_decrease=0.005)"
797,1.36574960574214e-05,"Troughs only","Oscillating (resource_decrease=0.005)"
797.2,1.51211482568634e-05,"Troughs only","Oscillating (resource_decrease=0.005)"
797.4,0,"Troughs only","Oscillating (resource_decrease=0.005)"
797.6,0,"Troughs only","Oscillating (resource_decrease=0.005)"
797.8,1.98830301542326e-05,"Troughs only","Oscillating (resource_decrease=0.005)"
798,1.93530138499968e-05,"Troughs only","Oscillating (resource_decrease=0.005)"
798.2,1.93181821485804e-05,"Troughs only","Oscillating (resource_decrease=0.005)"
798.4,1.97784389884647e-05,"Troughs only","Oscillating (resource_decrease=0.005)"
798.6,2.07146768560767e-05,"Troughs only","Oscillating (resource_decrease=0.005)"
798.8,2.20041375542846e-05,"Troughs only","Oscillating (resource_decrease=0.005)"
799,2.33875310802764e-05,"Troughs only","Oscillating (resource_decrease=0.005)"
799.2,2.45068117105415e-05,"Troughs only","Oscillating (resource_decrease=0.005)"
799.4,2.50063234945697e-05,"Troughs only","Oscillating (resource_decrease=0.005)"
799.6,2.46459427081067e-05,"Troughs only","Oscillating (resource_decrease=0.005)"
799.8,2.33638483871296e-05,"Troughs only","Oscillating (resource_decrease=0.005)"
800,2.12988286027767e-05,"Troughs only","Oscillating (resource_decrease=0.005)"
500,0,"Constant","Oscillating (resource_decrease=0.005)"
500.2,1.08261283780056e-05,"Constant","Oscillating (resource_decrease=0.005)"
500.4,1.22737443187567e-05,"Constant","Oscillating (resource_decrease=0.005)"
500.6,1.38994150553284e-05,"Constant","Oscillating (resource_decrease=0.005)"
500.8,1.53770585920224e-05,"Constant","Oscillating (resource_decrease=0.005)"
501,1.65088262117604e-05,"Constant","Oscillating (resource_decrease=0.005)"
501.2,1.72642786366295e-05,"Constant","Oscillating (resource_decrease=0.005)"
501.4,1.77645807022264e-05,"Constant","Oscillating (resource_decrease=0.005)"
501.6,1.82268068014848e-05,"Constant","Oscillating (resource_decrease=0.005)"
501.8,1.88833222890414e-05,"Constant","Oscillating (resource_decrease=0.005)"
502,1.98834833743974e-05,"Constant","Oscillating (resource_decrease=0.005)"
502.2,2.12166955938565e-05,"Constant","Oscillating (resource_decrease=0.005)"
502.4,2.27197198838855e-05,"Constant","Oscillating (resource_decrease=0.005)"
502.6,2.41425101779771e-05,"Constant","Oscillating (resource_decrease=0.005)"
502.8,2.51906444828561e-05,"Constant","Oscillating (resource_decrease=0.005)"
503,2.55691774600051e-05,"Constant","Oscillating (resource_decrease=0.005)"
503.2,2.50815746555244e-05,"Constant","Oscillating (resource_decrease=0.005)"
503.4,2.37290776698908e-05,"Constant","Oscillating (resource_decrease=0.005)"
503.6,2.17218142475174e-05,"Constant","Oscillating (resource_decrease=0.005)"
503.8,1.93854817200882e-05,"Constant","Oscillating (resource_decrease=0.005)"
504,1.70270352294643e-05,"Constant","Oscillating (resource_decrease=0.005)"
504.2,1.48444802208194e-05,"Constant","Oscillating (resource_decrease=0.005)"
504.4,1.29205179737765e-05,"Constant","Oscillating (resource_decrease=0.005)"
504.6,1.12737887800734e-05,"Constant","Oscillating (resource_decrease=0.005)"
504.8,9.91325437210013e-06,"Constant","Oscillating (resource_decrease=0.005)"
505,8.86292794837478e-06,"Constant","Oscillating (resource_decrease=0.005)"
505.2,8.16040852401267e-06,"Constant","Oscillating (resource_decrease=0.005)"
505.4,7.84777850087543e-06,"Constant","Oscillating (resource_decrease=0.005)"
505.6,7.96423389790323e-06,"Constant","Oscillating (resource_decrease=0.005)"
505.8,8.5355357311806e-06,"Constant","Oscillating (resource_decrease=0.005)"
506,9.55181938006264e-06,"Constant","Oscillating (resource_decrease=0.005)"
506.2,1.09364366246786e-05,"Constant","Oscillating (resource_decrease=0.005)"
506.4,1.25276810426104e-05,"Constant","Oscillating (resource_decrease=0.005)"
506.6,1.41024458671325e-05,"Constant","Oscillating (resource_decrease=0.005)"
506.8,1.54466930688754e-05,"Constant","Oscillating (resource_decrease=0.005)"
507,1.64372303930288e-05,"Constant","Oscillating (resource_decrease=0.005)"
507.2,1.70863558830748e-05,"Constant","Oscillating (resource_decrease=0.005)"
507.4,1.7529300912793e-05,"Constant","Oscillating (resource_decrease=0.005)"
507.6,1.79699610543764e-05,"Constant","Oscillating (resource_decrease=0.005)"
507.8,1.86115311878354e-05,"Constant","Oscillating (resource_decrease=0.005)"
508,1.95898847723392e-05,"Constant","Oscillating (resource_decrease=0.005)"
508.2,2.09196598037106e-05,"Constant","Oscillating (resource_decrease=0.005)"
508.4,2.24652263482561e-05,"Constant","Oscillating (resource_decrease=0.005)"
508.6,2.39533962724495e-05,"Constant","Oscillating (resource_decrease=0.005)"
508.8,2.50386881831863e-05,"Constant","Oscillating (resource_decrease=0.005)"
509,2.54103898376374e-05,"Constant","Oscillating (resource_decrease=0.005)"
509.2,2.4903327608196e-05,"Constant","Oscillating (resource_decrease=0.005)"
509.4,2.3560023110298e-05,"Constant","Oscillating (resource_decrease=0.005)"
509.6,2.16074856231726e-05,"Constant","Oscillating (resource_decrease=0.005)"
509.8,1.93576601586532e-05,"Constant","Oscillating (resource_decrease=0.005)"
510,1.70886878727507e-05,"Constant","Oscillating (resource_decrease=0.005)"
510.2,1.49736203809498e-05,"Constant","Oscillating (resource_decrease=0.005)"
510.4,1.30833422341607e-05,"Constant","Oscillating (resource_decrease=0.005)"
510.6,1.14373123736163e-05,"Constant","Oscillating (resource_decrease=0.005)"
510.8,1.00537704911045e-05,"Constant","Oscillating (resource_decrease=0.005)"
511,8.96979766216495e-06,"Constant","Oscillating (resource_decrease=0.005)"
511.2,8.23465593826752e-06,"Constant","Oscillating (resource_decrease=0.005)"
511.4,7.89611124285479e-06,"Constant","Oscillating (resource_decrease=0.005)"
511.6,7.99163574587844e-06,"Constant","Oscillating (resource_decrease=0.005)"
511.8,8.54060124379923e-06,"Constant","Oscillating (resource_decrease=0.005)"
512,9.52769181470732e-06,"Constant","Oscillating (resource_decrease=0.005)"
512.2,1.0877222645245e-05,"Constant","Oscillating (resource_decrease=0.005)"
512.4,1.24360627564908e-05,"Constant","Oscillating (resource_decrease=0.005)"
512.6,1.39918404775352e-05,"Constant","Oscillating (resource_decrease=0.005)"
512.8,1.53351074342372e-05,"Constant","Oscillating (resource_decrease=0.005)"
513,1.63376904588987e-05,"Constant","Oscillating (resource_decrease=0.005)"
513.2,1.70015424160896e-05,"Constant","Oscillating (resource_decrease=0.005)"
513.4,1.74528237975691e-05,"Constant","Oscillating (resource_decrease=0.005)"
513.6,1.78907513756456e-05,"Constant","Oscillating (resource_decrease=0.005)"
513.8,1.85174436319828e-05,"Constant","Oscillating (resource_decrease=0.005)"
514,1.94700749582169e-05,"Constant","Oscillating (resource_decrease=0.005)"
514.2,2.07675668760664e-05,"Constant","Oscillating (resource_decrease=0.005)"
514.4,2.22828493980871e-05,"Constant","Oscillating (resource_decrease=0.005)"
514.6,2.37547337555288e-05,"Constant","Oscillating (resource_decrease=0.005)"
514.8,2.48489047310933e-05,"Constant","Oscillating (resource_decrease=0.005)"
515,2.52591514543031e-05,"Constant","Oscillating (resource_decrease=0.005)"
515.2,2.48145996508888e-05,"Constant","Oscillating (resource_decrease=0.005)"
515.4,2.35435234884237e-05,"Constant","Oscillating (resource_decrease=0.005)"
515.6,2.16565361679367e-05,"Constant","Oscillating (resource_decrease=0.005)"
515.8,1.9454284766512e-05,"Constant","Oscillating (resource_decrease=0.005)"
516,1.72122120770349e-05,"Constant","Oscillating (resource_decrease=0.005)"
516.2,1.51074370937529e-05,"Constant","Oscillating (resource_decrease=0.005)"
516.4,1.32169562111794e-05,"Constant","Oscillating (resource_decrease=0.005)"
516.6,1.15645943519303e-05,"Constant","Oscillating (resource_decrease=0.005)"
516.8,1.017025401615e-05,"Constant","Oscillating (resource_decrease=0.005)"
517,9.07104241878338e-06,"Constant","Oscillating (resource_decrease=0.005)"
517.2,8.31584913780998e-06,"Constant","Oscillating (resource_decrease=0.005)"
517.4,7.95213283239571e-06,"Constant","Oscillating (resource_decrease=0.005)"
517.6,8.01722497124332e-06,"Constant","Oscillating (resource_decrease=0.005)"
517.8,8.53110418712149e-06,"Constant","Oscillating (resource_decrease=0.005)"
518,9.48105796251134e-06,"Constant","Oscillating (resource_decrease=0.005)"
518.2,1.07969576142552e-05,"Constant","Oscillating (resource_decrease=0.005)"
518.4,1.2333206360026e-05,"Constant","Oscillating (resource_decrease=0.005)"
518.6,1.38834692787022e-05,"Constant","Oscillating (resource_decrease=0.005)"
518.8,1.5238893709403e-05,"Constant","Oscillating (resource_decrease=0.005)"
519,1.62652643642234e-05,"Constant","Oscillating (resource_decrease=0.005)"
519.2,1.69543852631803e-05,"Constant","Oscillating (resource_decrease=0.005)"
519.4,1.74223325742432e-05,"Constant","Oscillating (resource_decrease=0.005)"
519.6,1.7861578120516e-05,"Constant","Oscillating (resource_decrease=0.005)"
519.8,1.84724153285774e-05,"Constant","Oscillating (resource_decrease=0.005)"
520,1.93955263331253e-05,"Constant","Oscillating (resource_decrease=0.005)"
520.2,2.0658291804425e-05,"Constant","Oscillating (resource_decrease=0.005)"
520.4,2.21454887058197e-05,"Constant","Oscillating (resource_decrease=0.005)"
520.6,2.36079067102354e-05,"Constant","Oscillating (resource_decrease=0.005)"
520.8,2.47188415379345e-05,"Constant","Oscillating (resource_decrease=0.005)"
521,2.51714284237002e-05,"Constant","Oscillating (resource_decrease=0.005)"
521.2,2.47850404021952e-05,"Constant","Oscillating (resource_decrease=0.005)"
521.4,2.35727311712652e-05,"Constant","Oscillating (resource_decrease=0.005)"
521.6,2.17312455134876e-05,"Constant","Oscillating (resource_decrease=0.005)"
521.8,1.95547712555065e-05,"Constant","Oscillating (resource_decrease=0.005)"
522,1.73210614649125e-05,"Constant","Oscillating (resource_decrease=0.005)"
522.2,1.52145102952689e-05,"Constant","Oscillating (resource_decrease=0.005)"
522.4,1.33187696378541e-05,"Constant","Oscillating (resource_decrease=0.005)"
522.6,1.16603677210647e-05,"Constant","Oscillating (resource_decrease=0.005)"
522.8,1.02582932719715e-05,"Constant","Oscillating (resource_decrease=0.005)"
523,9.14752934613315e-06,"Constant","Oscillating (resource_decrease=0.005)"
523.2,8.37563056998148e-06,"Constant","Oscillating (resource_decrease=0.005)"
523.4,7.9899979462283e-06,"Constant","Oscillating (resource_decrease=0.005)"
523.6,8.02880840566766e-06,"Constant","Oscillating (resource_decrease=0.005)"
523.8,8.51366806030684e-06,"Constant","Oscillating (resource_decrease=0.005)"
524,9.43473734405023e-06,"Constant","Oscillating (resource_decrease=0.005)"
524.2,1.07263629114793e-05,"Constant","Oscillating (resource_decrease=0.005)"
524.4,1.22481968795124e-05,"Constant","Oscillating (resource_decrease=0.005)"
524.6,1.37976126424678e-05,"Constant","Oscillating (resource_decrease=0.005)"
524.8,1.51654148984066e-05,"Constant","Oscillating (resource_decrease=0.005)"
525,1.62122906506809e-05,"Constant","Oscillating (resource_decrease=0.005)"
525.2,1.69220083693938e-05,"Constant","Oscillating (resource_decrease=0.005)"
525.4,1.74027920546681e-05,"Constant","Oscillating (resource_decrease=0.005)"
525.6,1.78421177045026e-05,"Constant","Oscillating (resource_decrease=0.005)"
525.8,1.84395222849024e-05,"Constant","Oscillating (resource_decrease=0.005)"
526,1.9339372495764e-05,"Constant","Oscillating (resource_decrease=0.005)"
526.2,2.05764594274711e-05,"Constant","Oscillating (resource_decrease=0.005)"
526.4,2.20450132414792e-05,"Constant","Oscillating (resource_decrease=0.005)"
526.6,2.35045783269729e-05,"Constant","Oscillating (resource_decrease=0.005)"
526.8,2.46331979624372e-05,"Constant","Oscillating (resource_decrease=0.005)"
527,2.51222008685382e-05,"Constant","Oscillating (resource_decrease=0.005)"
527.2,2.47824715920004e-05,"Constant","Oscillating (resource_decrease=0.005)"
527.4,2.36150301693747e-05,"Constant","Oscillating (resource_decrease=0.005)"
527.6,2.18063320126401e-05,"Constant","Oscillating (resource_decrease=0.005)"
527.8,1.96464268469808e-05,"Constant","Oscillating (resource_decrease=0.005)"
528,1.74157171358837e-05,"Constant","Oscillating (resource_decrease=0.005)"
528.2,1.5304756444225e-05,"Constant","Oscillating (resource_decrease=0.005)"
528.4,1.34024521528719e-05,"Constant","Oscillating (resource_decrease=0.005)"
528.6,1.17372495055336e-05,"Constant","Oscillating (resource_decrease=0.005)"
528.8,1.03272097610693e-05,"Constant","Oscillating (resource_decrease=0.005)"
529,9.20556983003244e-06,"Constant","Oscillating (resource_decrease=0.005)"
529.2,8.41889595908193e-06,"Constant","Oscillating (resource_decrease=0.005)"
529.4,8.01467589795409e-06,"Constant","Oscillating (resource_decrease=0.005)"
529.6,8.03188822829644e-06,"Constant","Oscillating (resource_decrease=0.005)"
529.8,8.49352314307086e-06,"Constant","Oscillating (resource_decrease=0.005)"
530,9.39205152115413e-06,"Constant","Oscillating (resource_decrease=0.005)"
530.2,1.06653144089158e-05,"Constant","Oscillating (resource_decrease=0.005)"
530.4,1.21769629246799e-05,"Constant","Oscillating (resource_decrease=0.005)"
530.6,1.37270424116233e-05,"Constant","Oscillating (resource_decrease=0.005)"
530.8,1.51057642372832e-05,"Constant","Oscillating (resource_decrease=0.005)"
531,1.61695020545785e-05,"Constant","Oscillating (resource_decrease=0.005)"
531.2,1.68955482110973e-05,"Constant","Oscillating (resource_decrease=0.005)"
531.4,1.73860280729308e-05,"Constant","Oscillating (resource_decrease=0.005)"
531.6,1.78247904192374e-05,"Constant","Oscillating (resource_decrease=0.005)"
531.8,1.84112085138391e-05,"Constant","Oscillating (resource_decrease=0.005)"
532,1.92929698131368e-05,"Constant","Oscillating (resource_decrease=0.005)"
532.2,2.05109755108275e-05,"Constant","Oscillating (resource_decrease=0.005)"
532.4,2.19669377646086e-05,"Constant","Oscillating (resource_decrease=0.005)"
532.6,2.34270690003807e-05,"Constant","Oscillating (resource_decrease=0.005)"
532.8,2.45727143884412e-05,"Constant","Oscillating (resource_decrease=0.005)"
533,2.50932584250312e-05,"Constant","Oscillating (resource_decrease=0.005)"
533.2,2.47924482956608e-05,"Constant","Oscillating (resource_decrease=0.005)"
533.4,2.36615603192959e-05,"Constant","Oscillating (resource_decrease=0.005)"
533.6,2.18789006871623e-05,"Constant","Oscillating (resource_decrease=0.005)"
533.8,1.97313916258108e-05,"Constant","Oscillating (resource_decrease=0.005)"
534,1.7501742841878e-05,"Constant","Oscillating (resource_decrease=0.005)"
534.2,1.53855795137481e-05,"Constant","Oscillating (resource_decrease=0.005)"
534.4,1.34761187560128e-05,"Constant","Oscillating (resource_decrease=0.005)"
534.6,1.18034390755625e-05,"Constant","Oscillating (resource_decrease=0.005)"
534.8,1.03849754950938e-05,"Constant","Oscillating (resource_decrease=0.005)"
535,9.25268755402476e-06,"Constant","Oscillating (resource_decrease=0.005)"
535.2,8.45244084801412e-06,"Constant","Oscillating (resource_decrease=0.005)"
535.4,8.03183013548369e-06,"Constant","Oscillating (resource_decrease=0.005)"
535.6,8.03046869010735e-06,"Constant","Oscillating (resource_decrease=0.005)"
535.8,8.47244357264521e-06,"Constant","Oscillating (resource_decrease=0.005)"
536,9.35211568132516e-06,"Constant","Oscillating (resource_decrease=0.005)"
536.2,1.06102451088577e-05,"Constant","Oscillating (resource_decrease=0.005)"
536.4,1.21138352634483e-05,"Constant","Oscillating (resource_decrease=0.005)"
536.6,1.3665112742494e-05,"Constant","Oscillating (resource_decrease=0.005)"
536.8,1.50536300570899e-05,"Constant","Oscillating (resource_decrease=0.005)"
537,1.61319350342665e-05,"Constant","Oscillating (resource_decrease=0.005)"
537.2,1.68717602313791e-05,"Constant","Oscillating (resource_decrease=0.005)"
537.4,1.73701562298623e-05,"Constant","Oscillating (resource_decrease=0.005)"
537.6,1.78081205353528e-05,"Constant","Oscillating (resource_decrease=0.005)"
537.8,1.83851413309369e-05,"Constant","Oscillating (resource_decrease=0.005)"
538,1.92519158976133e-05,"Constant","Oscillating (resource_decrease=0.005)"
538.2,2.04546154196403e-05,"Constant","Oscillating (resource_decrease=0.005)"
538.4,2.1901271308633e-05,"Constant","Oscillating (resource_decrease=0.005)"
538.6,2.33636212263337e-05,"Constant","Oscillating (resource_decrease=0.005)"
538.8,2.45256028589986e-05,"Constant","Oscillating (resource_decrease=0.005)"
539,2.5074710516231e-05,"Constant","Oscillating (resource_decrease=0.005)"
539.2,2.48084167155055e-05,"Constant","Oscillating (resource_decrease=0.005)"
539.4,2.37095709116347e-05,"Constant","Oscillating (resource_decrease=0.005)"
539.6,2.19494754362183e-05,"Constant","Oscillating (resource_decrease=0.005)"
539.8,1.98123775472175e-05,"Constant","Oscillating (resource_decrease=0.005)"
540,1.75829882160823e-05,"Constant","Oscillating (resource_decrease=0.005)"
540.2,1.5461334345228e-05,"Constant","Oscillating (resource_decrease=0.005)"
540.4,1.35444222599266e-05,"Constant","Oscillating (resource_decrease=0.005)"
540.6,1.18638588589843e-05,"Constant","Oscillating (resource_decrease=0.005)"
540.8,1.04366800107445e-05,"Constant","Oscillating (resource_decrease=0.005)"
541,9.2938647521578e-06,"Constant","Oscillating (resource_decrease=0.005)"
541.2,8.48074354868223e-06,"Constant","Oscillating (resource_decrease=0.005)"
541.4,8.0450129389773e-06,"Constant","Oscillating (resource_decrease=0.005)"
541.6,8.0268014868407e-06,"Constant","Oscillating (resource_decrease=0.005)"
541.8,8.45110581477448e-06,"Constant","Oscillating (resource_decrease=0.005)"
542,9.31392253149849e-06,"Constant","Oscillating (resource_decrease=0.005)"
542.2,1.05586075429646e-05,"Constant","Oscillating (resource_decrease=0.005)"
542.4,1.2055178703706e-05,"Constant","Oscillating (resource_decrease=0.005)"
542.6,1.36078130191317e-05,"Constant","Oscillating (resource_decrease=0.005)"
542.8,1.50054101397622e-05,"Constant","Oscillating (resource_decrease=0.005)"
543,1.60969853148563e-05,"Constant","Oscillating (resource_decrease=0.005)"
543.2,1.68492164960645e-05,"Constant","Oscillating (resource_decrease=0.005)"
543.4,1.73546250483251e-05,"Constant","Oscillating (resource_decrease=0.005)"
543.6,1.77917548207494e-05,"Constant","Oscillating (resource_decrease=0.005)"
543.8,1.83603265181451e-05,"Constant","Oscillating (resource_decrease=0.005)"
544,1.92138409079787e-05,"Constant","Oscillating (resource_decrease=0.005)"
544.2,2.04032535281239e-05,"Constant","Oscillating (resource_decrease=0.005)"
544.4,2.18422766372674e-05,"Constant","Oscillating (resource_decrease=0.005)"
544.6,2.33075769738877e-05,"Constant","Oscillating (resource_decrease=0.005)"
544.8,2.44853516189667e-05,"Constant","Oscillating (resource_decrease=0.005)"
545,2.50612957112632e-05,"Constant","Oscillating (resource_decrease=0.005)"
545.2,2.48271203698316e-05,"Constant","Oscillating (resource_decrease=0.005)"
545.4,2.37579685260278e-05,"Constant","Oscillating (resource_decrease=0.005)"
545.6,2.20187216597584e-05,"Constant","Oscillating (resource_decrease=0.005)"
545.8,1.98911349604947e-05,"Constant","Oscillating (resource_decrease=0.005)"
546,1.76617021434258e-05,"Constant","Oscillating (resource_decrease=0.005)"
546.2,1.55344704131893e-05,"Constant","Oscillating (resource_decrease=0.005)"
546.4,1.36099682201434e-05,"Constant","Oscillating (resource_decrease=0.005)"
546.6,1.19213021842927e-05,"Constant","Oscillating (resource_decrease=0.005)"
546.8,1.04852531807285e-05,"Constant","Oscillating (resource_decrease=0.005)"
547,9.33198767021363e-06,"Constant","Oscillating (resource_decrease=0.005)"
547.2,8.50638832863668e-06,"Constant","Oscillating (resource_decrease=0.005)"
547.4,8.05624530336973e-06,"Constant","Oscillating (resource_decrease=0.005)"
547.6,8.02213100578924e-06,"Constant","Oscillating (resource_decrease=0.005)"
547.8,8.42983989388581e-06,"Constant","Oscillating (resource_decrease=0.005)"
548,9.2768527904807e-06,"Constant","Oscillating (resource_decrease=0.005)"
548.2,1.05089363112449e-05,"Constant","Oscillating (resource_decrease=0.005)"
548.4,1.1998946055561e-05,"Constant","Oscillating (resource_decrease=0.005)"
548.6,1.35529131048672e-05,"Constant","Oscillating (resource_decrease=0.005)"
548.8,1.49591269369686e-05,"Constant","Oscillating (resource_decrease=0.005)"
549,1.60632562697681e-05,"Constant","Oscillating (resource_decrease=0.005)"
549.2,1.68271986175384e-05,"Constant","Oscillating (resource_decrease=0.005)"
549.4,1.73392189711133e-05,"Constant","Oscillating (resource_decrease=0.005)"
549.6,1.77755898005411e-05,"Constant","Oscillating (resource_decrease=0.005)"
549.8,1.83362950409562e-05,"Constant","Oscillating (resource_decrease=0.005)"
550,1.91775001281751e-05,"Constant","Oscillating (resource_decrease=0.005)"
550.2,2.03546660045971e-05,"Constant","Oscillating (resource_decrease=0.005)"
550.4,2.17868423214198e-05,"Constant","Oscillating (resource_decrease=0.005)"
550.6,2.32553282286337e-05,"Constant","Oscillating (resource_decrease=0.005)"
550.8,2.44484473636057e-05,"Constant","Oscillating (resource_decrease=0.005)"
551,2.50501991537118e-05,"Constant","Oscillating (resource_decrease=0.005)"
551.2,2.48468486549286e-05,"Constant","Oscillating (resource_decrease=0.005)"
551.4,2.38062224382411e-05,"Constant","Oscillating (resource_decrease=0.005)"
551.6,2.20870565971841e-05,"Constant","Oscillating (resource_decrease=0.005)"
551.8,1.99686538506714e-05,"Constant","Oscillating (resource_decrease=0.005)"
552,1.77391268942664e-05,"Constant","Oscillating (resource_decrease=0.005)"
552.2,1.56063262054897e-05,"Constant","Oscillating (resource_decrease=0.005)"
552.4,1.3674176967715e-05,"Constant","Oscillating (resource_decrease=0.005)"
552.6,1.19772967521196e-05,"Constant","Oscillating (resource_decrease=0.005)"
552.8,1.05323050753004e-05,"Constant","Oscillating (resource_decrease=0.005)"
553,9.36864788647085e-06,"Constant","Oscillating (resource_decrease=0.005)"
553.2,8.53080206411324e-06,"Constant","Oscillating (resource_decrease=0.005)"
553.4,8.06664261297993e-06,"Constant","Oscillating (resource_decrease=0.005)"
553.6,8.01714390631587e-06,"Constant","Oscillating (resource_decrease=0.005)"
553.8,8.40883114098215e-06,"Constant","Oscillating (resource_decrease=0.005)"
554,9.24057529769691e-06,"Constant","Oscillating (resource_decrease=0.005)"
554.2,1.04604424271685e-05,"Constant","Oscillating (resource_decrease=0.005)"
554.4,1.19440337856574e-05,"Constant","Oscillating (resource_decrease=0.005)"
554.6,1.34992092736925e-05,"Constant","Oscillating (resource_decrease=0.005)"
554.8,1.49137117014061e-05,"Constant","Oscillating (resource_decrease=0.005)"
555,1.60299939166487e-05,"Constant","Oscillating (resource_decrease=0.005)"
555.2,1.68053237012368e-05,"Constant","Oscillating (resource_decrease=0.005)"
555.4,1.73238340385833e-05,"Constant","Oscillating (resource_decrease=0.005)"
555.6,1.77595895480594e-05,"Constant","Oscillating (resource_decrease=0.005)"
555.8,1.83128193730255e-05,"Constant","Oscillating (resource_decrease=0.005)"
556,1.91422507646107e-05,"Constant","Oscillating (resource_decrease=0.005)"
556.2,2.03076828061441e-05,"Constant","Oscillating (resource_decrease=0.005)"
556.4,2.17333180988677e-05,"Constant","Oscillating (resource_decrease=0.005)"
556.6,2.32049526814596e-05,"Constant","Oscillating (resource_decrease=0.005)"
556.8,2.44130120452622e-05,"Constant","Oscillating (resource_decrease=0.005)"
557,2.503991140893e-05,"Constant","Oscillating (resource_decrease=0.005)"
557.2,2.48666805881317e-05,"Constant","Oscillating (resource_decrease=0.005)"
557.4,2.38540437169688e-05,"Constant","Oscillating (resource_decrease=0.005)"
557.6,2.21547012644548e-05,"Constant","Oscillating (resource_decrease=0.005)"
557.8,2.00454642915471e-05,"Constant","Oscillating (resource_decrease=0.005)"
558,1.78159284857064e-05,"Constant","Oscillating (resource_decrease=0.005)"
558.2,1.56776187024829e-05,"Constant","Oscillating (resource_decrease=0.005)"
558.4,1.37378088003063e-05,"Constant","Oscillating (resource_decrease=0.005)"
558.6,1.20326613094137e-05,"Constant","Oscillating (resource_decrease=0.005)"
558.8,1.05787011284102e-05,"Constant","Oscillating (resource_decrease=0.005)"
559,9.40470404375653e-06,"Constant","Oscillating (resource_decrease=0.005)"
559.2,8.55475752750333e-06,"Constant","Oscillating (resource_decrease=0.005)"
559.4,8.07681185431306e-06,"Constant","Oscillating (resource_decrease=0.005)"
559.6,8.01221774581481e-06,"Constant","Oscillating (resource_decrease=0.005)"
559.8,8.38818875725533e-06,"Constant","Oscillating (resource_decrease=0.005)"
560,9.20492310313151e-06,"Constant","Oscillating (resource_decrease=0.005)"
560.2,1.04127139557018e-05,"Constant","Oscillating (resource_decrease=0.005)"
560.4,1.18898602125461e-05,"Constant","Oscillating (resource_decrease=0.005)"
560.6,1.34460626624678e-05,"Constant","Oscillating (resource_decrease=0.005)"
560.8,1.48685929798973e-05,"Constant","Oscillating (resource_decrease=0.005)"
561,1.59967913669791e-05,"Constant","Oscillating (resource_decrease=0.005)"
561.2,1.6783382480077e-05,"Constant","Oscillating (resource_decrease=0.005)"
561.4,1.73084127006379e-05,"Constant","Oscillating (resource_decrease=0.005)"
561.6,1.77437378359267e-05,"Constant","Oscillating (resource_decrease=0.005)"
561.8,1.82897865866119e-05,"Constant","Oscillating (resource_decrease=0.005)"
562,1.91077628983709e-05,"Constant","Oscillating (resource_decrease=0.005)"
562.2,2.02616951630066e-05,"Constant","Oscillating (resource_decrease=0.005)"
562.4,2.16808384262781e-05,"Constant","Oscillating (resource_decrease=0.005)"
562.6,2.31554356488874e-05,"Constant","Oscillating (resource_decrease=0.005)"
562.8,2.43780477178903e-05,"Constant","Oscillating (resource_decrease=0.005)"
563,2.50296232187612e-05,"Constant","Oscillating (resource_decrease=0.005)"
563.2,2.48861143386501e-05,"Constant","Oscillating (resource_decrease=0.005)"
563.4,2.39012647848993e-05,"Constant","Oscillating (resource_decrease=0.005)"
563.6,2.22217611828266e-05,"Constant","Oscillating (resource_decrease=0.005)"
563.8,2.01218401764139e-05,"Constant","Oscillating (resource_decrease=0.005)"
564,1.7892456894222e-05,"Constant","Oscillating (resource_decrease=0.005)"
564.2,1.57487271281916e-05,"Constant","Oscillating (resource_decrease=0.005)"
564.4,1.38012666644355e-05,"Constant","Oscillating (resource_decrease=0.005)"
564.6,1.20878302698184e-05,"Constant","Oscillating (resource_decrease=0.005)"
564.8,1.06249016064899e-05,"Constant","Oscillating (resource_decrease=0.005)"
565,9.44061452583216e-06,"Constant","Oscillating (resource_decrease=0.005)"
565.2,8.57866930600578e-06,"Constant","Oscillating (resource_decrease=0.005)"
565.4,8.08708095093509e-06,"Constant","Oscillating (resource_decrease=0.005)"
565.6,8.00755951377634e-06,"Constant","Oscillating (resource_decrease=0.005)"
565.8,8.36797793638869e-06,"Constant","Oscillating (resource_decrease=0.005)"
566,9.16981544389889e-06,"Constant","Oscillating (resource_decrease=0.005)"
566.2,1.03655403517148e-05,"Constant","Oscillating (resource_decrease=0.005)"
566.4,1.18361237424924e-05,"Constant","Oscillating (resource_decrease=0.005)"
566.6,1.33931385696321e-05,"Constant","Oscillating (resource_decrease=0.005)"
566.8,1.48234677792457e-05,"Constant","Oscillating (resource_decrease=0.005)"
567,1.59634291646275e-05,"Constant","Oscillating (resource_decrease=0.005)"
567.2,1.6761258470853e-05,"Constant","Oscillating (resource_decrease=0.005)"
567.4,1.72929196491346e-05,"Constant","Oscillating (resource_decrease=0.005)"
567.6,1.77280240800196e-05,"Constant","Oscillating (resource_decrease=0.005)"
567.8,1.82671386755849e-05,"Constant","Oscillating (resource_decrease=0.005)"
568,1.90738672151373e-05,"Constant","Oscillating (resource_decrease=0.005)"
568.2,2.02163884882083e-05,"Constant","Oscillating (resource_decrease=0.005)"
568.4,2.16289530561259e-05,"Constant","Oscillating (resource_decrease=0.005)"
568.6,2.31062456116276e-05,"Constant","Oscillating (resource_decrease=0.005)"
568.8,2.4343027018204e-05,"Constant","Oscillating (resource_decrease=0.005)"
569,2.50189012102395e-05,"Constant","Oscillating (resource_decrease=0.005)"
569.2,2.49048741419944e-05,"Constant","Oscillating (resource_decrease=0.005)"
569.4,2.39477843283782e-05,"Constant","Oscillating (resource_decrease=0.005)"
569.6,2.22882804936417e-05,"Constant","Oscillating (resource_decrease=0.005)"
569.8,2.0197918115863e-05,"Constant","Oscillating (resource_decrease=0.005)"
570,1.79688928353255e-05,"Constant","Oscillating (resource_decrease=0.005)"
570.2,1.58198503515432e-05,"Constant","Oscillating (resource_decrease=0.005)"
570.4,1.38647631100424e-05,"Constant","Oscillating (resource_decrease=0.005)"
570.6,1.21430331327996e-05,"Constant","Oscillating (resource_decrease=0.005)"
570.8,1.06711500792717e-05,"Constant","Oscillating (resource_decrease=0.005)"
571,9.47662276464553e-06,"Constant","Oscillating (resource_decrease=0.005)"
571.2,8.6027587673803e-06,"Constant","Oscillating (resource_decrease=0.005)"
571.4,8.09762642097199e-06,"Constant","Oscillating (resource_decrease=0.005)"
571.6,8.00328254171792e-06,"Constant","Oscillating (resource_decrease=0.005)"
571.8,8.34823775223221e-06,"Constant","Oscillating (resource_decrease=0.005)"
572,9.1352150443028e-06,"Constant","Oscillating (resource_decrease=0.005)"
572.2,1.03188163933285e-05,"Constant","Oscillating (resource_decrease=0.005)"
572.4,1.17826708000986e-05,"Constant","Oscillating (resource_decrease=0.005)"
572.6,1.3340264133876e-05,"Constant","Oscillating (resource_decrease=0.005)"
572.8,1.47781768303205e-05,"Constant","Oscillating (resource_decrease=0.005)"
573,1.59297888138806e-05,"Constant","Oscillating (resource_decrease=0.005)"
573.2,1.67388853995073e-05,"Constant","Oscillating (resource_decrease=0.005)"
573.4,1.72773312296863e-05,"Constant","Oscillating (resource_decrease=0.005)"
573.6,1.77124392145424e-05,"Constant","Oscillating (resource_decrease=0.005)"
573.8,1.82448441984377e-05,"Constant","Oscillating (resource_decrease=0.005)"
574,1.90404764978142e-05,"Constant","Oscillating (resource_decrease=0.005)"
574.2,2.01716013650738e-05,"Constant","Oscillating (resource_decrease=0.005)"
574.4,2.1577430120978e-05,"Constant","Oscillating (resource_decrease=0.005)"
574.6,2.30571069497688e-05,"Constant","Oscillating (resource_decrease=0.005)"
574.8,2.43076734761924e-05,"Constant","Oscillating (resource_decrease=0.005)"
575,2.50075139659395e-05,"Constant","Oscillating (resource_decrease=0.005)"
575.2,2.49228072129556e-05,"Constant","Oscillating (resource_decrease=0.005)"
575.4,2.3993538857544e-05,"Constant","Oscillating (resource_decrease=0.005)"
575.6,2.23542725231768e-05,"Constant","Oscillating (resource_decrease=0.005)"
575.8,2.02737627276436e-05,"Constant","Oscillating (resource_decrease=0.005)"
576,1.80453275705595e-05,"Constant","Oscillating (resource_decrease=0.005)"
576.2,1.58910918388043e-05,"Constant","Oscillating (resource_decrease=0.005)"
576.4,1.39284100456677e-05,"Constant","Oscillating (resource_decrease=0.005)"
576.6,1.21983909886117e-05,"Constant","Oscillating (resource_decrease=0.005)"
576.8,1.07175751260422e-05,"Constant","Oscillating (resource_decrease=0.005)"
577,9.51285763336599e-06,"Constant","Oscillating (resource_decrease=0.005)"
577.2,8.62714376340755e-06,"Constant","Oscillating (resource_decrease=0.005)"
577.4,8.10854307788817e-06,"Constant","Oscillating (resource_decrease=0.005)"
577.6,7.99944885476272e-06,"Constant","Oscillating (resource_decrease=0.005)"
577.8,8.32899168818566e-06,"Constant","Oscillating (resource_decrease=0.005)"
578,9.1011059979735e-06,"Constant","Oscillating (resource_decrease=0.005)"
578.2,1.02724912763946e-05,"Constant","Oscillating (resource_decrease=0.005)"
578.4,1.17294253780583e-05,"Constant","Oscillating (resource_decrease=0.005)"
578.6,1.32873520833387e-05,"Constant","Oscillating (resource_decrease=0.005)"
578.8,1.47326375104473e-05,"Constant","Oscillating (resource_decrease=0.005)"
579,1.58958061690547e-05,"Constant","Oscillating (resource_decrease=0.005)"
579.2,1.67162243726804e-05,"Constant","Oscillating (resource_decrease=0.005)"
579.4,1.72616302541955e-05,"Constant","Oscillating (resource_decrease=0.005)"
579.6,1.76969745575591e-05,"Constant","Oscillating (resource_decrease=0.005)"
579.8,1.82228846723329e-05,"Constant","Oscillating (resource_decrease=0.005)"
580,1.90075454630141e-05,"Constant","Oscillating (resource_decrease=0.005)"
580.2,2.01272519391583e-05,"Constant","Oscillating (resource_decrease=0.005)"
580.4,2.15261523299889e-05,"Constant","Oscillating (resource_decrease=0.005)"
580.6,2.30078793853714e-05,"Constant","Oscillating (resource_decrease=0.005)"
580.8,2.4271844388216e-05,"Constant","Oscillating (resource_decrease=0.005)"
581,2.49953388299315e-05,"Constant","Oscillating (resource_decrease=0.005)"
581.2,2.49398281379043e-05,"Constant","Oscillating (resource_decrease=0.005)"
581.4,2.40384870014931e-05,"Constant","Oscillating (resource_decrease=0.005)"
581.6,2.24197357886035e-05,"Constant","Oscillating (resource_decrease=0.005)"
581.8,2.03494013583608e-05,"Constant","Oscillating (resource_decrease=0.005)"
582,1.81218054038374e-05,"Constant","Oscillating (resource_decrease=0.005)"
582.2,1.59625047941892e-05,"Constant","Oscillating (resource_decrease=0.005)"
582.4,1.39922663389292e-05,"Constant","Oscillating (resource_decrease=0.005)"
582.6,1.22539677314985e-05,"Constant","Oscillating (resource_decrease=0.005)"
582.8,1.0764244472743e-05,"Constant","Oscillating (resource_decrease=0.005)"
583,9.54938710670891e-06,"Constant","Oscillating (resource_decrease=0.005)"
583.2,8.65188680377487e-06,"Constant","Oscillating (resource_decrease=0.005)"
583.4,8.11988169685084e-06,"Constant","Oscillating (resource_decrease=0.005)"
583.6,7.9960923573615e-06,"Constant","Oscillating (resource_decrease=0.005)"
583.8,8.31025391521262e-06,"Constant","Oscillating (resource_decrease=0.005)"
584,9.06748265367285e-06,"Constant","Oscillating (resource_decrease=0.005)"
584.2,1.02265420952256e-05,"Constant","Oscillating (resource_decrease=0.005)"
584.4,1.16763519435988e-05,"Constant","Oscillating (resource_decrease=0.005)"
584.6,1.32343603110538e-05,"Constant","Oscillating (resource_decrease=0.005)"
584.8,1.46868080590843e-05,"Constant","Oscillating (resource_decrease=0.005)"
585,1.58614464044355e-05,"Constant","Oscillating (resource_decrease=0.005)"
585.2,1.66932515390438e-05,"Constant","Oscillating (resource_decrease=0.005)"
585.4,1.72458032564411e-05,"Constant","Oscillating (resource_decrease=0.005)"
585.6,1.76816215328167e-05,"Constant","Oscillating (resource_decrease=0.005)"
585.8,1.82012479724305e-05,"Constant","Oscillating (resource_decrease=0.005)"
586,1.89750502518636e-05,"Constant","Oscillating (resource_decrease=0.005)"
586.2,2.00832996731462e-05,"Constant","Oscillating (resource_decrease=0.005)"
586.4,2.14750625184824e-05,"Constant","Oscillating (resource_decrease=0.005)"
586.6,2.29584942976859e-05,"Constant","Oscillating (resource_decrease=0.005)"
586.8,2.42354685362844e-05,"Constant","Oscillating (resource_decrease=0.005)"
587,2.49823119661298e-05,"Constant","Oscillating (resource_decrease=0.005)"
587.2,2.49558886878235e-05,"Constant","Oscillating (resource_decrease=0.005)"
587.4,2.40826005150144e-05,"Constant","Oscillating (resource_decrease=0.005)"
587.6,2.2484661998228e-05,"Constant","Oscillating (resource_decrease=0.005)"
587.8,2.04248422054428e-05,"Constant","Oscillating (resource_decrease=0.005)"
588,1.81983460444142e-05,"Constant","Oscillating (resource_decrease=0.005)"
588.2,1.60341159492075e-05,"Constant","Oscillating (resource_decrease=0.005)"
588.4,1.40563628961657e-05,"Constant","Oscillating (resource_decrease=0.005)"
588.6,1.23097970712313e-05,"Constant","Oscillating (resource_decrease=0.005)"
588.8,1.08111936306063e-05,"Constant","Oscillating (resource_decrease=0.005)"
589,9.58624676721138e-06,"Constant","Oscillating (resource_decrease=0.005)"
589.2,8.67702078103285e-06,"Constant","Oscillating (resource_decrease=0.005)"
589.4,8.1316692766285e-06,"Constant","Oscillating (resource_decrease=0.005)"
589.6,7.99323149668256e-06,"Constant","Oscillating (resource_decrease=0.005)"
589.8,8.29203303846558e-06,"Constant","Oscillating (resource_decrease=0.005)"
590,9.03434414896034e-06,"Constant","Oscillating (resource_decrease=0.005)"
590.2,1.01809601629766e-05,"Constant","Oscillating (resource_decrease=0.005)"
590.4,1.16234360439078e-05,"Constant","Oscillating (resource_decrease=0.005)"
590.6,1.31812705571788e-05,"Constant","Oscillating (resource_decrease=0.005)"
590.8,1.46406685589556e-05,"Constant","Oscillating (resource_decrease=0.005)"
591,1.58266905902725e-05,"Constant","Oscillating (resource_decrease=0.005)"
591.2,1.6669951384127e-05,"Constant","Oscillating (resource_decrease=0.005)"
591.4,1.72298389653844e-05,"Constant","Oscillating (resource_decrease=0.005)"
591.6,1.7666371610985e-05,"Constant","Oscillating (resource_decrease=0.005)"
591.8,1.81799250949641e-05,"Constant","Oscillating (resource_decrease=0.005)"
592,1.89429779477282e-05,"Constant","Oscillating (resource_decrease=0.005)"
592.2,2.00397254967337e-05,"Constant","Oscillating (resource_decrease=0.005)"
592.4,2.14241351230791e-05,"Constant","Oscillating (resource_decrease=0.005)"
592.6,2.29089211103384e-05,"Constant","Oscillating (resource_decrease=0.005)"
592.8,2.41985130676882e-05,"Constant","Oscillating (resource_decrease=0.005)"
593,2.49684015463085e-05,"Constant","Oscillating (resource_decrease=0.005)"
593.2,2.49709613412336e-05,"Constant","Oscillating (resource_decrease=0.005)"
593.4,2.41258590294091e-05,"Constant","Oscillating (resource_decrease=0.005)"
593.6,2.25490399063991e-05,"Constant","Oscillating (resource_decrease=0.005)"
593.8,2.05000836660359e-05,"Constant","Oscillating (resource_decrease=0.005)"
594,1.82749562999757e-05,"Constant","Oscillating (resource_decrease=0.005)"
594.2,1.61059380532421e-05,"Constant","Oscillating (resource_decrease=0.005)"
594.4,1.4120715845377e-05,"Constant","Oscillating (resource_decrease=0.005)"
594.6,1.2365896752738e-05,"Constant","Oscillating (resource_decrease=0.005)"
594.8,1.08584410178159e-05,"Constant","Oscillating (resource_decrease=0.005)"
595,9.62345492156284e-06,"Constant","Oscillating (resource_decrease=0.005)"
595.2,8.70256268728969e-06,"Constant","Oscillating (resource_decrease=0.005)"
595.4,8.14391993035651e-06,"Constant","Oscillating (resource_decrease=0.005)"
595.6,7.99087618250329e-06,"Constant","Oscillating (resource_decrease=0.005)"
595.8,8.27433432910587e-06,"Constant","Oscillating (resource_decrease=0.005)"
596,9.00169177093565e-06,"Constant","Oscillating (resource_decrease=0.005)"
596.2,1.0135743995735e-05,"Constant","Oscillating (resource_decrease=0.005)"
596.4,1.15706741979166e-05,"Constant","Oscillating (resource_decrease=0.005)"
596.6,1.31280771878242e-05,"Constant","Oscillating (resource_decrease=0.005)"
596.8,1.45942108350574e-05,"Constant","Oscillating (resource_decrease=0.005)"
597,1.57915284872081e-05,"Constant","Oscillating (resource_decrease=0.005)"
597.2,1.66463130690384e-05,"Constant","Oscillating (resource_decrease=0.005)"
597.4,1.72137274298806e-05,"Constant","Oscillating (resource_decrease=0.005)"
597.6,1.76512162956567e-05,"Constant","Oscillating (resource_decrease=0.005)"
597.8,1.81589085538531e-05,"Constant","Oscillating (resource_decrease=0.005)"
598,1.89113212052994e-05,"Constant","Oscillating (resource_decrease=0.005)"
598.2,1.99965214913742e-05,"Constant","Oscillating (resource_decrease=0.005)"
598.4,2.13733612214827e-05,"Constant","Oscillating (resource_decrease=0.005)"
598.6,2.28591495239387e-05,"Constant","Oscillating (resource_decrease=0.005)"
598.8,2.41609658433166e-05,"Constant","Oscillating (resource_decrease=0.005)"
599,2.49535933075709e-05,"Constant","Oscillating (resource_decrease=0.005)"
599.2,2.49850302407208e-05,"Constant","Oscillating (resource_decrease=0.005)"
599.4,2.4168246958385e-05,"Constant","Oscillating (resource_decrease=0.005)"
599.6,2.26128571054446e-05,"Constant","Oscillating (resource_decrease=0.005)"
599.8,2.05751191237426e-05,"Constant","Oscillating (resource_decrease=0.005)"
600,1.8351636172115e-05,"Constant","Oscillating (resource_decrease=0.005)"
600.2,1.6177976425973e-05,"Constant","Oscillating (resource_decrease=0.005)"
600.4,1.41853334677709e-05,"Constant","Oscillating (resource_decrease=0.005)"
600.6,1.24222760474112e-05,"Constant","Oscillating (resource_decrease=0.005)"
600.8,1.09059959511342e-05,"Constant","Oscillating (resource_decrease=0.005)"
601,9.6610206245483e-06,"Constant","Oscillating (resource_decrease=0.005)"
601.2,8.72852093723056e-06,"Constant","Oscillating (resource_decrease=0.005)"
601.4,8.15664074966128e-06,"Constant","Oscillating (resource_decrease=0.005)"
601.6,7.98903157840488e-06,"Constant","Oscillating (resource_decrease=0.005)"
601.8,8.2571610512872e-06,"Constant","Oscillating (resource_decrease=0.005)"
602,8.96952770600006e-06,"Constant","Oscillating (resource_decrease=0.005)"
602.2,1.00908957259601e-05,"Constant","Oscillating (resource_decrease=0.005)"
602.4,1.15180686315511e-05,"Constant","Oscillating (resource_decrease=0.005)"
602.6,1.30747812852393e-05,"Constant","Oscillating (resource_decrease=0.005)"
602.8,1.45474330823166e-05,"Constant","Oscillating (resource_decrease=0.005)"
603,1.57559546690698e-05,"Constant","Oscillating (resource_decrease=0.005)"
603.2,1.66223284218591e-05,"Constant","Oscillating (resource_decrease=0.005)"
603.4,1.71974595084767e-05,"Constant","Oscillating (resource_decrease=0.005)"
603.6,1.76361471139915e-05,"Constant","Oscillating (resource_decrease=0.005)"
603.8,1.81381915790203e-05,"Constant","Oscillating (resource_decrease=0.005)"
604,1.88800754886403e-05,"Constant","Oscillating (resource_decrease=0.005)"
604.2,1.99536855145321e-05,"Constant","Oscillating (resource_decrease=0.005)"
604.4,2.13227406635469e-05,"Constant","Oscillating (resource_decrease=0.005)"
604.6,2.28091800938268e-05,"Constant","Oscillating (resource_decrease=0.005)"
604.8,2.41228259943461e-05,"Constant","Oscillating (resource_decrease=0.005)"
605,2.4937882736954e-05,"Constant","Oscillating (resource_decrease=0.005)"
605.2,2.49980862003727e-05,"Constant","Oscillating (resource_decrease=0.005)"
605.4,2.42097516649134e-05,"Constant","Oscillating (resource_decrease=0.005)"
605.6,2.26761008235909e-05,"Constant","Oscillating (resource_decrease=0.005)"
605.8,2.06499393869062e-05,"Constant","Oscillating (resource_decrease=0.005)"
606,1.84283820309968e-05,"Constant","Oscillating (resource_decrease=0.005)"
606.2,1.62502323980514e-05,"Constant","Oscillating (resource_decrease=0.005)"
606.4,1.4250219849792e-05,"Constant","Oscillating (resource_decrease=0.005)"
606.6,1.24789397099216e-05,"Constant","Oscillating (resource_decrease=0.005)"
606.8,1.0953862881262e-05,"Constant","Oscillating (resource_decrease=0.005)"
607,9.6989479508886e-06,"Constant","Oscillating (resource_decrease=0.005)"
607.2,8.75489929018357e-06,"Constant","Oscillating (resource_decrease=0.005)"
607.4,8.1698349735315e-06,"Constant","Oscillating (resource_decrease=0.005)"
607.6,7.98770018745399e-06,"Constant","Oscillating (resource_decrease=0.005)"
607.8,8.24051525037441e-06,"Constant","Oscillating (resource_decrease=0.005)"
608,8.93785446106661e-06,"Constant","Oscillating (resource_decrease=0.005)"
608.2,1.00464192721662e-05,"Constant","Oscillating (resource_decrease=0.005)"
608.4,1.14656245325815e-05,"Constant","Oscillating (resource_decrease=0.005)"
608.6,1.3021387528081e-05,"Constant","Oscillating (resource_decrease=0.005)"
608.8,1.45003369995515e-05,"Constant","Oscillating (resource_decrease=0.005)"
609,1.57199664289375e-05,"Constant","Oscillating (resource_decrease=0.005)"
609.2,1.65979908304873e-05,"Constant","Oscillating (resource_decrease=0.005)"
609.4,1.71810265696298e-05,"Constant","Oscillating (resource_decrease=0.005)"
609.6,1.76211556066521e-05,"Constant","Oscillating (resource_decrease=0.005)"
609.8,1.81177677121008e-05,"Constant","Oscillating (resource_decrease=0.005)"
610,1.88492376445039e-05,"Constant","Oscillating (resource_decrease=0.005)"
610.2,1.99112183865814e-05,"Constant","Oscillating (resource_decrease=0.005)"
610.4,2.12722779144647e-05,"Constant","Oscillating (resource_decrease=0.005)"
610.6,2.27590192100622e-05,"Constant","Oscillating (resource_decrease=0.005)"
610.8,2.40840988444182e-05,"Constant","Oscillating (resource_decrease=0.005)"
611,2.49212708182424e-05,"Constant","Oscillating (resource_decrease=0.005)"
611.2,2.50101239323065e-05,"Constant","Oscillating (resource_decrease=0.005)"
611.4,2.42503623720856e-05,"Constant","Oscillating (resource_decrease=0.005)"
611.6,2.27387582591831e-05,"Constant","Oscillating (resource_decrease=0.005)"
611.8,2.07245339260539e-05,"Constant","Oscillating (resource_decrease=0.005)"
612,1.85051882696724e-05,"Constant","Oscillating (resource_decrease=0.005)"
612.2,1.63227051217365e-05,"Constant","Oscillating (resource_decrease=0.005)"
612.4,1.43153768134616e-05,"Constant","Oscillating (resource_decrease=0.005)"
612.6,1.25358900762591e-05,"Constant","Oscillating (resource_decrease=0.005)"
612.8,1.10020436469713e-05,"Constant","Oscillating (resource_decrease=0.005)"
613,9.7372382795946e-06,"Constant","Oscillating (resource_decrease=0.005)"
613.2,8.78169896043887e-06,"Constant","Oscillating (resource_decrease=0.005)"
613.4,8.18350370920527e-06,"Constant","Oscillating (resource_decrease=0.005)"
613.6,7.98688300573554e-06,"Constant","Oscillating (resource_decrease=0.005)"
613.8,8.22439822126312e-06,"Constant","Oscillating (resource_decrease=0.005)"
614,8.90667460398647e-06,"Constant","Oscillating (resource_decrease=0.005)"
614.2,1.00023194056186e-05,"Constant","Oscillating (resource_decrease=0.005)"
614.4,1.14133486156539e-05,"Constant","Oscillating (resource_decrease=0.005)"
614.6,1.29679025383096e-05,"Constant","Oscillating (resource_decrease=0.005)"
614.8,1.44529262538092e-05,"Constant","Oscillating (resource_decrease=0.005)"
615,1.56835626430412e-05,"Constant","Oscillating (resource_decrease=0.005)"
615.2,1.65732946294831e-05,"Constant","Oscillating (resource_decrease=0.005)"
615.4,1.71644203151186e-05,"Constant","Oscillating (resource_decrease=0.005)"
615.6,1.76062333183713e-05,"Constant","Oscillating (resource_decrease=0.005)"
615.8,1.80976306010598e-05,"Constant","Oscillating (resource_decrease=0.005)"
616,1.88188051616577e-05,"Constant","Oscillating (resource_decrease=0.005)"
616.2,1.98691224111678e-05,"Constant","Oscillating (resource_decrease=0.005)"
616.4,2.12219798468994e-05,"Constant","Oscillating (resource_decrease=0.005)"
616.6,2.27086764071604e-05,"Constant","Oscillating (resource_decrease=0.005)"
616.8,2.40447931620824e-05,"Constant","Oscillating (resource_decrease=0.005)"
617,2.49037617019876e-05,"Constant","Oscillating (resource_decrease=0.005)"
617.2,2.50211404956231e-05,"Constant","Oscillating (resource_decrease=0.005)"
617.4,2.42900695148789e-05,"Constant","Oscillating (resource_decrease=0.005)"
617.6,2.28008167069435e-05,"Constant","Oscillating (resource_decrease=0.005)"
617.8,2.07988915002438e-05,"Constant","Oscillating (resource_decrease=0.005)"
618,1.85820481674576e-05,"Constant","Oscillating (resource_decrease=0.005)"
618.2,1.63953925265035e-05,"Constant","Oscillating (resource_decrease=0.005)"
618.4,1.43808049407143e-05,"Constant","Oscillating (resource_decrease=0.005)"
618.6,1.25931281815313e-05,"Constant","Oscillating (resource_decrease=0.005)"
618.8,1.10505386812044e-05,"Constant","Oscillating (resource_decrease=0.005)"
619,9.77589152236613e-06,"Constant","Oscillating (resource_decrease=0.005)"
619.2,8.80891975929139e-06,"Constant","Oscillating (resource_decrease=0.005)"
619.4,8.19764687234492e-06,"Constant","Oscillating (resource_decrease=0.005)"
619.6,7.98658016436517e-06,"Constant","Oscillating (resource_decrease=0.005)"
619.8,8.20881078709387e-06,"Constant","Oscillating (resource_decrease=0.005)"
620,8.87599065277955e-06,"Constant","Oscillating (resource_decrease=0.005)"
620.2,9.95860127460312e-06,"Constant","Oscillating (resource_decrease=0.005)"
620.4,1.13612483693921e-05,"Constant","Oscillating (resource_decrease=0.005)"
620.6,1.29143340007015e-05,"Constant","Oscillating (resource_decrease=0.005)"
620.8,1.44052056529087e-05,"Constant","Oscillating (resource_decrease=0.005)"
621,1.56467431509825e-05,"Constant","Oscillating (resource_decrease=0.005)"
621.2,1.65482347589565e-05,"Constant","Oscillating (resource_decrease=0.005)"
621.4,1.71476326761983e-05,"Constant","Oscillating (resource_decrease=0.005)"
621.6,1.75913717904894e-05,"Constant","Oscillating (resource_decrease=0.005)"
621.8,1.807777389536e-05,"Constant","Oscillating (resource_decrease=0.005)"
622,1.87887757843301e-05,"Constant","Oscillating (resource_decrease=0.005)"
622.2,1.98274005923205e-05,"Constant","Oscillating (resource_decrease=0.005)"
622.4,2.11718545606419e-05,"Constant","Oscillating (resource_decrease=0.005)"
622.6,2.26581629122466e-05,"Constant","Oscillating (resource_decrease=0.005)"
622.8,2.40049196631045e-05,"Constant","Oscillating (resource_decrease=0.005)"
623,2.48853614193921e-05,"Constant","Oscillating (resource_decrease=0.005)"
623.2,2.50311344227948e-05,"Constant","Oscillating (resource_decrease=0.005)"
623.4,2.43288643539169e-05,"Constant","Oscillating (resource_decrease=0.005)"
623.6,2.28622635961146e-05,"Constant","Oscillating (resource_decrease=0.005)"
623.8,2.08730004736367e-05,"Constant","Oscillating (resource_decrease=0.005)"
624,1.86589543415551e-05,"Constant","Oscillating (resource_decrease=0.005)"
624.2,1.64682918249929e-05,"Constant","Oscillating (resource_decrease=0.005)"
624.4,1.44465041192513e-05,"Constant","Oscillating (resource_decrease=0.005)"
624.6,1.26506543587225e-05,"Constant","Oscillating (resource_decrease=0.005)"
624.8,1.10993476604376e-05,"Constant","Oscillating (resource_decrease=0.005)"
625,9.81490678851795e-06,"Constant","Oscillating (resource_decrease=0.005)"
625.2,8.83656071723793e-06,"Constant","Oscillating (resource_decrease=0.005)"
625.4,8.21226370422795e-06,"Constant","Oscillating (resource_decrease=0.005)"
625.6,7.98679128936678e-06,"Constant","Oscillating (resource_decrease=0.005)"
625.8,8.19375346565194e-06,"Constant","Oscillating (resource_decrease=0.005)"
626,8.84580503243889e-06,"Constant","Oscillating (resource_decrease=0.005)"
626.2,9.91527016200641e-06,"Constant","Oscillating (resource_decrease=0.005)"
626.4,1.13093316593767e-05,"Constant","Oscillating (resource_decrease=0.005)"
626.6,1.28606901907072e-05,"Constant","Oscillating (resource_decrease=0.005)"
626.8,1.43571806964568e-05,"Constant","Oscillating (resource_decrease=0.005)"
627,1.5609508415526e-05,"Constant","Oscillating (resource_decrease=0.005)"
627.2,1.65228065740471e-05,"Constant","Oscillating (resource_decrease=0.005)"
627.4,1.71306557529068e-05,"Constant","Oscillating (resource_decrease=0.005)"
627.6,1.75765625558965e-05,"Constant","Oscillating (resource_decrease=0.005)"
627.8,1.80581911924818e-05,"Constant","Oscillating (resource_decrease=0.005)"
628,1.87591473094745e-05,"Constant","Oscillating (resource_decrease=0.005)"
628.2,1.97860562174908e-05,"Constant","Oscillating (resource_decrease=0.005)"
628.4,2.11219107468224e-05,"Constant","Oscillating (resource_decrease=0.005)"
628.6,2.26074908550789e-05,"Constant","Oscillating (resource_decrease=0.005)"
628.8,2.39644901869919e-05,"Constant","Oscillating (resource_decrease=0.005)"
629,2.48660771662317e-05,"Constant","Oscillating (resource_decrease=0.005)"
629.2,2.50401052238706e-05,"Constant","Oscillating (resource_decrease=0.005)"
629.4,2.43667387452488e-05,"Constant","Oscillating (resource_decrease=0.005)"
629.6,2.29230864947608e-05,"Constant","Oscillating (resource_decrease=0.005)"
629.8,2.09468489756336e-05,"Constant","Oscillating (resource_decrease=0.005)"
630,1.87358989840108e-05,"Constant","Oscillating (resource_decrease=0.005)"
630.2,1.65413997816647e-05,"Constant","Oscillating (resource_decrease=0.005)"
630.4,1.45124738345431e-05,"Constant","Oscillating (resource_decrease=0.005)"
630.6,1.27084685612335e-05,"Constant","Oscillating (resource_decrease=0.005)"
630.8,1.11484698567418e-05,"Constant","Oscillating (resource_decrease=0.005)"
631,9.85428274760765e-06,"Constant","Oscillating (resource_decrease=0.005)"
631.2,8.8646204255239e-06,"Constant","Oscillating (resource_decrease=0.005)"
631.4,8.22735305842972e-06,"Constant","Oscillating (resource_decrease=0.005)"
631.6,7.98751570500457e-06,"Constant","Oscillating (resource_decrease=0.005)"
631.8,8.17922656919537e-06,"Constant","Oscillating (resource_decrease=0.005)"
632,8.81612006125708e-06,"Constant","Oscillating (resource_decrease=0.005)"
632.2,9.87233136186508e-06,"Constant","Oscillating (resource_decrease=0.005)"
632.4,1.12576065173837e-05,"Constant","Oscillating (resource_decrease=0.005)"
632.6,1.28069797190245e-05,"Constant","Oscillating (resource_decrease=0.005)"
632.8,1.43088573300752e-05,"Constant","Oscillating (resource_decrease=0.005)"
633,1.55718593345456e-05,"Constant","Oscillating (resource_decrease=0.005)"
633.2,1.64970057382203e-05,"Constant","Oscillating (resource_decrease=0.005)"
633.4,1.71134817790469e-05,"Constant","Oscillating (resource_decrease=0.005)"
633.6,1.75617971362072e-05,"Constant","Oscillating (resource_decrease=0.005)"
633.8,1.80388760109532e-05,"Constant","Oscillating (resource_decrease=0.005)"
634,1.87299174800534e-05,"Constant","Oscillating (resource_decrease=0.005)"
634.2,1.97450926339124e-05,"Constant","Oscillating (resource_decrease=0.005)"
634.4,2.10721573424594e-05,"Constant","Oscillating (resource_decrease=0.005)"
634.6,2.25566728340133e-05,"Constant","Oscillating (resource_decrease=0.005)"
634.8,2.39235172395698e-05,"Constant","Oscillating (resource_decrease=0.005)"
635,2.48459169001602e-05,"Constant","Oscillating (resource_decrease=0.005)"
635.2,2.50480531028171e-05,"Constant","Oscillating (resource_decrease=0.005)"
635.4,2.44036850032436e-05,"Constant","Oscillating (resource_decrease=0.005)"
635.6,2.29832731036379e-05,"Constant","Oscillating (resource_decrease=0.005)"
635.8,2.1020424982361e-05,"Constant","Oscillating (resource_decrease=0.005)"
636,1.8812873986544e-05,"Constant","Oscillating (resource_decrease=0.005)"
636.2,1.66147128557134e-05,"Constant","Oscillating (resource_decrease=0.005)"
636.4,1.45787133264436e-05,"Constant","Oscillating (resource_decrease=0.005)"
636.6,1.27665705375558e-05,"Constant","Oscillating (resource_decrease=0.005)"
636.8,1.11979043301107e-05,"Constant","Oscillating (resource_decrease=0.005)"
637,9.89401782887164e-06,"Constant","Oscillating (resource_decrease=0.005)"
637.2,8.89309722520351e-06,"Constant","Oscillating (resource_decrease=0.005)"
637.4,8.24291356105464e-06,"Constant","Oscillating (resource_decrease=0.005)"
637.6,7.98875254967277e-06,"Constant","Oscillating (resource_decrease=0.005)"
637.8,8.16523026475542e-06,"Constant","Oscillating (resource_decrease=0.005)"
638,8.7869379492539e-06,"Constant","Oscillating (resource_decrease=0.005)"
638.2,9.82979011658992e-06,"Constant","Oscillating (resource_decrease=0.005)"
638.4,1.12060810284733e-05,"Constant","Oscillating (resource_decrease=0.005)"
638.6,1.27532113917411e-05,"Constant","Oscillating (resource_decrease=0.005)"
638.8,1.42602418093174e-05,"Constant","Oscillating (resource_decrease=0.005)"
639,1.55337971362453e-05,"Constant","Oscillating (resource_decrease=0.005)"
639.2,1.64708281634823e-05,"Constant","Oscillating (resource_decrease=0.005)"
639.4,1.70961031024759e-05,"Constant","Oscillating (resource_decrease=0.005)"
639.6,1.75470670407531e-05,"Constant","Oscillating (resource_decrease=0.005)"
639.8,1.80198217772225e-05,"Constant","Oscillating (resource_decrease=0.005)"
640,1.870108392883e-05,"Constant","Oscillating (resource_decrease=0.005)"
640.2,1.97045131277817e-05,"Constant","Oscillating (resource_decrease=0.005)"
640.4,2.1022603340857e-05,"Constant","Oscillating (resource_decrease=0.005)"
640.6,2.25057216747199e-05,"Constant","Oscillating (resource_decrease=0.005)"
640.8,2.388201373571e-05,"Constant","Oscillating (resource_decrease=0.005)"
641,2.48248891115437e-05,"Constant","Oscillating (resource_decrease=0.005)"
641.2,2.50549787938074e-05,"Constant","Oscillating (resource_decrease=0.005)"
641.4,2.44396958191934e-05,"Constant","Oscillating (resource_decrease=0.005)"
641.6,2.3042811248958e-05,"Constant","Oscillating (resource_decrease=0.005)"
641.8,2.10937163588463e-05,"Constant","Oscillating (resource_decrease=0.005)"
642,1.88898710066985e-05,"Constant","Oscillating (resource_decrease=0.005)"
642.2,1.66882272770542e-05,"Constant","Oscillating (resource_decrease=0.005)"
642.4,1.46452216731628e-05,"Constant","Oscillating (resource_decrease=0.005)"
642.6,1.28249599262667e-05,"Constant","Oscillating (resource_decrease=0.005)"
642.8,1.1247650034379e-05,"Constant","Oscillating (resource_decrease=0.005)"
643,9.93411033195236e-06,"Constant","Oscillating (resource_decrease=0.005)"
643.2,8.92198931276213e-06,"Constant","Oscillating (resource_decrease=0.005)"
643.4,8.25894370109277e-06,"Constant","Oscillating (resource_decrease=0.005)"
643.6,7.99050084258542e-06,"Constant","Oscillating (resource_decrease=0.005)"
643.8,8.15176461090222e-06,"Constant","Oscillating (resource_decrease=0.005)"
644,8.75826080098977e-06,"Constant","Oscillating (resource_decrease=0.005)"
644.2,9.78765158514132e-06,"Constant","Oscillating (resource_decrease=0.005)"
644.4,1.11547632697089e-05,"Constant","Oscillating (resource_decrease=0.005)"
644.6,1.26993941324407e-05,"Constant","Oscillating (resource_decrease=0.005)"
644.8,1.42113406231352e-05,"Constant","Oscillating (resource_decrease=0.005)"
645,1.54953233202278e-05,"Constant","Oscillating (resource_decrease=0.005)"
645.2,1.64442699770133e-05,"Constant","Oscillating (resource_decrease=0.005)"
645.4,1.70785121745411e-05,"Constant","Oscillating (resource_decrease=0.005)"
645.6,1.75323637669434e-05,"Constant","Oscillating (resource_decrease=0.005)"
645.8,1.80010218198449e-05,"Constant","Oscillating (resource_decrease=0.005)"
646,1.86726441489303e-05,"Constant","Oscillating (resource_decrease=0.005)"
646.2,1.96643208585214e-05,"Constant","Oscillating (resource_decrease=0.005)"
646.4,2.0973257686281e-05,"Constant","Oscillating (resource_decrease=0.005)"
646.6,2.24546502940649e-05,"Constant","Oscillating (resource_decrease=0.005)"
646.8,2.38399928523368e-05,"Constant","Oscillating (resource_decrease=0.005)"
647,2.48030026911161e-05,"Constant","Oscillating (resource_decrease=0.005)"
647.2,2.50608834658143e-05,"Constant","Oscillating (resource_decrease=0.005)"
647.4,2.44747642133379e-05,"Constant","Oscillating (resource_decrease=0.005)"
647.6,2.31016888772028e-05,"Constant","Oscillating (resource_decrease=0.005)"
647.8,2.11667108817141e-05,"Constant","Oscillating (resource_decrease=0.005)"
648,1.89668815032368e-05,"Constant","Oscillating (resource_decrease=0.005)"
648.2,1.67619390865159e-05,"Constant","Oscillating (resource_decrease=0.005)"
648.4,1.47119978360164e-05,"Constant","Oscillating (resource_decrease=0.005)"
648.6,1.28836363077755e-05,"Constant","Oscillating (resource_decrease=0.005)"
648.8,1.12977058760473e-05,"Constant","Oscillating (resource_decrease=0.005)"
649,9.97455848904258e-06,"Constant","Oscillating (resource_decrease=0.005)"
649.2,8.95129479973573e-06,"Constant","Oscillating (resource_decrease=0.005)"
649.4,8.27544188186403e-06,"Constant","Oscillating (resource_decrease=0.005)"
649.6,7.99275952256807e-06,"Constant","Oscillating (resource_decrease=0.005)"
649.8,8.13882958044603e-06,"Constant","Oscillating (resource_decrease=0.005)"
650,8.73009061952451e-06,"Constant","Oscillating (resource_decrease=0.005)"
650.2,9.74592082699319e-06,"Constant","Oscillating (resource_decrease=0.005)"
650.4,1.11036612762536e-05,"Constant","Oscillating (resource_decrease=0.005)"
650.6,1.26455369377293e-05,"Constant","Oscillating (resource_decrease=0.005)"
650.8,1.41621604498709e-05,"Constant","Oscillating (resource_decrease=0.005)"
651,1.54564396239592e-05,"Constant","Oscillating (resource_decrease=0.005)"
651.2,1.64173275027607e-05,"Constant","Oscillating (resource_decrease=0.005)"
651.4,1.70607015449922e-05,"Constant","Oscillating (resource_decrease=0.005)"
651.6,1.75176788016123e-05,"Constant","Oscillating (resource_decrease=0.005)"
651.8,1.79824693675861e-05,"Constant","Oscillating (resource_decrease=0.005)"
652,1.8644595478712e-05,"Constant","Oscillating (resource_decrease=0.005)"
652.2,1.96245188227932e-05,"Constant","Oscillating (resource_decrease=0.005)"
652.4,2.09241292145797e-05,"Constant","Oscillating (resource_decrease=0.005)"
652.6,2.24034716218392e-05,"Constant","Oscillating (resource_decrease=0.005)"
652.8,2.3797467942684e-05,"Constant","Oscillating (resource_decrease=0.005)"
653,2.47802668520797e-05,"Constant","Oscillating (resource_decrease=0.005)"
653.2,2.50657686663794e-05,"Constant","Oscillating (resource_decrease=0.005)"
653.4,2.45088835069907e-05,"Constant","Oscillating (resource_decrease=0.005)"
653.6,2.31598940526125e-05,"Constant","Oscillating (resource_decrease=0.005)"
653.8,2.12393962523561e-05,"Constant","Oscillating (resource_decrease=0.005)"
654,1.90438967554023e-05,"Constant","Oscillating (resource_decrease=0.005)"
654.2,1.68358441568049e-05,"Constant","Oscillating (resource_decrease=0.005)"
654.4,1.47790406828482e-05,"Constant","Oscillating (resource_decrease=0.005)"
654.6,1.29425992324078e-05,"Constant","Oscillating (resource_decrease=0.005)"
654.8,1.13480707472313e-05,"Constant","Oscillating (resource_decrease=0.005)"
655,1.00153605002084e-05,"Constant","Oscillating (resource_decrease=0.005)"
655.2,8.98101174676233e-06,"Constant","Oscillating (resource_decrease=0.005)"
655.4,8.29240645061337e-06,"Constant","Oscillating (resource_decrease=0.005)"
655.6,7.99552747089946e-06,"Constant","Oscillating (resource_decrease=0.005)"
655.8,8.12642507469615e-06,"Constant","Oscillating (resource_decrease=0.005)"
656,8.70242931028642e-06,"Constant","Oscillating (resource_decrease=0.005)"
656.2,9.70460279415103e-06,"Constant","Oscillating (resource_decrease=0.005)"
656.4,1.10527830220662e-05,"Constant","Oscillating (resource_decrease=0.005)"
656.6,1.25916488509009e-05,"Constant","Oscillating (resource_decrease=0.005)"
656.8,1.41127081311227e-05,"Constant","Oscillating (resource_decrease=0.005)"
657,1.54171480033801e-05,"Constant","Oscillating (resource_decrease=0.005)"
657.2,1.63899972515512e-05,"Constant","Oscillating (resource_decrease=0.005)"
657.4,1.70426638601781e-05,"Constant","Oscillating (resource_decrease=0.005)"
657.6,1.75030036230512e-05,"Constant","Oscillating (resource_decrease=0.005)"
657.8,1.7964157549651e-05,"Constant","Oscillating (resource_decrease=0.005)"
658,1.86169350943514e-05,"Constant","Oscillating (resource_decrease=0.005)"
658.2,1.95851098347181e-05,"Constant","Oscillating (resource_decrease=0.005)"
658.4,2.08752266190716e-05,"Constant","Oscillating (resource_decrease=0.005)"
658.6,2.23521985545843e-05,"Constant","Oscillating (resource_decrease=0.005)"
658.8,2.37544524848585e-05,"Constant","Oscillating (resource_decrease=0.005)"
659,2.47566910830657e-05,"Constant","Oscillating (resource_decrease=0.005)"
659.2,2.50696362880038e-05,"Constant","Oscillating (resource_decrease=0.005)"
659.4,2.45420473067904e-05,"Constant","Oscillating (resource_decrease=0.005)"
659.6,2.32174149570595e-05,"Constant","Oscillating (resource_decrease=0.005)"
659.8,2.13117601055409e-05,"Constant","Oscillating (resource_decrease=0.005)"
660,1.91209078737325e-05,"Constant","Oscillating (resource_decrease=0.005)"
660.2,1.69099382030954e-05,"Constant","Oscillating (resource_decrease=0.005)"
660.4,1.48463489997713e-05,"Constant","Oscillating (resource_decrease=0.005)"
660.6,1.30018482354283e-05,"Constant","Oscillating (resource_decrease=0.005)"
660.8,1.13987435442678e-05,"Constant","Oscillating (resource_decrease=0.005)"
661,1.00565145537804e-05,"Constant","Oscillating (resource_decrease=0.005)"
661.2,9.01113818330559e-06,"Constant","Oscillating (resource_decrease=0.005)"
661.4,8.30983571573389e-06,"Constant","Oscillating (resource_decrease=0.005)"
661.6,7.99880352495588e-06,"Constant","Oscillating (resource_decrease=0.005)"
661.8,8.11455093262517e-06,"Constant","Oscillating (resource_decrease=0.005)"
662,8.67527868447535e-06,"Constant","Oscillating (resource_decrease=0.005)"
662.2,9.66370232727928e-06,"Constant","Oscillating (resource_decrease=0.005)"
662.4,1.10021364084388e-05,"Constant","Oscillating (resource_decrease=0.005)"
662.6,1.25377389455192e-05,"Constant","Oscillating (resource_decrease=0.005)"
662.8,1.40629906554906e-05,"Constant","Oscillating (resource_decrease=0.005)"
663,1.53774506214382e-05,"Constant","Oscillating (resource_decrease=0.005)"
663.2,1.63622759160743e-05,"Constant","Oscillating (resource_decrease=0.005)"
663.4,1.70243918632178e-05,"Constant","Oscillating (resource_decrease=0.005)"
663.6,1.74883297035104e-05,"Constant","Oscillating (resource_decrease=0.005)"
663.8,1.79460793970876e-05,"Constant","Oscillating (resource_decrease=0.005)"
664,1.85896600066345e-05,"Constant","Oscillating (resource_decrease=0.005)"
664.2,1.95460965150116e-05,"Constant","Oscillating (resource_decrease=0.005)"
664.4,2.08265584304611e-05,"Constant","Oscillating (resource_decrease=0.005)"
664.6,2.23008439273905e-05,"Constant","Oscillating (resource_decrease=0.005)"
664.8,2.37109600497892e-05,"Constant","Oscillating (resource_decrease=0.005)"
665,2.47322851187216e-05,"Constant","Oscillating (resource_decrease=0.005)"
665.2,2.50724885476798e-05,"Constant","Oscillating (resource_decrease=0.005)"
665.4,2.4574249496272e-05,"Constant","Oscillating (resource_decrease=0.005)"
665.6,2.32742398917792e-05,"Constant","Oscillating (resource_decrease=0.005)"
665.8,2.13837900159172e-05,"Constant","Oscillating (resource_decrease=0.005)"
666,1.91979058064693e-05,"Constant","Oscillating (resource_decrease=0.005)"
666.2,1.69842167880095e-05,"Constant","Oscillating (resource_decrease=0.005)"
666.4,1.49139214964629e-05,"Constant","Oscillating (resource_decrease=0.005)"
666.6,1.3061382844788e-05,"Constant","Oscillating (resource_decrease=0.005)"
666.8,1.1449723178295e-05,"Constant","Oscillating (resource_decrease=0.005)"
667,1.0098018838358e-05,"Constant","Oscillating (resource_decrease=0.005)"
667.2,9.04167211928095e-06,"Constant","Oscillating (resource_decrease=0.005)"
667.4,8.32772795692299e-06,"Constant","Oscillating (resource_decrease=0.005)"
667.6,8.00258648650429e-06,"Constant","Oscillating (resource_decrease=0.005)"
667.8,8.10320693694002e-06,"Constant","Oscillating (resource_decrease=0.005)"
668,8.64864046196428e-06,"Constant","Oscillating (resource_decrease=0.005)"
668.2,9.62322415392945e-06,"Constant","Oscillating (resource_decrease=0.005)"
668.4,1.09517292567816e-05,"Constant","Oscillating (resource_decrease=0.005)"
668.6,1.24838163144606e-05,"Constant","Oscillating (resource_decrease=0.005)"
668.8,1.40130151478134e-05,"Constant","Oscillating (resource_decrease=0.005)"
669,1.53373498410709e-05,"Constant","Oscillating (resource_decrease=0.005)"
669.2,1.63341603686602e-05,"Constant","Oscillating (resource_decrease=0.005)"
669.4,1.70058783953583e-05,"Constant","Oscillating (resource_decrease=0.005)"
669.6,1.74736485120169e-05,"Constant","Oscillating (resource_decrease=0.005)"
669.8,1.79282278448488e-05,"Constant","Oscillating (resource_decrease=0.005)"
670,1.85627670600677e-05,"Constant","Oscillating (resource_decrease=0.005)"
670.2,1.95074812850782e-05,"Constant","Oscillating (resource_decrease=0.005)"
670.4,2.07781330046276e-05,"Constant","Oscillating (resource_decrease=0.005)"
670.6,2.2249420495864e-05,"Constant","Oscillating (resource_decrease=0.005)"
670.8,2.36670042802265e-05,"Constant","Oscillating (resource_decrease=0.005)"
671,2.47070589204423e-05,"Constant","Oscillating (resource_decrease=0.005)"
671.2,2.50743279740964e-05,"Constant","Oscillating (resource_decrease=0.005)"
671.4,2.4605484231861e-05,"Constant","Oscillating (resource_decrease=0.005)"
671.6,2.33303572804504e-05,"Constant","Oscillating (resource_decrease=0.005)"
671.8,2.14554735036087e-05,"Constant","Oscillating (resource_decrease=0.005)"
672,1.92748813437033e-05,"Constant","Oscillating (resource_decrease=0.005)"
672.2,1.70586753235618e-05,"Constant","Oscillating (resource_decrease=0.005)"
672.4,1.49817568078752e-05,"Constant","Oscillating (resource_decrease=0.005)"
672.6,1.31212025847683e-05,"Constant","Oscillating (resource_decrease=0.005)"
672.8,1.15010085812921e-05,"Constant","Oscillating (resource_decrease=0.005)"
673,1.01398715500615e-05,"Constant","Oscillating (resource_decrease=0.005)"
673.2,9.07261155206755e-06,"Constant","Oscillating (resource_decrease=0.005)"
673.4,8.34608143126694e-06,"Constant","Oscillating (resource_decrease=0.005)"
673.6,8.00687512685272e-06,"Constant","Oscillating (resource_decrease=0.005)"
673.8,8.09239281826207e-06,"Constant","Oscillating (resource_decrease=0.005)"
674,8.62251627377871e-06,"Constant","Oscillating (resource_decrease=0.005)"
674.2,9.5831728878481e-06,"Constant","Oscillating (resource_decrease=0.005)"
674.4,1.09015693037382e-05,"Constant","Oscillating (resource_decrease=0.005)"
674.6,1.24298900619938e-05,"Constant","Oscillating (resource_decrease=0.005)"
674.8,1.39627888614683e-05,"Constant","Oscillating (resource_decrease=0.005)"
675,1.52968482206887e-05,"Constant","Oscillating (resource_decrease=0.005)"
675.2,1.63056476606571e-05,"Constant","Oscillating (resource_decrease=0.005)"
675.4,1.69871163980457e-05,"Constant","Oscillating (resource_decrease=0.005)"
675.6,1.74589515174038e-05,"Constant","Oscillating (resource_decrease=0.005)"
675.8,1.79105957342355e-05,"Constant","Oscillating (resource_decrease=0.005)"
676,1.85362529332857e-05,"Constant","Oscillating (resource_decrease=0.005)"
676.2,1.94692663639001e-05,"Constant","Oscillating (resource_decrease=0.005)"
676.4,2.07299585148866e-05,"Constant","Oscillating (resource_decrease=0.005)"
676.6,2.21979409239096e-05,"Constant","Oscillating (resource_decrease=0.005)"
676.8,2.36225988761026e-05,"Constant","Oscillating (resource_decrease=0.005)"
677,2.46810226629761e-05,"Constant","Oscillating (resource_decrease=0.005)"
677.2,2.50751573993343e-05,"Constant","Oscillating (resource_decrease=0.005)"
677.4,2.46357459415281e-05,"Constant","Oscillating (resource_decrease=0.005)"
677.6,2.33857556732122e-05,"Constant","Oscillating (resource_decrease=0.005)"
677.8,2.15267980394727e-05,"Constant","Oscillating (resource_decrease=0.005)"
678,1.93518251203825e-05,"Constant","Oscillating (resource_decrease=0.005)"
678.2,1.71333090714716e-05,"Constant","Oscillating (resource_decrease=0.005)"
678.4,1.50498534939338e-05,"Constant","Oscillating (resource_decrease=0.005)"
678.6,1.3181306977285e-05,"Constant","Oscillating (resource_decrease=0.005)"
678.8,1.15525987095194e-05,"Constant","Oscillating (resource_decrease=0.005)"
679,1.01820708970623e-05,"Constant","Oscillating (resource_decrease=0.005)"
679.2,9.10395447086894e-06,"Constant","Oscillating (resource_decrease=0.005)"
679.4,8.36489437695926e-06,"Constant","Oscillating (resource_decrease=0.005)"
679.6,8.01166819013666e-06,"Constant","Oscillating (resource_decrease=0.005)"
679.8,8.08210825814129e-06,"Constant","Oscillating (resource_decrease=0.005)"
680,8.59690766425481e-06,"Constant","Oscillating (resource_decrease=0.005)"
680.2,9.54355302884818e-06,"Constant","Oscillating (resource_decrease=0.005)"
680.4,1.08516641976033e-05,"Constant","Oscillating (resource_decrease=0.005)"
680.6,1.23759692975651e-05,"Constant","Oscillating (resource_decrease=0.005)"
680.8,1.39123191723836e-05,"Constant","Oscillating (resource_decrease=0.005)"
681,1.52559485110564e-05,"Constant","Oscillating (resource_decrease=0.005)"
681.2,1.62767350227191e-05,"Constant","Oscillating (resource_decrease=0.005)"
681.4,1.69680989154212e-05,"Constant","Oscillating (resource_decrease=0.005)"
681.6,1.74442301914809e-05,"Constant","Oscillating (resource_decrease=0.005)"
681.8,1.78931758155641e-05,"Constant","Oscillating (resource_decrease=0.005)"
682,1.85101141401996e-05,"Constant","Oscillating (resource_decrease=0.005)"
682.2,1.94314537665263e-05,"Constant","Oscillating (resource_decrease=0.005)"
682.4,2.06820429468308e-05,"Constant","Oscillating (resource_decrease=0.005)"
682.6,2.21464177748845e-05,"Constant","Oscillating (resource_decrease=0.005)"
682.8,2.35777575835881e-05,"Constant","Oscillating (resource_decrease=0.005)"
683,2.46541867244517e-05,"Constant","Oscillating (resource_decrease=0.005)"
683.2,2.50749799531874e-05,"Constant","Oscillating (resource_decrease=0.005)"
683.4,2.46650293250333e-05,"Constant","Oscillating (resource_decrease=0.005)"
683.6,2.34404237513104e-05,"Constant","Oscillating (resource_decrease=0.005)"
683.8,2.1597751050286e-05,"Constant","Oscillating (resource_decrease=0.005)"
684,1.94287276187864e-05,"Constant","Oscillating (resource_decrease=0.005)"
684.2,1.72081131426098e-05,"Constant","Oscillating (resource_decrease=0.005)"
684.4,1.51182100381032e-05,"Constant","Oscillating (resource_decrease=0.005)"
684.6,1.32416955418328e-05,"Constant","Oscillating (resource_decrease=0.005)"
684.8,1.16044925454467e-05,"Constant","Oscillating (resource_decrease=0.005)"
685,1.02246151025414e-05,"Constant","Oscillating (resource_decrease=0.005)"
685.2,9.13569885953928e-06,"Constant","Oscillating (resource_decrease=0.005)"
685.4,8.38416501563263e-06,"Constant","Oscillating (resource_decrease=0.005)"
685.6,8.01696439548819e-06,"Constant","Oscillating (resource_decrease=0.005)"
685.8,8.07235289134434e-06,"Constant","Oscillating (resource_decrease=0.005)"
686,8.57181609296677e-06,"Constant","Oscillating (resource_decrease=0.005)"
686.2,9.50436896298389e-06,"Constant","Oscillating (resource_decrease=0.005)"
686.4,1.08020214954873e-05,"Constant","Oscillating (resource_decrease=0.005)"
686.6,1.23220631305574e-05,"Constant","Oscillating (resource_decrease=0.005)"
686.8,1.38616135740055e-05,"Constant","Oscillating (resource_decrease=0.005)"
687,1.52146536529442e-05,"Constant","Oscillating (resource_decrease=0.005)"
687.2,1.62474198656014e-05,"Constant","Oscillating (resource_decrease=0.005)"
687.4,1.69488190970676e-05,"Constant","Oscillating (resource_decrease=0.005)"
687.6,1.74294760123012e-05,"Constant","Oscillating (resource_decrease=0.005)"
687.8,1.78759607509725e-05,"Constant","Oscillating (resource_decrease=0.005)"
688,1.84843470315763e-05,"Constant","Oscillating (resource_decrease=0.005)"
688.2,1.93940453034963e-05,"Constant","Oscillating (resource_decrease=0.005)"
688.4,2.06343940946861e-05,"Constant","Oscillating (resource_decrease=0.005)"
688.6,2.20948635047353e-05,"Constant","Oscillating (resource_decrease=0.005)"
688.8,2.35324941863185e-05,"Constant","Oscillating (resource_decrease=0.005)"
689,2.46265616784027e-05,"Constant","Oscillating (resource_decrease=0.005)"
689.2,2.50737990590084e-05,"Constant","Oscillating (resource_decrease=0.005)"
689.4,2.46933293550982e-05,"Constant","Oscillating (resource_decrease=0.005)"
689.6,2.34943503321543e-05,"Constant","Oscillating (resource_decrease=0.005)"
689.8,2.1668319923974e-05,"Constant","Oscillating (resource_decrease=0.005)"
690,1.95055791707819e-05,"Constant","Oscillating (resource_decrease=0.005)"
690.2,1.72830824960052e-05,"Constant","Oscillating (resource_decrease=0.005)"
690.4,1.51868248453049e-05,"Constant","Oscillating (resource_decrease=0.005)"
690.6,1.33023677946251e-05,"Constant","Oscillating (resource_decrease=0.005)"
690.8,1.16566890987868e-05,"Constant","Oscillating (resource_decrease=0.005)"
691,1.02675024067282e-05,"Constant","Oscillating (resource_decrease=0.005)"
691.2,9.16784269851616e-06,"Constant","Oscillating (resource_decrease=0.005)"
691.4,8.40389155387325e-06,"Constant","Oscillating (resource_decrease=0.005)"
691.6,8.02276243852805e-06,"Constant","Oscillating (resource_decrease=0.005)"
691.8,8.0631263076852e-06,"Constant","Oscillating (resource_decrease=0.005)"
692,8.54724293649354e-06,"Constant","Oscillating (resource_decrease=0.005)"
692.2,9.46562496289928e-06,"Constant","Oscillating (resource_decrease=0.005)"
692.4,1.07526486609306e-05,"Constant","Oscillating (resource_decrease=0.005)"
692.6,1.2268180665616e-05,"Constant","Oscillating (resource_decrease=0.005)"
692.8,1.38106796727933e-05,"Constant","Oscillating (resource_decrease=0.005)"
693,1.5172966775186e-05,"Constant","Oscillating (resource_decrease=0.005)"
693.2,1.6217699781226e-05,"Constant","Oscillating (resource_decrease=0.005)"
693.4,1.69292702008997e-05,"Constant","Oscillating (resource_decrease=0.005)"
693.6,1.74146804674899e-05,"Constant","Oscillating (resource_decrease=0.005)"
693.8,1.78589431173163e-05,"Constant","Oscillating (resource_decrease=0.005)"
694,1.84589477968801e-05,"Constant","Oscillating (resource_decrease=0.005)"
694.2,1.9357042580828e-05,"Constant","Oscillating (resource_decrease=0.005)"
694.4,2.05870195585803e-05,"Constant","Oscillating (resource_decrease=0.005)"
694.6,2.20432904563272e-05,"Constant","Oscillating (resource_decrease=0.005)"
694.8,2.34868224979121e-05,"Constant","Oscillating (resource_decrease=0.005)"
695,2.45981582869591e-05,"Constant","Oscillating (resource_decrease=0.005)"
695.2,2.50716184304222e-05,"Constant","Oscillating (resource_decrease=0.005)"
695.4,2.47206412791029e-05,"Constant","Oscillating (resource_decrease=0.005)"
695.6,2.3547524374627e-05,"Constant","Oscillating (resource_decrease=0.005)"
695.8,2.17384920149264e-05,"Constant","Oscillating (resource_decrease=0.005)"
696,1.95823699600312e-05,"Constant","Oscillating (resource_decrease=0.005)"
696.2,1.73582119376446e-05,"Constant","Oscillating (resource_decrease=0.005)"
696.4,1.52556962394678e-05,"Constant","Oscillating (resource_decrease=0.005)"
696.6,1.33633232472432e-05,"Constant","Oscillating (resource_decrease=0.005)"
696.8,1.17091874069845e-05,"Constant","Oscillating (resource_decrease=0.005)"
697,1.03107310683937e-05,"Constant","Oscillating (resource_decrease=0.005)"
697.2,9.20038396622986e-06,"Constant","Oscillating (resource_decrease=0.005)"
697.4,8.42407218424878e-06,"Constant","Oscillating (resource_decrease=0.005)"
697.6,8.02906099244143e-06,"Constant","Oscillating (resource_decrease=0.005)"
697.8,8.05442805356233e-06,"Constant","Oscillating (resource_decrease=0.005)"
698,8.52318949007622e-06,"Constant","Oscillating (resource_decrease=0.005)"
698.2,9.42732518828694e-06,"Constant","Oscillating (resource_decrease=0.005)"
698.4,1.07035530618029e-05,"Constant","Oscillating (resource_decrease=0.005)"
698.6,1.22143309983153e-05,"Constant","Oscillating (resource_decrease=0.005)"
698.8,1.37595251839994e-05,"Constant","Oscillating (resource_decrease=0.005)"
699,1.51308911929369e-05,"Constant","Oscillating (resource_decrease=0.005)"
699.2,1.61875725438784e-05,"Constant","Oscillating (resource_decrease=0.005)"
699.4,1.6909445596131e-05,"Constant","Oscillating (resource_decrease=0.005)"
699.6,1.73998350576178e-05,"Constant","Oscillating (resource_decrease=0.005)"
699.8,1.78421154091261e-05,"Constant","Oscillating (resource_decrease=0.005)"
700,1.84339124662779e-05,"Constant","Oscillating (resource_decrease=0.005)"
700.2,1.93204470003541e-05,"Constant","Oscillating (resource_decrease=0.005)"
700.4,2.053992674238e-05,"Constant","Oscillating (resource_decrease=0.005)"
700.6,2.19917108545064e-05,"Constant","Oscillating (resource_decrease=0.005)"
700.8,2.34407563552647e-05,"Constant","Oscillating (resource_decrease=0.005)"
701,2.45689874947143e-05,"Constant","Oscillating (resource_decrease=0.005)"
701.2,2.50684420685147e-05,"Constant","Oscillating (resource_decrease=0.005)"
701.4,2.4746960621054e-05,"Constant","Oscillating (resource_decrease=0.005)"
701.6,2.35999349845467e-05,"Constant","Oscillating (resource_decrease=0.005)"
701.8,2.18082546494118e-05,"Constant","Oscillating (resource_decrease=0.005)"
702,1.96590900242395e-05,"Constant","Oscillating (resource_decrease=0.005)"
702.2,1.7433496119201e-05,"Constant","Oscillating (resource_decrease=0.005)"
702.4,1.5324822460867e-05,"Constant","Oscillating (resource_decrease=0.005)"
702.6,1.34245614049748e-05,"Constant","Oscillating (resource_decrease=0.005)"
702.8,1.17619865353638e-05,"Constant","Oscillating (resource_decrease=0.005)"
703,1.03542993660157e-05,"Constant","Oscillating (resource_decrease=0.005)"
703.2,9.23332064020572e-06,"Constant","Oscillating (resource_decrease=0.005)"
703.4,8.44470508604671e-06,"Constant","Oscillating (resource_decrease=0.005)"
703.6,8.03585870879418e-06,"Constant","Oscillating (resource_decrease=0.005)"
703.8,8.04625763330368e-06,"Constant","Oscillating (resource_decrease=0.005)"
704,8.49965696920188e-06,"Constant","Oscillating (resource_decrease=0.005)"
704.2,9.38947368642511e-06,"Constant","Oscillating (resource_decrease=0.005)"
704.4,1.06547419684009e-05,"Constant","Oscillating (resource_decrease=0.005)"
704.6,1.21605232110407e-05,"Constant","Oscillating (resource_decrease=0.005)"
704.8,1.37081579275973e-05,"Constant","Oscillating (resource_decrease=0.005)"
705,1.5088430406009e-05,"Constant","Oscillating (resource_decrease=0.005)"
705.2,1.61570361114485e-05,"Constant","Oscillating (resource_decrease=0.005)"
705.4,1.6889338766276e-05,"Constant","Oscillating (resource_decrease=0.005)"
705.6,1.73849312996031e-05,"Constant","Oscillating (resource_decrease=0.005)"
705.8,1.78254700416104e-05,"Constant","Oscillating (resource_decrease=0.005)"
706,1.84092369127559e-05,"Constant","Oscillating (resource_decrease=0.005)"
706.2,1.92842597602908e-05,"Constant","Oscillating (resource_decrease=0.005)"
706.4,2.04931228518967e-05,"Constant","Oscillating (resource_decrease=0.005)"
706.6,2.19401368016319e-05,"Constant","Oscillating (resource_decrease=0.005)"
706.8,2.33943096123237e-05,"Constant","Oscillating (resource_decrease=0.005)"
707,2.45390604229811e-05,"Constant","Oscillating (resource_decrease=0.005)"
707.2,2.50642742592609e-05,"Constant","Oscillating (resource_decrease=0.005)"
707.4,2.47722831836682e-05,"Constant","Oscillating (resource_decrease=0.005)"
707.6,2.36515714202039e-05,"Constant","Oscillating (resource_decrease=0.005)"
707.8,2.18775951310889e-05,"Constant","Oscillating (resource_decrease=0.005)"
708,1.97357292574918e-05,"Constant","Oscillating (resource_decrease=0.005)"
708.2,1.75089295367645e-05,"Constant","Oscillating (resource_decrease=0.005)"
708.4,1.53942016633453e-05,"Constant","Oscillating (resource_decrease=0.005)"
708.6,1.3486081764948e-05,"Constant","Oscillating (resource_decrease=0.005)"
708.8,1.1815085577049e-05,"Constant","Oscillating (resource_decrease=0.005)"
709,1.03982055987417e-05,"Constant","Oscillating (resource_decrease=0.005)"
709.2,9.26665069798715e-06,"Constant","Oscillating (resource_decrease=0.005)"
709.4,8.46578842583993e-06,"Constant","Oscillating (resource_decrease=0.005)"
709.6,8.04315421818439e-06,"Constant","Oscillating (resource_decrease=0.005)"
709.8,8.03861451038238e-06,"Constant","Oscillating (resource_decrease=0.005)"
710,8.47664651113819e-06,"Constant","Oscillating (resource_decrease=0.005)"
710.2,9.35207439277866e-06,"Constant","Oscillating (resource_decrease=0.005)"
710.4,1.06062225516937e-05,"Constant","Oscillating (resource_decrease=0.005)"
710.6,1.21067663690141e-05,"Constant","Oscillating (resource_decrease=0.005)"
710.8,1.36565858242787e-05,"Constant","Oscillating (resource_decrease=0.005)"
711,1.50455880972111e-05,"Constant","Oscillating (resource_decrease=0.005)"
711.2,1.61260886266681e-05,"Constant","Oscillating (resource_decrease=0.005)"
711.4,1.68689433121622e-05,"Constant","Oscillating (resource_decrease=0.005)"
711.6,1.73699607301344e-05,"Constant","Oscillating (resource_decrease=0.005)"
711.8,1.78089993536935e-05,"Constant","Oscillating (resource_decrease=0.005)"
712,1.83849168543149e-05,"Constant","Oscillating (resource_decrease=0.005)"
712.2,1.92484818559645e-05,"Constant","Oscillating (resource_decrease=0.005)"
712.4,2.04466148933458e-05,"Constant","Oscillating (resource_decrease=0.005)"
712.6,2.18885802734201e-05,"Constant","Oscillating (resource_decrease=0.005)"
712.8,2.33474961341626e-05,"Constant","Oscillating (resource_decrease=0.005)"
713,2.45083883642601e-05,"Constant","Oscillating (resource_decrease=0.005)"
713.2,2.5059119571047e-05,"Constant","Oscillating (resource_decrease=0.005)"
713.4,2.47966050504709e-05,"Constant","Oscillating (resource_decrease=0.005)"
713.6,2.3702423097925e-05,"Constant","Oscillating (resource_decrease=0.005)"
713.8,2.19465007466084e-05,"Constant","Oscillating (resource_decrease=0.005)"
714,1.98122774127004e-05,"Constant","Oscillating (resource_decrease=0.005)"
714.2,1.75845065296181e-05,"Constant","Oscillating (resource_decrease=0.005)"
714.4,1.54638319114692e-05,"Constant","Oscillating (resource_decrease=0.005)"
714.6,1.35478838141201e-05,"Constant","Oscillating (resource_decrease=0.005)"
714.8,1.18684836527296e-05,"Constant","Oscillating (resource_decrease=0.005)"
715,1.04424480872233e-05,"Constant","Oscillating (resource_decrease=0.005)"
715.2,9.30037211795436e-06,"Constant","Oscillating (resource_decrease=0.005)"
715.4,8.48732035794973e-06,"Constant","Oscillating (resource_decrease=0.005)"
715.6,8.05094613078679e-06,"Constant","Oscillating (resource_decrease=0.005)"
715.8,8.03149810854212e-06,"Constant","Oscillating (resource_decrease=0.005)"
716,8.45415917643494e-06,"Constant","Oscillating (resource_decrease=0.005)"
716.2,9.31513113165603e-06,"Constant","Oscillating (resource_decrease=0.005)"
716.4,1.05580018816916e-05,"Constant","Oscillating (resource_decrease=0.005)"
716.6,1.20530695164252e-05,"Constant","Oscillating (resource_decrease=0.005)"
716.8,1.36048168914747e-05,"Constant","Oscillating (resource_decrease=0.005)"
717,1.50023681306537e-05,"Constant","Oscillating (resource_decrease=0.005)"
717.2,1.60947284183095e-05,"Constant","Oscillating (resource_decrease=0.005)"
717.4,1.68482529549327e-05,"Constant","Oscillating (resource_decrease=0.005)"
717.6,1.73549149091076e-05,"Constant","Oscillating (resource_decrease=0.005)"
717.8,1.77926956110825e-05,"Constant","Oscillating (resource_decrease=0.005)"
718,1.83609478562258e-05,"Constant","Oscillating (resource_decrease=0.005)"
718.2,1.92131140806585e-05,"Constant","Oscillating (resource_decrease=0.005)"
718.4,2.04004096719917e-05,"Constant","Oscillating (resource_decrease=0.005)"
718.6,2.18370531150111e-05,"Constant","Oscillating (resource_decrease=0.005)"
718.8,2.33003297912517e-05,"Constant","Oscillating (resource_decrease=0.005)"
719,2.44769827768205e-05,"Constant","Oscillating (resource_decrease=0.005)"
719.2,2.50529828522011e-05,"Constant","Oscillating (resource_decrease=0.005)"
719.4,2.48199225878491e-05,"Constant","Oscillating (resource_decrease=0.005)"
719.6,2.37524795976281e-05,"Constant","Oscillating (resource_decrease=0.005)"
719.8,2.20149587712957e-05,"Constant","Oscillating (resource_decrease=0.005)"
720,1.98887241041774e-05,"Constant","Oscillating (resource_decrease=0.005)"
720.2,1.76602212790877e-05,"Constant","Oscillating (resource_decrease=0.005)"
720.4,1.55337111776532e-05,"Constant","Oscillating (resource_decrease=0.005)"
720.6,1.36099670271597e-05,"Constant","Oscillating (resource_decrease=0.005)"
720.8,1.19221799103071e-05,"Constant","Oscillating (resource_decrease=0.005)"
721,1.04870251743653e-05,"Constant","Oscillating (resource_decrease=0.005)"
721.2,9.33448288008372e-06,"Constant","Oscillating (resource_decrease=0.005)"
721.4,8.50929902484877e-06,"Constant","Oscillating (resource_decrease=0.005)"
721.6,8.0592330368257e-06,"Constant","Oscillating (resource_decrease=0.005)"
721.8,8.02490781285643e-06,"Constant","Oscillating (resource_decrease=0.005)"
722,8.43219595040265e-06,"Constant","Oscillating (resource_decrease=0.005)"
722.2,9.2786476169188e-06,"Constant","Oscillating (resource_decrease=0.005)"
722.4,1.0510086925922e-05,"Constant","Oscillating (resource_decrease=0.005)"
722.6,1.19994416726461e-05,"Constant","Oscillating (resource_decrease=0.005)"
722.8,1.35528592393773e-05,"Constant","Oscillating (resource_decrease=0.005)"
723,1.49587745499917e-05,"Constant","Oscillating (resource_decrease=0.005)"
723.2,1.60629540023289e-05,"Constant","Oscillating (resource_decrease=0.005)"
723.4,1.68272615390316e-05,"Constant","Oscillating (resource_decrease=0.005)"
723.6,1.73397854230716e-05,"Constant","Oscillating (resource_decrease=0.005)"
723.8,1.77765510093606e-05,"Constant","Oscillating (resource_decrease=0.005)"
724,1.83373253333352e-05,"Constant","Oscillating (resource_decrease=0.005)"
724.2,1.91781570265528e-05,"Constant","Oscillating (resource_decrease=0.005)"
724.4,2.0354513790937e-05,"Constant","Oscillating (resource_decrease=0.005)"
724.6,2.17855670372029e-05,"Constant","Oscillating (resource_decrease=0.005)"
724.8,2.32528244538641e-05,"Constant","Oscillating (resource_decrease=0.005)"
725,2.44448552793309e-05,"Constant","Oscillating (resource_decrease=0.005)"
725.2,2.50458692284773e-05,"Constant","Oscillating (resource_decrease=0.005)"
725.4,2.48422324470185e-05,"Constant","Oscillating (resource_decrease=0.005)"
725.6,2.38017306683472e-05,"Constant","Oscillating (resource_decrease=0.005)"
725.8,2.20829564749076e-05,"Constant","Oscillating (resource_decrease=0.005)"
726,1.9965058810338e-05,"Constant","Oscillating (resource_decrease=0.005)"
726.2,1.77360678074772e-05,"Constant","Oscillating (resource_decrease=0.005)"
726.4,1.56038373392737e-05,"Constant","Oscillating (resource_decrease=0.005)"
726.6,1.36723308642424e-05,"Constant","Oscillating (resource_decrease=0.005)"
726.8,1.19761735244485e-05,"Constant","Oscillating (resource_decrease=0.005)"
727,1.05319352260152e-05,"Constant","Oscillating (resource_decrease=0.005)"
727.2,9.36898096667515e-06,"Constant","Oscillating (resource_decrease=0.005)"
727.4,8.53172255753042e-06,"Constant","Oscillating (resource_decrease=0.005)"
727.6,8.06801350699868e-06,"Constant","Oscillating (resource_decrease=0.005)"
727.8,8.01884297073712e-06,"Constant","Oscillating (resource_decrease=0.005)"
728,8.41075774457474e-06,"Constant","Oscillating (resource_decrease=0.005)"
728.2,9.24262745274125e-06,"Constant","Oscillating (resource_decrease=0.005)"
728.4,1.04624845480044e-05,"Constant","Oscillating (resource_decrease=0.005)"
728.6,1.19458918285184e-05,"Constant","Oscillating (resource_decrease=0.005)"
728.8,1.35007210669465e-05,"Constant","Oscillating (resource_decrease=0.005)"
729,1.49148115765924e-05,"Constant","Oscillating (resource_decrease=0.005)"
729.2,1.603076408294e-05,"Constant","Oscillating (resource_decrease=0.005)"
729.4,1.68059630351603e-05,"Constant","Oscillating (resource_decrease=0.005)"
729.6,1.73245638886812e-05,"Constant","Oscillating (resource_decrease=0.005)"
729.8,1.77605576771028e-05,"Constant","Oscillating (resource_decrease=0.005)"
730,1.83140445524145e-05,"Constant","Oscillating (resource_decrease=0.005)"
730.2,1.9143611085745e-05,"Constant","Oscillating (resource_decrease=0.005)"
730.4,2.03089336500327e-05,"Constant","Oscillating (resource_decrease=0.005)"
730.6,2.17341336128188e-05,"Constant","Oscillating (resource_decrease=0.005)"
730.8,2.32049939865788e-05,"Constant","Oscillating (resource_decrease=0.005)"
731,2.44120176455036e-05,"Constant","Oscillating (resource_decrease=0.005)"
731.2,2.50377841004642e-05,"Constant","Oscillating (resource_decrease=0.005)"
731.4,2.4863531565878e-05,"Constant","Oscillating (resource_decrease=0.005)"
731.6,2.38501662337064e-05,"Constant","Oscillating (resource_decrease=0.005)"
731.8,2.21504811274542e-05,"Constant","Oscillating (resource_decrease=0.005)"
732,2.00412708765364e-05,"Constant","Oscillating (resource_decrease=0.005)"
732.2,1.78120399771042e-05,"Constant","Oscillating (resource_decrease=0.005)"
732.4,1.56742081757841e-05,"Constant","Oscillating (resource_decrease=0.005)"
732.6,1.37349747687756e-05,"Constant","Oscillating (resource_decrease=0.005)"
732.8,1.20304636960588e-05,"Constant","Oscillating (resource_decrease=0.005)"
733,1.05771766316076e-05,"Constant","Oscillating (resource_decrease=0.005)"
733.2,9.40386436306334e-06,"Constant","Oscillating (resource_decrease=0.005)"
733.4,8.55458907586075e-06,"Constant","Oscillating (resource_decrease=0.005)"
733.6,8.07728609286508e-06,"Constant","Oscillating (resource_decrease=0.005)"
733.8,8.01330289290185e-06,"Constant","Oscillating (resource_decrease=0.005)"
734,8.3898453981573e-06,"Constant","Oscillating (resource_decrease=0.005)"
734.2,9.20707413441866e-06,"Constant","Oscillating (resource_decrease=0.005)"
734.4,1.0415201506321e-05,"Constant","Oscillating (resource_decrease=0.005)"
734.6,1.18924289427076e-05,"Constant","Oscillating (resource_decrease=0.005)"
734.8,1.34484106578968e-05,"Constant","Oscillating (resource_decrease=0.005)"
735,1.48704836076187e-05,"Constant","Oscillating (resource_decrease=0.005)"
735.2,1.599815755361e-05,"Constant","Oscillating (resource_decrease=0.005)"
735.4,1.67843515432027e-05,"Constant","Oscillating (resource_decrease=0.005)"
735.6,1.7309241956153e-05,"Constant","Oscillating (resource_decrease=0.005)"
735.8,1.77447076790138e-05,"Constant","Oscillating (resource_decrease=0.005)"
736,1.82911006345469e-05,"Constant","Oscillating (resource_decrease=0.005)"
736.2,1.91094764513399e-05,"Constant","Oscillating (resource_decrease=0.005)"
736.4,2.0263675444894e-05,"Constant","Oscillating (resource_decrease=0.005)"
736.6,2.16827642731926e-05,"Constant","Oscillating (resource_decrease=0.005)"
736.8,2.31568522428602e-05,"Constant","Oscillating (resource_decrease=0.005)"
737,2.43784817987307e-05,"Constant","Oscillating (resource_decrease=0.005)"
737.2,2.50287331408953e-05,"Constant","Oscillating (resource_decrease=0.005)"
737.4,2.48838171707375e-05,"Constant","Oscillating (resource_decrease=0.005)"
737.6,2.38977763973315e-05,"Constant","Oscillating (resource_decrease=0.005)"
737.8,2.22175200050799e-05,"Constant","Oscillating (resource_decrease=0.005)"
738,2.0117349518036e-05,"Constant","Oscillating (resource_decrease=0.005)"
738.2,1.78881314894384e-05,"Constant","Oscillating (resource_decrease=0.005)"
738.4,1.57448213658418e-05,"Constant","Oscillating (resource_decrease=0.005)"
738.6,1.37978981650602e-05,"Constant","Oscillating (resource_decrease=0.005)"
738.8,1.20850496516821e-05,"Constant","Oscillating (resource_decrease=0.005)"
739,1.06227478047723e-05,"Constant","Oscillating (resource_decrease=0.005)"
739.2,9.43913105832265e-06,"Constant","Oscillating (resource_decrease=0.005)"
739.4,8.5778966889232e-06,"Constant","Oscillating (resource_decrease=0.005)"
739.6,8.08704932720837e-06,"Constant","Oscillating (resource_decrease=0.005)"
739.8,8.00828685430661e-06,"Constant","Oscillating (resource_decrease=0.005)"
740,8.36945967946822e-06,"Constant","Oscillating (resource_decrease=0.005)"
740.2,9.17199104922226e-06,"Constant","Oscillating (resource_decrease=0.005)"
740.4,1.03682444527774e-05,"Constant","Oscillating (resource_decrease=0.005)"
740.6,1.18390619381215e-05,"Constant","Oscillating (resource_decrease=0.005)"
740.8,1.33959363766611e-05,"Constant","Oscillating (resource_decrease=0.005)"
741,1.48257952140231e-05,"Constant","Oscillating (resource_decrease=0.005)"
741.2,1.59651334979724e-05,"Constant","Oscillating (resource_decrease=0.005)"
741.4,1.6762421295113e-05,"Constant","Oscillating (resource_decrease=0.005)"
741.6,1.72938113127236e-05,"Constant","Oscillating (resource_decrease=0.005)"
741.8,1.77289930190855e-05,"Constant","Oscillating (resource_decrease=0.005)"
742,1.82684885575515e-05,"Constant","Oscillating (resource_decrease=0.005)"
742.2,1.90757531186044e-05,"Constant","Oscillating (resource_decrease=0.005)"
742.4,2.02187451660122e-05,"Constant","Oscillating (resource_decrease=0.005)"
742.6,2.16314703047559e-05,"Constant","Oscillating (resource_decrease=0.005)"
742.8,2.3108413059702e-05,"Constant","Oscillating (resource_decrease=0.005)"
743,2.43442598067015e-05,"Constant","Oscillating (resource_decrease=0.005)"
743.2,2.50187222918524e-05,"Constant","Oscillating (resource_decrease=0.005)"
743.4,2.49030867779059e-05,"Constant","Oscillating (resource_decrease=0.005)"
743.6,2.39445514481906e-05,"Constant","Oscillating (resource_decrease=0.005)"
743.8,2.22840603959971e-05,"Constant","Oscillating (resource_decrease=0.005)"
744,2.01932838231127e-05,"Constant","Oscillating (resource_decrease=0.005)"
744.2,1.79643358843509e-05,"Constant","Oscillating (resource_decrease=0.005)"
744.4,1.58156744844539e-05,"Constant","Oscillating (resource_decrease=0.005)"
744.6,1.38611004558954e-05,"Constant","Oscillating (resource_decrease=0.005)"
744.8,1.21399306428351e-05,"Constant","Oscillating (resource_decrease=0.005)"
745,1.06686471839096e-05,"Constant","Oscillating (resource_decrease=0.005)"
745.2,9.47477904597138e-06,"Constant","Oscillating (resource_decrease=0.005)"
745.4,8.60164349536268e-06,"Constant","Oscillating (resource_decrease=0.005)"
745.6,8.09730172437814e-06,"Constant","Oscillating (resource_decrease=0.005)"
745.8,8.0037940950471e-06,"Constant","Oscillating (resource_decrease=0.005)"
746,8.34960128736684e-06,"Constant","Oscillating (resource_decrease=0.005)"
746.2,9.13738147729985e-06,"Constant","Oscillating (resource_decrease=0.005)"
746.4,1.03216199316555e-05,"Constant","Oscillating (resource_decrease=0.005)"
746.6,1.1785799698393e-05,"Constant","Oscillating (resource_decrease=0.005)"
746.8,1.33433066643298e-05,"Constant","Oscillating (resource_decrease=0.005)"
747,1.47807511384516e-05,"Constant","Oscillating (resource_decrease=0.005)"
747.2,1.5931691190653e-05,"Constant","Oscillating (resource_decrease=0.005)"
747.4,1.67401666577632e-05,"Constant","Oscillating (resource_decrease=0.005)"
747.6,1.7278263686108e-05,"Constant","Oscillating (resource_decrease=0.005)"
747.8,1.77134056437745e-05,"Constant","Oscillating (resource_decrease=0.005)"
748,1.82462031584411e-05,"Constant","Oscillating (resource_decrease=0.005)"
748.2,1.90424408861834e-05,"Constant","Oscillating (resource_decrease=0.005)"
748.4,2.01741485979576e-05,"Constant","Oscillating (resource_decrease=0.005)"
748.6,2.15802628457237e-05,"Constant","Oscillating (resource_decrease=0.005)"
748.8,2.30596902523271e-05,"Constant","Oscillating (resource_decrease=0.005)"
749,2.43093638759935e-05,"Constant","Oscillating (resource_decrease=0.005)"
749.2,2.5007757761855e-05,"Constant","Oscillating (resource_decrease=0.005)"
749.4,2.49213381951341e-05,"Constant","Oscillating (resource_decrease=0.005)"
749.6,2.39904818658541e-05,"Constant","Oscillating (resource_decrease=0.005)"
749.8,2.23500896064671e-05,"Constant","Oscillating (resource_decrease=0.005)"
750,2.02690627562907e-05,"Constant","Oscillating (resource_decrease=0.005)"
750.2,1.80406465394759e-05,"Constant","Oscillating (resource_decrease=0.005)"
750.4,1.58867650001457e-05,"Constant","Oscillating (resource_decrease=0.005)"
750.6,1.39245810201308e-05,"Constant","Oscillating (resource_decrease=0.005)"
750.8,1.21951059452753e-05,"Constant","Oscillating (resource_decrease=0.005)"
751,1.07148732327369e-05,"Constant","Oscillating (resource_decrease=0.005)"
751.2,9.51080632467867e-06,"Constant","Oscillating (resource_decrease=0.005)"
751.4,8.62582758373312e-06,"Constant","Oscillating (resource_decrease=0.005)"
751.6,8.10804178061598e-06,"Constant","Oscillating (resource_decrease=0.005)"
751.8,7.99982382123161e-06,"Constant","Oscillating (resource_decrease=0.005)"
752,8.3302708526743e-06,"Constant","Oscillating (resource_decrease=0.005)"
752.2,9.10324859262027e-06,"Constant","Oscillating (resource_decrease=0.005)"
752.4,1.0275334378553e-05,"Constant","Oscillating (resource_decrease=0.005)"
752.6,1.17326510644279e-05,"Constant","Oscillating (resource_decrease=0.005)"
752.8,1.3290530034568e-05,"Constant","Oscillating (resource_decrease=0.005)"
753,1.47353562930537e-05,"Constant","Oscillating (resource_decrease=0.005)"
753.2,1.58978300980056e-05,"Constant","Oscillating (resource_decrease=0.005)"
753.4,1.67175821357486e-05,"Constant","Oscillating (resource_decrease=0.005)"
753.6,1.72625908479561e-05,"Constant","Oscillating (resource_decrease=0.005)"
753.8,1.76979374451981e-05,"Constant","Oscillating (resource_decrease=0.005)"
754,1.82242391359134e-05,"Constant","Oscillating (resource_decrease=0.005)"
754.2,1.90095393573722e-05,"Constant","Oscillating (resource_decrease=0.005)"
754.4,2.01298913186688e-05,"Constant","Oscillating (resource_decrease=0.005)"
754.6,2.15291528828727e-05,"Constant","Oscillating (resource_decrease=0.005)"
754.8,2.30106976089427e-05,"Constant","Oscillating (resource_decrease=0.005)"
755,2.42738063466353e-05,"Constant","Oscillating (resource_decrease=0.005)"
755.2,2.49958460228329e-05,"Constant","Oscillating (resource_decrease=0.005)"
755.4,2.49385695229076e-05,"Constant","Oscillating (resource_decrease=0.005)"
755.6,2.40355583256684e-05,"Constant","Oscillating (resource_decrease=0.005)"
755.8,2.24155949668218e-05,"Constant","Oscillating (resource_decrease=0.005)"
756,2.03446751617106e-05,"Constant","Oscillating (resource_decrease=0.005)"
756.2,1.81170566696896e-05,"Constant","Oscillating (resource_decrease=0.005)"
756.4,1.59580902721584e-05,"Constant","Oscillating (resource_decrease=0.005)"
756.6,1.39883392101698e-05,"Constant","Oscillating (resource_decrease=0.005)"
756.8,1.22505748582054e-05,"Constant","Oscillating (resource_decrease=0.005)"
757,1.07614244408052e-05,"Constant","Oscillating (resource_decrease=0.005)"
757.2,9.54721089897593e-06,"Constant","Oscillating (resource_decrease=0.005)"
757.4,8.6504470328515e-06,"Constant","Oscillating (resource_decrease=0.005)"
757.6,8.11926797436783e-06,"Constant","Oscillating (resource_decrease=0.005)"
757.8,7.99637520582688e-06,"Constant","Oscillating (resource_decrease=0.005)"
758,8.31146893958415e-06,"Constant","Oscillating (resource_decrease=0.005)"
758.2,9.06959546395959e-06,"Constant","Oscillating (resource_decrease=0.005)"
758.4,1.02293941194124e-05,"Constant","Oscillating (resource_decrease=0.005)"
758.6,1.16796248310185e-05,"Constant","Oscillating (resource_decrease=0.005)"
758.8,1.32376150695116e-05,"Constant","Oscillating (resource_decrease=0.005)"
759,1.46896157572011e-05,"Constant","Oscillating (resource_decrease=0.005)"
759.2,1.58635498787551e-05,"Constant","Oscillating (resource_decrease=0.005)"
759.4,1.66946623741467e-05,"Constant","Oscillating (resource_decrease=0.005)"
759.6,1.72467846173075e-05,"Constant","Oscillating (resource_decrease=0.005)"
759.8,1.76825802643473e-05,"Constant","Oscillating (resource_decrease=0.005)"
760,1.82025910528737e-05,"Constant","Oscillating (resource_decrease=0.005)"
760.2,1.89770479414452e-05,"Constant","Oscillating (resource_decrease=0.005)"
760.4,2.00859786988257e-05,"Constant","Oscillating (resource_decrease=0.005)"
760.6,2.14781512484105e-05,"Constant","Oscillating (resource_decrease=0.005)"
760.8,2.29614488855472e-05,"Constant","Oscillating (resource_decrease=0.005)"
761,2.42375996866403e-05,"Constant","Oscillating (resource_decrease=0.005)"
761.2,2.49829938069815e-05,"Constant","Oscillating (resource_decrease=0.005)"
761.4,2.49547791555848e-05,"Constant","Oscillating (resource_decrease=0.005)"
761.6,2.40797717038396e-05,"Constant","Oscillating (resource_decrease=0.005)"
761.8,2.24805638375231e-05,"Constant","Oscillating (resource_decrease=0.005)"
762,2.04201097666262e-05,"Constant","Oscillating (resource_decrease=0.005)"
762.2,1.8193559326708e-05,"Constant","Oscillating (resource_decrease=0.005)"
762.4,1.60296475476791e-05,"Constant","Oscillating (resource_decrease=0.005)"
762.6,1.40523743494262e-05,"Constant","Oscillating (resource_decrease=0.005)"
762.8,1.23063367034161e-05,"Constant","Oscillating (resource_decrease=0.005)"
763,1.08082993239882e-05,"Constant","Oscillating (resource_decrease=0.005)"
763.2,9.58399077997351e-06,"Constant","Oscillating (resource_decrease=0.005)"
763.4,8.67549991216013e-06,"Constant","Oscillating (resource_decrease=0.005)"
763.6,8.13097876658507e-06,"Constant","Oscillating (resource_decrease=0.005)"
763.8,7.99344738947828e-06,"Constant","Oscillating (resource_decrease=0.005)"
764,8.29319604706282e-06,"Constant","Oscillating (resource_decrease=0.005)"
764.2,9.03642505592787e-06,"Constant","Oscillating (resource_decrease=0.005)"
764.4,1.01838053696354e-05,"Constant","Oscillating (resource_decrease=0.005)"
764.6,1.16267297435242e-05,"Constant","Oscillating (resource_decrease=0.005)"
764.8,1.31845704156447e-05,"Constant","Oscillating (resource_decrease=0.005)"
765,1.46435347751141e-05,"Constant","Oscillating (resource_decrease=0.005)"
765.2,1.58288503845469e-05,"Constant","Oscillating (resource_decrease=0.005)"
765.4,1.66714021612298e-05,"Constant","Oscillating (resource_decrease=0.005)"
765.6,1.72308368640408e-05,"Constant","Oscillating (resource_decrease=0.005)"
765.8,1.7667325894319e-05,"Constant","Oscillating (resource_decrease=0.005)"
766,1.81812533389885e-05,"Constant","Oscillating (resource_decrease=0.005)"
766.2,1.89449658550388e-05,"Constant","Oscillating (resource_decrease=0.005)"
766.4,2.00424159013049e-05,"Constant","Oscillating (resource_decrease=0.005)"
766.6,2.1427268616934e-05,"Constant","Oscillating (resource_decrease=0.005)"
766.8,2.2911957800789e-05,"Constant","Oscillating (resource_decrease=0.005)"
767,2.42007564865125e-05,"Constant","Oscillating (resource_decrease=0.005)"
767.2,2.49692081034987e-05,"Constant","Oscillating (resource_decrease=0.005)"
767.4,2.49699657823814e-05,"Constant","Oscillating (resource_decrease=0.005)"
767.6,2.41231130824191e-05,"Constant","Oscillating (resource_decrease=0.005)"
767.8,2.25449836152528e-05,"Constant","Oscillating (resource_decrease=0.005)"
768,2.04953551850309e-05,"Constant","Oscillating (resource_decrease=0.005)"
768.2,1.82701473988061e-05,"Constant","Oscillating (resource_decrease=0.005)"
768.4,1.61014339591072e-05,"Constant","Oscillating (resource_decrease=0.005)"
768.6,1.41166857297375e-05,"Constant","Oscillating (resource_decrease=0.005)"
768.8,1.2362390824365e-05,"Constant","Oscillating (resource_decrease=0.005)"
769,1.08554964249403e-05,"Constant","Oscillating (resource_decrease=0.005)"
769.2,9.62114398608324e-06,"Constant","Oscillating (resource_decrease=0.005)"
769.4,8.70098428209888e-06,"Constant","Oscillating (resource_decrease=0.005)"
769.6,8.14317260101596e-06,"Constant","Oscillating (resource_decrease=0.005)"
769.8,7.99103948130492e-06,"Constant","Oscillating (resource_decrease=0.005)"
770,8.27545261023918e-06,"Constant","Oscillating (resource_decrease=0.005)"
770.2,9.00374023003417e-06,"Constant","Oscillating (resource_decrease=0.005)"
770.4,1.01385742332836e-05,"Constant","Oscillating (resource_decrease=0.005)"
770.6,1.15739744946224e-05,"Constant","Oscillating (resource_decrease=0.005)"
770.8,1.31314047796621e-05,"Constant","Oscillating (resource_decrease=0.005)"
771,1.45971187533965e-05,"Constant","Oscillating (resource_decrease=0.005)"
771.2,1.57937316604006e-05,"Constant","Oscillating (resource_decrease=0.005)"
771.4,1.66477964311272e-05,"Constant","Oscillating (resource_decrease=0.005)"
771.6,1.72147395123194e-05,"Constant","Oscillating (resource_decrease=0.005)"
771.8,1.76521660835633e-05,"Constant","Oscillating (resource_decrease=0.005)"
772,1.81602202932703e-05,"Constant","Oscillating (resource_decrease=0.005)"
772.2,1.89132921235866e-05,"Constant","Oscillating (resource_decrease=0.005)"
772.4,1.99992078807146e-05,"Constant","Oscillating (resource_decrease=0.005)"
772.6,2.13765155024769e-05,"Constant","Oscillating (resource_decrease=0.005)"
772.8,2.28622380308791e-05,"Constant","Oscillating (resource_decrease=0.005)"
773,2.41632894537258e-05,"Constant","Oscillating (resource_decrease=0.005)"
773.2,2.49544961552068e-05,"Constant","Oscillating (resource_decrease=0.005)"
773.4,2.49841283881961e-05,"Constant","Oscillating (resource_decrease=0.005)"
773.6,2.41655737541894e-05,"Constant","Oscillating (resource_decrease=0.005)"
773.8,2.26088417390295e-05,"Constant","Oscillating (resource_decrease=0.005)"
774,2.05703999214095e-05,"Constant","Oscillating (resource_decrease=0.005)"
774.2,1.83468136106607e-05,"Constant","Oscillating (resource_decrease=0.005)"
774.4,1.61734465213605e-05,"Constant","Oscillating (resource_decrease=0.005)"
774.6,1.41812726087354e-05,"Constant","Oscillating (resource_decrease=0.005)"
774.8,1.24187365851934e-05,"Constant","Oscillating (resource_decrease=0.005)"
775,1.09030143135256e-05,"Constant","Oscillating (resource_decrease=0.005)"
775.2,9.65866854374594e-06,"Constant","Oscillating (resource_decrease=0.005)"
775.4,8.72689819448765e-06,"Constant","Oscillating (resource_decrease=0.005)"
775.6,8.15584790448842e-06,"Constant","Oscillating (resource_decrease=0.005)"
775.8,7.98915055967027e-06,"Constant","Oscillating (resource_decrease=0.005)"
776,8.25823900178223e-06,"Constant","Oscillating (resource_decrease=0.005)"
776.2,8.97154374578797e-06,"Constant","Oscillating (resource_decrease=0.005)"
776.4,1.00937067023647e-05,"Constant","Oscillating (resource_decrease=0.005)"
776.6,1.15213677211293e-05,"Constant","Oscillating (resource_decrease=0.005)"
776.8,1.30781269243184e-05,"Constant","Oscillating (resource_decrease=0.005)"
777,1.45503732584812e-05,"Constant","Oscillating (resource_decrease=0.005)"
777.2,1.57581939450666e-05,"Constant","Oscillating (resource_decrease=0.005)"
777.4,1.6623840266436e-05,"Constant","Oscillating (resource_decrease=0.005)"
777.6,1.71984845440298e-05,"Constant","Oscillating (resource_decrease=0.005)"
777.8,1.76370925391475e-05,"Constant","Oscillating (resource_decrease=0.005)"
778,1.81394860866905e-05,"Constant","Oscillating (resource_decrease=0.005)"
778.2,1.8882025582806e-05,"Constant","Oscillating (resource_decrease=0.005)"
778.4,1.99563593830098e-05,"Constant","Oscillating (resource_decrease=0.005)"
778.6,2.13259022556453e-05,"Constant","Oscillating (resource_decrease=0.005)"
778.8,2.28123032045584e-05,"Constant","Oscillating (resource_decrease=0.005)"
779,2.41252114071789e-05,"Constant","Oscillating (resource_decrease=0.005)"
779.2,2.49388654550592e-05,"Constant","Oscillating (resource_decrease=0.005)"
779.4,2.49972662542807e-05,"Constant","Oscillating (resource_decrease=0.005)"
779.6,2.42071452274459e-05,"Constant","Oscillating (resource_decrease=0.005)"
779.8,2.26721256963483e-05,"Constant","Oscillating (resource_decrease=0.005)"
780,2.06452323746155e-05,"Constant","Oscillating (resource_decrease=0.005)"
780.2,1.84235505233193e-05,"Constant","Oscillating (resource_decrease=0.005)"
780.4,1.62456821292255e-05,"Constant","Oscillating (resource_decrease=0.005)"
780.6,1.42461342071785e-05,"Constant","Oscillating (resource_decrease=0.005)"
780.8,1.24753733696812e-05,"Constant","Oscillating (resource_decrease=0.005)"
781,1.09508515872146e-05,"Constant","Oscillating (resource_decrease=0.005)"
781.2,9.69656248816424e-06,"Constant","Oscillating (resource_decrease=0.005)"
781.4,8.75323969292058e-06,"Constant","Oscillating (resource_decrease=0.005)"
781.6,8.16900308718576e-06,"Constant","Oscillating (resource_decrease=0.005)"
781.8,7.9877796729289e-06,"Constant","Oscillating (resource_decrease=0.005)"
782,8.24155553326611e-06,"Constant","Oscillating (resource_decrease=0.005)"
782.2,8.93983826183517e-06,"Constant","Oscillating (resource_decrease=0.005)"
782.4,1.00492086562014e-05,"Constant","Oscillating (resource_decrease=0.005)"
782.6,1.14689180008939e-05,"Constant","Oscillating (resource_decrease=0.005)"
782.8,1.30247456642681e-05,"Constant","Oscillating (resource_decrease=0.005)"
783,1.4503304013987e-05,"Constant","Oscillating (resource_decrease=0.005)"
783.2,1.57222376712847e-05,"Constant","Oscillating (resource_decrease=0.005)"
783.4,1.65995289007786e-05,"Constant","Oscillating (resource_decrease=0.005)"
783.6,1.71820640022119e-05,"Constant","Oscillating (resource_decrease=0.005)"
783.8,1.76220969300368e-05,"Constant","Oscillating (resource_decrease=0.005)"
784,1.81190447648226e-05,"Constant","Oscillating (resource_decrease=0.005)"
784.2,1.88511648802353e-05,"Constant","Oscillating (resource_decrease=0.005)"
784.4,1.99138749451847e-05,"Constant","Oscillating (resource_decrease=0.005)"
784.6,2.12754390608416e-05,"Constant","Oscillating (resource_decrease=0.005)"
784.8,2.27621668981191e-05,"Constant","Oscillating (resource_decrease=0.005)"
785,2.40865352716289e-05,"Constant","Oscillating (resource_decrease=0.005)"
785.2,2.49223237425347e-05,"Constant","Oscillating (resource_decrease=0.005)"
785.4,2.50093789587509e-05,"Constant","Oscillating (resource_decrease=0.005)"
785.6,2.42478192306692e-05,"Constant","Oscillating (resource_decrease=0.005)"
785.8,2.27348230293361e-05,"Constant","Oscillating (resource_decrease=0.005)"
786,2.07198408418703e-05,"Constant","Oscillating (resource_decrease=0.005)"
786.2,1.85003505342949e-05,"Constant","Oscillating (resource_decrease=0.005)"
786.4,1.63181375547538e-05,"Constant","Oscillating (resource_decrease=0.005)"
786.6,1.43112697062459e-05,"Constant","Oscillating (resource_decrease=0.005)"
786.8,1.2532300580138e-05,"Constant","Oscillating (resource_decrease=0.005)"
787,1.09990068714482e-05,"Constant","Oscillating (resource_decrease=0.005)"
787.2,9.7348238640398e-06,"Constant","Oscillating (resource_decrease=0.005)"
787.4,8.78000681317213e-06,"Constant","Oscillating (resource_decrease=0.005)"
787.6,8.18263654291589e-06,"Constant","Oscillating (resource_decrease=0.005)"
787.8,7.98692584014959e-06,"Constant","Oscillating (resource_decrease=0.005)"
788,8.22540245652151e-06,"Constant","Oscillating (resource_decrease=0.005)"
788.2,8.9086263371267e-06,"Constant","Oscillating (resource_decrease=0.005)"
788.4,1.00050858608839e-05,"Constant","Oscillating (resource_decrease=0.005)"
788.6,1.14166338497665e-05,"Constant","Oscillating (resource_decrease=0.005)"
788.8,1.29712698618991e-05,"Constant","Oscillating (resource_decrease=0.005)"
789,1.44559168979887e-05,"Constant","Oscillating (resource_decrease=0.005)"
789.2,1.56858634659441e-05,"Constant","Oscillating (resource_decrease=0.005)"
789.4,1.6574857721304e-05,"Constant","Oscillating (resource_decrease=0.005)"
789.6,1.71654699944815e-05,"Constant","Oscillating (resource_decrease=0.005)"
789.8,1.76071708903886e-05,"Constant","Oscillating (resource_decrease=0.005)"
790,1.80988902505129e-05,"Constant","Oscillating (resource_decrease=0.005)"
790.2,1.88207084768197e-05,"Constant","Oscillating (resource_decrease=0.005)"
790.4,1.9871758895042e-05,"Constant","Oscillating (resource_decrease=0.005)"
790.6,2.12251359335764e-05,"Constant","Oscillating (resource_decrease=0.005)"
790.8,2.27118426304853e-05,"Constant","Oscillating (resource_decrease=0.005)"
791,2.40472740721062e-05,"Constant","Oscillating (resource_decrease=0.005)"
791.2,2.49048789999231e-05,"Constant","Oscillating (resource_decrease=0.005)"
791.4,2.50204663769394e-05,"Constant","Oscillating (resource_decrease=0.005)"
791.6,2.42875877170863e-05,"Constant","Oscillating (resource_decrease=0.005)"
791.8,2.27969213409209e-05,"Constant","Oscillating (resource_decrease=0.005)"
792,2.07942135228835e-05,"Constant","Oscillating (resource_decrease=0.005)"
792.2,1.85772058777919e-05,"Constant","Oscillating (resource_decrease=0.005)"
792.4,1.63908094447099e-05,"Constant","Oscillating (resource_decrease=0.005)"
792.6,1.43766782447974e-05,"Constant","Oscillating (resource_decrease=0.005)"
792.8,1.25895176362322e-05,"Constant","Oscillating (resource_decrease=0.005)"
793,1.10474788199685e-05,"Constant","Oscillating (resource_decrease=0.005)"
793.2,9.77345072631399e-06,"Constant","Oscillating (resource_decrease=0.005)"
793.4,8.80719758361544e-06,"Constant","Oscillating (resource_decrease=0.005)"
793.6,8.19674664937525e-06,"Constant","Oscillating (resource_decrease=0.005)"
793.8,7.98658805181521e-06,"Constant","Oscillating (resource_decrease=0.005)"
794,8.20977996497248e-06,"Constant","Oscillating (resource_decrease=0.005)"
794.2,8.87791043211759e-06,"Constant","Oscillating (resource_decrease=0.005)"
794.4,9.9613439688043e-06,"Constant","Oscillating (resource_decrease=0.005)"
794.6,1.13645237186428e-05,"Constant","Oscillating (resource_decrease=0.005)"
794.8,1.29177084231631e-05,"Constant","Oscillating (resource_decrease=0.005)"
795,1.44082179402017e-05,"Constant","Oscillating (resource_decrease=0.005)"
795.2,1.56490721501428e-05,"Constant","Oscillating (resource_decrease=0.005)"
795.4,1.65498222711327e-05,"Constant","Oscillating (resource_decrease=0.005)"
795.6,1.71486946964412e-05,"Constant","Oscillating (resource_decrease=0.005)"
795.8,1.75923060228624e-05,"Constant","Oscillating (resource_decrease=0.005)"
796,1.80790163465802e-05,"Constant","Oscillating (resource_decrease=0.005)"
796.2,1.87906546485464e-05,"Constant","Oscillating (resource_decrease=0.005)"
796.4,1.9830015351039e-05,"Constant","Oscillating (resource_decrease=0.005)"
796.6,2.11750027178695e-05,"Constant","Oscillating (resource_decrease=0.005)"
796.8,2.26613438583513e-05,"Constant","Oscillating (resource_decrease=0.005)"
797,2.40074409283126e-05,"Constant","Oscillating (resource_decrease=0.005)"
797.2,2.48865394485016e-05,"Constant","Oscillating (resource_decrease=0.005)"
797.4,2.50305286815913e-05,"Constant","Oscillating (resource_decrease=0.005)"
797.6,2.43264428691167e-05,"Constant","Oscillating (resource_decrease=0.005)"
797.8,2.28584083010079e-05,"Constant","Oscillating (resource_decrease=0.005)"
798,2.08683385240906e-05,"Constant","Oscillating (resource_decrease=0.005)"
798.2,1.86541086250604e-05,"Constant","Oscillating (resource_decrease=0.005)"
798.4,1.64636943180718e-05,"Constant","Oscillating (resource_decrease=0.005)"
798.6,1.44423589166006e-05,"Constant","Oscillating (resource_decrease=0.005)"
798.8,1.26470239737568e-05,"Constant","Oscillating (resource_decrease=0.005)"
799,1.10962661151131e-05,"Constant","Oscillating (resource_decrease=0.005)"
799.2,9.8124411409118e-06,"Constant","Oscillating (resource_decrease=0.005)"
799.4,8.83481002565374e-06,"Constant","Oscillating (resource_decrease=0.005)"
799.6,8.21133176840823e-06,"Constant","Oscillating (resource_decrease=0.005)"
799.8,7.98676527049992e-06,"Constant","Oscillating (resource_decrease=0.005)"
800,8.1946881949579e-06,"Constant","Oscillating (resource_decrease=0.005)"
500,0,"Constant","Non-oscillating (resource_decrease=0.1)"
500.2,1.57260444859022e-05,"Constant","Non-oscillating (resource_decrease=0.1)"
500.4,1.49666776168406e-05,"Constant","Non-oscillating (resource_decrease=0.1)"
500.6,1.45281046322304e-05,"Constant","Non-oscillating (resource_decrease=0.1)"
500.8,1.42740985649719e-05,"Constant","Non-oscillating (resource_decrease=0.1)"
501,1.41266597986338e-05,"Constant","Non-oscillating (resource_decrease=0.1)"
501.2,1.4041299338239e-05,"Constant","Non-oscillating (resource_decrease=0.1)"
501.4,1.39930108695921e-05,"Constant","Non-oscillating (resource_decrease=0.1)"
501.6,1.39684639006867e-05,"Constant","Non-oscillating (resource_decrease=0.1)"
501.8,1.39598847697472e-05,"Constant","Non-oscillating (resource_decrease=0.1)"
502,1.39548861029516e-05,"Constant","Non-oscillating (resource_decrease=0.1)"
502.2,1.39266148284535e-05,"Constant","Non-oscillating (resource_decrease=0.1)"
502.4,1.38458597981906e-05,"Constant","Non-oscillating (resource_decrease=0.1)"
502.6,1.37111917757757e-05,"Constant","Non-oscillating (resource_decrease=0.1)"
502.8,1.355271850297e-05,"Constant","Non-oscillating (resource_decrease=0.1)"
503,1.34040038576949e-05,"Constant","Non-oscillating (resource_decrease=0.1)"
503.2,1.32825215227608e-05,"Constant","Non-oscillating (resource_decrease=0.1)"
503.4,1.31913024315583e-05,"Constant","Non-oscillating (resource_decrease=0.1)"
503.6,1.31266825689598e-05,"Constant","Non-oscillating (resource_decrease=0.1)"
503.8,1.30831174788781e-05,"Constant","Non-oscillating (resource_decrease=0.1)"
504,1.30547248029115e-05,"Constant","Non-oscillating (resource_decrease=0.1)"
504.2,1.30350577773735e-05,"Constant","Non-oscillating (resource_decrease=0.1)"
504.4,1.3016802076647e-05,"Constant","Non-oscillating (resource_decrease=0.1)"
504.6,1.29928215055287e-05,"Constant","Non-oscillating (resource_decrease=0.1)"
504.8,1.29584642756765e-05,"Constant","Non-oscillating (resource_decrease=0.1)"
505,1.29133494171834e-05,"Constant","Non-oscillating (resource_decrease=0.1)"
505.2,1.28610548453017e-05,"Constant","Non-oscillating (resource_decrease=0.1)"
505.4,1.28070249437591e-05,"Constant","Non-oscillating (resource_decrease=0.1)"
505.6,1.27562969126589e-05,"Constant","Non-oscillating (resource_decrease=0.1)"
505.8,1.27122155409403e-05,"Constant","Non-oscillating (resource_decrease=0.1)"
506,1.26762054257118e-05,"Constant","Non-oscillating (resource_decrease=0.1)"
506.2,1.26480871709793e-05,"Constant","Non-oscillating (resource_decrease=0.1)"
506.4,1.26264999079446e-05,"Constant","Non-oscillating (resource_decrease=0.1)"
506.6,1.2609301285993e-05,"Constant","Non-oscillating (resource_decrease=0.1)"
506.8,1.25940109641562e-05,"Constant","Non-oscillating (resource_decrease=0.1)"
507,1.25783410287732e-05,"Constant","Non-oscillating (resource_decrease=0.1)"
507.2,1.25607111477488e-05,"Constant","Non-oscillating (resource_decrease=0.1)"
507.4,1.25405569490659e-05,"Constant","Non-oscillating (resource_decrease=0.1)"
507.6,1.25183080779017e-05,"Constant","Non-oscillating (resource_decrease=0.1)"
507.8,1.24950769576089e-05,"Constant","Non-oscillating (resource_decrease=0.1)"
508,1.24722219501955e-05,"Constant","Non-oscillating (resource_decrease=0.1)"
508.2,1.24509550447781e-05,"Constant","Non-oscillating (resource_decrease=0.1)"
508.4,1.24320882696454e-05,"Constant","Non-oscillating (resource_decrease=0.1)"
508.6,1.24159317357319e-05,"Constant","Non-oscillating (resource_decrease=0.1)"
508.8,1.24023147983724e-05,"Constant","Non-oscillating (resource_decrease=0.1)"
509,1.23906958980565e-05,"Constant","Non-oscillating (resource_decrease=0.1)"
509.2,1.23803299485136e-05,"Constant","Non-oscillating (resource_decrease=0.1)"
509.4,1.23704582508951e-05,"Constant","Non-oscillating (resource_decrease=0.1)"
509.6,1.23604785646515e-05,"Constant","Non-oscillating (resource_decrease=0.1)"
509.8,1.23500552389563e-05,"Constant","Non-oscillating (resource_decrease=0.1)"
510,1.23391473499738e-05,"Constant","Non-oscillating (resource_decrease=0.1)"
510.2,1.23279595714825e-05,"Constant","Non-oscillating (resource_decrease=0.1)"
510.4,1.23168426361513e-05,"Constant","Non-oscillating (resource_decrease=0.1)"
510.6,1.23061787793951e-05,"Constant","Non-oscillating (resource_decrease=0.1)"
510.8,1.2296282804038e-05,"Constant","Non-oscillating (resource_decrease=0.1)"
511,1.22873377295306e-05,"Constant","Non-oscillating (resource_decrease=0.1)"
511.2,1.2279371794912e-05,"Constant","Non-oscillating (resource_decrease=0.1)"
511.4,1.22722739264357e-05,"Constant","Non-oscillating (resource_decrease=0.1)"
511.6,1.22658379317182e-05,"Constant","Non-oscillating (resource_decrease=0.1)"
511.8,1.22598213513959e-05,"Constant","Non-oscillating (resource_decrease=0.1)"
512,1.22540034727608e-05,"Constant","Non-oscillating (resource_decrease=0.1)"
512.2,1.22482290769712e-05,"Constant","Non-oscillating (resource_decrease=0.1)"
512.4,1.22424297336633e-05,"Constant","Non-oscillating (resource_decrease=0.1)"
512.6,1.22366212583179e-05,"Constant","Non-oscillating (resource_decrease=0.1)"
512.8,1.22308820918172e-05,"Constant","Non-oscillating (resource_decrease=0.1)"
513,1.22253211377466e-05,"Constant","Non-oscillating (resource_decrease=0.1)"
513.2,1.22200444490948e-05,"Constant","Non-oscillating (resource_decrease=0.1)"
513.4,1.22151285900892e-05,"Constant","Non-oscillating (resource_decrease=0.1)"
513.6,1.22106055072222e-05,"Constant","Non-oscillating (resource_decrease=0.1)"
513.8,1.22064603154745e-05,"Constant","Non-oscillating (resource_decrease=0.1)"
514,1.22026403071032e-05,"Constant","Non-oscillating (resource_decrease=0.1)"
514.2,1.21990712588661e-05,"Constant","Non-oscillating (resource_decrease=0.1)"
514.4,1.21956760795585e-05,"Constant","Non-oscillating (resource_decrease=0.1)"
514.6,1.21923910859432e-05,"Constant","Non-oscillating (resource_decrease=0.1)"
514.8,1.21891765106146e-05,"Constant","Non-oscillating (resource_decrease=0.1)"
515,1.21860197658956e-05,"Constant","Non-oscillating (resource_decrease=0.1)"
515.2,1.21829319433047e-05,"Constant","Non-oscillating (resource_decrease=0.1)"
515.4,1.21799395273275e-05,"Constant","Non-oscillating (resource_decrease=0.1)"
515.6,1.21770740647121e-05,"Constant","Non-oscillating (resource_decrease=0.1)"
515.8,1.21743625181002e-05,"Constant","Non-oscillating (resource_decrease=0.1)"
516,1.21718203987884e-05,"Constant","Non-oscillating (resource_decrease=0.1)"
516.2,1.21694487771916e-05,"Constant","Non-oscillating (resource_decrease=0.1)"
516.4,1.21672351966226e-05,"Constant","Non-oscillating (resource_decrease=0.1)"
516.6,1.2165157617044e-05,"Constant","Non-oscillating (resource_decrease=0.1)"
516.8,1.21631899640974e-05,"Constant","Non-oscillating (resource_decrease=0.1)"
517,1.21613077260374e-05,"Constant","Non-oscillating (resource_decrease=0.1)"
517.2,1.21594922918868e-05,"Constant","Non-oscillating (resource_decrease=0.1)"
517.4,1.21577332375268e-05,"Constant","Non-oscillating (resource_decrease=0.1)"
517.6,1.21560283778958e-05,"Constant","Non-oscillating (resource_decrease=0.1)"
517.8,1.21543819523426e-05,"Constant","Non-oscillating (resource_decrease=0.1)"
518,1.21528016790138e-05,"Constant","Non-oscillating (resource_decrease=0.1)"
518.2,1.21512955491072e-05,"Constant","Non-oscillating (resource_decrease=0.1)"
518.4,1.2149869142983e-05,"Constant","Non-oscillating (resource_decrease=0.1)"
518.6,1.2148523996792e-05,"Constant","Non-oscillating (resource_decrease=0.1)"
518.8,1.21472572165428e-05,"Constant","Non-oscillating (resource_decrease=0.1)"
519,1.21460622155287e-05,"Constant","Non-oscillating (resource_decrease=0.1)"
519.2,1.21449302126482e-05,"Constant","Non-oscillating (resource_decrease=0.1)"
519.4,1.21438520146164e-05,"Constant","Non-oscillating (resource_decrease=0.1)"
519.6,1.21428196202346e-05,"Constant","Non-oscillating (resource_decrease=0.1)"
519.8,1.21418273044853e-05,"Constant","Non-oscillating (resource_decrease=0.1)"
520,1.21408720188079e-05,"Constant","Non-oscillating (resource_decrease=0.1)"
520.2,1.21399531299673e-05,"Constant","Non-oscillating (resource_decrease=0.1)"
520.4,1.21390716690643e-05,"Constant","Non-oscillating (resource_decrease=0.1)"
520.6,1.21382293463002e-05,"Constant","Non-oscillating (resource_decrease=0.1)"
520.8,1.21374275978317e-05,"Constant","Non-oscillating (resource_decrease=0.1)"
521,1.21366668784889e-05,"Constant","Non-oscillating (resource_decrease=0.1)"
521.2,1.21359463211313e-05,"Constant","Non-oscillating (resource_decrease=0.1)"
521.4,1.21352637782737e-05,"Constant","Non-oscillating (resource_decrease=0.1)"
521.6,1.21346161706488e-05,"Constant","Non-oscillating (resource_decrease=0.1)"
521.8,1.21340000092049e-05,"Constant","Non-oscillating (resource_decrease=0.1)"
522,1.21334119396043e-05,"Constant","Non-oscillating (resource_decrease=0.1)"
522.2,1.21328491787175e-05,"Constant","Non-oscillating (resource_decrease=0.1)"
522.4,1.21323097597702e-05,"Constant","Non-oscillating (resource_decrease=0.1)"
522.6,1.21317925612227e-05,"Constant","Non-oscillating (resource_decrease=0.1)"
522.8,1.21312971487275e-05,"Constant","Non-oscillating (resource_decrease=0.1)"
523,1.21308234977746e-05,"Constant","Non-oscillating (resource_decrease=0.1)"
523.2,1.21303716807809e-05,"Constant","Non-oscillating (resource_decrease=0.1)"
523.4,1.21299415964252e-05,"Constant","Non-oscillating (resource_decrease=0.1)"
523.6,1.21295327961053e-05,"Constant","Non-oscillating (resource_decrease=0.1)"
523.8,1.21291444306639e-05,"Constant","Non-oscillating (resource_decrease=0.1)"
524,1.21287753088231e-05,"Constant","Non-oscillating (resource_decrease=0.1)"
524.2,1.21284240344054e-05,"Constant","Non-oscillating (resource_decrease=0.1)"
524.4,1.21280891768047e-05,"Constant","Non-oscillating (resource_decrease=0.1)"
524.6,1.21277694292188e-05,"Constant","Non-oscillating (resource_decrease=0.1)"
524.8,1.21274637197167e-05,"Constant","Non-oscillating (resource_decrease=0.1)"
525,1.21271712570647e-05,"Constant","Non-oscillating (resource_decrease=0.1)"
525.2,1.21268915114012e-05,"Constant","Non-oscillating (resource_decrease=0.1)"
525.4,1.2126624144921e-05,"Constant","Non-oscillating (resource_decrease=0.1)"
525.6,1.21263689167361e-05,"Constant","Non-oscillating (resource_decrease=0.1)"
525.8,1.21261255879705e-05,"Constant","Non-oscillating (resource_decrease=0.1)"
526,1.21258938486957e-05,"Constant","Non-oscillating (resource_decrease=0.1)"
526.2,1.21256732796106e-05,"Constant","Non-oscillating (resource_decrease=0.1)"
526.4,1.21254633511671e-05,"Constant","Non-oscillating (resource_decrease=0.1)"
526.6,1.21252634537339e-05,"Constant","Non-oscillating (resource_decrease=0.1)"
526.8,1.21250729463112e-05,"Constant","Non-oscillating (resource_decrease=0.1)"
527,1.21248912091483e-05,"Constant","Non-oscillating (resource_decrease=0.1)"
527.2,1.21247176872037e-05,"Constant","Non-oscillating (resource_decrease=0.1)"
527.4,1.21245519157316e-05,"Constant","Non-oscillating (resource_decrease=0.1)"
527.6,1.21243935248975e-05,"Constant","Non-oscillating (resource_decrease=0.1)"
527.8,1.2124242225713e-05,"Constant","Non-oscillating (resource_decrease=0.1)"
528,1.21240977835175e-05,"Constant","Non-oscillating (resource_decrease=0.1)"
528.2,1.21239599870723e-05,"Constant","Non-oscillating (resource_decrease=0.1)"
528.4,1.21238286209872e-05,"Constant","Non-oscillating (resource_decrease=0.1)"
528.6,1.21237034471291e-05,"Constant","Non-oscillating (resource_decrease=0.1)"
528.8,1.21235841976359e-05,"Constant","Non-oscillating (resource_decrease=0.1)"
529,1.21234705790372e-05,"Constant","Non-oscillating (resource_decrease=0.1)"
529.2,1.21233622845062e-05,"Constant","Non-oscillating (resource_decrease=0.1)"
529.4,1.21232590098957e-05,"Constant","Non-oscillating (resource_decrease=0.1)"
529.6,1.21231604690809e-05,"Constant","Non-oscillating (resource_decrease=0.1)"
529.8,1.21230664050549e-05,"Constant","Non-oscillating (resource_decrease=0.1)"
530,1.2122976594813e-05,"Constant","Non-oscillating (resource_decrease=0.1)"
530.2,1.21228908478373e-05,"Constant","Non-oscillating (resource_decrease=0.1)"
530.4,1.21228089995101e-05,"Constant","Non-oscillating (resource_decrease=0.1)"
530.6,1.21227309017377e-05,"Constant","Non-oscillating (resource_decrease=0.1)"
530.8,1.21226564133288e-05,"Constant","Non-oscillating (resource_decrease=0.1)"
531,1.21225853923031e-05,"Constant","Non-oscillating (resource_decrease=0.1)"
531.2,1.21225176914942e-05,"Constant","Non-oscillating (resource_decrease=0.1)"
531.4,1.2122453157822e-05,"Constant","Non-oscillating (resource_decrease=0.1)"
531.6,1.21223916347024e-05,"Constant","Non-oscillating (resource_decrease=0.1)"
531.8,1.21223329664275e-05,"Constant","Non-oscillating (resource_decrease=0.1)"
532,1.21222770030996e-05,"Constant","Non-oscillating (resource_decrease=0.1)"
532.2,1.2122223604812e-05,"Constant","Non-oscillating (resource_decrease=0.1)"
532.4,1.21221726441729e-05,"Constant","Non-oscillating (resource_decrease=0.1)"
532.6,1.21221240068057e-05,"Constant","Non-oscillating (resource_decrease=0.1)"
532.8,1.21220775899931e-05,"Constant","Non-oscillating (resource_decrease=0.1)"
533,1.21220333000353e-05,"Constant","Non-oscillating (resource_decrease=0.1)"
533.2,1.21219910490967e-05,"Constant","Non-oscillating (resource_decrease=0.1)"
533.4,1.21219507523059e-05,"Constant","Non-oscillating (resource_decrease=0.1)"
533.6,1.2121912325686e-05,"Constant","Non-oscillating (resource_decrease=0.1)"
533.8,1.21218756852067e-05,"Constant","Non-oscillating (resource_decrease=0.1)"
534,1.21218407469422e-05,"Constant","Non-oscillating (resource_decrease=0.1)"
534.2,1.21218074280678e-05,"Constant","Non-oscillating (resource_decrease=0.1)"
534.4,1.21217756482818e-05,"Constant","Non-oscillating (resource_decrease=0.1)"
534.6,1.21217453312124e-05,"Constant","Non-oscillating (resource_decrease=0.1)"
534.8,1.21217164054495e-05,"Constant","Non-oscillating (resource_decrease=0.1)"
535,1.21216888049901e-05,"Constant","Non-oscillating (resource_decrease=0.1)"
535.2,1.21216624690608e-05,"Constant","Non-oscillating (resource_decrease=0.1)"
535.4,1.212163734143e-05,"Constant","Non-oscillating (resource_decrease=0.1)"
535.6,1.21216133694259e-05,"Constant","Non-oscillating (resource_decrease=0.1)"
535.8,1.21215905029064e-05,"Constant","Non-oscillating (resource_decrease=0.1)"
536,1.21215686934003e-05,"Constant","Non-oscillating (resource_decrease=0.1)"
536.2,1.21215478935623e-05,"Constant","Non-oscillating (resource_decrease=0.1)"
536.4,1.21215280569882e-05,"Constant","Non-oscillating (resource_decrease=0.1)"
536.6,1.21215091383494e-05,"Constant","Non-oscillating (resource_decrease=0.1)"
536.8,1.21214910937367e-05,"Constant","Non-oscillating (resource_decrease=0.1)"
537,1.21214738810765e-05,"Constant","Non-oscillating (resource_decrease=0.1)"
537.2,1.21214574604909e-05,"Constant","Non-oscillating (resource_decrease=0.1)"
537.4,1.21214417945053e-05,"Constant","Non-oscillating (resource_decrease=0.1)"
537.6,1.21214268480652e-05,"Constant","Non-oscillating (resource_decrease=0.1)"
537.8,1.21214125883686e-05,"Constant","Non-oscillating (resource_decrease=0.1)"
538,1.21213989845704e-05,"Constant","Non-oscillating (resource_decrease=0.1)"
538.2,1.21213860074283e-05,"Constant","Non-oscillating (resource_decrease=0.1)"
538.4,1.21213736289691e-05,"Constant","Non-oscillating (resource_decrease=0.1)"
538.6,1.21213618222322e-05,"Constant","Non-oscillating (resource_decrease=0.1)"
538.8,1.21213505611227e-05,"Constant","Non-oscillating (resource_decrease=0.1)"
539,1.21213398203752e-05,"Constant","Non-oscillating (resource_decrease=0.1)"
539.2,1.21213295756055e-05,"Constant","Non-oscillating (resource_decrease=0.1)"
539.4,1.21213198034101e-05,"Constant","Non-oscillating (resource_decrease=0.1)"
539.6,1.21213104814703e-05,"Constant","Non-oscillating (resource_decrease=0.1)"
539.8,1.21213015886251e-05,"Constant","Non-oscillating (resource_decrease=0.1)"
540,1.21212931048901e-05,"Constant","Non-oscillating (resource_decrease=0.1)"
540.2,1.21212850114169e-05,"Constant","Non-oscillating (resource_decrease=0.1)"
540.4,1.21212772904021e-05,"Constant","Non-oscillating (resource_decrease=0.1)"
540.6,1.21212699249664e-05,"Constant","Non-oscillating (resource_decrease=0.1)"
540.8,1.21212628990277e-05,"Constant","Non-oscillating (resource_decrease=0.1)"
541,1.21212561971901e-05,"Constant","Non-oscillating (resource_decrease=0.1)"
541.2,1.21212498046631e-05,"Constant","Non-oscillating (resource_decrease=0.1)"
541.4,1.21212437072168e-05,"Constant","Non-oscillating (resource_decrease=0.1)"
541.6,1.21212378911707e-05,"Constant","Non-oscillating (resource_decrease=0.1)"
541.8,1.21212323434045e-05,"Constant","Non-oscillating (resource_decrease=0.1)"
542,1.21212270513789e-05,"Constant","Non-oscillating (resource_decrease=0.1)"
542.2,1.21212220031531e-05,"Constant","Non-oscillating (resource_decrease=0.1)"
542.4,1.21212171873892e-05,"Constant","Non-oscillating (resource_decrease=0.1)"
542.6,1.21212125933385e-05,"Constant","Non-oscillating (resource_decrease=0.1)"
542.8,1.21212082108113e-05,"Constant","Non-oscillating (resource_decrease=0.1)"
543,1.21212040301332e-05,"Constant","Non-oscillating (resource_decrease=0.1)"
543.2,1.21212000420967e-05,"Constant","Non-oscillating (resource_decrease=0.1)"
543.4,1.21211962379134e-05,"Constant","Non-oscillating (resource_decrease=0.1)"
543.6,1.21211926091749e-05,"Constant","Non-oscillating (resource_decrease=0.1)"
543.8,1.21211891478242e-05,"Constant","Non-oscillating (resource_decrease=0.1)"
544,1.21211858461389e-05,"Constant","Non-oscillating (resource_decrease=0.1)"
544.2,1.21211826967237e-05,"Constant","Non-oscillating (resource_decrease=0.1)"
544.4,1.21211796925084e-05,"Constant","Non-oscillating (resource_decrease=0.1)"
544.6,1.21211768267477e-05,"Constant","Non-oscillating (resource_decrease=0.1)"
544.8,1.21211740930187e-05,"Constant","Non-oscillating (resource_decrease=0.1)"
545,1.21211714852135e-05,"Constant","Non-oscillating (resource_decrease=0.1)"
545.2,1.21211689975267e-05,"Constant","Non-oscillating (resource_decrease=0.1)"
545.4,1.21211666244384e-05,"Constant","Non-oscillating (resource_decrease=0.1)"
545.6,1.2121164360694e-05,"Constant","Non-oscillating (resource_decrease=0.1)"
545.8,1.21211622012839e-05,"Constant","Non-oscillating (resource_decrease=0.1)"
546,1.21211601414247e-05,"Constant","Non-oscillating (resource_decrease=0.1)"
546.2,1.21211581765437e-05,"Constant","Non-oscillating (resource_decrease=0.1)"
546.4,1.21211563022674e-05,"Constant","Non-oscillating (resource_decrease=0.1)"
546.6,1.21211545144131e-05,"Constant","Non-oscillating (resource_decrease=0.1)"
546.8,1.21211528089835e-05,"Constant","Non-oscillating (resource_decrease=0.1)"
547,1.21211511821627e-05,"Constant","Non-oscillating (resource_decrease=0.1)"
547.2,1.21211496303124e-05,"Constant","Non-oscillating (resource_decrease=0.1)"
547.4,1.21211481499666e-05,"Constant","Non-oscillating (resource_decrease=0.1)"
547.6,1.21211467378256e-05,"Constant","Non-oscillating (resource_decrease=0.1)"
547.8,1.21211453907481e-05,"Constant","Non-oscillating (resource_decrease=0.1)"
548,1.21211441057422e-05,"Constant","Non-oscillating (resource_decrease=0.1)"
548.2,1.21211428799563e-05,"Constant","Non-oscillating (resource_decrease=0.1)"
548.4,1.21211417106698e-05,"Constant","Non-oscillating (resource_decrease=0.1)"
548.6,1.21211405952854e-05,"Constant","Non-oscillating (resource_decrease=0.1)"
548.8,1.21211395313222e-05,"Constant","Non-oscillating (resource_decrease=0.1)"
549,1.21211385164097e-05,"Constant","Non-oscillating (resource_decrease=0.1)"
549.2,1.2121137548284e-05,"Constant","Non-oscillating (resource_decrease=0.1)"
549.4,1.21211366247837e-05,"Constant","Non-oscillating (resource_decrease=0.1)"
549.6,1.21211357438468e-05,"Constant","Non-oscillating (resource_decrease=0.1)"
549.8,1.21211349035075e-05,"Constant","Non-oscillating (resource_decrease=0.1)"
550,1.2121134101892e-05,"Constant","Non-oscillating (resource_decrease=0.1)"
550.2,1.21211333372153e-05,"Constant","Non-oscillating (resource_decrease=0.1)"
550.4,1.21211326077764e-05,"Constant","Non-oscillating (resource_decrease=0.1)"
550.6,1.21211319119536e-05,"Constant","Non-oscillating (resource_decrease=0.1)"
550.8,1.21211312482005e-05,"Constant","Non-oscillating (resource_decrease=0.1)"
551,1.21211306150417e-05,"Constant","Non-oscillating (resource_decrease=0.1)"
551.2,1.21211300110687e-05,"Constant","Non-oscillating (resource_decrease=0.1)"
551.4,1.21211294349368e-05,"Constant","Non-oscillating (resource_decrease=0.1)"
551.6,1.21211288853623e-05,"Constant","Non-oscillating (resource_decrease=0.1)"
551.8,1.21211283611199e-05,"Constant","Non-oscillating (resource_decrease=0.1)"
552,1.21211278610403e-05,"Constant","Non-oscillating (resource_decrease=0.1)"
552.2,1.21211273840085e-05,"Constant","Non-oscillating (resource_decrease=0.1)"
552.4,1.2121126928961e-05,"Constant","Non-oscillating (resource_decrease=0.1)"
552.6,1.21211264948842e-05,"Constant","Non-oscillating (resource_decrease=0.1)"
552.8,1.21211260808116e-05,"Constant","Non-oscillating (resource_decrease=0.1)"
553,1.21211256858219e-05,"Constant","Non-oscillating (resource_decrease=0.1)"
553.2,1.21211253090365e-05,"Constant","Non-oscillating (resource_decrease=0.1)"
553.4,1.21211249496172e-05,"Constant","Non-oscillating (resource_decrease=0.1)"
553.6,1.21211246067643e-05,"Constant","Non-oscillating (resource_decrease=0.1)"
553.8,1.21211242797146e-05,"Constant","Non-oscillating (resource_decrease=0.1)"
554,1.21211239677398e-05,"Constant","Non-oscillating (resource_decrease=0.1)"
554.2,1.21211236701448e-05,"Constant","Non-oscillating (resource_decrease=0.1)"
554.4,1.21211233862663e-05,"Constant","Non-oscillating (resource_decrease=0.1)"
554.6,1.21211231154717e-05,"Constant","Non-oscillating (resource_decrease=0.1)"
554.8,1.21211228571574e-05,"Constant","Non-oscillating (resource_decrease=0.1)"
555,1.21211226107481e-05,"Constant","Non-oscillating (resource_decrease=0.1)"
555.2,1.2121122375695e-05,"Constant","Non-oscillating (resource_decrease=0.1)"
555.4,1.21211221514748e-05,"Constant","Non-oscillating (resource_decrease=0.1)"
555.6,1.21211219375884e-05,"Constant","Non-oscillating (resource_decrease=0.1)"
555.8,1.21211217335598e-05,"Constant","Non-oscillating (resource_decrease=0.1)"
556,1.21211215389351e-05,"Constant","Non-oscillating (resource_decrease=0.1)"
556.2,1.21211213532808e-05,"Constant","Non-oscillating (resource_decrease=0.1)"
556.4,1.21211211761837e-05,"Constant","Non-oscillating (resource_decrease=0.1)"
556.6,1.21211210072492e-05,"Constant","Non-oscillating (resource_decrease=0.1)"
556.8,1.21211208461012e-05,"Constant","Non-oscillating (resource_decrease=0.1)"
557,1.21211206923804e-05,"Constant","Non-oscillating (resource_decrease=0.1)"
557.2,1.21211205457446e-05,"Constant","Non-oscillating (resource_decrease=0.1)"
557.4,1.21211204058669e-05,"Constant","Non-oscillating (resource_decrease=0.1)"
557.6,1.21211202724359e-05,"Constant","Non-oscillating (resource_decrease=0.1)"
557.8,1.21211201451545e-05,"Constant","Non-oscillating (resource_decrease=0.1)"
558,1.21211200237392e-05,"Constant","Non-oscillating (resource_decrease=0.1)"
558.2,1.21211199079199e-05,"Constant","Non-oscillating (resource_decrease=0.1)"
558.4,1.21211197974386e-05,"Constant","Non-oscillating (resource_decrease=0.1)"
558.6,1.21211196920495e-05,"Constant","Non-oscillating (resource_decrease=0.1)"
558.8,1.21211195915178e-05,"Constant","Non-oscillating (resource_decrease=0.1)"
559,1.21211194956197e-05,"Constant","Non-oscillating (resource_decrease=0.1)"
559.2,1.21211194041415e-05,"Constant","Non-oscillating (resource_decrease=0.1)"
559.4,1.21211193168797e-05,"Constant","Non-oscillating (resource_decrease=0.1)"
559.6,1.21211192336397e-05,"Constant","Non-oscillating (resource_decrease=0.1)"
559.8,1.21211191542361e-05,"Constant","Non-oscillating (resource_decrease=0.1)"
560,1.21211190784922e-05,"Constant","Non-oscillating (resource_decrease=0.1)"
560.2,1.21211190062392e-05,"Constant","Non-oscillating (resource_decrease=0.1)"
560.4,1.21211189373162e-05,"Constant","Non-oscillating (resource_decrease=0.1)"
560.6,1.21211188715698e-05,"Constant","Non-oscillating (resource_decrease=0.1)"
560.8,1.21211188088537e-05,"Constant","Non-oscillating (resource_decrease=0.1)"
561,1.21211187490281e-05,"Constant","Non-oscillating (resource_decrease=0.1)"
561.2,1.21211186919599e-05,"Constant","Non-oscillating (resource_decrease=0.1)"
561.4,1.21211186375219e-05,"Constant","Non-oscillating (resource_decrease=0.1)"
561.6,1.2121118585593e-05,"Constant","Non-oscillating (resource_decrease=0.1)"
561.8,1.21211185360576e-05,"Constant","Non-oscillating (resource_decrease=0.1)"
562,1.21211184888052e-05,"Constant","Non-oscillating (resource_decrease=0.1)"
562.2,1.21211184437306e-05,"Constant","Non-oscillating (resource_decrease=0.1)"
562.4,1.21211184007335e-05,"Constant","Non-oscillating (resource_decrease=0.1)"
562.6,1.21211183597181e-05,"Constant","Non-oscillating (resource_decrease=0.1)"
562.8,1.2121118320593e-05,"Constant","Non-oscillating (resource_decrease=0.1)"
563,1.21211182832712e-05,"Constant","Non-oscillating (resource_decrease=0.1)"
563.2,1.21211182476695e-05,"Constant","Non-oscillating (resource_decrease=0.1)"
563.4,1.21211182137087e-05,"Constant","Non-oscillating (resource_decrease=0.1)"
563.6,1.21211181813131e-05,"Constant","Non-oscillating (resource_decrease=0.1)"
563.8,1.21211181504107e-05,"Constant","Non-oscillating (resource_decrease=0.1)"
564,1.21211181209325e-05,"Constant","Non-oscillating (resource_decrease=0.1)"
564.2,1.2121118092813e-05,"Constant","Non-oscillating (resource_decrease=0.1)"
564.4,1.21211180659895e-05,"Constant","Non-oscillating (resource_decrease=0.1)"
564.6,1.21211180404022e-05,"Constant","Non-oscillating (resource_decrease=0.1)"
564.8,1.21211180159943e-05,"Constant","Non-oscillating (resource_decrease=0.1)"
565,1.21211179927113e-05,"Constant","Non-oscillating (resource_decrease=0.1)"
565.2,1.21211179705015e-05,"Constant","Non-oscillating (resource_decrease=0.1)"
565.4,1.21211179493152e-05,"Constant","Non-oscillating (resource_decrease=0.1)"
565.6,1.21211179291054e-05,"Constant","Non-oscillating (resource_decrease=0.1)"
565.8,1.21211179098271e-05,"Constant","Non-oscillating (resource_decrease=0.1)"
566,1.21211178914373e-05,"Constant","Non-oscillating (resource_decrease=0.1)"
566.2,1.21211178738951e-05,"Constant","Non-oscillating (resource_decrease=0.1)"
566.4,1.21211178571614e-05,"Constant","Non-oscillating (resource_decrease=0.1)"
566.6,1.21211178411989e-05,"Constant","Non-oscillating (resource_decrease=0.1)"
566.8,1.21211178259722e-05,"Constant","Non-oscillating (resource_decrease=0.1)"
567,1.21211178114472e-05,"Constant","Non-oscillating (resource_decrease=0.1)"
567.2,1.21211177975917e-05,"Constant","Non-oscillating (resource_decrease=0.1)"
567.4,1.21211177843748e-05,"Constant","Non-oscillating (resource_decrease=0.1)"
567.6,1.21211177717671e-05,"Constant","Non-oscillating (resource_decrease=0.1)"
567.8,1.21211177597404e-05,"Constant","Non-oscillating (resource_decrease=0.1)"
568,1.2121117748268e-05,"Constant","Non-oscillating (resource_decrease=0.1)"
568.2,1.21211177373244e-05,"Constant","Non-oscillating (resource_decrease=0.1)"
568.4,1.21211177268852e-05,"Constant","Non-oscillating (resource_decrease=0.1)"
568.6,1.21211177169271e-05,"Constant","Non-oscillating (resource_decrease=0.1)"
568.8,1.2121117707428e-05,"Constant","Non-oscillating (resource_decrease=0.1)"
569,1.21211176983667e-05,"Constant","Non-oscillating (resource_decrease=0.1)"
569.2,1.2121117689723e-05,"Constant","Non-oscillating (resource_decrease=0.1)"
569.4,1.21211176814777e-05,"Constant","Non-oscillating (resource_decrease=0.1)"
569.6,1.21211176736124e-05,"Constant","Non-oscillating (resource_decrease=0.1)"
569.8,1.21211176661097e-05,"Constant","Non-oscillating (resource_decrease=0.1)"
570,1.21211176589527e-05,"Constant","Non-oscillating (resource_decrease=0.1)"
570.2,1.21211176521256e-05,"Constant","Non-oscillating (resource_decrease=0.1)"
570.4,1.21211176456131e-05,"Constant","Non-oscillating (resource_decrease=0.1)"
570.6,1.21211176394008e-05,"Constant","Non-oscillating (resource_decrease=0.1)"
570.8,1.21211176334749e-05,"Constant","Non-oscillating (resource_decrease=0.1)"
571,1.2121117627822e-05,"Constant","Non-oscillating (resource_decrease=0.1)"
571.2,1.21211176224297e-05,"Constant","Non-oscillating (resource_decrease=0.1)"
571.4,1.21211176172859e-05,"Constant","Non-oscillating (resource_decrease=0.1)"
571.6,1.21211176123792e-05,"Constant","Non-oscillating (resource_decrease=0.1)"
571.8,1.21211176076987e-05,"Constant","Non-oscillating (resource_decrease=0.1)"
572,1.21211176032338e-05,"Constant","Non-oscillating (resource_decrease=0.1)"
572.2,1.21211175989748e-05,"Constant","Non-oscillating (resource_decrease=0.1)"
572.4,1.2121117594912e-05,"Constant","Non-oscillating (resource_decrease=0.1)"
572.6,1.21211175910365e-05,"Constant","Non-oscillating (resource_decrease=0.1)"
572.8,1.21211175873396e-05,"Constant","Non-oscillating (resource_decrease=0.1)"
573,1.21211175838131e-05,"Constant","Non-oscillating (resource_decrease=0.1)"
573.2,1.21211175804492e-05,"Constant","Non-oscillating (resource_decrease=0.1)"
573.4,1.21211175772403e-05,"Constant","Non-oscillating (resource_decrease=0.1)"
573.6,1.21211175741793e-05,"Constant","Non-oscillating (resource_decrease=0.1)"
573.8,1.21211175712593e-05,"Constant","Non-oscillating (resource_decrease=0.1)"
574,1.2121117568474e-05,"Constant","Non-oscillating (resource_decrease=0.1)"
574.2,1.2121117565817e-05,"Constant","Non-oscillating (resource_decrease=0.1)"
574.4,1.21211175632824e-05,"Constant","Non-oscillating (resource_decrease=0.1)"
574.6,1.21211175608647e-05,"Constant","Non-oscillating (resource_decrease=0.1)"
574.8,1.21211175585584e-05,"Constant","Non-oscillating (resource_decrease=0.1)"
575,1.21211175563585e-05,"Constant","Non-oscillating (resource_decrease=0.1)"
575.2,1.21211175542599e-05,"Constant","Non-oscillating (resource_decrease=0.1)"
575.4,1.2121117552258e-05,"Constant","Non-oscillating (resource_decrease=0.1)"
575.6,1.21211175503484e-05,"Constant","Non-oscillating (resource_decrease=0.1)"
575.8,1.21211175485268e-05,"Constant","Non-oscillating (resource_decrease=0.1)"
576,1.21211175467892e-05,"Constant","Non-oscillating (resource_decrease=0.1)"
576.2,1.21211175451316e-05,"Constant","Non-oscillating (resource_decrease=0.1)"
576.4,1.21211175435505e-05,"Constant","Non-oscillating (resource_decrease=0.1)"
576.6,1.21211175420422e-05,"Constant","Non-oscillating (resource_decrease=0.1)"
576.8,1.21211175406035e-05,"Constant","Non-oscillating (resource_decrease=0.1)"
577,1.2121117539231e-05,"Constant","Non-oscillating (resource_decrease=0.1)"
577.2,1.21211175379218e-05,"Constant","Non-oscillating (resource_decrease=0.1)"
577.4,1.2121117536673e-05,"Constant","Non-oscillating (resource_decrease=0.1)"
577.6,1.21211175354817e-05,"Constant","Non-oscillating (resource_decrease=0.1)"
577.8,1.21211175343453e-05,"Constant","Non-oscillating (resource_decrease=0.1)"
578,1.21211175332613e-05,"Constant","Non-oscillating (resource_decrease=0.1)"
578.2,1.21211175322272e-05,"Constant","Non-oscillating (resource_decrease=0.1)"
578.4,1.21211175312408e-05,"Constant","Non-oscillating (resource_decrease=0.1)"
578.6,1.21211175302999e-05,"Constant","Non-oscillating (resource_decrease=0.1)"
578.8,1.21211175294023e-05,"Constant","Non-oscillating (resource_decrease=0.1)"
579,1.21211175285462e-05,"Constant","Non-oscillating (resource_decrease=0.1)"
579.2,1.21211175277294e-05,"Constant","Non-oscillating (resource_decrease=0.1)"
579.4,1.21211175269503e-05,"Constant","Non-oscillating (resource_decrease=0.1)"
579.6,1.21211175262072e-05,"Constant","Non-oscillating (resource_decrease=0.1)"
579.8,1.21211175254982e-05,"Constant","Non-oscillating (resource_decrease=0.1)"
580,1.2121117524822e-05,"Constant","Non-oscillating (resource_decrease=0.1)"
580.2,1.21211175241769e-05,"Constant","Non-oscillating (resource_decrease=0.1)"
580.4,1.21211175235615e-05,"Constant","Non-oscillating (resource_decrease=0.1)"
580.6,1.21211175229745e-05,"Constant","Non-oscillating (resource_decrease=0.1)"
580.8,1.21211175224146e-05,"Constant","Non-oscillating (resource_decrease=0.1)"
581,1.21211175218805e-05,"Constant","Non-oscillating (resource_decrease=0.1)"
581.2,1.2121117521371e-05,"Constant","Non-oscillating (resource_decrease=0.1)"
581.4,1.21211175208849e-05,"Constant","Non-oscillating (resource_decrease=0.1)"
581.6,1.21211175204213e-05,"Constant","Non-oscillating (resource_decrease=0.1)"
581.8,1.2121117519979e-05,"Constant","Non-oscillating (resource_decrease=0.1)"
582,1.21211175195572e-05,"Constant","Non-oscillating (resource_decrease=0.1)"
582.2,1.21211175191547e-05,"Constant","Non-oscillating (resource_decrease=0.1)"
582.4,1.21211175187708e-05,"Constant","Non-oscillating (resource_decrease=0.1)"
582.6,1.21211175184046e-05,"Constant","Non-oscillating (resource_decrease=0.1)"
582.8,1.21211175180553e-05,"Constant","Non-oscillating (resource_decrease=0.1)"
583,1.21211175177221e-05,"Constant","Non-oscillating (resource_decrease=0.1)"
583.2,1.21211175174043e-05,"Constant","Non-oscillating (resource_decrease=0.1)"
583.4,1.21211175171011e-05,"Constant","Non-oscillating (resource_decrease=0.1)"
583.6,1.21211175168118e-05,"Constant","Non-oscillating (resource_decrease=0.1)"
583.8,1.21211175165359e-05,"Constant","Non-oscillating (resource_decrease=0.1)"
584,1.21211175162727e-05,"Constant","Non-oscillating (resource_decrease=0.1)"
584.2,1.21211175160217e-05,"Constant","Non-oscillating (resource_decrease=0.1)"
584.4,1.21211175157822e-05,"Constant","Non-oscillating (resource_decrease=0.1)"
584.6,1.21211175155537e-05,"Constant","Non-oscillating (resource_decrease=0.1)"
584.8,1.21211175153358e-05,"Constant","Non-oscillating (resource_decrease=0.1)"
585,1.21211175151279e-05,"Constant","Non-oscillating (resource_decrease=0.1)"
585.2,1.21211175149297e-05,"Constant","Non-oscillating (resource_decrease=0.1)"
585.4,1.21211175147405e-05,"Constant","Non-oscillating (resource_decrease=0.1)"
585.6,1.21211175145601e-05,"Constant","Non-oscillating (resource_decrease=0.1)"
585.8,1.2121117514388e-05,"Constant","Non-oscillating (resource_decrease=0.1)"
586,1.21211175142238e-05,"Constant","Non-oscillating (resource_decrease=0.1)"
586.2,1.21211175140671e-05,"Constant","Non-oscillating (resource_decrease=0.1)"
586.4,1.21211175139177e-05,"Constant","Non-oscillating (resource_decrease=0.1)"
586.6,1.21211175137752e-05,"Constant","Non-oscillating (resource_decrease=0.1)"
586.8,1.21211175136393e-05,"Constant","Non-oscillating (resource_decrease=0.1)"
587,1.21211175135096e-05,"Constant","Non-oscillating (resource_decrease=0.1)"
587.2,1.21211175133859e-05,"Constant","Non-oscillating (resource_decrease=0.1)"
587.4,1.21211175132679e-05,"Constant","Non-oscillating (resource_decrease=0.1)"
587.6,1.21211175131553e-05,"Constant","Non-oscillating (resource_decrease=0.1)"
587.8,1.21211175130479e-05,"Constant","Non-oscillating (resource_decrease=0.1)"
588,1.21211175129455e-05,"Constant","Non-oscillating (resource_decrease=0.1)"
588.2,1.21211175128478e-05,"Constant","Non-oscillating (resource_decrease=0.1)"
588.4,1.21211175127546e-05,"Constant","Non-oscillating (resource_decrease=0.1)"
588.6,1.21211175126657e-05,"Constant","Non-oscillating (resource_decrease=0.1)"
588.8,1.21211175125809e-05,"Constant","Non-oscillating (resource_decrease=0.1)"
589,1.21211175125e-05,"Constant","Non-oscillating (resource_decrease=0.1)"
589.2,1.21211175124228e-05,"Constant","Non-oscillating (resource_decrease=0.1)"
589.4,1.21211175123492e-05,"Constant","Non-oscillating (resource_decrease=0.1)"
589.6,1.2121117512279e-05,"Constant","Non-oscillating (resource_decrease=0.1)"
589.8,1.2121117512212e-05,"Constant","Non-oscillating (resource_decrease=0.1)"
590,1.21211175121481e-05,"Constant","Non-oscillating (resource_decrease=0.1)"
590.2,1.21211175120871e-05,"Constant","Non-oscillating (resource_decrease=0.1)"
590.4,1.2121117512029e-05,"Constant","Non-oscillating (resource_decrease=0.1)"
590.6,1.21211175119735e-05,"Constant","Non-oscillating (resource_decrease=0.1)"
590.8,1.21211175119206e-05,"Constant","Non-oscillating (resource_decrease=0.1)"
591,1.21211175118702e-05,"Constant","Non-oscillating (resource_decrease=0.1)"
591.2,1.2121117511822e-05,"Constant","Non-oscillating (resource_decrease=0.1)"
591.4,1.21211175117761e-05,"Constant","Non-oscillating (resource_decrease=0.1)"
591.6,1.21211175117323e-05,"Constant","Non-oscillating (resource_decrease=0.1)"
591.8,1.21211175116905e-05,"Constant","Non-oscillating (resource_decrease=0.1)"
592,1.21211175116506e-05,"Constant","Non-oscillating (resource_decrease=0.1)"
592.2,1.21211175116126e-05,"Constant","Non-oscillating (resource_decrease=0.1)"
592.4,1.21211175115763e-05,"Constant","Non-oscillating (resource_decrease=0.1)"
592.6,1.21211175115417e-05,"Constant","Non-oscillating (resource_decrease=0.1)"
592.8,1.21211175115087e-05,"Constant","Non-oscillating (resource_decrease=0.1)"
593,1.21211175114772e-05,"Constant","Non-oscillating (resource_decrease=0.1)"
593.2,1.21211175114472e-05,"Constant","Non-oscillating (resource_decrease=0.1)"
593.4,1.21211175114186e-05,"Constant","Non-oscillating (resource_decrease=0.1)"
593.6,1.21211175113912e-05,"Constant","Non-oscillating (resource_decrease=0.1)"
593.8,1.21211175113652e-05,"Constant","Non-oscillating (resource_decrease=0.1)"
594,1.21211175113403e-05,"Constant","Non-oscillating (resource_decrease=0.1)"
594.2,1.21211175113166e-05,"Constant","Non-oscillating (resource_decrease=0.1)"
594.4,1.21211175112939e-05,"Constant","Non-oscillating (resource_decrease=0.1)"
594.6,1.21211175112723e-05,"Constant","Non-oscillating (resource_decrease=0.1)"
594.8,1.21211175112518e-05,"Constant","Non-oscillating (resource_decrease=0.1)"
595,1.21211175112321e-05,"Constant","Non-oscillating (resource_decrease=0.1)"
595.2,1.21211175112134e-05,"Constant","Non-oscillating (resource_decrease=0.1)"
595.4,1.21211175111955e-05,"Constant","Non-oscillating (resource_decrease=0.1)"
595.6,1.21211175111784e-05,"Constant","Non-oscillating (resource_decrease=0.1)"
595.8,1.21211175111622e-05,"Constant","Non-oscillating (resource_decrease=0.1)"
596,1.21211175111467e-05,"Constant","Non-oscillating (resource_decrease=0.1)"
596.2,1.21211175111319e-05,"Constant","Non-oscillating (resource_decrease=0.1)"
596.4,1.21211175111178e-05,"Constant","Non-oscillating (resource_decrease=0.1)"
596.6,1.21211175111043e-05,"Constant","Non-oscillating (resource_decrease=0.1)"
596.8,1.21211175110915e-05,"Constant","Non-oscillating (resource_decrease=0.1)"
597,1.21211175110792e-05,"Constant","Non-oscillating (resource_decrease=0.1)"
597.2,1.21211175110675e-05,"Constant","Non-oscillating (resource_decrease=0.1)"
597.4,1.21211175110564e-05,"Constant","Non-oscillating (resource_decrease=0.1)"
597.6,1.21211175110457e-05,"Constant","Non-oscillating (resource_decrease=0.1)"
597.8,1.21211175110356e-05,"Constant","Non-oscillating (resource_decrease=0.1)"
598,1.21211175110259e-05,"Constant","Non-oscillating (resource_decrease=0.1)"
598.2,1.21211175110167e-05,"Constant","Non-oscillating (resource_decrease=0.1)"
598.4,1.21211175110079e-05,"Constant","Non-oscillating (resource_decrease=0.1)"
598.6,1.21211175109995e-05,"Constant","Non-oscillating (resource_decrease=0.1)"
598.8,1.21211175109914e-05,"Constant","Non-oscillating (resource_decrease=0.1)"
599,1.21211175109838e-05,"Constant","Non-oscillating (resource_decrease=0.1)"
599.2,1.21211175109765e-05,"Constant","Non-oscillating (resource_decrease=0.1)"
599.4,1.21211175109696e-05,"Constant","Non-oscillating (resource_decrease=0.1)"
599.6,1.21211175109629e-05,"Constant","Non-oscillating (resource_decrease=0.1)"
599.8,1.21211175109566e-05,"Constant","Non-oscillating (resource_decrease=0.1)"
600,1.21211175109506e-05,"Constant","Non-oscillating (resource_decrease=0.1)"
600.2,1.21211175109448e-05,"Constant","Non-oscillating (resource_decrease=0.1)"
600.4,1.21211175109393e-05,"Constant","Non-oscillating (resource_decrease=0.1)"
600.6,1.21211175109341e-05,"Constant","Non-oscillating (resource_decrease=0.1)"
600.8,1.21211175109291e-05,"Constant","Non-oscillating (resource_decrease=0.1)"
601,1.21211175109243e-05,"Constant","Non-oscillating (resource_decrease=0.1)"
601.2,1.21211175109197e-05,"Constant","Non-oscillating (resource_decrease=0.1)"
601.4,1.21211175109154e-05,"Constant","Non-oscillating (resource_decrease=0.1)"
601.6,1.21211175109113e-05,"Constant","Non-oscillating (resource_decrease=0.1)"
601.8,1.21211175109073e-05,"Constant","Non-oscillating (resource_decrease=0.1)"
602,1.21211175109036e-05,"Constant","Non-oscillating (resource_decrease=0.1)"
602.2,1.21211175109e-05,"Constant","Non-oscillating (resource_decrease=0.1)"
602.4,1.21211175108965e-05,"Constant","Non-oscillating (resource_decrease=0.1)"
602.6,1.21211175108933e-05,"Constant","Non-oscillating (resource_decrease=0.1)"
602.8,1.21211175108901e-05,"Constant","Non-oscillating (resource_decrease=0.1)"
603,1.21211175108872e-05,"Constant","Non-oscillating (resource_decrease=0.1)"
603.2,1.21211175108843e-05,"Constant","Non-oscillating (resource_decrease=0.1)"
603.4,1.21211175108816e-05,"Constant","Non-oscillating (resource_decrease=0.1)"
603.6,1.2121117510879e-05,"Constant","Non-oscillating (resource_decrease=0.1)"
603.8,1.21211175108766e-05,"Constant","Non-oscillating (resource_decrease=0.1)"
604,1.21211175108742e-05,"Constant","Non-oscillating (resource_decrease=0.1)"
604.2,1.2121117510872e-05,"Constant","Non-oscillating (resource_decrease=0.1)"
604.4,1.21211175108699e-05,"Constant","Non-oscillating (resource_decrease=0.1)"
604.6,1.21211175108678e-05,"Constant","Non-oscillating (resource_decrease=0.1)"
604.8,1.21211175108659e-05,"Constant","Non-oscillating (resource_decrease=0.1)"
605,1.2121117510864e-05,"Constant","Non-oscillating (resource_decrease=0.1)"
605.2,1.21211175108622e-05,"Constant","Non-oscillating (resource_decrease=0.1)"
605.4,1.21211175108606e-05,"Constant","Non-oscillating (resource_decrease=0.1)"
605.6,1.2121117510859e-05,"Constant","Non-oscillating (resource_decrease=0.1)"
605.8,1.21211175108574e-05,"Constant","Non-oscillating (resource_decrease=0.1)"
606,1.2121117510856e-05,"Constant","Non-oscillating (resource_decrease=0.1)"
606.2,1.21211175108546e-05,"Constant","Non-oscillating (resource_decrease=0.1)"
606.4,1.21211175108532e-05,"Constant","Non-oscillating (resource_decrease=0.1)"
606.6,1.21211175108519e-05,"Constant","Non-oscillating (resource_decrease=0.1)"
606.8,1.21211175108507e-05,"Constant","Non-oscillating (resource_decrease=0.1)"
607,1.21211175108496e-05,"Constant","Non-oscillating (resource_decrease=0.1)"
607.2,1.21211175108485e-05,"Constant","Non-oscillating (resource_decrease=0.1)"
607.4,1.21211175108474e-05,"Constant","Non-oscillating (resource_decrease=0.1)"
607.6,1.21211175108464e-05,"Constant","Non-oscillating (resource_decrease=0.1)"
607.8,1.21211175108454e-05,"Constant","Non-oscillating (resource_decrease=0.1)"
608,1.21211175108445e-05,"Constant","Non-oscillating (resource_decrease=0.1)"
608.2,1.21211175108437e-05,"Constant","Non-oscillating (resource_decrease=0.1)"
608.4,1.21211175108428e-05,"Constant","Non-oscillating (resource_decrease=0.1)"
608.6,1.2121117510842e-05,"Constant","Non-oscillating (resource_decrease=0.1)"
608.8,1.21211175108413e-05,"Constant","Non-oscillating (resource_decrease=0.1)"
609,1.21211175108406e-05,"Constant","Non-oscillating (resource_decrease=0.1)"
609.2,1.21211175108399e-05,"Constant","Non-oscillating (resource_decrease=0.1)"
609.4,1.21211175108392e-05,"Constant","Non-oscillating (resource_decrease=0.1)"
609.6,1.21211175108386e-05,"Constant","Non-oscillating (resource_decrease=0.1)"
609.8,1.2121117510838e-05,"Constant","Non-oscillating (resource_decrease=0.1)"
610,1.21211175108374e-05,"Constant","Non-oscillating (resource_decrease=0.1)"
610.2,1.21211175108369e-05,"Constant","Non-oscillating (resource_decrease=0.1)"
610.4,1.21211175108364e-05,"Constant","Non-oscillating (resource_decrease=0.1)"
610.6,1.21211175108359e-05,"Constant","Non-oscillating (resource_decrease=0.1)"
610.8,1.21211175108354e-05,"Constant","Non-oscillating (resource_decrease=0.1)"
611,1.21211175108349e-05,"Constant","Non-oscillating (resource_decrease=0.1)"
611.2,1.21211175108345e-05,"Constant","Non-oscillating (resource_decrease=0.1)"
611.4,1.21211175108341e-05,"Constant","Non-oscillating (resource_decrease=0.1)"
611.6,1.21211175108337e-05,"Constant","Non-oscillating (resource_decrease=0.1)"
611.8,1.21211175108333e-05,"Constant","Non-oscillating (resource_decrease=0.1)"
612,1.2121117510833e-05,"Constant","Non-oscillating (resource_decrease=0.1)"
612.2,1.21211175108326e-05,"Constant","Non-oscillating (resource_decrease=0.1)"
612.4,1.21211175108323e-05,"Constant","Non-oscillating (resource_decrease=0.1)"
612.6,1.2121117510832e-05,"Constant","Non-oscillating (resource_decrease=0.1)"
612.8,1.21211175108317e-05,"Constant","Non-oscillating (resource_decrease=0.1)"
613,1.21211175108314e-05,"Constant","Non-oscillating (resource_decrease=0.1)"
613.2,1.21211175108312e-05,"Constant","Non-oscillating (resource_decrease=0.1)"
613.4,1.21211175108309e-05,"Constant","Non-oscillating (resource_decrease=0.1)"
613.6,1.21211175108307e-05,"Constant","Non-oscillating (resource_decrease=0.1)"
613.8,1.21211175108304e-05,"Constant","Non-oscillating (resource_decrease=0.1)"
614,1.21211175108302e-05,"Constant","Non-oscillating (resource_decrease=0.1)"
614.2,1.212111751083e-05,"Constant","Non-oscillating (resource_decrease=0.1)"
614.4,1.21211175108298e-05,"Constant","Non-oscillating (resource_decrease=0.1)"
614.6,1.21211175108296e-05,"Constant","Non-oscillating (resource_decrease=0.1)"
614.8,1.21211175108294e-05,"Constant","Non-oscillating (resource_decrease=0.1)"
615,1.21211175108293e-05,"Constant","Non-oscillating (resource_decrease=0.1)"
615.2,1.21211175108291e-05,"Constant","Non-oscillating (resource_decrease=0.1)"
615.4,1.21211175108289e-05,"Constant","Non-oscillating (resource_decrease=0.1)"
615.6,1.21211175108288e-05,"Constant","Non-oscillating (resource_decrease=0.1)"
615.8,1.21211175108286e-05,"Constant","Non-oscillating (resource_decrease=0.1)"
616,1.21211175108285e-05,"Constant","Non-oscillating (resource_decrease=0.1)"
616.2,1.21211175108284e-05,"Constant","Non-oscillating (resource_decrease=0.1)"
616.4,1.21211175108282e-05,"Constant","Non-oscillating (resource_decrease=0.1)"
616.6,1.21211175108281e-05,"Constant","Non-oscillating (resource_decrease=0.1)"
616.8,1.2121117510828e-05,"Constant","Non-oscillating (resource_decrease=0.1)"
617,1.21211175108279e-05,"Constant","Non-oscillating (resource_decrease=0.1)"
617.2,1.21211175108278e-05,"Constant","Non-oscillating (resource_decrease=0.1)"
617.4,1.21211175108277e-05,"Constant","Non-oscillating (resource_decrease=0.1)"
617.6,1.21211175108276e-05,"Constant","Non-oscillating (resource_decrease=0.1)"
617.8,1.21211175108275e-05,"Constant","Non-oscillating (resource_decrease=0.1)"
618,1.21211175108274e-05,"Constant","Non-oscillating (resource_decrease=0.1)"
618.2,1.21211175108273e-05,"Constant","Non-oscillating (resource_decrease=0.1)"
618.4,1.21211175108272e-05,"Constant","Non-oscillating (resource_decrease=0.1)"
618.6,1.21211175108272e-05,"Constant","Non-oscillating (resource_decrease=0.1)"
618.8,1.21211175108271e-05,"Constant","Non-oscillating (resource_decrease=0.1)"
619,1.2121117510827e-05,"Constant","Non-oscillating (resource_decrease=0.1)"
619.2,1.2121117510827e-05,"Constant","Non-oscillating (resource_decrease=0.1)"
619.4,1.21211175108269e-05,"Constant","Non-oscillating (resource_decrease=0.1)"
619.6,1.21211175108268e-05,"Constant","Non-oscillating (resource_decrease=0.1)"
619.8,1.21211175108268e-05,"Constant","Non-oscillating (resource_decrease=0.1)"
620,1.21211175108267e-05,"Constant","Non-oscillating (resource_decrease=0.1)"
620.2,1.21211175108267e-05,"Constant","Non-oscillating (resource_decrease=0.1)"
620.4,1.21211175108266e-05,"Constant","Non-oscillating (resource_decrease=0.1)"
620.6,1.21211175108266e-05,"Constant","Non-oscillating (resource_decrease=0.1)"
620.8,1.21211175108265e-05,"Constant","Non-oscillating (resource_decrease=0.1)"
621,1.21211175108265e-05,"Constant","Non-oscillating (resource_decrease=0.1)"
621.2,1.21211175108265e-05,"Constant","Non-oscillating (resource_decrease=0.1)"
621.4,1.21211175108264e-05,"Constant","Non-oscillating (resource_decrease=0.1)"
621.6,1.21211175108264e-05,"Constant","Non-oscillating (resource_decrease=0.1)"
621.8,1.21211175108263e-05,"Constant","Non-oscillating (resource_decrease=0.1)"
622,1.21211175108263e-05,"Constant","Non-oscillating (resource_decrease=0.1)"
622.2,1.21211175108263e-05,"Constant","Non-oscillating (resource_decrease=0.1)"
622.4,1.21211175108262e-05,"Constant","Non-oscillating (resource_decrease=0.1)"
622.6,1.21211175108262e-05,"Constant","Non-oscillating (resource_decrease=0.1)"
622.8,1.21211175108262e-05,"Constant","Non-oscillating (resource_decrease=0.1)"
623,1.21211175108261e-05,"Constant","Non-oscillating (resource_decrease=0.1)"
623.2,1.21211175108261e-05,"Constant","Non-oscillating (resource_decrease=0.1)"
623.4,1.21211175108261e-05,"Constant","Non-oscillating (resource_decrease=0.1)"
623.6,1.21211175108261e-05,"Constant","Non-oscillating (resource_decrease=0.1)"
623.8,1.2121117510826e-05,"Constant","Non-oscillating (resource_decrease=0.1)"
624,1.2121117510826e-05,"Constant","Non-oscillating (resource_decrease=0.1)"
624.2,1.2121117510826e-05,"Constant","Non-oscillating (resource_decrease=0.1)"
624.4,1.2121117510826e-05,"Constant","Non-oscillating (resource_decrease=0.1)"
624.6,1.2121117510826e-05,"Constant","Non-oscillating (resource_decrease=0.1)"
624.8,1.21211175108259e-05,"Constant","Non-oscillating (resource_decrease=0.1)"
625,1.21211175108259e-05,"Constant","Non-oscillating (resource_decrease=0.1)"
625.2,1.21211175108259e-05,"Constant","Non-oscillating (resource_decrease=0.1)"
625.4,1.21211175108259e-05,"Constant","Non-oscillating (resource_decrease=0.1)"
625.6,1.21211175108259e-05,"Constant","Non-oscillating (resource_decrease=0.1)"
625.8,1.21211175108259e-05,"Constant","Non-oscillating (resource_decrease=0.1)"
626,1.21211175108259e-05,"Constant","Non-oscillating (resource_decrease=0.1)"
626.2,1.21211175108258e-05,"Constant","Non-oscillating (resource_decrease=0.1)"
626.4,1.21211175108258e-05,"Constant","Non-oscillating (resource_decrease=0.1)"
626.6,1.21211175108258e-05,"Constant","Non-oscillating (resource_decrease=0.1)"
626.8,1.21211175108258e-05,"Constant","Non-oscillating (resource_decrease=0.1)"
627,1.21211175108258e-05,"Constant","Non-oscillating (resource_decrease=0.1)"
627.2,1.21211175108258e-05,"Constant","Non-oscillating (resource_decrease=0.1)"
627.4,1.21211175108258e-05,"Constant","Non-oscillating (resource_decrease=0.1)"
627.6,1.21211175108258e-05,"Constant","Non-oscillating (resource_decrease=0.1)"
627.8,1.21211175108258e-05,"Constant","Non-oscillating (resource_decrease=0.1)"
628,1.21211175108258e-05,"Constant","Non-oscillating (resource_decrease=0.1)"
628.2,1.21211175108258e-05,"Constant","Non-oscillating (resource_decrease=0.1)"
628.4,1.21211175108258e-05,"Constant","Non-oscillating (resource_decrease=0.1)"
628.6,1.21211175108257e-05,"Constant","Non-oscillating (resource_decrease=0.1)"
628.8,1.21211175108257e-05,"Constant","Non-oscillating (resource_decrease=0.1)"
629,1.21211175108257e-05,"Constant","Non-oscillating (resource_decrease=0.1)"
629.2,1.21211175108257e-05,"Constant","Non-oscillating (resource_decrease=0.1)"
629.4,1.21211175108257e-05,"Constant","Non-oscillating (resource_decrease=0.1)"
629.6,1.21211175108257e-05,"Constant","Non-oscillating (resource_decrease=0.1)"
629.8,1.21211175108257e-05,"Constant","Non-oscillating (resource_decrease=0.1)"
630,1.21211175108257e-05,"Constant","Non-oscillating (resource_decrease=0.1)"
630.2,1.21211175108257e-05,"Constant","Non-oscillating (resource_decrease=0.1)"
630.4,1.21211175108257e-05,"Constant","Non-oscillating (resource_decrease=0.1)"
630.6,1.21211175108257e-05,"Constant","Non-oscillating (resource_decrease=0.1)"
630.8,1.21211175108257e-05,"Constant","Non-oscillating (resource_decrease=0.1)"
631,1.21211175108257e-05,"Constant","Non-oscillating (resource_decrease=0.1)"
631.2,1.21211175108257e-05,"Constant","Non-oscillating (resource_decrease=0.1)"
631.4,1.21211175108257e-05,"Constant","Non-oscillating (resource_decrease=0.1)"
631.6,1.21211175108257e-05,"Constant","Non-oscillating (resource_decrease=0.1)"
631.8,1.21211175108256e-05,"Constant","Non-oscillating (resource_decrease=0.1)"
632,1.21211175108256e-05,"Constant","Non-oscillating (resource_decrease=0.1)"
632.2,1.21211175108256e-05,"Constant","Non-oscillating (resource_decrease=0.1)"
632.4,1.21211175108256e-05,"Constant","Non-oscillating (resource_decrease=0.1)"
632.6,1.21211175108256e-05,"Constant","Non-oscillating (resource_decrease=0.1)"
632.8,1.21211175108256e-05,"Constant","Non-oscillating (resource_decrease=0.1)"
633,1.21211175108256e-05,"Constant","Non-oscillating (resource_decrease=0.1)"
633.2,1.21211175108256e-05,"Constant","Non-oscillating (resource_decrease=0.1)"
633.4,1.21211175108256e-05,"Constant","Non-oscillating (resource_decrease=0.1)"
633.6,1.21211175108256e-05,"Constant","Non-oscillating (resource_decrease=0.1)"
633.8,1.21211175108256e-05,"Constant","Non-oscillating (resource_decrease=0.1)"
634,1.21211175108256e-05,"Constant","Non-oscillating (resource_decrease=0.1)"
634.2,1.21211175108256e-05,"Constant","Non-oscillating (resource_decrease=0.1)"
634.4,1.21211175108256e-05,"Constant","Non-oscillating (resource_decrease=0.1)"
634.6,1.21211175108256e-05,"Constant","Non-oscillating (resource_decrease=0.1)"
634.8,1.21211175108256e-05,"Constant","Non-oscillating (resource_decrease=0.1)"
635,1.21211175108256e-05,"Constant","Non-oscillating (resource_decrease=0.1)"
635.2,1.21211175108256e-05,"Constant","Non-oscillating (resource_decrease=0.1)"
635.4,1.21211175108256e-05,"Constant","Non-oscillating (resource_decrease=0.1)"
635.6,1.21211175108256e-05,"Constant","Non-oscillating (resource_decrease=0.1)"
635.8,1.21211175108256e-05,"Constant","Non-oscillating (resource_decrease=0.1)"
636,1.21211175108256e-05,"Constant","Non-oscillating (resource_decrease=0.1)"
636.2,1.21211175108256e-05,"Constant","Non-oscillating (resource_decrease=0.1)"
636.4,1.21211175108256e-05,"Constant","Non-oscillating (resource_decrease=0.1)"
636.6,1.21211175108256e-05,"Constant","Non-oscillating (resource_decrease=0.1)"
636.8,1.21211175108256e-05,"Constant","Non-oscillating (resource_decrease=0.1)"
637,1.21211175108256e-05,"Constant","Non-oscillating (resource_decrease=0.1)"
637.2,1.21211175108256e-05,"Constant","Non-oscillating (resource_decrease=0.1)"
637.4,1.21211175108256e-05,"Constant","Non-oscillating (resource_decrease=0.1)"
637.6,1.21211175108256e-05,"Constant","Non-oscillating (resource_decrease=0.1)"
637.8,1.21211175108256e-05,"Constant","Non-oscillating (resource_decrease=0.1)"
638,1.21211175108256e-05,"Constant","Non-oscillating (resource_decrease=0.1)"
638.2,1.21211175108256e-05,"Constant","Non-oscillating (resource_decrease=0.1)"
638.4,1.21211175108256e-05,"Constant","Non-oscillating (resource_decrease=0.1)"
638.6,1.21211175108256e-05,"Constant","Non-oscillating (resource_decrease=0.1)"
638.8,1.21211175108256e-05,"Constant","Non-oscillating (resource_decrease=0.1)"
639,1.21211175108256e-05,"Constant","Non-oscillating (resource_decrease=0.1)"
639.2,1.21211175108256e-05,"Constant","Non-oscillating (resource_decrease=0.1)"
639.4,1.21211175108256e-05,"Constant","Non-oscillating (resource_decrease=0.1)"
639.6,1.21211175108256e-05,"Constant","Non-oscillating (resource_decrease=0.1)"
639.8,1.21211175108256e-05,"Constant","Non-oscillating (resource_decrease=0.1)"
640,1.21211175108256e-05,"Constant","Non-oscillating (resource_decrease=0.1)"
640.2,1.21211175108256e-05,"Constant","Non-oscillating (resource_decrease=0.1)"
640.4,1.21211175108256e-05,"Constant","Non-oscillating (resource_decrease=0.1)"
640.6,1.21211175108256e-05,"Constant","Non-oscillating (resource_decrease=0.1)"
640.8,1.21211175108256e-05,"Constant","Non-oscillating (resource_decrease=0.1)"
641,1.21211175108256e-05,"Constant","Non-oscillating (resource_decrease=0.1)"
641.2,1.21211175108256e-05,"Constant","Non-oscillating (resource_decrease=0.1)"
641.4,1.21211175108256e-05,"Constant","Non-oscillating (resource_decrease=0.1)"
641.6,1.21211175108256e-05,"Constant","Non-oscillating (resource_decrease=0.1)"
641.8,1.21211175108256e-05,"Constant","Non-oscillating (resource_decrease=0.1)"
642,1.21211175108256e-05,"Constant","Non-oscillating (resource_decrease=0.1)"
642.2,1.21211175108256e-05,"Constant","Non-oscillating (resource_decrease=0.1)"
642.4,1.21211175108256e-05,"Constant","Non-oscillating (resource_decrease=0.1)"
642.6,1.21211175108256e-05,"Constant","Non-oscillating (resource_decrease=0.1)"
642.8,1.21211175108256e-05,"Constant","Non-oscillating (resource_decrease=0.1)"
643,1.21211175108256e-05,"Constant","Non-oscillating (resource_decrease=0.1)"
643.2,1.21211175108256e-05,"Constant","Non-oscillating (resource_decrease=0.1)"
643.4,1.21211175108256e-05,"Constant","Non-oscillating (resource_decrease=0.1)"
643.6,1.21211175108256e-05,"Constant","Non-oscillating (resource_decrease=0.1)"
643.8,1.21211175108256e-05,"Constant","Non-oscillating (resource_decrease=0.1)"
644,1.21211175108256e-05,"Constant","Non-oscillating (resource_decrease=0.1)"
644.2,1.21211175108256e-05,"Constant","Non-oscillating (resource_decrease=0.1)"
644.4,1.21211175108256e-05,"Constant","Non-oscillating (resource_decrease=0.1)"
644.6,1.21211175108256e-05,"Constant","Non-oscillating (resource_decrease=0.1)"
644.8,1.21211175108256e-05,"Constant","Non-oscillating (resource_decrease=0.1)"
645,1.21211175108256e-05,"Constant","Non-oscillating (resource_decrease=0.1)"
645.2,1.21211175108256e-05,"Constant","Non-oscillating (resource_decrease=0.1)"
645.4,1.21211175108256e-05,"Constant","Non-oscillating (resource_decrease=0.1)"
645.6,1.21211175108256e-05,"Constant","Non-oscillating (resource_decrease=0.1)"
645.8,1.21211175108256e-05,"Constant","Non-oscillating (resource_decrease=0.1)"
646,1.21211175108256e-05,"Constant","Non-oscillating (resource_decrease=0.1)"
646.2,1.21211175108256e-05,"Constant","Non-oscillating (resource_decrease=0.1)"
646.4,1.21211175108256e-05,"Constant","Non-oscillating (resource_decrease=0.1)"
646.6,1.21211175108256e-05,"Constant","Non-oscillating (resource_decrease=0.1)"
646.8,1.21211175108256e-05,"Constant","Non-oscillating (resource_decrease=0.1)"
647,1.21211175108256e-05,"Constant","Non-oscillating (resource_decrease=0.1)"
647.2,1.21211175108256e-05,"Constant","Non-oscillating (resource_decrease=0.1)"
647.4,1.21211175108256e-05,"Constant","Non-oscillating (resource_decrease=0.1)"
647.6,1.21211175108256e-05,"Constant","Non-oscillating (resource_decrease=0.1)"
647.8,1.21211175108256e-05,"Constant","Non-oscillating (resource_decrease=0.1)"
648,1.21211175108256e-05,"Constant","Non-oscillating (resource_decrease=0.1)"
648.2,1.21211175108256e-05,"Constant","Non-oscillating (resource_decrease=0.1)"
648.4,1.21211175108256e-05,"Constant","Non-oscillating (resource_decrease=0.1)"
648.6,1.21211175108256e-05,"Constant","Non-oscillating (resource_decrease=0.1)"
648.8,1.21211175108256e-05,"Constant","Non-oscillating (resource_decrease=0.1)"
649,1.21211175108256e-05,"Constant","Non-oscillating (resource_decrease=0.1)"
649.2,1.21211175108256e-05,"Constant","Non-oscillating (resource_decrease=0.1)"
649.4,1.21211175108256e-05,"Constant","Non-oscillating (resource_decrease=0.1)"
649.6,1.21211175108256e-05,"Constant","Non-oscillating (resource_decrease=0.1)"
649.8,1.21211175108256e-05,"Constant","Non-oscillating (resource_decrease=0.1)"
650,1.21211175108256e-05,"Constant","Non-oscillating (resource_decrease=0.1)"
650.2,1.21211175108256e-05,"Constant","Non-oscillating (resource_decrease=0.1)"
650.4,1.21211175108256e-05,"Constant","Non-oscillating (resource_decrease=0.1)"
650.6,1.21211175108256e-05,"Constant","Non-oscillating (resource_decrease=0.1)"
650.8,1.21211175108256e-05,"Constant","Non-oscillating (resource_decrease=0.1)"
651,1.21211175108256e-05,"Constant","Non-oscillating (resource_decrease=0.1)"
651.2,1.21211175108256e-05,"Constant","Non-oscillating (resource_decrease=0.1)"
651.4,1.21211175108256e-05,"Constant","Non-oscillating (resource_decrease=0.1)"
651.6,1.21211175108256e-05,"Constant","Non-oscillating (resource_decrease=0.1)"
651.8,1.21211175108256e-05,"Constant","Non-oscillating (resource_decrease=0.1)"
652,1.21211175108256e-05,"Constant","Non-oscillating (resource_decrease=0.1)"
652.2,1.21211175108256e-05,"Constant","Non-oscillating (resource_decrease=0.1)"
652.4,1.21211175108256e-05,"Constant","Non-oscillating (resource_decrease=0.1)"
652.6,1.21211175108256e-05,"Constant","Non-oscillating (resource_decrease=0.1)"
652.8,1.21211175108256e-05,"Constant","Non-oscillating (resource_decrease=0.1)"
653,1.21211175108256e-05,"Constant","Non-oscillating (resource_decrease=0.1)"
653.2,1.21211175108256e-05,"Constant","Non-oscillating (resource_decrease=0.1)"
653.4,1.21211175108256e-05,"Constant","Non-oscillating (resource_decrease=0.1)"
653.6,1.21211175108256e-05,"Constant","Non-oscillating (resource_decrease=0.1)"
653.8,1.21211175108256e-05,"Constant","Non-oscillating (resource_decrease=0.1)"
654,1.21211175108256e-05,"Constant","Non-oscillating (resource_decrease=0.1)"
654.2,1.21211175108256e-05,"Constant","Non-oscillating (resource_decrease=0.1)"
654.4,1.21211175108256e-05,"Constant","Non-oscillating (resource_decrease=0.1)"
654.6,1.21211175108256e-05,"Constant","Non-oscillating (resource_decrease=0.1)"
654.8,1.21211175108256e-05,"Constant","Non-oscillating (resource_decrease=0.1)"
655,1.21211175108256e-05,"Constant","Non-oscillating (resource_decrease=0.1)"
655.2,1.21211175108256e-05,"Constant","Non-oscillating (resource_decrease=0.1)"
655.4,1.21211175108256e-05,"Constant","Non-oscillating (resource_decrease=0.1)"
655.6,1.21211175108256e-05,"Constant","Non-oscillating (resource_decrease=0.1)"
655.8,1.21211175108256e-05,"Constant","Non-oscillating (resource_decrease=0.1)"
656,1.21211175108256e-05,"Constant","Non-oscillating (resource_decrease=0.1)"
656.2,1.21211175108256e-05,"Constant","Non-oscillating (resource_decrease=0.1)"
656.4,1.21211175108256e-05,"Constant","Non-oscillating (resource_decrease=0.1)"
656.6,1.21211175108256e-05,"Constant","Non-oscillating (resource_decrease=0.1)"
656.8,1.21211175108256e-05,"Constant","Non-oscillating (resource_decrease=0.1)"
657,1.21211175108256e-05,"Constant","Non-oscillating (resource_decrease=0.1)"
657.2,1.21211175108256e-05,"Constant","Non-oscillating (resource_decrease=0.1)"
657.4,1.21211175108256e-05,"Constant","Non-oscillating (resource_decrease=0.1)"
657.6,1.21211175108256e-05,"Constant","Non-oscillating (resource_decrease=0.1)"
657.8,1.21211175108256e-05,"Constant","Non-oscillating (resource_decrease=0.1)"
658,1.21211175108256e-05,"Constant","Non-oscillating (resource_decrease=0.1)"
658.2,1.21211175108256e-05,"Constant","Non-oscillating (resource_decrease=0.1)"
658.4,1.21211175108256e-05,"Constant","Non-oscillating (resource_decrease=0.1)"
658.6,1.21211175108256e-05,"Constant","Non-oscillating (resource_decrease=0.1)"
658.8,1.21211175108256e-05,"Constant","Non-oscillating (resource_decrease=0.1)"
659,1.21211175108256e-05,"Constant","Non-oscillating (resource_decrease=0.1)"
659.2,1.21211175108256e-05,"Constant","Non-oscillating (resource_decrease=0.1)"
659.4,1.21211175108256e-05,"Constant","Non-oscillating (resource_decrease=0.1)"
659.6,1.21211175108256e-05,"Constant","Non-oscillating (resource_decrease=0.1)"
659.8,1.21211175108256e-05,"Constant","Non-oscillating (resource_decrease=0.1)"
660,1.21211175108256e-05,"Constant","Non-oscillating (resource_decrease=0.1)"
660.2,1.21211175108256e-05,"Constant","Non-oscillating (resource_decrease=0.1)"
660.4,1.21211175108256e-05,"Constant","Non-oscillating (resource_decrease=0.1)"
660.6,1.21211175108256e-05,"Constant","Non-oscillating (resource_decrease=0.1)"
660.8,1.21211175108256e-05,"Constant","Non-oscillating (resource_decrease=0.1)"
661,1.21211175108256e-05,"Constant","Non-oscillating (resource_decrease=0.1)"
661.2,1.21211175108256e-05,"Constant","Non-oscillating (resource_decrease=0.1)"
661.4,1.21211175108256e-05,"Constant","Non-oscillating (resource_decrease=0.1)"
661.6,1.21211175108256e-05,"Constant","Non-oscillating (resource_decrease=0.1)"
661.8,1.21211175108256e-05,"Constant","Non-oscillating (resource_decrease=0.1)"
662,1.21211175108256e-05,"Constant","Non-oscillating (resource_decrease=0.1)"
662.2,1.21211175108256e-05,"Constant","Non-oscillating (resource_decrease=0.1)"
662.4,1.21211175108256e-05,"Constant","Non-oscillating (resource_decrease=0.1)"
662.6,1.21211175108256e-05,"Constant","Non-oscillating (resource_decrease=0.1)"
662.8,1.21211175108256e-05,"Constant","Non-oscillating (resource_decrease=0.1)"
663,1.21211175108256e-05,"Constant","Non-oscillating (resource_decrease=0.1)"
663.2,1.21211175108256e-05,"Constant","Non-oscillating (resource_decrease=0.1)"
663.4,1.21211175108256e-05,"Constant","Non-oscillating (resource_decrease=0.1)"
663.6,1.21211175108256e-05,"Constant","Non-oscillating (resource_decrease=0.1)"
663.8,1.21211175108256e-05,"Constant","Non-oscillating (resource_decrease=0.1)"
664,1.21211175108256e-05,"Constant","Non-oscillating (resource_decrease=0.1)"
664.2,1.21211175108256e-05,"Constant","Non-oscillating (resource_decrease=0.1)"
664.4,1.21211175108256e-05,"Constant","Non-oscillating (resource_decrease=0.1)"
664.6,1.21211175108256e-05,"Constant","Non-oscillating (resource_decrease=0.1)"
664.8,1.21211175108256e-05,"Constant","Non-oscillating (resource_decrease=0.1)"
665,1.21211175108256e-05,"Constant","Non-oscillating (resource_decrease=0.1)"
665.2,1.21211175108256e-05,"Constant","Non-oscillating (resource_decrease=0.1)"
665.4,1.21211175108256e-05,"Constant","Non-oscillating (resource_decrease=0.1)"
665.6,1.21211175108256e-05,"Constant","Non-oscillating (resource_decrease=0.1)"
665.8,1.21211175108256e-05,"Constant","Non-oscillating (resource_decrease=0.1)"
666,1.21211175108256e-05,"Constant","Non-oscillating (resource_decrease=0.1)"
666.2,1.21211175108256e-05,"Constant","Non-oscillating (resource_decrease=0.1)"
666.4,1.21211175108256e-05,"Constant","Non-oscillating (resource_decrease=0.1)"
666.6,1.21211175108256e-05,"Constant","Non-oscillating (resource_decrease=0.1)"
666.8,1.21211175108256e-05,"Constant","Non-oscillating (resource_decrease=0.1)"
667,1.21211175108256e-05,"Constant","Non-oscillating (resource_decrease=0.1)"
667.2,1.21211175108256e-05,"Constant","Non-oscillating (resource_decrease=0.1)"
667.4,1.21211175108256e-05,"Constant","Non-oscillating (resource_decrease=0.1)"
667.6,1.21211175108256e-05,"Constant","Non-oscillating (resource_decrease=0.1)"
667.8,1.21211175108256e-05,"Constant","Non-oscillating (resource_decrease=0.1)"
668,1.21211175108256e-05,"Constant","Non-oscillating (resource_decrease=0.1)"
668.2,1.21211175108256e-05,"Constant","Non-oscillating (resource_decrease=0.1)"
668.4,1.21211175108256e-05,"Constant","Non-oscillating (resource_decrease=0.1)"
668.6,1.21211175108256e-05,"Constant","Non-oscillating (resource_decrease=0.1)"
668.8,1.21211175108256e-05,"Constant","Non-oscillating (resource_decrease=0.1)"
669,1.21211175108256e-05,"Constant","Non-oscillating (resource_decrease=0.1)"
669.2,1.21211175108256e-05,"Constant","Non-oscillating (resource_decrease=0.1)"
669.4,1.21211175108256e-05,"Constant","Non-oscillating (resource_decrease=0.1)"
669.6,1.21211175108256e-05,"Constant","Non-oscillating (resource_decrease=0.1)"
669.8,1.21211175108256e-05,"Constant","Non-oscillating (resource_decrease=0.1)"
670,1.21211175108256e-05,"Constant","Non-oscillating (resource_decrease=0.1)"
670.2,1.21211175108256e-05,"Constant","Non-oscillating (resource_decrease=0.1)"
670.4,1.21211175108256e-05,"Constant","Non-oscillating (resource_decrease=0.1)"
670.6,1.21211175108256e-05,"Constant","Non-oscillating (resource_decrease=0.1)"
670.8,1.21211175108256e-05,"Constant","Non-oscillating (resource_decrease=0.1)"
671,1.21211175108256e-05,"Constant","Non-oscillating (resource_decrease=0.1)"
671.2,1.21211175108256e-05,"Constant","Non-oscillating (resource_decrease=0.1)"
671.4,1.21211175108256e-05,"Constant","Non-oscillating (resource_decrease=0.1)"
671.6,1.21211175108256e-05,"Constant","Non-oscillating (resource_decrease=0.1)"
671.8,1.21211175108256e-05,"Constant","Non-oscillating (resource_decrease=0.1)"
672,1.21211175108256e-05,"Constant","Non-oscillating (resource_decrease=0.1)"
672.2,1.21211175108256e-05,"Constant","Non-oscillating (resource_decrease=0.1)"
672.4,1.21211175108256e-05,"Constant","Non-oscillating (resource_decrease=0.1)"
672.6,1.21211175108256e-05,"Constant","Non-oscillating (resource_decrease=0.1)"
672.8,1.21211175108256e-05,"Constant","Non-oscillating (resource_decrease=0.1)"
673,1.21211175108256e-05,"Constant","Non-oscillating (resource_decrease=0.1)"
673.2,1.21211175108256e-05,"Constant","Non-oscillating (resource_decrease=0.1)"
673.4,1.21211175108256e-05,"Constant","Non-oscillating (resource_decrease=0.1)"
673.6,1.21211175108256e-05,"Constant","Non-oscillating (resource_decrease=0.1)"
673.8,1.21211175108256e-05,"Constant","Non-oscillating (resource_decrease=0.1)"
674,1.21211175108256e-05,"Constant","Non-oscillating (resource_decrease=0.1)"
674.2,1.21211175108256e-05,"Constant","Non-oscillating (resource_decrease=0.1)"
674.4,1.21211175108256e-05,"Constant","Non-oscillating (resource_decrease=0.1)"
674.6,1.21211175108256e-05,"Constant","Non-oscillating (resource_decrease=0.1)"
674.8,1.21211175108256e-05,"Constant","Non-oscillating (resource_decrease=0.1)"
675,1.21211175108256e-05,"Constant","Non-oscillating (resource_decrease=0.1)"
675.2,1.21211175108256e-05,"Constant","Non-oscillating (resource_decrease=0.1)"
675.4,1.21211175108256e-05,"Constant","Non-oscillating (resource_decrease=0.1)"
675.6,1.21211175108256e-05,"Constant","Non-oscillating (resource_decrease=0.1)"
675.8,1.21211175108256e-05,"Constant","Non-oscillating (resource_decrease=0.1)"
676,1.21211175108256e-05,"Constant","Non-oscillating (resource_decrease=0.1)"
676.2,1.21211175108256e-05,"Constant","Non-oscillating (resource_decrease=0.1)"
676.4,1.21211175108256e-05,"Constant","Non-oscillating (resource_decrease=0.1)"
676.6,1.21211175108256e-05,"Constant","Non-oscillating (resource_decrease=0.1)"
676.8,1.21211175108256e-05,"Constant","Non-oscillating (resource_decrease=0.1)"
677,1.21211175108256e-05,"Constant","Non-oscillating (resource_decrease=0.1)"
677.2,1.21211175108256e-05,"Constant","Non-oscillating (resource_decrease=0.1)"
677.4,1.21211175108256e-05,"Constant","Non-oscillating (resource_decrease=0.1)"
677.6,1.21211175108256e-05,"Constant","Non-oscillating (resource_decrease=0.1)"
677.8,1.21211175108256e-05,"Constant","Non-oscillating (resource_decrease=0.1)"
678,1.21211175108256e-05,"Constant","Non-oscillating (resource_decrease=0.1)"
678.2,1.21211175108256e-05,"Constant","Non-oscillating (resource_decrease=0.1)"
678.4,1.21211175108256e-05,"Constant","Non-oscillating (resource_decrease=0.1)"
678.6,1.21211175108256e-05,"Constant","Non-oscillating (resource_decrease=0.1)"
678.8,1.21211175108256e-05,"Constant","Non-oscillating (resource_decrease=0.1)"
679,1.21211175108256e-05,"Constant","Non-oscillating (resource_decrease=0.1)"
679.2,1.21211175108256e-05,"Constant","Non-oscillating (resource_decrease=0.1)"
679.4,1.21211175108256e-05,"Constant","Non-oscillating (resource_decrease=0.1)"
679.6,1.21211175108256e-05,"Constant","Non-oscillating (resource_decrease=0.1)"
679.8,1.21211175108256e-05,"Constant","Non-oscillating (resource_decrease=0.1)"
680,1.21211175108256e-05,"Constant","Non-oscillating (resource_decrease=0.1)"
680.2,1.21211175108256e-05,"Constant","Non-oscillating (resource_decrease=0.1)"
680.4,1.21211175108256e-05,"Constant","Non-oscillating (resource_decrease=0.1)"
680.6,1.21211175108256e-05,"Constant","Non-oscillating (resource_decrease=0.1)"
680.8,1.21211175108256e-05,"Constant","Non-oscillating (resource_decrease=0.1)"
681,1.21211175108256e-05,"Constant","Non-oscillating (resource_decrease=0.1)"
681.2,1.21211175108256e-05,"Constant","Non-oscillating (resource_decrease=0.1)"
681.4,1.21211175108256e-05,"Constant","Non-oscillating (resource_decrease=0.1)"
681.6,1.21211175108256e-05,"Constant","Non-oscillating (resource_decrease=0.1)"
681.8,1.21211175108256e-05,"Constant","Non-oscillating (resource_decrease=0.1)"
682,1.21211175108256e-05,"Constant","Non-oscillating (resource_decrease=0.1)"
682.2,1.21211175108256e-05,"Constant","Non-oscillating (resource_decrease=0.1)"
682.4,1.21211175108256e-05,"Constant","Non-oscillating (resource_decrease=0.1)"
682.6,1.21211175108256e-05,"Constant","Non-oscillating (resource_decrease=0.1)"
682.8,1.21211175108256e-05,"Constant","Non-oscillating (resource_decrease=0.1)"
683,1.21211175108256e-05,"Constant","Non-oscillating (resource_decrease=0.1)"
683.2,1.21211175108256e-05,"Constant","Non-oscillating (resource_decrease=0.1)"
683.4,1.21211175108256e-05,"Constant","Non-oscillating (resource_decrease=0.1)"
683.6,1.21211175108256e-05,"Constant","Non-oscillating (resource_decrease=0.1)"
683.8,1.21211175108256e-05,"Constant","Non-oscillating (resource_decrease=0.1)"
684,1.21211175108256e-05,"Constant","Non-oscillating (resource_decrease=0.1)"
684.2,1.21211175108256e-05,"Constant","Non-oscillating (resource_decrease=0.1)"
684.4,1.21211175108256e-05,"Constant","Non-oscillating (resource_decrease=0.1)"
684.6,1.21211175108256e-05,"Constant","Non-oscillating (resource_decrease=0.1)"
684.8,1.21211175108256e-05,"Constant","Non-oscillating (resource_decrease=0.1)"
685,1.21211175108256e-05,"Constant","Non-oscillating (resource_decrease=0.1)"
685.2,1.21211175108256e-05,"Constant","Non-oscillating (resource_decrease=0.1)"
685.4,1.21211175108256e-05,"Constant","Non-oscillating (resource_decrease=0.1)"
685.6,1.21211175108256e-05,"Constant","Non-oscillating (resource_decrease=0.1)"
685.8,1.21211175108256e-05,"Constant","Non-oscillating (resource_decrease=0.1)"
686,1.21211175108256e-05,"Constant","Non-oscillating (resource_decrease=0.1)"
686.2,1.21211175108256e-05,"Constant","Non-oscillating (resource_decrease=0.1)"
686.4,1.21211175108256e-05,"Constant","Non-oscillating (resource_decrease=0.1)"
686.6,1.21211175108256e-05,"Constant","Non-oscillating (resource_decrease=0.1)"
686.8,1.21211175108256e-05,"Constant","Non-oscillating (resource_decrease=0.1)"
687,1.21211175108256e-05,"Constant","Non-oscillating (resource_decrease=0.1)"
687.2,1.21211175108256e-05,"Constant","Non-oscillating (resource_decrease=0.1)"
687.4,1.21211175108256e-05,"Constant","Non-oscillating (resource_decrease=0.1)"
687.6,1.21211175108256e-05,"Constant","Non-oscillating (resource_decrease=0.1)"
687.8,1.21211175108256e-05,"Constant","Non-oscillating (resource_decrease=0.1)"
688,1.21211175108256e-05,"Constant","Non-oscillating (resource_decrease=0.1)"
688.2,1.21211175108256e-05,"Constant","Non-oscillating (resource_decrease=0.1)"
688.4,1.21211175108256e-05,"Constant","Non-oscillating (resource_decrease=0.1)"
688.6,1.21211175108256e-05,"Constant","Non-oscillating (resource_decrease=0.1)"
688.8,1.21211175108256e-05,"Constant","Non-oscillating (resource_decrease=0.1)"
689,1.21211175108256e-05,"Constant","Non-oscillating (resource_decrease=0.1)"
689.2,1.21211175108256e-05,"Constant","Non-oscillating (resource_decrease=0.1)"
689.4,1.21211175108256e-05,"Constant","Non-oscillating (resource_decrease=0.1)"
689.6,1.21211175108256e-05,"Constant","Non-oscillating (resource_decrease=0.1)"
689.8,1.21211175108256e-05,"Constant","Non-oscillating (resource_decrease=0.1)"
690,1.21211175108256e-05,"Constant","Non-oscillating (resource_decrease=0.1)"
690.2,1.21211175108256e-05,"Constant","Non-oscillating (resource_decrease=0.1)"
690.4,1.21211175108256e-05,"Constant","Non-oscillating (resource_decrease=0.1)"
690.6,1.21211175108256e-05,"Constant","Non-oscillating (resource_decrease=0.1)"
690.8,1.21211175108256e-05,"Constant","Non-oscillating (resource_decrease=0.1)"
691,1.21211175108256e-05,"Constant","Non-oscillating (resource_decrease=0.1)"
691.2,1.21211175108256e-05,"Constant","Non-oscillating (resource_decrease=0.1)"
691.4,1.21211175108256e-05,"Constant","Non-oscillating (resource_decrease=0.1)"
691.6,1.21211175108256e-05,"Constant","Non-oscillating (resource_decrease=0.1)"
691.8,1.21211175108256e-05,"Constant","Non-oscillating (resource_decrease=0.1)"
692,1.21211175108256e-05,"Constant","Non-oscillating (resource_decrease=0.1)"
692.2,1.21211175108256e-05,"Constant","Non-oscillating (resource_decrease=0.1)"
692.4,1.21211175108256e-05,"Constant","Non-oscillating (resource_decrease=0.1)"
692.6,1.21211175108256e-05,"Constant","Non-oscillating (resource_decrease=0.1)"
692.8,1.21211175108256e-05,"Constant","Non-oscillating (resource_decrease=0.1)"
693,1.21211175108256e-05,"Constant","Non-oscillating (resource_decrease=0.1)"
693.2,1.21211175108256e-05,"Constant","Non-oscillating (resource_decrease=0.1)"
693.4,1.21211175108256e-05,"Constant","Non-oscillating (resource_decrease=0.1)"
693.6,1.21211175108256e-05,"Constant","Non-oscillating (resource_decrease=0.1)"
693.8,1.21211175108256e-05,"Constant","Non-oscillating (resource_decrease=0.1)"
694,1.21211175108256e-05,"Constant","Non-oscillating (resource_decrease=0.1)"
694.2,1.21211175108256e-05,"Constant","Non-oscillating (resource_decrease=0.1)"
694.4,1.21211175108256e-05,"Constant","Non-oscillating (resource_decrease=0.1)"
694.6,1.21211175108256e-05,"Constant","Non-oscillating (resource_decrease=0.1)"
694.8,1.21211175108256e-05,"Constant","Non-oscillating (resource_decrease=0.1)"
695,1.21211175108256e-05,"Constant","Non-oscillating (resource_decrease=0.1)"
695.2,1.21211175108256e-05,"Constant","Non-oscillating (resource_decrease=0.1)"
695.4,1.21211175108256e-05,"Constant","Non-oscillating (resource_decrease=0.1)"
695.6,1.21211175108256e-05,"Constant","Non-oscillating (resource_decrease=0.1)"
695.8,1.21211175108256e-05,"Constant","Non-oscillating (resource_decrease=0.1)"
696,1.21211175108256e-05,"Constant","Non-oscillating (resource_decrease=0.1)"
696.2,1.21211175108256e-05,"Constant","Non-oscillating (resource_decrease=0.1)"
696.4,1.21211175108256e-05,"Constant","Non-oscillating (resource_decrease=0.1)"
696.6,1.21211175108256e-05,"Constant","Non-oscillating (resource_decrease=0.1)"
696.8,1.21211175108256e-05,"Constant","Non-oscillating (resource_decrease=0.1)"
697,1.21211175108256e-05,"Constant","Non-oscillating (resource_decrease=0.1)"
697.2,1.21211175108256e-05,"Constant","Non-oscillating (resource_decrease=0.1)"
697.4,1.21211175108256e-05,"Constant","Non-oscillating (resource_decrease=0.1)"
697.6,1.21211175108256e-05,"Constant","Non-oscillating (resource_decrease=0.1)"
697.8,1.21211175108256e-05,"Constant","Non-oscillating (resource_decrease=0.1)"
698,1.21211175108256e-05,"Constant","Non-oscillating (resource_decrease=0.1)"
698.2,1.21211175108256e-05,"Constant","Non-oscillating (resource_decrease=0.1)"
698.4,1.21211175108256e-05,"Constant","Non-oscillating (resource_decrease=0.1)"
698.6,1.21211175108256e-05,"Constant","Non-oscillating (resource_decrease=0.1)"
698.8,1.21211175108256e-05,"Constant","Non-oscillating (resource_decrease=0.1)"
699,1.21211175108256e-05,"Constant","Non-oscillating (resource_decrease=0.1)"
699.2,1.21211175108256e-05,"Constant","Non-oscillating (resource_decrease=0.1)"
699.4,1.21211175108256e-05,"Constant","Non-oscillating (resource_decrease=0.1)"
699.6,1.21211175108256e-05,"Constant","Non-oscillating (resource_decrease=0.1)"
699.8,1.21211175108256e-05,"Constant","Non-oscillating (resource_decrease=0.1)"
700,1.21211175108256e-05,"Constant","Non-oscillating (resource_decrease=0.1)"
700.2,1.21211175108256e-05,"Constant","Non-oscillating (resource_decrease=0.1)"
700.4,1.21211175108256e-05,"Constant","Non-oscillating (resource_decrease=0.1)"
700.6,1.21211175108256e-05,"Constant","Non-oscillating (resource_decrease=0.1)"
700.8,1.21211175108256e-05,"Constant","Non-oscillating (resource_decrease=0.1)"
701,1.21211175108256e-05,"Constant","Non-oscillating (resource_decrease=0.1)"
701.2,1.21211175108256e-05,"Constant","Non-oscillating (resource_decrease=0.1)"
701.4,1.21211175108256e-05,"Constant","Non-oscillating (resource_decrease=0.1)"
701.6,1.21211175108256e-05,"Constant","Non-oscillating (resource_decrease=0.1)"
701.8,1.21211175108256e-05,"Constant","Non-oscillating (resource_decrease=0.1)"
702,1.21211175108256e-05,"Constant","Non-oscillating (resource_decrease=0.1)"
702.2,1.21211175108256e-05,"Constant","Non-oscillating (resource_decrease=0.1)"
702.4,1.21211175108256e-05,"Constant","Non-oscillating (resource_decrease=0.1)"
702.6,1.21211175108256e-05,"Constant","Non-oscillating (resource_decrease=0.1)"
702.8,1.21211175108256e-05,"Constant","Non-oscillating (resource_decrease=0.1)"
703,1.21211175108256e-05,"Constant","Non-oscillating (resource_decrease=0.1)"
703.2,1.21211175108256e-05,"Constant","Non-oscillating (resource_decrease=0.1)"
703.4,1.21211175108256e-05,"Constant","Non-oscillating (resource_decrease=0.1)"
703.6,1.21211175108256e-05,"Constant","Non-oscillating (resource_decrease=0.1)"
703.8,1.21211175108256e-05,"Constant","Non-oscillating (resource_decrease=0.1)"
704,1.21211175108256e-05,"Constant","Non-oscillating (resource_decrease=0.1)"
704.2,1.21211175108256e-05,"Constant","Non-oscillating (resource_decrease=0.1)"
704.4,1.21211175108256e-05,"Constant","Non-oscillating (resource_decrease=0.1)"
704.6,1.21211175108256e-05,"Constant","Non-oscillating (resource_decrease=0.1)"
704.8,1.21211175108256e-05,"Constant","Non-oscillating (resource_decrease=0.1)"
705,1.21211175108256e-05,"Constant","Non-oscillating (resource_decrease=0.1)"
705.2,1.21211175108256e-05,"Constant","Non-oscillating (resource_decrease=0.1)"
705.4,1.21211175108256e-05,"Constant","Non-oscillating (resource_decrease=0.1)"
705.6,1.21211175108256e-05,"Constant","Non-oscillating (resource_decrease=0.1)"
705.8,1.21211175108256e-05,"Constant","Non-oscillating (resource_decrease=0.1)"
706,1.21211175108256e-05,"Constant","Non-oscillating (resource_decrease=0.1)"
706.2,1.21211175108256e-05,"Constant","Non-oscillating (resource_decrease=0.1)"
706.4,1.21211175108256e-05,"Constant","Non-oscillating (resource_decrease=0.1)"
706.6,1.21211175108256e-05,"Constant","Non-oscillating (resource_decrease=0.1)"
706.8,1.21211175108256e-05,"Constant","Non-oscillating (resource_decrease=0.1)"
707,1.21211175108256e-05,"Constant","Non-oscillating (resource_decrease=0.1)"
707.2,1.21211175108256e-05,"Constant","Non-oscillating (resource_decrease=0.1)"
707.4,1.21211175108256e-05,"Constant","Non-oscillating (resource_decrease=0.1)"
707.6,1.21211175108256e-05,"Constant","Non-oscillating (resource_decrease=0.1)"
707.8,1.21211175108256e-05,"Constant","Non-oscillating (resource_decrease=0.1)"
708,1.21211175108256e-05,"Constant","Non-oscillating (resource_decrease=0.1)"
708.2,1.21211175108256e-05,"Constant","Non-oscillating (resource_decrease=0.1)"
708.4,1.21211175108256e-05,"Constant","Non-oscillating (resource_decrease=0.1)"
708.6,1.21211175108256e-05,"Constant","Non-oscillating (resource_decrease=0.1)"
708.8,1.21211175108256e-05,"Constant","Non-oscillating (resource_decrease=0.1)"
709,1.21211175108256e-05,"Constant","Non-oscillating (resource_decrease=0.1)"
709.2,1.21211175108256e-05,"Constant","Non-oscillating (resource_decrease=0.1)"
709.4,1.21211175108256e-05,"Constant","Non-oscillating (resource_decrease=0.1)"
709.6,1.21211175108256e-05,"Constant","Non-oscillating (resource_decrease=0.1)"
709.8,1.21211175108256e-05,"Constant","Non-oscillating (resource_decrease=0.1)"
710,1.21211175108256e-05,"Constant","Non-oscillating (resource_decrease=0.1)"
710.2,1.21211175108256e-05,"Constant","Non-oscillating (resource_decrease=0.1)"
710.4,1.21211175108256e-05,"Constant","Non-oscillating (resource_decrease=0.1)"
710.6,1.21211175108256e-05,"Constant","Non-oscillating (resource_decrease=0.1)"
710.8,1.21211175108256e-05,"Constant","Non-oscillating (resource_decrease=0.1)"
711,1.21211175108256e-05,"Constant","Non-oscillating (resource_decrease=0.1)"
711.2,1.21211175108256e-05,"Constant","Non-oscillating (resource_decrease=0.1)"
711.4,1.21211175108256e-05,"Constant","Non-oscillating (resource_decrease=0.1)"
711.6,1.21211175108256e-05,"Constant","Non-oscillating (resource_decrease=0.1)"
711.8,1.21211175108256e-05,"Constant","Non-oscillating (resource_decrease=0.1)"
712,1.21211175108256e-05,"Constant","Non-oscillating (resource_decrease=0.1)"
712.2,1.21211175108256e-05,"Constant","Non-oscillating (resource_decrease=0.1)"
712.4,1.21211175108256e-05,"Constant","Non-oscillating (resource_decrease=0.1)"
712.6,1.21211175108256e-05,"Constant","Non-oscillating (resource_decrease=0.1)"
712.8,1.21211175108256e-05,"Constant","Non-oscillating (resource_decrease=0.1)"
713,1.21211175108256e-05,"Constant","Non-oscillating (resource_decrease=0.1)"
713.2,1.21211175108256e-05,"Constant","Non-oscillating (resource_decrease=0.1)"
713.4,1.21211175108256e-05,"Constant","Non-oscillating (resource_decrease=0.1)"
713.6,1.21211175108256e-05,"Constant","Non-oscillating (resource_decrease=0.1)"
713.8,1.21211175108256e-05,"Constant","Non-oscillating (resource_decrease=0.1)"
714,1.21211175108256e-05,"Constant","Non-oscillating (resource_decrease=0.1)"
714.2,1.21211175108256e-05,"Constant","Non-oscillating (resource_decrease=0.1)"
714.4,1.21211175108256e-05,"Constant","Non-oscillating (resource_decrease=0.1)"
714.6,1.21211175108256e-05,"Constant","Non-oscillating (resource_decrease=0.1)"
714.8,1.21211175108256e-05,"Constant","Non-oscillating (resource_decrease=0.1)"
715,1.21211175108256e-05,"Constant","Non-oscillating (resource_decrease=0.1)"
715.2,1.21211175108256e-05,"Constant","Non-oscillating (resource_decrease=0.1)"
715.4,1.21211175108256e-05,"Constant","Non-oscillating (resource_decrease=0.1)"
715.6,1.21211175108256e-05,"Constant","Non-oscillating (resource_decrease=0.1)"
715.8,1.21211175108256e-05,"Constant","Non-oscillating (resource_decrease=0.1)"
716,1.21211175108256e-05,"Constant","Non-oscillating (resource_decrease=0.1)"
716.2,1.21211175108256e-05,"Constant","Non-oscillating (resource_decrease=0.1)"
716.4,1.21211175108256e-05,"Constant","Non-oscillating (resource_decrease=0.1)"
716.6,1.21211175108256e-05,"Constant","Non-oscillating (resource_decrease=0.1)"
716.8,1.21211175108256e-05,"Constant","Non-oscillating (resource_decrease=0.1)"
717,1.21211175108256e-05,"Constant","Non-oscillating (resource_decrease=0.1)"
717.2,1.21211175108256e-05,"Constant","Non-oscillating (resource_decrease=0.1)"
717.4,1.21211175108256e-05,"Constant","Non-oscillating (resource_decrease=0.1)"
717.6,1.21211175108256e-05,"Constant","Non-oscillating (resource_decrease=0.1)"
717.8,1.21211175108256e-05,"Constant","Non-oscillating (resource_decrease=0.1)"
718,1.21211175108256e-05,"Constant","Non-oscillating (resource_decrease=0.1)"
718.2,1.21211175108256e-05,"Constant","Non-oscillating (resource_decrease=0.1)"
718.4,1.21211175108256e-05,"Constant","Non-oscillating (resource_decrease=0.1)"
718.6,1.21211175108256e-05,"Constant","Non-oscillating (resource_decrease=0.1)"
718.8,1.21211175108256e-05,"Constant","Non-oscillating (resource_decrease=0.1)"
719,1.21211175108256e-05,"Constant","Non-oscillating (resource_decrease=0.1)"
719.2,1.21211175108256e-05,"Constant","Non-oscillating (resource_decrease=0.1)"
719.4,1.21211175108256e-05,"Constant","Non-oscillating (resource_decrease=0.1)"
719.6,1.21211175108256e-05,"Constant","Non-oscillating (resource_decrease=0.1)"
719.8,1.21211175108256e-05,"Constant","Non-oscillating (resource_decrease=0.1)"
720,1.21211175108256e-05,"Constant","Non-oscillating (resource_decrease=0.1)"
720.2,1.21211175108256e-05,"Constant","Non-oscillating (resource_decrease=0.1)"
720.4,1.21211175108256e-05,"Constant","Non-oscillating (resource_decrease=0.1)"
720.6,1.21211175108256e-05,"Constant","Non-oscillating (resource_decrease=0.1)"
720.8,1.21211175108256e-05,"Constant","Non-oscillating (resource_decrease=0.1)"
721,1.21211175108256e-05,"Constant","Non-oscillating (resource_decrease=0.1)"
721.2,1.21211175108256e-05,"Constant","Non-oscillating (resource_decrease=0.1)"
721.4,1.21211175108256e-05,"Constant","Non-oscillating (resource_decrease=0.1)"
721.6,1.21211175108256e-05,"Constant","Non-oscillating (resource_decrease=0.1)"
721.8,1.21211175108256e-05,"Constant","Non-oscillating (resource_decrease=0.1)"
722,1.21211175108256e-05,"Constant","Non-oscillating (resource_decrease=0.1)"
722.2,1.21211175108256e-05,"Constant","Non-oscillating (resource_decrease=0.1)"
722.4,1.21211175108256e-05,"Constant","Non-oscillating (resource_decrease=0.1)"
722.6,1.21211175108256e-05,"Constant","Non-oscillating (resource_decrease=0.1)"
722.8,1.21211175108256e-05,"Constant","Non-oscillating (resource_decrease=0.1)"
723,1.21211175108256e-05,"Constant","Non-oscillating (resource_decrease=0.1)"
723.2,1.21211175108256e-05,"Constant","Non-oscillating (resource_decrease=0.1)"
723.4,1.21211175108256e-05,"Constant","Non-oscillating (resource_decrease=0.1)"
723.6,1.21211175108256e-05,"Constant","Non-oscillating (resource_decrease=0.1)"
723.8,1.21211175108256e-05,"Constant","Non-oscillating (resource_decrease=0.1)"
724,1.21211175108256e-05,"Constant","Non-oscillating (resource_decrease=0.1)"
724.2,1.21211175108256e-05,"Constant","Non-oscillating (resource_decrease=0.1)"
724.4,1.21211175108256e-05,"Constant","Non-oscillating (resource_decrease=0.1)"
724.6,1.21211175108256e-05,"Constant","Non-oscillating (resource_decrease=0.1)"
724.8,1.21211175108256e-05,"Constant","Non-oscillating (resource_decrease=0.1)"
725,1.21211175108256e-05,"Constant","Non-oscillating (resource_decrease=0.1)"
725.2,1.21211175108256e-05,"Constant","Non-oscillating (resource_decrease=0.1)"
725.4,1.21211175108256e-05,"Constant","Non-oscillating (resource_decrease=0.1)"
725.6,1.21211175108256e-05,"Constant","Non-oscillating (resource_decrease=0.1)"
725.8,1.21211175108256e-05,"Constant","Non-oscillating (resource_decrease=0.1)"
726,1.21211175108256e-05,"Constant","Non-oscillating (resource_decrease=0.1)"
726.2,1.21211175108256e-05,"Constant","Non-oscillating (resource_decrease=0.1)"
726.4,1.21211175108256e-05,"Constant","Non-oscillating (resource_decrease=0.1)"
726.6,1.21211175108256e-05,"Constant","Non-oscillating (resource_decrease=0.1)"
726.8,1.21211175108256e-05,"Constant","Non-oscillating (resource_decrease=0.1)"
727,1.21211175108256e-05,"Constant","Non-oscillating (resource_decrease=0.1)"
727.2,1.21211175108256e-05,"Constant","Non-oscillating (resource_decrease=0.1)"
727.4,1.21211175108256e-05,"Constant","Non-oscillating (resource_decrease=0.1)"
727.6,1.21211175108256e-05,"Constant","Non-oscillating (resource_decrease=0.1)"
727.8,1.21211175108256e-05,"Constant","Non-oscillating (resource_decrease=0.1)"
728,1.21211175108256e-05,"Constant","Non-oscillating (resource_decrease=0.1)"
728.2,1.21211175108256e-05,"Constant","Non-oscillating (resource_decrease=0.1)"
728.4,1.21211175108256e-05,"Constant","Non-oscillating (resource_decrease=0.1)"
728.6,1.21211175108256e-05,"Constant","Non-oscillating (resource_decrease=0.1)"
728.8,1.21211175108256e-05,"Constant","Non-oscillating (resource_decrease=0.1)"
729,1.21211175108256e-05,"Constant","Non-oscillating (resource_decrease=0.1)"
729.2,1.21211175108256e-05,"Constant","Non-oscillating (resource_decrease=0.1)"
729.4,1.21211175108256e-05,"Constant","Non-oscillating (resource_decrease=0.1)"
729.6,1.21211175108256e-05,"Constant","Non-oscillating (resource_decrease=0.1)"
729.8,1.21211175108256e-05,"Constant","Non-oscillating (resource_decrease=0.1)"
730,1.21211175108256e-05,"Constant","Non-oscillating (resource_decrease=0.1)"
730.2,1.21211175108256e-05,"Constant","Non-oscillating (resource_decrease=0.1)"
730.4,1.21211175108256e-05,"Constant","Non-oscillating (resource_decrease=0.1)"
730.6,1.21211175108256e-05,"Constant","Non-oscillating (resource_decrease=0.1)"
730.8,1.21211175108256e-05,"Constant","Non-oscillating (resource_decrease=0.1)"
731,1.21211175108256e-05,"Constant","Non-oscillating (resource_decrease=0.1)"
731.2,1.21211175108256e-05,"Constant","Non-oscillating (resource_decrease=0.1)"
731.4,1.21211175108256e-05,"Constant","Non-oscillating (resource_decrease=0.1)"
731.6,1.21211175108256e-05,"Constant","Non-oscillating (resource_decrease=0.1)"
731.8,1.21211175108256e-05,"Constant","Non-oscillating (resource_decrease=0.1)"
732,1.21211175108256e-05,"Constant","Non-oscillating (resource_decrease=0.1)"
732.2,1.21211175108256e-05,"Constant","Non-oscillating (resource_decrease=0.1)"
732.4,1.21211175108256e-05,"Constant","Non-oscillating (resource_decrease=0.1)"
732.6,1.21211175108256e-05,"Constant","Non-oscillating (resource_decrease=0.1)"
732.8,1.21211175108256e-05,"Constant","Non-oscillating (resource_decrease=0.1)"
733,1.21211175108256e-05,"Constant","Non-oscillating (resource_decrease=0.1)"
733.2,1.21211175108256e-05,"Constant","Non-oscillating (resource_decrease=0.1)"
733.4,1.21211175108256e-05,"Constant","Non-oscillating (resource_decrease=0.1)"
733.6,1.21211175108256e-05,"Constant","Non-oscillating (resource_decrease=0.1)"
733.8,1.21211175108256e-05,"Constant","Non-oscillating (resource_decrease=0.1)"
734,1.21211175108256e-05,"Constant","Non-oscillating (resource_decrease=0.1)"
734.2,1.21211175108256e-05,"Constant","Non-oscillating (resource_decrease=0.1)"
734.4,1.21211175108256e-05,"Constant","Non-oscillating (resource_decrease=0.1)"
734.6,1.21211175108256e-05,"Constant","Non-oscillating (resource_decrease=0.1)"
734.8,1.21211175108256e-05,"Constant","Non-oscillating (resource_decrease=0.1)"
735,1.21211175108256e-05,"Constant","Non-oscillating (resource_decrease=0.1)"
735.2,1.21211175108256e-05,"Constant","Non-oscillating (resource_decrease=0.1)"
735.4,1.21211175108256e-05,"Constant","Non-oscillating (resource_decrease=0.1)"
735.6,1.21211175108256e-05,"Constant","Non-oscillating (resource_decrease=0.1)"
735.8,1.21211175108256e-05,"Constant","Non-oscillating (resource_decrease=0.1)"
736,1.21211175108256e-05,"Constant","Non-oscillating (resource_decrease=0.1)"
736.2,1.21211175108256e-05,"Constant","Non-oscillating (resource_decrease=0.1)"
736.4,1.21211175108256e-05,"Constant","Non-oscillating (resource_decrease=0.1)"
736.6,1.21211175108256e-05,"Constant","Non-oscillating (resource_decrease=0.1)"
736.8,1.21211175108256e-05,"Constant","Non-oscillating (resource_decrease=0.1)"
737,1.21211175108256e-05,"Constant","Non-oscillating (resource_decrease=0.1)"
737.2,1.21211175108256e-05,"Constant","Non-oscillating (resource_decrease=0.1)"
737.4,1.21211175108256e-05,"Constant","Non-oscillating (resource_decrease=0.1)"
737.6,1.21211175108256e-05,"Constant","Non-oscillating (resource_decrease=0.1)"
737.8,1.21211175108256e-05,"Constant","Non-oscillating (resource_decrease=0.1)"
738,1.21211175108256e-05,"Constant","Non-oscillating (resource_decrease=0.1)"
738.2,1.21211175108256e-05,"Constant","Non-oscillating (resource_decrease=0.1)"
738.4,1.21211175108256e-05,"Constant","Non-oscillating (resource_decrease=0.1)"
738.6,1.21211175108256e-05,"Constant","Non-oscillating (resource_decrease=0.1)"
738.8,1.21211175108256e-05,"Constant","Non-oscillating (resource_decrease=0.1)"
739,1.21211175108256e-05,"Constant","Non-oscillating (resource_decrease=0.1)"
739.2,1.21211175108256e-05,"Constant","Non-oscillating (resource_decrease=0.1)"
739.4,1.21211175108256e-05,"Constant","Non-oscillating (resource_decrease=0.1)"
739.6,1.21211175108256e-05,"Constant","Non-oscillating (resource_decrease=0.1)"
739.8,1.21211175108256e-05,"Constant","Non-oscillating (resource_decrease=0.1)"
740,1.21211175108256e-05,"Constant","Non-oscillating (resource_decrease=0.1)"
740.2,1.21211175108256e-05,"Constant","Non-oscillating (resource_decrease=0.1)"
740.4,1.21211175108256e-05,"Constant","Non-oscillating (resource_decrease=0.1)"
740.6,1.21211175108256e-05,"Constant","Non-oscillating (resource_decrease=0.1)"
740.8,1.21211175108256e-05,"Constant","Non-oscillating (resource_decrease=0.1)"
741,1.21211175108256e-05,"Constant","Non-oscillating (resource_decrease=0.1)"
741.2,1.21211175108256e-05,"Constant","Non-oscillating (resource_decrease=0.1)"
741.4,1.21211175108256e-05,"Constant","Non-oscillating (resource_decrease=0.1)"
741.6,1.21211175108256e-05,"Constant","Non-oscillating (resource_decrease=0.1)"
741.8,1.21211175108256e-05,"Constant","Non-oscillating (resource_decrease=0.1)"
742,1.21211175108256e-05,"Constant","Non-oscillating (resource_decrease=0.1)"
742.2,1.21211175108256e-05,"Constant","Non-oscillating (resource_decrease=0.1)"
742.4,1.21211175108256e-05,"Constant","Non-oscillating (resource_decrease=0.1)"
742.6,1.21211175108256e-05,"Constant","Non-oscillating (resource_decrease=0.1)"
742.8,1.21211175108256e-05,"Constant","Non-oscillating (resource_decrease=0.1)"
743,1.21211175108256e-05,"Constant","Non-oscillating (resource_decrease=0.1)"
743.2,1.21211175108256e-05,"Constant","Non-oscillating (resource_decrease=0.1)"
743.4,1.21211175108256e-05,"Constant","Non-oscillating (resource_decrease=0.1)"
743.6,1.21211175108256e-05,"Constant","Non-oscillating (resource_decrease=0.1)"
743.8,1.21211175108256e-05,"Constant","Non-oscillating (resource_decrease=0.1)"
744,1.21211175108256e-05,"Constant","Non-oscillating (resource_decrease=0.1)"
744.2,1.21211175108256e-05,"Constant","Non-oscillating (resource_decrease=0.1)"
744.4,1.21211175108256e-05,"Constant","Non-oscillating (resource_decrease=0.1)"
744.6,1.21211175108256e-05,"Constant","Non-oscillating (resource_decrease=0.1)"
744.8,1.21211175108256e-05,"Constant","Non-oscillating (resource_decrease=0.1)"
745,1.21211175108256e-05,"Constant","Non-oscillating (resource_decrease=0.1)"
745.2,1.21211175108256e-05,"Constant","Non-oscillating (resource_decrease=0.1)"
745.4,1.21211175108256e-05,"Constant","Non-oscillating (resource_decrease=0.1)"
745.6,1.21211175108256e-05,"Constant","Non-oscillating (resource_decrease=0.1)"
745.8,1.21211175108256e-05,"Constant","Non-oscillating (resource_decrease=0.1)"
746,1.21211175108256e-05,"Constant","Non-oscillating (resource_decrease=0.1)"
746.2,1.21211175108256e-05,"Constant","Non-oscillating (resource_decrease=0.1)"
746.4,1.21211175108256e-05,"Constant","Non-oscillating (resource_decrease=0.1)"
746.6,1.21211175108256e-05,"Constant","Non-oscillating (resource_decrease=0.1)"
746.8,1.21211175108256e-05,"Constant","Non-oscillating (resource_decrease=0.1)"
747,1.21211175108256e-05,"Constant","Non-oscillating (resource_decrease=0.1)"
747.2,1.21211175108256e-05,"Constant","Non-oscillating (resource_decrease=0.1)"
747.4,1.21211175108256e-05,"Constant","Non-oscillating (resource_decrease=0.1)"
747.6,1.21211175108256e-05,"Constant","Non-oscillating (resource_decrease=0.1)"
747.8,1.21211175108256e-05,"Constant","Non-oscillating (resource_decrease=0.1)"
748,1.21211175108256e-05,"Constant","Non-oscillating (resource_decrease=0.1)"
748.2,1.21211175108256e-05,"Constant","Non-oscillating (resource_decrease=0.1)"
748.4,1.21211175108256e-05,"Constant","Non-oscillating (resource_decrease=0.1)"
748.6,1.21211175108256e-05,"Constant","Non-oscillating (resource_decrease=0.1)"
748.8,1.21211175108256e-05,"Constant","Non-oscillating (resource_decrease=0.1)"
749,1.21211175108256e-05,"Constant","Non-oscillating (resource_decrease=0.1)"
749.2,1.21211175108256e-05,"Constant","Non-oscillating (resource_decrease=0.1)"
749.4,1.21211175108256e-05,"Constant","Non-oscillating (resource_decrease=0.1)"
749.6,1.21211175108256e-05,"Constant","Non-oscillating (resource_decrease=0.1)"
749.8,1.21211175108256e-05,"Constant","Non-oscillating (resource_decrease=0.1)"
750,1.21211175108256e-05,"Constant","Non-oscillating (resource_decrease=0.1)"
750.2,1.21211175108256e-05,"Constant","Non-oscillating (resource_decrease=0.1)"
750.4,1.21211175108256e-05,"Constant","Non-oscillating (resource_decrease=0.1)"
750.6,1.21211175108256e-05,"Constant","Non-oscillating (resource_decrease=0.1)"
750.8,1.21211175108256e-05,"Constant","Non-oscillating (resource_decrease=0.1)"
751,1.21211175108256e-05,"Constant","Non-oscillating (resource_decrease=0.1)"
751.2,1.21211175108256e-05,"Constant","Non-oscillating (resource_decrease=0.1)"
751.4,1.21211175108256e-05,"Constant","Non-oscillating (resource_decrease=0.1)"
751.6,1.21211175108256e-05,"Constant","Non-oscillating (resource_decrease=0.1)"
751.8,1.21211175108256e-05,"Constant","Non-oscillating (resource_decrease=0.1)"
752,1.21211175108256e-05,"Constant","Non-oscillating (resource_decrease=0.1)"
752.2,1.21211175108256e-05,"Constant","Non-oscillating (resource_decrease=0.1)"
752.4,1.21211175108256e-05,"Constant","Non-oscillating (resource_decrease=0.1)"
752.6,1.21211175108256e-05,"Constant","Non-oscillating (resource_decrease=0.1)"
752.8,1.21211175108256e-05,"Constant","Non-oscillating (resource_decrease=0.1)"
753,1.21211175108256e-05,"Constant","Non-oscillating (resource_decrease=0.1)"
753.2,1.21211175108256e-05,"Constant","Non-oscillating (resource_decrease=0.1)"
753.4,1.21211175108256e-05,"Constant","Non-oscillating (resource_decrease=0.1)"
753.6,1.21211175108256e-05,"Constant","Non-oscillating (resource_decrease=0.1)"
753.8,1.21211175108256e-05,"Constant","Non-oscillating (resource_decrease=0.1)"
754,1.21211175108256e-05,"Constant","Non-oscillating (resource_decrease=0.1)"
754.2,1.21211175108256e-05,"Constant","Non-oscillating (resource_decrease=0.1)"
754.4,1.21211175108256e-05,"Constant","Non-oscillating (resource_decrease=0.1)"
754.6,1.21211175108256e-05,"Constant","Non-oscillating (resource_decrease=0.1)"
754.8,1.21211175108256e-05,"Constant","Non-oscillating (resource_decrease=0.1)"
755,1.21211175108256e-05,"Constant","Non-oscillating (resource_decrease=0.1)"
755.2,1.21211175108256e-05,"Constant","Non-oscillating (resource_decrease=0.1)"
755.4,1.21211175108256e-05,"Constant","Non-oscillating (resource_decrease=0.1)"
755.6,1.21211175108256e-05,"Constant","Non-oscillating (resource_decrease=0.1)"
755.8,1.21211175108256e-05,"Constant","Non-oscillating (resource_decrease=0.1)"
756,1.21211175108256e-05,"Constant","Non-oscillating (resource_decrease=0.1)"
756.2,1.21211175108256e-05,"Constant","Non-oscillating (resource_decrease=0.1)"
756.4,1.21211175108256e-05,"Constant","Non-oscillating (resource_decrease=0.1)"
756.6,1.21211175108256e-05,"Constant","Non-oscillating (resource_decrease=0.1)"
756.8,1.21211175108256e-05,"Constant","Non-oscillating (resource_decrease=0.1)"
757,1.21211175108256e-05,"Constant","Non-oscillating (resource_decrease=0.1)"
757.2,1.21211175108256e-05,"Constant","Non-oscillating (resource_decrease=0.1)"
757.4,1.21211175108256e-05,"Constant","Non-oscillating (resource_decrease=0.1)"
757.6,1.21211175108256e-05,"Constant","Non-oscillating (resource_decrease=0.1)"
757.8,1.21211175108256e-05,"Constant","Non-oscillating (resource_decrease=0.1)"
758,1.21211175108256e-05,"Constant","Non-oscillating (resource_decrease=0.1)"
758.2,1.21211175108256e-05,"Constant","Non-oscillating (resource_decrease=0.1)"
758.4,1.21211175108256e-05,"Constant","Non-oscillating (resource_decrease=0.1)"
758.6,1.21211175108256e-05,"Constant","Non-oscillating (resource_decrease=0.1)"
758.8,1.21211175108256e-05,"Constant","Non-oscillating (resource_decrease=0.1)"
759,1.21211175108256e-05,"Constant","Non-oscillating (resource_decrease=0.1)"
759.2,1.21211175108256e-05,"Constant","Non-oscillating (resource_decrease=0.1)"
759.4,1.21211175108256e-05,"Constant","Non-oscillating (resource_decrease=0.1)"
759.6,1.21211175108256e-05,"Constant","Non-oscillating (resource_decrease=0.1)"
759.8,1.21211175108256e-05,"Constant","Non-oscillating (resource_decrease=0.1)"
760,1.21211175108256e-05,"Constant","Non-oscillating (resource_decrease=0.1)"
760.2,1.21211175108256e-05,"Constant","Non-oscillating (resource_decrease=0.1)"
760.4,1.21211175108256e-05,"Constant","Non-oscillating (resource_decrease=0.1)"
760.6,1.21211175108256e-05,"Constant","Non-oscillating (resource_decrease=0.1)"
760.8,1.21211175108256e-05,"Constant","Non-oscillating (resource_decrease=0.1)"
761,1.21211175108256e-05,"Constant","Non-oscillating (resource_decrease=0.1)"
761.2,1.21211175108256e-05,"Constant","Non-oscillating (resource_decrease=0.1)"
761.4,1.21211175108256e-05,"Constant","Non-oscillating (resource_decrease=0.1)"
761.6,1.21211175108256e-05,"Constant","Non-oscillating (resource_decrease=0.1)"
761.8,1.21211175108256e-05,"Constant","Non-oscillating (resource_decrease=0.1)"
762,1.21211175108256e-05,"Constant","Non-oscillating (resource_decrease=0.1)"
762.2,1.21211175108256e-05,"Constant","Non-oscillating (resource_decrease=0.1)"
762.4,1.21211175108256e-05,"Constant","Non-oscillating (resource_decrease=0.1)"
762.6,1.21211175108256e-05,"Constant","Non-oscillating (resource_decrease=0.1)"
762.8,1.21211175108256e-05,"Constant","Non-oscillating (resource_decrease=0.1)"
763,1.21211175108256e-05,"Constant","Non-oscillating (resource_decrease=0.1)"
763.2,1.21211175108256e-05,"Constant","Non-oscillating (resource_decrease=0.1)"
763.4,1.21211175108256e-05,"Constant","Non-oscillating (resource_decrease=0.1)"
763.6,1.21211175108256e-05,"Constant","Non-oscillating (resource_decrease=0.1)"
763.8,1.21211175108256e-05,"Constant","Non-oscillating (resource_decrease=0.1)"
764,1.21211175108256e-05,"Constant","Non-oscillating (resource_decrease=0.1)"
764.2,1.21211175108256e-05,"Constant","Non-oscillating (resource_decrease=0.1)"
764.4,1.21211175108256e-05,"Constant","Non-oscillating (resource_decrease=0.1)"
764.6,1.21211175108256e-05,"Constant","Non-oscillating (resource_decrease=0.1)"
764.8,1.21211175108256e-05,"Constant","Non-oscillating (resource_decrease=0.1)"
765,1.21211175108256e-05,"Constant","Non-oscillating (resource_decrease=0.1)"
765.2,1.21211175108256e-05,"Constant","Non-oscillating (resource_decrease=0.1)"
765.4,1.21211175108256e-05,"Constant","Non-oscillating (resource_decrease=0.1)"
765.6,1.21211175108256e-05,"Constant","Non-oscillating (resource_decrease=0.1)"
765.8,1.21211175108256e-05,"Constant","Non-oscillating (resource_decrease=0.1)"
766,1.21211175108256e-05,"Constant","Non-oscillating (resource_decrease=0.1)"
766.2,1.21211175108256e-05,"Constant","Non-oscillating (resource_decrease=0.1)"
766.4,1.21211175108256e-05,"Constant","Non-oscillating (resource_decrease=0.1)"
766.6,1.21211175108256e-05,"Constant","Non-oscillating (resource_decrease=0.1)"
766.8,1.21211175108256e-05,"Constant","Non-oscillating (resource_decrease=0.1)"
767,1.21211175108256e-05,"Constant","Non-oscillating (resource_decrease=0.1)"
767.2,1.21211175108256e-05,"Constant","Non-oscillating (resource_decrease=0.1)"
767.4,1.21211175108256e-05,"Constant","Non-oscillating (resource_decrease=0.1)"
767.6,1.21211175108256e-05,"Constant","Non-oscillating (resource_decrease=0.1)"
767.8,1.21211175108256e-05,"Constant","Non-oscillating (resource_decrease=0.1)"
768,1.21211175108256e-05,"Constant","Non-oscillating (resource_decrease=0.1)"
768.2,1.21211175108256e-05,"Constant","Non-oscillating (resource_decrease=0.1)"
768.4,1.21211175108256e-05,"Constant","Non-oscillating (resource_decrease=0.1)"
768.6,1.21211175108256e-05,"Constant","Non-oscillating (resource_decrease=0.1)"
768.8,1.21211175108256e-05,"Constant","Non-oscillating (resource_decrease=0.1)"
769,1.21211175108256e-05,"Constant","Non-oscillating (resource_decrease=0.1)"
769.2,1.21211175108256e-05,"Constant","Non-oscillating (resource_decrease=0.1)"
769.4,1.21211175108256e-05,"Constant","Non-oscillating (resource_decrease=0.1)"
769.6,1.21211175108256e-05,"Constant","Non-oscillating (resource_decrease=0.1)"
769.8,1.21211175108256e-05,"Constant","Non-oscillating (resource_decrease=0.1)"
770,1.21211175108256e-05,"Constant","Non-oscillating (resource_decrease=0.1)"
770.2,1.21211175108256e-05,"Constant","Non-oscillating (resource_decrease=0.1)"
770.4,1.21211175108256e-05,"Constant","Non-oscillating (resource_decrease=0.1)"
770.6,1.21211175108256e-05,"Constant","Non-oscillating (resource_decrease=0.1)"
770.8,1.21211175108256e-05,"Constant","Non-oscillating (resource_decrease=0.1)"
771,1.21211175108256e-05,"Constant","Non-oscillating (resource_decrease=0.1)"
771.2,1.21211175108256e-05,"Constant","Non-oscillating (resource_decrease=0.1)"
771.4,1.21211175108256e-05,"Constant","Non-oscillating (resource_decrease=0.1)"
771.6,1.21211175108256e-05,"Constant","Non-oscillating (resource_decrease=0.1)"
771.8,1.21211175108256e-05,"Constant","Non-oscillating (resource_decrease=0.1)"
772,1.21211175108256e-05,"Constant","Non-oscillating (resource_decrease=0.1)"
772.2,1.21211175108256e-05,"Constant","Non-oscillating (resource_decrease=0.1)"
772.4,1.21211175108256e-05,"Constant","Non-oscillating (resource_decrease=0.1)"
772.6,1.21211175108256e-05,"Constant","Non-oscillating (resource_decrease=0.1)"
772.8,1.21211175108256e-05,"Constant","Non-oscillating (resource_decrease=0.1)"
773,1.21211175108256e-05,"Constant","Non-oscillating (resource_decrease=0.1)"
773.2,1.21211175108256e-05,"Constant","Non-oscillating (resource_decrease=0.1)"
773.4,1.21211175108256e-05,"Constant","Non-oscillating (resource_decrease=0.1)"
773.6,1.21211175108256e-05,"Constant","Non-oscillating (resource_decrease=0.1)"
773.8,1.21211175108256e-05,"Constant","Non-oscillating (resource_decrease=0.1)"
774,1.21211175108256e-05,"Constant","Non-oscillating (resource_decrease=0.1)"
774.2,1.21211175108256e-05,"Constant","Non-oscillating (resource_decrease=0.1)"
774.4,1.21211175108256e-05,"Constant","Non-oscillating (resource_decrease=0.1)"
774.6,1.21211175108256e-05,"Constant","Non-oscillating (resource_decrease=0.1)"
774.8,1.21211175108256e-05,"Constant","Non-oscillating (resource_decrease=0.1)"
775,1.21211175108256e-05,"Constant","Non-oscillating (resource_decrease=0.1)"
775.2,1.21211175108256e-05,"Constant","Non-oscillating (resource_decrease=0.1)"
775.4,1.21211175108256e-05,"Constant","Non-oscillating (resource_decrease=0.1)"
775.6,1.21211175108256e-05,"Constant","Non-oscillating (resource_decrease=0.1)"
775.8,1.21211175108256e-05,"Constant","Non-oscillating (resource_decrease=0.1)"
776,1.21211175108256e-05,"Constant","Non-oscillating (resource_decrease=0.1)"
776.2,1.21211175108256e-05,"Constant","Non-oscillating (resource_decrease=0.1)"
776.4,1.21211175108256e-05,"Constant","Non-oscillating (resource_decrease=0.1)"
776.6,1.21211175108256e-05,"Constant","Non-oscillating (resource_decrease=0.1)"
776.8,1.21211175108256e-05,"Constant","Non-oscillating (resource_decrease=0.1)"
777,1.21211175108256e-05,"Constant","Non-oscillating (resource_decrease=0.1)"
777.2,1.21211175108256e-05,"Constant","Non-oscillating (resource_decrease=0.1)"
777.4,1.21211175108256e-05,"Constant","Non-oscillating (resource_decrease=0.1)"
777.6,1.21211175108256e-05,"Constant","Non-oscillating (resource_decrease=0.1)"
777.8,1.21211175108256e-05,"Constant","Non-oscillating (resource_decrease=0.1)"
778,1.21211175108256e-05,"Constant","Non-oscillating (resource_decrease=0.1)"
778.2,1.21211175108256e-05,"Constant","Non-oscillating (resource_decrease=0.1)"
778.4,1.21211175108256e-05,"Constant","Non-oscillating (resource_decrease=0.1)"
778.6,1.21211175108256e-05,"Constant","Non-oscillating (resource_decrease=0.1)"
778.8,1.21211175108256e-05,"Constant","Non-oscillating (resource_decrease=0.1)"
779,1.21211175108256e-05,"Constant","Non-oscillating (resource_decrease=0.1)"
779.2,1.21211175108256e-05,"Constant","Non-oscillating (resource_decrease=0.1)"
779.4,1.21211175108256e-05,"Constant","Non-oscillating (resource_decrease=0.1)"
779.6,1.21211175108256e-05,"Constant","Non-oscillating (resource_decrease=0.1)"
779.8,1.21211175108256e-05,"Constant","Non-oscillating (resource_decrease=0.1)"
780,1.21211175108256e-05,"Constant","Non-oscillating (resource_decrease=0.1)"
780.2,1.21211175108256e-05,"Constant","Non-oscillating (resource_decrease=0.1)"
780.4,1.21211175108256e-05,"Constant","Non-oscillating (resource_decrease=0.1)"
780.6,1.21211175108256e-05,"Constant","Non-oscillating (resource_decrease=0.1)"
780.8,1.21211175108256e-05,"Constant","Non-oscillating (resource_decrease=0.1)"
781,1.21211175108256e-05,"Constant","Non-oscillating (resource_decrease=0.1)"
781.2,1.21211175108256e-05,"Constant","Non-oscillating (resource_decrease=0.1)"
781.4,1.21211175108256e-05,"Constant","Non-oscillating (resource_decrease=0.1)"
781.6,1.21211175108256e-05,"Constant","Non-oscillating (resource_decrease=0.1)"
781.8,1.21211175108256e-05,"Constant","Non-oscillating (resource_decrease=0.1)"
782,1.21211175108256e-05,"Constant","Non-oscillating (resource_decrease=0.1)"
782.2,1.21211175108256e-05,"Constant","Non-oscillating (resource_decrease=0.1)"
782.4,1.21211175108256e-05,"Constant","Non-oscillating (resource_decrease=0.1)"
782.6,1.21211175108256e-05,"Constant","Non-oscillating (resource_decrease=0.1)"
782.8,1.21211175108256e-05,"Constant","Non-oscillating (resource_decrease=0.1)"
783,1.21211175108256e-05,"Constant","Non-oscillating (resource_decrease=0.1)"
783.2,1.21211175108256e-05,"Constant","Non-oscillating (resource_decrease=0.1)"
783.4,1.21211175108256e-05,"Constant","Non-oscillating (resource_decrease=0.1)"
783.6,1.21211175108256e-05,"Constant","Non-oscillating (resource_decrease=0.1)"
783.8,1.21211175108256e-05,"Constant","Non-oscillating (resource_decrease=0.1)"
784,1.21211175108256e-05,"Constant","Non-oscillating (resource_decrease=0.1)"
784.2,1.21211175108256e-05,"Constant","Non-oscillating (resource_decrease=0.1)"
784.4,1.21211175108256e-05,"Constant","Non-oscillating (resource_decrease=0.1)"
784.6,1.21211175108256e-05,"Constant","Non-oscillating (resource_decrease=0.1)"
784.8,1.21211175108256e-05,"Constant","Non-oscillating (resource_decrease=0.1)"
785,1.21211175108256e-05,"Constant","Non-oscillating (resource_decrease=0.1)"
785.2,1.21211175108256e-05,"Constant","Non-oscillating (resource_decrease=0.1)"
785.4,1.21211175108256e-05,"Constant","Non-oscillating (resource_decrease=0.1)"
785.6,1.21211175108256e-05,"Constant","Non-oscillating (resource_decrease=0.1)"
785.8,1.21211175108256e-05,"Constant","Non-oscillating (resource_decrease=0.1)"
786,1.21211175108256e-05,"Constant","Non-oscillating (resource_decrease=0.1)"
786.2,1.21211175108256e-05,"Constant","Non-oscillating (resource_decrease=0.1)"
786.4,1.21211175108256e-05,"Constant","Non-oscillating (resource_decrease=0.1)"
786.6,1.21211175108256e-05,"Constant","Non-oscillating (resource_decrease=0.1)"
786.8,1.21211175108256e-05,"Constant","Non-oscillating (resource_decrease=0.1)"
787,1.21211175108256e-05,"Constant","Non-oscillating (resource_decrease=0.1)"
787.2,1.21211175108256e-05,"Constant","Non-oscillating (resource_decrease=0.1)"
787.4,1.21211175108256e-05,"Constant","Non-oscillating (resource_decrease=0.1)"
787.6,1.21211175108256e-05,"Constant","Non-oscillating (resource_decrease=0.1)"
787.8,1.21211175108256e-05,"Constant","Non-oscillating (resource_decrease=0.1)"
788,1.21211175108256e-05,"Constant","Non-oscillating (resource_decrease=0.1)"
788.2,1.21211175108256e-05,"Constant","Non-oscillating (resource_decrease=0.1)"
788.4,1.21211175108256e-05,"Constant","Non-oscillating (resource_decrease=0.1)"
788.6,1.21211175108256e-05,"Constant","Non-oscillating (resource_decrease=0.1)"
788.8,1.21211175108256e-05,"Constant","Non-oscillating (resource_decrease=0.1)"
789,1.21211175108256e-05,"Constant","Non-oscillating (resource_decrease=0.1)"
789.2,1.21211175108256e-05,"Constant","Non-oscillating (resource_decrease=0.1)"
789.4,1.21211175108256e-05,"Constant","Non-oscillating (resource_decrease=0.1)"
789.6,1.21211175108256e-05,"Constant","Non-oscillating (resource_decrease=0.1)"
789.8,1.21211175108256e-05,"Constant","Non-oscillating (resource_decrease=0.1)"
790,1.21211175108256e-05,"Constant","Non-oscillating (resource_decrease=0.1)"
790.2,1.21211175108256e-05,"Constant","Non-oscillating (resource_decrease=0.1)"
790.4,1.21211175108256e-05,"Constant","Non-oscillating (resource_decrease=0.1)"
790.6,1.21211175108256e-05,"Constant","Non-oscillating (resource_decrease=0.1)"
790.8,1.21211175108256e-05,"Constant","Non-oscillating (resource_decrease=0.1)"
791,1.21211175108256e-05,"Constant","Non-oscillating (resource_decrease=0.1)"
791.2,1.21211175108256e-05,"Constant","Non-oscillating (resource_decrease=0.1)"
791.4,1.21211175108256e-05,"Constant","Non-oscillating (resource_decrease=0.1)"
791.6,1.21211175108256e-05,"Constant","Non-oscillating (resource_decrease=0.1)"
791.8,1.21211175108256e-05,"Constant","Non-oscillating (resource_decrease=0.1)"
792,1.21211175108256e-05,"Constant","Non-oscillating (resource_decrease=0.1)"
792.2,1.21211175108256e-05,"Constant","Non-oscillating (resource_decrease=0.1)"
792.4,1.21211175108256e-05,"Constant","Non-oscillating (resource_decrease=0.1)"
792.6,1.21211175108256e-05,"Constant","Non-oscillating (resource_decrease=0.1)"
792.8,1.21211175108256e-05,"Constant","Non-oscillating (resource_decrease=0.1)"
793,1.21211175108256e-05,"Constant","Non-oscillating (resource_decrease=0.1)"
793.2,1.21211175108256e-05,"Constant","Non-oscillating (resource_decrease=0.1)"
793.4,1.21211175108256e-05,"Constant","Non-oscillating (resource_decrease=0.1)"
793.6,1.21211175108256e-05,"Constant","Non-oscillating (resource_decrease=0.1)"
793.8,1.21211175108256e-05,"Constant","Non-oscillating (resource_decrease=0.1)"
794,1.21211175108256e-05,"Constant","Non-oscillating (resource_decrease=0.1)"
794.2,1.21211175108256e-05,"Constant","Non-oscillating (resource_decrease=0.1)"
794.4,1.21211175108256e-05,"Constant","Non-oscillating (resource_decrease=0.1)"
794.6,1.21211175108256e-05,"Constant","Non-oscillating (resource_decrease=0.1)"
794.8,1.21211175108256e-05,"Constant","Non-oscillating (resource_decrease=0.1)"
795,1.21211175108256e-05,"Constant","Non-oscillating (resource_decrease=0.1)"
795.2,1.21211175108256e-05,"Constant","Non-oscillating (resource_decrease=0.1)"
795.4,1.21211175108256e-05,"Constant","Non-oscillating (resource_decrease=0.1)"
795.6,1.21211175108256e-05,"Constant","Non-oscillating (resource_decrease=0.1)"
795.8,1.21211175108256e-05,"Constant","Non-oscillating (resource_decrease=0.1)"
796,1.21211175108256e-05,"Constant","Non-oscillating (resource_decrease=0.1)"
796.2,1.21211175108256e-05,"Constant","Non-oscillating (resource_decrease=0.1)"
796.4,1.21211175108256e-05,"Constant","Non-oscillating (resource_decrease=0.1)"
796.6,1.21211175108256e-05,"Constant","Non-oscillating (resource_decrease=0.1)"
796.8,1.21211175108256e-05,"Constant","Non-oscillating (resource_decrease=0.1)"
797,1.21211175108256e-05,"Constant","Non-oscillating (resource_decrease=0.1)"
797.2,1.21211175108256e-05,"Constant","Non-oscillating (resource_decrease=0.1)"
797.4,1.21211175108256e-05,"Constant","Non-oscillating (resource_decrease=0.1)"
797.6,1.21211175108256e-05,"Constant","Non-oscillating (resource_decrease=0.1)"
797.8,1.21211175108256e-05,"Constant","Non-oscillating (resource_decrease=0.1)"
798,1.21211175108256e-05,"Constant","Non-oscillating (resource_decrease=0.1)"
798.2,1.21211175108256e-05,"Constant","Non-oscillating (resource_decrease=0.1)"
798.4,1.21211175108256e-05,"Constant","Non-oscillating (resource_decrease=0.1)"
798.6,1.21211175108256e-05,"Constant","Non-oscillating (resource_decrease=0.1)"
798.8,1.21211175108256e-05,"Constant","Non-oscillating (resource_decrease=0.1)"
799,1.21211175108256e-05,"Constant","Non-oscillating (resource_decrease=0.1)"
799.2,1.21211175108256e-05,"Constant","Non-oscillating (resource_decrease=0.1)"
799.4,1.21211175108256e-05,"Constant","Non-oscillating (resource_decrease=0.1)"
799.6,1.21211175108256e-05,"Constant","Non-oscillating (resource_decrease=0.1)"
799.8,1.21211175108256e-05,"Constant","Non-oscillating (resource_decrease=0.1)"
800,1.21211175108256e-05,"Constant","Non-oscillating (resource_decrease=0.1)"
