"t","selected_biomass","total_biomass","on_frac","schedule","boost_level"
20.2,0.00671509539217763,0.535586991229056,NA,"Constant",NA
20.4,0.00597803274405106,0.526256915047415,NA,"Constant",NA
20.6,0.00573278585139664,0.516946987566468,NA,"Constant",NA
20.8,0.00561515553905614,0.507156504248461,NA,"Constant",NA
21,0.00552488071669209,0.49674619502659,NA,"Constant",NA
21.2,0.00543953239048048,0.48579420623085,NA,"Constant",NA
21.4,0.00535577174817449,0.47444048146481,NA,"Constant",NA
21.6,0.00527411115345291,0.46282879581947,NA,"Constant",NA
21.8,0.00519563055452816,0.451108833923079,NA,"Constant",NA
22,0.00512149599162596,0.439385196075398,NA,"Constant",NA
22.2,0.00505325425971063,0.427752358516871,NA,"Constant",NA
22.4,0.0049928308577478,0.416272818267336,NA,"Constant",NA
22.6,0.00494259114303496,0.404998338380985,NA,"Constant",NA
22.8,0.00490573667288874,0.393964258593775,NA,"Constant",NA
23,0.00488646537554569,0.38320128823736,NA,"Constant",NA
23.2,0.00489048273007825,0.372734377867464,NA,"Constant",NA
23.4,0.00492530893787805,0.362590984342292,NA,"Constant",NA
23.6,0.0050005949570678,0.352803793371617,NA,"Constant",NA
23.8,0.0051283566118755,0.343418339847888,NA,"Constant",NA
24,0.00532305685088376,0.334499755584384,NA,"Constant",NA
24.2,0.0056014419096563,0.326141453916773,NA,"Constant",NA
24.4,0.00598152470398887,0.318473439622345,NA,"Constant",NA
24.6,0.00647979111395326,0.311669644254345,NA,"Constant",NA
24.8,0.0071051418730412,0.305951071974587,NA,"Constant",NA
25,0.00784863189245943,0.301580334229075,NA,"Constant",NA
25.2,0.008670725775164,0.298840195625757,NA,"Constant",NA
25.4,0.00949345748176714,0.297988416273454,NA,"Constant",NA
25.6,0.0102094706006504,0.299187618780791,NA,"Constant",NA
25.8,0.0107138890541403,0.302426506024115,NA,"Constant",NA
26,0.0109453514471289,0.307469626538785,NA,"Constant",NA
26.2,0.0109081973617328,0.313873227989443,NA,"Constant",NA
26.4,0.0106607988532212,0.321070221739607,NA,"Constant",NA
26.6,0.0102831095632884,0.328483862343107,NA,"Constant",NA
26.8,0.00984747424562394,0.335619279855726,NA,"Constant",NA
27,0.00940508735915862,0.342107971414035,NA,"Constant",NA
27.2,0.00898579802261543,0.347710874441845,NA,"Constant",NA
27.4,0.00860379211726185,0.352298511401311,NA,"Constant",NA
27.6,0.00826373604272154,0.355824251747952,NA,"Constant",NA
27.8,0.00796531760735602,0.358299556868008,NA,"Constant",NA
28,0.00770607136999659,0.359774379608137,NA,"Constant",NA
28.2,0.00748297387005447,0.360322889148872,NA,"Constant",NA
28.4,0.00729327609468782,0.360033586659516,NA,"Constant",NA
28.6,0.00713488669826882,0.359002713610455,NA,"Constant",NA
28.8,0.00700649475186697,0.357330031450335,NA,"Constant",NA
29,0.00690754344463644,0.355116284529834,NA,"Constant",NA
29.2,0.00683811989927032,0.352461846967936,NA,"Constant",NA
29.4,0.00679879702396236,0.349466180660539,NA,"Constant",NA
29.6,0.00679044338053927,0.346227806459959,NA,"Constant",NA
29.8,0.00681400276570563,0.342844530279795,NA,"Constant",NA
30,0.00687023555888128,0.33941368451423,NA,"Constant",NA
30.2,0.00695940952491473,0.336032152219109,NA,"Constant",NA
30.4,0.00708093074020019,0.332795943565218,NA,"Constant",NA
30.6,0.0072329197641403,0.329799097379212,NA,"Constant",NA
30.8,0.00741176834668225,0.327131702228485,NA,"Constant",NA
31,0.00761175676824757,0.324876897510737,NA,"Constant",NA
31.2,0.00782486018492222,0.323106846258735,NA,"Constant",NA
31.4,0.00804090028714463,0.321877886301814,NA,"Constant",NA
31.6,0.00824817268994089,0.321225362543036,NA,"Constant",NA
31.8,0.00843457489029406,0.321158959299138,NA,"Constant",NA
32,0.00858908570679886,0.321659563107627,NA,"Constant",NA
32.2,0.00870327171178657,0.322678645453788,NA,"Constant",NA
32.4,0.00877241874809128,0.324140773361138,NA,"Constant",NA
32.6,0.00879597407585565,0.325949192115147,NA,"Constant",NA
32.8,0.00877721150378083,0.327993697920762,NA,"Constant",NA
33,0.00872228598316189,0.33015950902361,NA,"Constant",NA
33.2,0.00863900259096407,0.33233573506271,NA,"Constant",NA
33.4,0.00853563364109784,0.334422327253227,NA,"Constant",NA
33.6,0.00842001075638083,0.336334897924056,NA,"Constant",NA
33.8,0.00829897448402329,0.338007315852413,NA,"Constant",NA
34,0.00817814896781829,0.33939236519331,NA,"Constant",NA
34.2,0.00806195041733087,0.340460950957226,NA,"Constant",NA
34.4,0.00795372885379796,0.341200368993154,NA,"Constant",NA
34.6,0.00785596169446628,0.34161209163665,NA,"Constant",NA
34.8,0.00777044551463075,0.341709408517938,NA,"Constant",NA
35,0.00769845711602294,0.341515145564438,NA,"Constant",NA
35.2,0.00764087260902523,0.341059585482901,NA,"Constant",NA
35.4,0.00759824379521424,0.34037863758261,NA,"Constant",NA
35.6,0.00757083662361951,0.339512253250258,NA,"Constant",NA
35.8,0.00755863891922869,0.338503051787906,NA,"Constant",NA
36,0.00756134549684297,0.337395105119915,NA,"Constant",NA
36.2,0.00757832916792659,0.336232825232126,NA,"Constant",NA
36.4,0.00760860654536208,0.335059902415421,NA,"Constant",NA
36.6,0.00765080809975375,0.333918253704087,NA,"Constant",NA
36.8,0.00770316244669461,0.332846958136426,NA,"Constant",NA
37,0.00776350488855267,0.331881177454363,NA,"Constant",NA
37.2,0.00782931914299704,0.331051085927096,NA,"Constant",NA
37.4,0.00789781830838979,0.330380858520274,NA,"Constant",NA
37.6,0.00796606609115479,0.329887788904696,NA,"Constant",NA
37.8,0.00803113244187944,0.32958162320244,NA,"Constant",NA
38,0.00809027015560867,0.329464197260791,NA,"Constant",NA
38.2,0.00814109256696655,0.32952945131956,NA,"Constant",NA
38.4,0.00818172930378002,0.329763865764719,NA,"Constant",NA
38.6,0.00821093864193877,0.330147318721946,NA,"Constant",NA
38.8,0.00822816146950812,0.33065431779242,NA,"Constant",NA
39,0.00823351175782109,0.331255513715847,NA,"Constant",NA
39.2,0.00822770913427381,0.33191937218254,NA,"Constant",NA
39.4,0.00821196785627507,0.332613867345891,NA,"Constant",NA
39.6,0.00818786123773424,0.333308068059857,NA,"Constant",NA
39.8,0.00815718084057561,0.333973512088394,NA,"Constant",NA
40,0.00812180633626777,0.334585297975668,NA,"Constant",NA
40.2,0.00808359648922937,0.335122861466376,NA,"Constant",NA
40.4,0.00804430593357561,0.335570436925515,NA,"Constant",NA
40.6,0.00800552759063975,0.335917229980245,NA,"Constant",NA
40.8,0.00796865734395946,0.336157343959283,NA,"Constant",NA
41,0.00793487600781534,0.336289510078798,NA,"Constant",NA
41.2,0.00790514338371228,0.336316671470643,NA,"Constant",NA
41.4,0.00788019984323872,0.336245466366583,NA,"Constant",NA
41.6,0.0078605719737212,0.336085648300265,NA,"Constant",NA
41.8,0.00784658004579708,0.335849472945179,NA,"Constant",NA
42,0.0078383461988925,0.335551073531501,NA,"Constant",NA
42.2,0.00783580317898423,0.335205840522314,NA,"Constant",NA
42.4,0.00783870415527768,0.334829816784254,NA,"Constant",NA
42.6,0.00784663457588242,0.334439116918549,NA,"Constant",NA
42.8,0.00785902719938885,0.334049378529103,NA,"Constant",NA
43,0.0078751813675454,0.333675253614904,NA,"Constant",NA
43.2,0.00789428727867928,0.333329949478785,NA,"Constant",NA
43.4,0.00791545551036957,0.333024829964502,NA,"Constant",NA
43.6,0.00793775137408717,0.332769088873468,NA,"Constant",NA
43.8,0.0079602329436829,0.332569507524997,NA,"Constant",NA
44,0.00798199089042328,0.332430307188373,NA,"Constant",NA
20.2,0.00657888256035127,0.535457118079108,6.53040093457648e-25,"Threshold (peaks)",3
20.4,0.00594360271817777,0.52621574772028,4.63488951841557e-36,"Threshold (peaks)",3
20.6,0.00572713487287822,0.516893623442053,7.36406405479841e-40,"Threshold (peaks)",3
20.8,0.00561607889759633,0.507056048001096,8.28191516882759e-42,"Threshold (peaks)",3
21,0.00552670445380861,0.496595066357376,2.23689694223886e-43,"Threshold (peaks)",3
21.2,0.00544109684557903,0.485602476185249,7.03505653397381e-45,"Threshold (peaks)",3
21.4,0.00535692796798656,0.474222379452951,2.34497566316603e-46,"Threshold (peaks)",3
21.6,0.0052748738282815,0.46259821260231,8.51376914223998e-48,"Threshold (peaks)",3
21.8,0.00519602713903173,0.450876863657955,3.51880206818059e-49,"Threshold (peaks)",3
22,0.00512155858100926,0.439159766229854,1.73581010889439e-50,"Threshold (peaks)",3
22.2,0.00505302525816761,0.427538500862085,1.08835488040917e-51,"Threshold (peaks)",3
22.4,0.00499236370667935,0.416073161253934,9.37961906945037e-53,"Threshold (peaks)",3
22.6,0.00494195672372338,0.404813761948467,1.22338553496451e-53,"Threshold (peaks)",3
22.8,0.00490503323898856,0.393794402690127,2.75151155209531e-54,"Threshold (peaks)",3
23,0.00488582864934827,0.383044952201684,1.26630603153712e-54,"Threshold (peaks)",3
23.2,0.00489009384178525,0.372589943307631,1.50449605033587e-54,"Threshold (peaks)",3
23.4,0.0049253877657692,0.362456667763644,6.26303632180612e-54,"Threshold (peaks)",3
23.6,0.00500138781150312,0.352678003867332,1.35068642907317e-52,"Threshold (peaks)",3
23.8,0.00513011642668402,0.343299937168196,2.45295110817733e-50,"Threshold (peaks)",3
24,0.0053260280424404,0.334388334200474,6.72755613722254e-47,"Threshold (peaks)",3
24.2,0.00560584679593709,0.326037549803174,5.47723776244204e-42,"Threshold (peaks)",3
24.4,0.00598754496911942,0.318378656728658,2.73657813635136e-35,"Threshold (peaks)",3
24.6,0.0064875241919699,0.311586662285376,1.62793845257606e-26,"Threshold (peaks)",3
24.8,0.00711451193511263,0.30588349969701,1.64064835179605e-15,"Threshold (peaks)",3
25,0.00785843102202488,0.301531535810267,0.0183007370709358,"Threshold (peaks)",3
25.2,0.00801383724432761,0.298160559387634,0.908672444813134,"Threshold (peaks)",3
25.4,0.00832149230595682,0.296818176769103,0.999999599157046,"Threshold (peaks)",3
25.6,0.00884630892470681,0.297627956187629,1,"Threshold (peaks)",3
25.8,0.00926585732531069,0.30015823317253,1,"Threshold (peaks)",3
26,0.0094621271281746,0.304100972126178,1,"Threshold (peaks)",3
26.2,0.00942849970127188,0.309156046619786,1,"Threshold (peaks)",3
26.4,0.0092141208184474,0.314949712521305,1,"Threshold (peaks)",3
26.6,0.00888729274392863,0.321041873714813,1,"Threshold (peaks)",3
26.8,0.00851105923347324,0.326991484724257,0.999999999811134,"Threshold (peaks)",3
27,0.00813230348802059,0.332423734315407,0.999162862477637,"Threshold (peaks)",3
27.2,0.00797275205672292,0.337257171385766,0.654143635803601,"Threshold (peaks)",3
27.4,0.00795029849899699,0.341230577743853,0.432899258907558,"Threshold (peaks)",3
27.6,0.00792895268001867,0.344188812939148,0.24368083408302,"Threshold (peaks)",3
27.8,0.00790076588853546,0.346224943548571,0.0935011404747747,"Threshold (peaks)",3
28,0.00784354294940306,0.347466845251461,0.0101110677833511,"Threshold (peaks)",3
28.2,0.00772127550009939,0.348025347257842,7.30189012750613e-05,"Threshold (peaks)",3
28.4,0.00756789070302781,0.348046162496052,1.48465899970538e-07,"Threshold (peaks)",3
28.6,0.00742625055883869,0.347634989060835,4.85177206568681e-10,"Threshold (peaks)",3
28.8,0.00731209826403291,0.346833695037908,4.81475811157053e-12,"Threshold (peaks)",3
29,0.00723095037218267,0.345662820981973,1.81326918556051e-13,"Threshold (peaks)",3
29.2,0.00718474259765814,0.344150001133717,2.80243020886203e-14,"Threshold (peaks)",3
29.4,0.00717327254736206,0.342342650578521,1.7629505527443e-14,"Threshold (peaks)",3
29.6,0.00719430843093865,0.340309794230324,4.12487937896649e-14,"Threshold (peaks)",3
29.8,0.00724368791674845,0.33813782797676,3.03389788967494e-13,"Threshold (peaks)",3
30,0.00731585541193497,0.335923393113784,5.60416452871105e-12,"Threshold (peaks)",3
30.2,0.0074048627347136,0.333765066561614,2.04433872674554e-10,"Threshold (peaks)",3
30.4,0.0075055163176585,0.331754968898667,1.19393838473239e-08,"Threshold (peaks)",3
30.6,0.00761416060141767,0.329971444955696,9.63039466199613e-07,"Threshold (peaks)",3
30.8,0.0077286503550154,0.328474058023759,9.83671210204052e-05,"Threshold (peaks)",3
31,0.0078446996650927,0.32729906626811,0.0105897774208649,"Threshold (peaks)",3
31.2,0.00790453367375466,0.326411640461328,0.107229120985057,"Threshold (peaks)",3
31.4,0.00792050967170142,0.32583181968141,0.186368563041055,"Threshold (peaks)",3
31.6,0.00793109341603068,0.3255783478573,0.259975048508141,"Threshold (peaks)",3
31.8,0.00793865788311421,0.325609829841947,0.322911763090707,"Threshold (peaks)",3
32,0.00794386649346882,0.325874332836686,0.370529587066527,"Threshold (peaks)",3
32.2,0.00794696683304422,0.326322412721393,0.400192612881243,"Threshold (peaks)",3
32.4,0.00794811888676512,0.326911481965423,0.411417450933666,"Threshold (peaks)",3
32.6,0.00794752655059049,0.327604610104869,0.405633821696979,"Threshold (peaks)",3
32.8,0.00794545979949841,0.328367864080903,0.385667437945587,"Threshold (peaks)",3
33,0.00794221884379447,0.329168585052913,0.355138862994021,"Threshold (peaks)",3
33.2,0.00793809257840443,0.329975167135469,0.317937574393031,"Threshold (peaks)",3
33.4,0.00793333804931327,0.330757952606438,0.277801358261698,"Threshold (peaks)",3
33.6,0.00792817601218698,0.331490678762995,0.237943245791144,"Threshold (peaks)",3
33.8,0.0079227878353245,0.332152018448516,0.200732586122163,"Threshold (peaks)",3
34,0.00791730899381939,0.33272679607293,0.167546171419541,"Threshold (peaks)",3
34.2,0.00791182659962636,0.333206489478126,0.138875746616097,"Threshold (peaks)",3
34.4,0.00790639086853278,0.333588832639417,0.114628187970658,"Threshold (peaks)",3
34.6,0.00790104282112528,0.333876669265428,0.0944539727274263,"Threshold (peaks)",3
34.8,0.00789585032264483,0.334076450353415,0.077970165563514,"Threshold (peaks)",3
35,0.00789093883925193,0.334196789041454,0.0648444513581016,"Threshold (peaks)",3
35.2,0.00788650300154377,0.334247335717573,0.0547862845598579,"Threshold (peaks)",3
35.4,0.0078827885499144,0.334238046403028,0.0475131392947455,"Threshold (peaks)",3
35.6,0.00788004276774541,0.334178783757305,0.0427364934770365,"Threshold (peaks)",3
35.8,0.00787844623781228,0.334079137764625,0.0401736779290367,"Threshold (peaks)",3
36,0.00787805305194682,0.333948357997208,0.0395654808280665,"Threshold (peaks)",3
36.2,0.0078787680850684,0.333795314999301,0.0406781830533612,"Threshold (peaks)",3
36.4,0.00788037323420368,0.333628434047393,0.043286153288998,"Threshold (peaks)",3
36.6,0.00788258890655425,0.333455569710031,0.0471493705161375,"Threshold (peaks)",3
36.8,0.00788514031200417,0.333283820526967,0.0520036534678038,"Threshold (peaks)",3
37,0.00788780200210779,0.333119317632168,0.0575689548222192,"Threshold (peaks)",3
37.2,0.00789041275932348,0.332967043827618,0.0635672018184131,"Threshold (peaks)",3
37.4,0.00789286922873755,0.33283073497008,0.0697383437063029,"Threshold (peaks)",3
37.6,0.00789511099311623,0.332712886539273,0.0758492632749805,"Threshold (peaks)",3
37.8,0.00789710584072865,0.332614854199011,0.0816965169274875,"Threshold (peaks)",3
38,0.0078988388312511,0.332537015205751,0.0871065243173767,"Threshold (peaks)",3
38.2,0.00790030556473607,0.332478952579823,0.0919363857293693,"Threshold (peaks)",3
38.4,0.00790150871775552,0.332439631796377,0.0960765995114053,"Threshold (peaks)",3
38.6,0.00790245659645444,0.332417553316857,0.0994549327018774,"Threshold (peaks)",3
38.8,0.00790316259859891,0.332410877472186,0.102039465224884,"Threshold (peaks)",3
39,0.00790364480109088,0.332417527208649,0.103838769145139,"Threshold (peaks)",3
39.2,0.00790392525936028,0.33243527763351,0.104898135516844,"Threshold (peaks)",3
39.4,0.00790402893229229,0.332461839852282,0.10529214536593,"Threshold (peaks)",3
39.6,0.00790398237046152,0.332494942342075,0.10511502545546,"Threshold (peaks)",3
39.8,0.00790381240080586,0.332532408509108,0.104470695900713,"Threshold (peaks)",3
40,0.0079035450211453,0.332572226030575,0.103464160455827,"Threshold (peaks)",3
40.2,0.00790320462655719,0.332612602878271,0.10219518360871,"Threshold (peaks)",3
40.4,0.00790281357963236,0.332652006272083,0.100754417679934,"Threshold (peaks)",3
40.6,0.00790239205069433,0.332689183270293,0.0992215716232322,"Threshold (peaks)",3
40.8,0.00790195801330908,0.332723164222404,0.0976649584814347,"Threshold (peaks)",3
41,0.00790152728468212,0.332753252140243,0.0961417778880658,"Threshold (peaks)",3
41.2,0.00790111353583715,0.332779001882782,0.0946986685024375,"Threshold (peaks)",3
41.4,0.00790072824403137,0.332800192982962,0.0933722858977373,"Threshold (peaks)",3
41.6,0.00790038060294537,0.332816799276096,0.092189843836965,"Threshold (peaks)",3
41.8,0.00790007743370383,0.332828957578287,0.0911696653750431,"Threshold (peaks)",3
42,0.00789982314743058,0.332836936804735,0.0903218245876246,"Threshold (peaks)",3
42.2,0.00789961979976879,0.332841108285758,0.089648940394041,"Threshold (peaks)",3
42.4,0.00789946725608339,0.33284191768292,0.089147138354585,"Threshold (peaks)",3
42.6,0.0078993634613373,0.332839858784599,0.0888071490355774,"Threshold (peaks)",3
42.8,0.00789930478848077,0.332835449476143,0.0886154787807972,"Threshold (peaks)",3
43,0.00789928642823311,0.332829210234547,0.0885555769812562,"Threshold (peaks)",3
43.2,0.00789930278222652,0.332821645516019,0.0886089314335672,"Threshold (peaks)",3
43.4,0.00789934782836807,0.332813228350807,0.0887560433116051,"Threshold (peaks)",3
43.6,0.0078994154381198,0.33280438833449,0.0889772572774567,"Threshold (peaks)",3
43.8,0.00789949963643473,0.332795503036277,0.0892534432623367,"Threshold (peaks)",3
44,0.00789959480374363,0.332786892669835,0.0895665403091293,"Threshold (peaks)",3
20.2,0.00607681551275039,0.53495441399646,1,"Threshold (troughs)",3
20.4,0.00513029585788976,0.525428072475102,1,"Threshold (troughs)",3
20.6,0.00488549263788788,0.516047061658353,1,"Threshold (troughs)",3
20.8,0.00478925749632073,0.506048515340712,1,"Threshold (troughs)",3
21,0.0047173339402516,0.49525053651243,1,"Threshold (troughs)",3
21.2,0.00464765254776934,0.483749543629288,1,"Threshold (troughs)",3
21.4,0.00457808718186697,0.471720335116167,1,"Threshold (troughs)",3
21.6,0.00450946913139807,0.459346608285497,1,"Threshold (troughs)",3
21.8,0.00444284616175316,0.446810789176549,1,"Threshold (troughs)",3
22,0.0043793093236752,0.434244518512986,1,"Threshold (troughs)",3
22.2,0.00432035985128004,0.421760586716146,1,"Threshold (troughs)",3
22.4,0.00426790349497828,0.409433961589226,1,"Threshold (troughs)",3
22.6,0.00422438910595825,0.397322949746574,1,"Threshold (troughs)",3
22.8,0.00419326603687887,0.385466903346935,1,"Threshold (troughs)",3
23,0.00417927923897521,0.373895668590095,1,"Threshold (troughs)",3
23.2,0.00418918563421318,0.362633752759999,1,"Threshold (troughs)",3
23.4,0.00423221062987601,0.351705463358706,1,"Threshold (troughs)",3
23.6,0.00432071137689962,0.341143102471178,1,"Threshold (troughs)",3
23.8,0.00447072397063115,0.330995183129119,1,"Threshold (troughs)",3
24,0.00470263152560503,0.321338594588506,1,"Threshold (troughs)",3
24.2,0.00504144039964174,0.312292446931214,1,"Threshold (troughs)",3
24.4,0.00551563486244897,0.304033987214898,1,"Threshold (troughs)",3
24.6,0.00615199809740658,0.296814268563208,1,"Threshold (troughs)",3
24.8,0.00696250126105763,0.290968931077023,1,"Threshold (troughs)",3
25,0.00792875377149456,0.286920905573544,0.757797478803517,"Threshold (troughs)",3
25.2,0.00996678737991355,0.286105828977007,5.3545286237512e-36,"Threshold (troughs)",3
25.4,0.0112865583716474,0.287375981045781,3.6921733363925e-59,"Threshold (troughs)",3
25.6,0.0120750172670888,0.291539058767956,5.37219928518055e-73,"Threshold (troughs)",3
25.8,0.0123584586751919,0.298662393006492,5.69995924000895e-78,"Threshold (troughs)",3
26,0.0121897309581142,0.308049553227908,5.21163419708206e-75,"Threshold (troughs)",3
26.2,0.0117058861366685,0.318601509965223,1.61529530950307e-66,"Threshold (troughs)",3
26.4,0.0110689612843023,0.329251265116422,2.43232523123611e-55,"Threshold (troughs)",3
26.6,0.0104033899534013,0.339210396502379,1.16553494018354e-43,"Threshold (troughs)",3
26.8,0.00977812535531815,0.348004117657124,1.09562601009998e-32,"Threshold (troughs)",3
27,0.00921910996055958,0.355401753431469,7.08195309726127e-23,"Threshold (troughs)",3
27.2,0.00872865254653883,0.361331612876758,2.86734095802149e-14,"Threshold (troughs)",3
27.4,0.00830041219372033,0.365815278888404,9.39553116356016e-07,"Threshold (troughs)",3
27.6,0.00765486407029538,0.368652563375736,0.999995011482412,"Threshold (troughs)",3
27.8,0.00666309643151325,0.369836121040247,1,"Threshold (troughs)",3
28,0.00626768599123695,0.370327424498123,1,"Threshold (troughs)",3
28.2,0.00604851112503993,0.369657662263737,1,"Threshold (troughs)",3
28.4,0.00589089804665146,0.367748874654358,1,"Threshold (troughs)",3
28.6,0.00576714265725434,0.364714491021526,1,"Threshold (troughs)",3
28.8,0.00567082922177861,0.360752641154498,1,"Threshold (troughs)",3
29,0.0056007074282603,0.356082461512629,1,"Threshold (troughs)",3
29.2,0.00555738641258907,0.350910497376708,1,"Threshold (troughs)",3
29.4,0.00554281861583147,0.345418967244798,1,"Threshold (troughs)",3
29.6,0.00556035541011144,0.339765920084822,1,"Threshold (troughs)",3
29.8,0.00561496548144835,0.334090439872021,1,"Threshold (troughs)",3
30,0.0057133762926258,0.328519326627658,1,"Threshold (troughs)",3
30.2,0.00586367407806016,0.32317396973472,1,"Threshold (troughs)",3
30.4,0.006073771895621,0.318177315971986,1,"Threshold (troughs)",3
30.6,0.00634848903123725,0.313660627436062,1,"Threshold (troughs)",3
30.8,0.00668572977258044,0.309768367902531,1,"Threshold (troughs)",3
31,0.00707293227251973,0.306657817615299,1,"Threshold (troughs)",3
31.2,0.00748531232247654,0.304489331095111,0.99999999472272,"Threshold (troughs)",3
31.4,0.00789331196000163,0.303410745601047,0.929092038738745,"Threshold (troughs)",3
31.6,0.00918431436935947,0.304421742782969,2.88935822099378e-22,"Threshold (troughs)",3
31.8,0.00980611039037411,0.306081519116796,3.53619703725896e-33,"Threshold (troughs)",3
32,0.0100608355292085,0.308864638713265,1.19733266112694e-37,"Threshold (troughs)",3
32.2,0.0101181743375219,0.312911700246967,1.18016377557165e-38,"Threshold (troughs)",3
32.4,0.0100413218064089,0.317968649206637,2.63434502415992e-37,"Threshold (troughs)",3
32.6,0.00986784485795675,0.323579195944648,2.91824594515337e-34,"Threshold (troughs)",3
32.8,0.00963107064293299,0.329273998833004,4.17265206650113e-30,"Threshold (troughs)",3
33,0.00936025264682871,0.334679448197417,2.36133083688038e-25,"Threshold (troughs)",3
33.2,0.00907753689053955,0.339545230371247,2.16123659123806e-20,"Threshold (troughs)",3
33.4,0.00879692303469037,0.343727584133373,1.81702245785606e-15,"Threshold (troughs)",3
33.6,0.00852552216378401,0.347159716330306,1.05277163295818e-10,"Threshold (troughs)",3
33.8,0.00826644573999158,0.34982480819532,3.70695621053077e-06,"Threshold (troughs)",3
34,0.00800912398244084,0.351722758714541,0.108411364143478,"Threshold (troughs)",3
34.2,0.0069422521654001,0.35208400524842,1,"Threshold (troughs)",3
34.4,0.00652326848455603,0.352346528772695,1,"Threshold (troughs)",3
34.6,0.00633498369990391,0.35194985375955,1,"Threshold (troughs)",3
34.8,0.00621918917010487,0.350659349328815,1,"Threshold (troughs)",3
35,0.00613888296055724,0.348492955136387,1,"Threshold (troughs)",3
35.2,0.00608625025788434,0.345596654440587,1,"Threshold (troughs)",3
35.4,0.00605926762107116,0.342163659935504,1,"Threshold (troughs)",3
35.6,0.00605712895099504,0.338386682682633,1,"Threshold (troughs)",3
35.8,0.00607988491871787,0.334437460731125,1,"Threshold (troughs)",3
36,0.00612880625603784,0.330462094222696,1,"Threshold (troughs)",3
36.2,0.00620676347354812,0.3265833580523,1,"Threshold (troughs)",3
36.4,0.006318203704171,0.322905364246576,1,"Threshold (troughs)",3
36.6,0.0064680552943775,0.319519088275622,1,"Threshold (troughs)",3
36.8,0.0066591312245326,0.316508652243064,1,"Threshold (troughs)",3
37,0.00688869871578124,0.313957579334952,1,"Threshold (troughs)",3
37.2,0.0071459803932767,0.311952324809047,0.999999999999994,"Threshold (troughs)",3
37.4,0.00741227627396353,0.31057936539684,0.99999999972416,"Threshold (troughs)",3
37.6,0.0076641308832504,0.309913761232415,0.999992745636936,"Threshold (troughs)",3
37.8,0.00788662578839621,0.310009246516852,0.944956204358617,"Threshold (troughs)",3
38,0.00893153266390433,0.311715070795194,7.88890192976711e-18,"Threshold (troughs)",3
38.2,0.00938724905776109,0.313615975856077,7.93196717569178e-26,"Threshold (troughs)",3
38.4,0.00950436223907687,0.31607026893062,6.98381375540651e-28,"Threshold (troughs)",3
38.6,0.00948146481784764,0.319273561441595,1.76170421195158e-27,"Threshold (troughs)",3
38.8,0.00938656106757367,0.32309009313846,8.15558002879172e-26,"Threshold (troughs)",3
39,0.00924678584637294,0.327215044551542,2.31447562092712e-23,"Threshold (troughs)",3
39.2,0.00907857606967414,0.33132524840705,2.07235973039408e-20,"Threshold (troughs)",3
39.4,0.00889487037804504,0.3351650040315,3.4707603292326e-17,"Threshold (troughs)",3
39.6,0.00870564865892671,0.338568056074019,7.26420552762794e-14,"Threshold (troughs)",3
39.8,0.00851739088342962,0.341445185586982,1.46229436616617e-10,"Threshold (troughs)",3
40,0.00833310609169042,0.34376192429159,2.50701624098486e-07,"Threshold (troughs)",3
40.2,0.00815348084807115,0.34551817689274,0.000355919635079878,"Threshold (troughs)",3
40.4,0.00771986105821832,0.346474262373042,0.999931037311971,"Threshold (troughs)",3
40.6,0.00685811204115285,0.346501319378741,1,"Threshold (troughs)",3
40.8,0.00656478115976311,0.346518197197089,1,"Threshold (troughs)",3
41,0.0064300450435711,0.345952270030336,1,"Threshold (troughs)",3
41.2,0.00634651033423489,0.34462731017667,1,"Threshold (troughs)",3
41.4,0.00629172170974034,0.342582576763393,1,"Threshold (troughs)",3
41.6,0.00626175207578669,0.339963598644678,1,"Threshold (troughs)",3
41.8,0.00625525439999861,0.336949171039472,1,"Threshold (troughs)",3
42,0.00627098999172949,0.33371123731315,1,"Threshold (troughs)",3
42.2,0.00630824103336875,0.330399290550455,1,"Threshold (troughs)",3
42.4,0.0063675840599306,0.327137587005573,1,"Threshold (troughs)",3
42.6,0.00645140423324031,0.324027451970804,1,"Threshold (troughs)",3
42.8,0.00656357628587652,0.321151370330832,1,"Threshold (troughs)",3
43,0.00670766295324694,0.318578343068294,1,"Threshold (troughs)",3
43.2,0.00688377957211332,0.316370467784855,1,"Threshold (troughs)",3
43.4,0.00708564686019481,0.314589084169649,1,"Threshold (troughs)",3
43.6,0.007299816899824,0.313296962639755,0.999999999997069,"Threshold (troughs)",3
43.8,0.00750790640407929,0.312553322129315,0.999999986849964,"Threshold (troughs)",3
44,0.0076909187740921,0.312401607993186,0.999978585416811,"Threshold (troughs)",3
20.2,0.00648375141691889,0.535367309333472,1.3977430066211e-26,"Threshold (peaks)",5
20.4,0.00592030474964949,0.526184850466646,1.8078800072712e-36,"Threshold (peaks)",5
20.6,0.00572368999487809,0.516848263607157,6.40709793829777e-40,"Threshold (peaks)",5
20.8,0.00561701799953723,0.506972016519591,8.6022415100657e-42,"Threshold (peaks)",5
21,0.00552816375599692,0.496471140507098,2.37277266345677e-43,"Threshold (peaks)",5
21.2,0.00544231537698785,0.485447313874536,7.39013407852179e-45,"Threshold (peaks)",5
21.4,0.00535781881081141,0.474047397718159,2.43092895033513e-46,"Threshold (peaks)",5
21.6,0.0052754526280654,0.462414296124674,8.71524435819738e-48,"Threshold (peaks)",5
21.8,0.00519631610579684,0.450692575413305,3.56013188474177e-49,"Threshold (peaks)",5
22,0.0051215838170499,0.438981157278194,1.73758114552068e-50,"Threshold (peaks)",5
22.2,0.00505282120727246,0.427369356799625,1.07941766119535e-51,"Threshold (peaks)",5
22.4,0.00499197358847318,0.415915412522025,9.23291391905588e-53,"Threshold (peaks)",5
22.6,0.00494143786587574,0.404667993010762,1.19800215409637e-53,"Threshold (peaks)",5
22.8,0.00490446503281656,0.393660254697669,2.68905419738915e-54,"Threshold (peaks)",5
23,0.00488532036816854,0.382921426915986,1.24056221527641e-54,"Threshold (peaks)",5
23.2,0.00488979031131424,0.372475736422705,1.48615537580368e-54,"Threshold (peaks)",5
23.4,0.00492546346440473,0.362350362947794,6.28222389469588e-54,"Threshold (peaks)",5
23.6,0.00500203681788093,0.352578354209435,1.38657808505425e-52,"Threshold (peaks)",5
23.8,0.00513153697541272,0.343206066034917,2.59787911829125e-50,"Threshold (peaks)",5
24,0.00532841119994251,0.334299955969971,7.40765531945101e-47,"Threshold (peaks)",5
24.2,0.00560936638710444,0.325955128242621,6.31435469772975e-42,"Threshold (peaks)",5
24.4,0.00599234325257096,0.31830349948136,3.32212338163859e-35,"Threshold (peaks)",5
24.6,0.00649367712070488,0.311520921880068,2.08746573361168e-26,"Threshold (peaks)",5
24.8,0.00712195801244036,0.305830053602407,2.21661928411161e-15,"Threshold (peaks)",5
25,0.00786438573202332,0.301491229614638,0.0231640486145241,"Threshold (peaks)",5
25.2,0.00794098520604065,0.298062061420191,0.343806499992249,"Threshold (peaks)",5
25.4,0.00796024268847492,0.296452116565382,0.532904137012269,"Threshold (peaks)",5
25.6,0.00797569023196027,0.29675101301251,0.680491915373314,"Threshold (peaks)",5
25.8,0.00798610897015504,0.298743744209222,0.764416713010261,"Threshold (peaks)",5
26,0.0079883926427755,0.302071950017354,0.780628111914939,"Threshold (peaks)",5
26.2,0.00798278561660144,0.306332452822983,0.739380997296729,"Threshold (peaks)",5
26.4,0.0079732441180076,0.311130920314777,0.658628273957084,"Threshold (peaks)",5
26.6,0.00796267884899527,0.316110116552876,0.557309752308199,"Threshold (peaks)",5
26.8,0.00795207339278847,0.320972127387627,0.450584468337482,"Threshold (peaks)",5
27,0.00794153383610583,0.325490201568796,0.348825265333142,"Threshold (peaks)",5
27.2,0.00793087414311773,0.329508561199975,0.25827398643309,"Threshold (peaks)",5
27.4,0.00791975343749202,0.332935730859553,0.181779084931377,"Threshold (peaks)",5
27.6,0.00790757974159042,0.335735461998006,0.119594866045656,"Threshold (peaks)",5
27.8,0.00789318092835637,0.33791553610315,0.0705599238170962,"Threshold (peaks)",5
28,0.0078738901826712,0.339513942954093,0.0336456143129572,"Threshold (peaks)",5
28.2,0.0078429364002851,0.340582846112977,0.00986867092974144,"Threshold (peaks)",5
28.4,0.00778787687793478,0.341175190159114,0.00107603471177917,"Threshold (peaks)",5
28.6,0.00771141570111005,0.341355638907254,4.90241745812144e-05,"Threshold (peaks)",5
28.8,0.00763760196284327,0.341198707394094,2.4833029004399e-06,"Threshold (peaks)",5
29,0.00758080695730051,0.340756986456478,2.50208253608089e-07,"Threshold (peaks)",5
29.2,0.00754452059335395,0.340067760892888,5.77418804029113e-08,"Threshold (peaks)",5
29.4,0.00752825911071762,0.339168814026222,2.9930129072325e-08,"Threshold (peaks)",5
29.6,0.00753029324029887,0.338105560373594,3.24942657362087e-08,"Threshold (peaks)",5
29.8,0.00754842139460205,0.336931145682535,6.76002620200476e-08,"Threshold (peaks)",5
30,0.00758021163672129,0.335702945827743,2.44260927823918e-07,"Threshold (peaks)",5
30.2,0.00762316108803628,0.334478074698011,1.38547517159733e-06,"Threshold (peaks)",5
30.4,0.00767486202788081,0.333309326725703,1.11924396221593e-05,"Threshold (peaks)",5
30.6,0.00773306547609509,0.332242058327789,0.000117577759276769,"Threshold (peaks)",5
30.8,0.00779454095772422,0.331311157806143,0.00140810082339191,"Threshold (peaks)",5
31,0.0078452738568638,0.330530793088555,0.0108356686582336,"Threshold (peaks)",5
31.2,0.00786757552994909,0.329901868159321,0.0262671113962394,"Threshold (peaks)",5
31.4,0.00787886129758101,0.329447460686825,0.0408254259145643,"Threshold (peaks)",5
31.6,0.007886501289682,0.329164993943164,0.0547827024423205,"Threshold (peaks)",5
31.8,0.00789191012587059,0.329035428920282,0.0672655451463243,"Threshold (peaks)",5
32,0.00789569306696441,0.329035594450645,0.0775145507677938,"Threshold (peaks)",5
32.2,0.007898180840032,0.329143407806019,0.0850152724830543,"Threshold (peaks)",5
32.4,0.00789958623379338,0.329339417027507,0.0895383049553771,"Threshold (peaks)",5
32.6,0.00790006656655413,0.329606230626514,0.0911332861446925,"Threshold (peaks)",5
32.8,0.00789975254559739,0.329927392700633,0.0900876868032953,"Threshold (peaks)",5
33,0.00789876476354026,0.330286576232155,0.0868688152944187,"Threshold (peaks)",5
33.2,0.00789722512557978,0.330667366155379,0.0820588712406058,"Threshold (peaks)",5
33.4,0.00789526285425764,0.331053594683512,0.0762805379969724,"Threshold (peaks)",5
33.6,0.00789301179753581,0.33143008292142,0.0701130237366482,"Threshold (peaks)",5
33.8,0.00789059886072997,0.331783579594845,0.0640163273036779,"Threshold (peaks)",5
34,0.0078881296088874,0.332103621477443,0.0582914222251381,"Threshold (peaks)",5
34.2,0.00788567999011811,0.33238304545297,0.0530893400981133,"Threshold (peaks)",5
34.4,0.00788329924086274,0.332618011693622,0.0484558368966314,"Threshold (peaks)",5
34.6,0.00788102163779559,0.332807587250838,0.0443843050491929,"Threshold (peaks)",5
34.8,0.0078788800234896,0.332953075489863,0.0408550677326566,"Threshold (peaks)",5
35,0.00787691457227365,0.333057302513383,0.0378538353919713,"Threshold (peaks)",5
35.2,0.00787517393073009,0.333124011442613,0.0353736922954292,"Threshold (peaks)",5
35.4,0.00787370947461455,0.333157427781361,0.0334089969191789,"Threshold (peaks)",5
35.6,0.00787256558151578,0.333161988863652,0.0319480601360067,"Threshold (peaks)",5
35.8,0.00787176963027492,0.333142193271514,0.0309681504023224,"Threshold (peaks)",5
36,0.00787132517943044,0.333102517512834,0.0304337029176386,"Threshold (peaks)",5
36.2,0.00787121050127258,0.333047355893175,0.0302972600336628,"Threshold (peaks)",5
36.4,0.00787138263855357,0.332980955585437,0.0305022908197433,"Threshold (peaks)",5
36.6,0.00787178520735448,0.33290733606193,0.0309870455475007,"Threshold (peaks)",5
36.8,0.00787235719603649,0.332830196461917,0.0316886527350115,"Threshold (peaks)",5
37,0.00787304032982728,0.332752823653522,0.0325467377867589,"Threshold (peaks)",5
37.2,0.00787378373270023,0.332678016524297,0.0335060346755022,"Threshold (peaks)",5
37.4,0.00787454584969776,0.332608038944975,0.0345177916125024,"Threshold (peaks)",5
37.6,0.00787529436118243,0.332544607116344,0.03554012578065,"Threshold (peaks)",5
37.8,0.00787600502800213,0.332488909604269,0.0365377184456848,"Threshold (peaks)",5
38,0.00787666023600893,0.332441652791491,0.0374812891617205,"Threshold (peaks)",5
38.2,0.00787724769640938,0.33240312195769,0.0383471719830196,"Threshold (peaks)",5
38.4,0.00787775947009783,0.332373248629658,0.039117122561246,"Threshold (peaks)",5
38.6,0.00787819129248141,0.33235167721807,0.0397783043449144,"Threshold (peaks)",5
38.8,0.00787854208811806,0.332337826993955,0.0403232959956831,"Threshold (peaks)",5
39,0.00787881355655315,0.332330948091456,0.0407499483076894,"Threshold (peaks)",5
39.2,0.00787900974723387,0.332330171864974,0.0410609779277125,"Threshold (peaks)",5
39.4,0.00787913659131408,0.332334556490596,0.0412632775222496,"Threshold (peaks)",5
39.6,0.00787920140038149,0.332343128460556,0.0413670072711354,"Threshold (peaks)",5
39.8,0.00787921236641438,0.332354920010682,0.0413845835500495,"Threshold (peaks)",5
40,0.00787917810247644,0.332369001948669,0.0413296892604654,"Threshold (peaks)",5
40.2,0.00787910725456708,0.33238451106882,0.0412164046546072,"Threshold (peaks)",5
40.4,0.00787900819894085,0.332400671416267,0.0410585144784809,"Threshold (peaks)",5
40.6,0.00787888882301939,0.332416809023315,0.0408690038949445,"Threshold (peaks)",5
40.8,0.00787875637650649,0.33243236023092,0.040659723648446,"Threshold (peaks)",5
41,0.00787861737442383,0.33244687417512,0.0404411887324903,"Threshold (peaks)",5
41.2,0.00787847753495259,0.332460010353706,0.0402224727954916,"Threshold (peaks)",5
41.4,0.00787834174004429,0.332471532348566,0.0400111676573326,"Threshold (peaks)",5
41.6,0.00787821401309218,0.332481298777157,0.0398133879286647,"Threshold (peaks)",5
41.8,0.00787809751326207,0.332489252430504,0.0396338103629739,"Threshold (peaks)",5
42,0.00787799454903036,0.332495408384113,0.039475743795728,"Threshold (peaks)",5
42.2,0.00787790661378247,0.332499841692726,0.0393412278612771,"Threshold (peaks)",5
42.4,0.00787783444456412,0.332502675132007,0.0392311580155794,"Threshold (peaks)",5
42.6,0.00787777810228703,0.332504067341571,0.0391454322178162,"Threshold (peaks)",5
42.8,0.00787773706895507,0.332504201650125,0.0390831123756815,"Threshold (peaks)",5
43,0.00787771035559302,0.332503275812271,0.0390425923138933,"Threshold (peaks)",5
43.2,0.00787769661389409,0.332501492843851,0.0390217639717374,"Threshold (peaks)",5
43.4,0.00787769424509259,0.332499053098223,0.0390181746481996,"Threshold (peaks)",5
43.6,0.00787770150087127,0.332496147675309,0.0390291699587872,"Threshold (peaks)",5
43.8,0.00787771657277633,0.332492953199545,0.0390520192248442,"Threshold (peaks)",5
44,0.00787773766823425,0.33248962794668,0.0390840218525522,"Threshold (peaks)",5
20.2,0.00500136901310328,0.533889554462481,1,"Threshold (troughs)",5
20.4,0.00392014673909145,0.52424589210621,1,"Threshold (troughs)",5
20.6,0.0037383847019796,0.514799225824523,1,"Threshold (troughs)",5
20.8,0.00367938444987346,0.504470937634904,1,"Threshold (troughs)",5
21,0.00363019191624136,0.493082090581583,1,"Threshold (troughs)",5
21.2,0.00357945427684338,0.480774555550856,1,"Threshold (troughs)",5
21.4,0.00352763909002926,0.467774462806874,1,"Threshold (troughs)",5
21.6,0.00347578350824742,0.45431815706881,1,"Threshold (troughs)",5
21.8,0.00342476022009906,0.440627558190475,1,"Threshold (troughs)",5
22,0.00337551710720817,0.426867112134193,1,"Threshold (troughs)",5
22.2,0.00332945524389943,0.41316851805784,1,"Threshold (troughs)",5
22.4,0.00328839995098149,0.399621445028064,1,"Threshold (troughs)",5
22.6,0.00325488345558289,0.386288489961285,1,"Threshold (troughs)",5
22.8,0.00323266620638231,0.373212632008243,1,"Threshold (troughs)",5
23,0.00322733274454596,0.360420346463208,1,"Threshold (troughs)",5
23.2,0.00324726023495122,0.347932106059956,1,"Threshold (troughs)",5
23.4,0.00330460489190602,0.335766975908248,1,"Threshold (troughs)",5
23.6,0.00341670998296412,0.323954545923517,1,"Threshold (troughs)",5
23.8,0.00360804730378675,0.312549465573063,1,"Threshold (troughs)",5
24,0.00391291218317681,0.301652760101776,1,"Threshold (troughs)",5
24.2,0.00437805130344151,0.291440784142282,1,"Threshold (troughs)",5
24.4,0.0050613120156318,0.282203949719433,1,"Threshold (troughs)",5
24.6,0.00601566675102066,0.274395730711273,1,"Threshold (troughs)",5
24.8,0.00724045621918795,0.268681983633984,0.999999999999734,"Threshold (troughs)",5
25,0.010521230384794,0.267849965592593,9.96492645222528e-46,"Threshold (troughs)",5
25.2,0.013698935446544,0.271003777951152,1.70237273181718e-101,"Threshold (troughs)",5
25.4,0.0150171860593841,0.278021068985679,1.24823833696422e-124,"Threshold (troughs)",5
25.6,0.0150441613131568,0.289894424029645,4.19655467793551e-125,"Threshold (troughs)",5
25.8,0.014218922949203,0.305306783497317,1.27493319258297e-110,"Threshold (troughs)",5
26,0.0130237188845288,0.321881808436819,1.20455921249045e-89,"Threshold (troughs)",5
26.2,0.0118191858180437,0.337645050455626,1.65916291246373e-68,"Threshold (troughs)",5
26.4,0.0107728518770635,0.351519271771385,3.82490096137993e-50,"Threshold (troughs)",5
26.6,0.00991829039051521,0.36311612978203,3.8003491752091e-35,"Threshold (troughs)",5
26.8,0.00922952320347829,0.372415071399533,4.64948560425867e-23,"Threshold (troughs)",5
27,0.00866581093399164,0.379553991538697,3.63348894531406e-13,"Threshold (troughs)",5
27.2,0.00819164885761996,0.384726027562572,7.61448574641407e-05,"Threshold (troughs)",5
27.4,0.00601085363260142,0.386380000339841,1,"Threshold (troughs)",5
27.6,0.00494325480709187,0.387532981751524,1,"Threshold (troughs)",5
27.8,0.00464325009880687,0.387653265008233,1,"Threshold (troughs)",5
28,0.00447886824107992,0.385955269532825,1,"Threshold (troughs)",5
28.2,0.00434934961608365,0.382417265250092,1,"Threshold (troughs)",5
28.4,0.0042409656850588,0.377276897949485,1,"Threshold (troughs)",5
28.6,0.00415164467103406,0.370858724056781,1,"Threshold (troughs)",5
28.8,0.00408107137788354,0.363487002305231,1,"Threshold (troughs)",5
29,0.00403021289743274,0.355447479170016,1,"Threshold (troughs)",5
29.2,0.00400179723368925,0.346978890634097,1,"Threshold (troughs)",5
29.4,0.00400099507530107,0.338278075943199,1,"Threshold (troughs)",5
29.6,0.00403643410330989,0.329510029190029,1,"Threshold (troughs)",5
29.8,0.004121469740495,0.320819707037234,1,"Threshold (troughs)",5
30,0.0042751117633539,0.312345677723048,1,"Threshold (troughs)",5
30.2,0.00452159804021521,0.304237715036288,1,"Threshold (troughs)",5
30.4,0.00488739231116423,0.296680278460007,1,"Threshold (troughs)",5
30.6,0.00539412909485261,0.289920474066437,1,"Threshold (troughs)",5
30.8,0.00604551718020751,0.284293568998706,1,"Threshold (troughs)",5
31,0.00680768983902495,0.280230705944969,1,"Threshold (troughs)",5
31.2,0.00759097038639829,0.278223261154041,0.999999622718435,"Threshold (troughs)",5
31.4,0.010305404754569,0.280739724971081,6.11118337572753e-42,"Threshold (troughs)",5
31.6,0.0123760566061028,0.285565245453929,2.79920874477848e-78,"Threshold (troughs)",5
31.8,0.0129035594936815,0.292324020305408,1.54730575051232e-87,"Threshold (troughs)",5
32,0.012699424891651,0.30174405075929,5.91636026549978e-84,"Threshold (troughs)",5
32.2,0.012129558900425,0.313108153647616,5.9288278188198e-74,"Threshold (troughs)",5
32.4,0.0114100482827906,0.325069137842976,2.51237713033217e-61,"Threshold (troughs)",5
32.6,0.0106784707272464,0.336434138351958,1.73368675761182e-48,"Threshold (troughs)",5
32.8,0.0100074960798321,0.346477866021164,1.0334757037312e-36,"Threshold (troughs)",5
33,0.00942263729917548,0.354890206451084,1.89815554402517e-26,"Threshold (troughs)",5
33.2,0.00892189318793527,0.361618145794359,1.16462310978261e-17,"Threshold (troughs)",5
33.4,0.00849054094997919,0.366736938723287,4.32753029945226e-10,"Threshold (troughs)",5
33.6,0.00811067944418529,0.37037393818343,0.00200346910448208,"Threshold (troughs)",5
33.8,0.00576238957626688,0.370694995045811,1,"Threshold (troughs)",5
34,0.00493895843100147,0.371274872333476,1,"Threshold (troughs)",5
34.2,0.00469386278379002,0.370875135785691,1,"Threshold (troughs)",5
34.4,0.0045515843549145,0.368825571797183,1,"Threshold (troughs)",5
34.6,0.00444159634599167,0.365117512669111,1,"Threshold (troughs)",5
34.8,0.0043566583312914,0.359989963981748,1,"Threshold (troughs)",5
35,0.0042964744105675,0.353766074796227,1,"Threshold (troughs)",5
35.2,0.00426122548372157,0.346766706248302,1,"Threshold (troughs)",5
35.4,0.00425213930895524,0.339275484305049,1,"Threshold (troughs)",5
35.6,0.00427269327957967,0.331532603759583,1,"Threshold (troughs)",5
35.8,0.00432995086798791,0.323740864471728,1,"Threshold (troughs)",5
36,0.00443599454124925,0.316075817168711,1,"Threshold (troughs)",5
36.2,0.00460873258094331,0.308697939047931,1,"Threshold (troughs)",5
36.4,0.00487046462731573,0.301768635710905,1,"Threshold (troughs)",5
36.6,0.0052424604332841,0.295472193928523,1,"Threshold (troughs)",5
36.8,0.00573484275061423,0.290041707441762,1,"Threshold (troughs)",5
37,0.00633280042751187,0.285778702226645,1,"Threshold (troughs)",5
37.2,0.00698349389554173,0.283047521966435,1,"Threshold (troughs)",5
37.4,0.00759415492965102,0.282221992109915,0.999999570905459,"Threshold (troughs)",5
37.6,0.00958228594692698,0.28509096469075,2.99615007155323e-29,"Threshold (troughs)",5
37.8,0.0117531668437204,0.290519199963453,2.39053403378413e-67,"Threshold (troughs)",5
38,0.0122362492689853,0.296883737431433,7.95420288632685e-76,"Threshold (troughs)",5
38.2,0.0120288930872256,0.305170595823519,3.46427642341166e-72,"Threshold (troughs)",5
38.4,0.0115320138932992,0.315038248222805,1.81818651207908e-63,"Threshold (troughs)",5
38.6,0.0109283359698113,0.325469918491435,7.14394644324981e-53,"Threshold (troughs)",5
38.8,0.0103169771849101,0.335455327159959,3.82854638685577e-42,"Threshold (troughs)",5
39,0.00975006978004288,0.344326597803092,3.40428697846411e-32,"Threshold (troughs)",5
39.2,0.00924841434145439,0.351770458182928,2.16707124940414e-23,"Threshold (troughs)",5
39.4,0.00881319578759102,0.357714332173773,9.41412935311595e-16,"Threshold (troughs)",5
39.6,0.0084347201988097,0.362214829278967,4.12925197623953e-09,"Threshold (troughs)",5
39.8,0.00809812513395381,0.365384301561202,0.00332300537008983,"Threshold (troughs)",5
40,0.00576220556171507,0.365356626354746,1,"Threshold (troughs)",5
40.2,0.00497480381621606,0.365744138241382,1,"Threshold (troughs)",5
40.4,0.00474462190424823,0.365243221958483,1,"Threshold (troughs)",5
40.6,0.0046109562939816,0.363181467045942,1,"Threshold (troughs)",5
40.8,0.00450767944897743,0.359541713683896,1,"Threshold (troughs)",5
41,0.0044299053218004,0.35455642420864,1,"Threshold (troughs)",5
41.2,0.00437866848825058,0.348542780220256,1,"Threshold (troughs)",5
41.4,0.00435466586162131,0.341815912178044,1,"Threshold (troughs)",5
41.6,0.00435916308576817,0.334654964685134,1,"Threshold (troughs)",5
41.8,0.00439558984085558,0.327297786332974,1,"Threshold (troughs)",5
42,0.00447118596017702,0.319947141840539,1,"Threshold (troughs)",5
42.2,0.00459849787759642,0.312780380208483,1,"Threshold (troughs)",5
42.4,0.00479568425493482,0.305961084858332,1,"Threshold (troughs)",5
42.6,0.00508370616473708,0.299654962105842,1,"Threshold (troughs)",5
42.8,0.00547889789164143,0.294051745165088,1,"Threshold (troughs)",5
43,0.00598134822257395,0.289388911497532,1,"Threshold (troughs)",5
43.2,0.00656213554199067,0.285963698144548,1,"Threshold (troughs)",5
43.4,0.0071560058463903,0.284113057778519,0.999999999999991,"Threshold (troughs)",5
43.6,0.00766968804636732,0.284144181873818,0.999990919193415,"Threshold (troughs)",5
43.8,0.00963156716763199,0.287827009554726,4.08976513470982e-30,"Threshold (troughs)",5
44,0.0115927511447194,0.29362340773776,1.56215671795565e-64,"Threshold (troughs)",5
20.2,0.00644546582879168,0.535331372753512,2.97530143638079e-27,"Threshold (peaks)",7
20.4,0.00591111696823721,0.526171706903641,1.24717618603177e-36,"Threshold (peaks)",7
20.6,0.00572243273634333,0.516827659813201,6.08971532801639e-40,"Threshold (peaks)",7
20.8,0.0056174733173646,0.50693427806087,8.76198029774346e-42,"Threshold (peaks)",7
21,0.00552880067988377,0.496416134415022,2.43463512287486e-43,"Threshold (peaks)",7
21.2,0.00544283964499143,0.485378971163111,7.54836697879019e-45,"Threshold (peaks)",7
21.4,0.00535819964434795,0.473970715139959,2.46862849672783e-46,"Threshold (peaks)",7
21.6,0.00527569768065107,0.462333973901271,8.80197520163163e-48,"Threshold (peaks)",7
21.8,0.00519643514412019,0.450612278353109,3.57729833482475e-49,"Threshold (peaks)",7
22,0.00512158837562055,0.438903457953843,1.73790125345471e-50,"Threshold (peaks)",7
22.2,0.00505272649115157,0.427295850076407,1.07529416854432e-51,"Threshold (peaks)",7
22.4,0.00499179863112071,0.415846899171651,9.16786810910964e-53,"Threshold (peaks)",7
22.6,0.00494120792120693,0.404604698368711,1.18692195815093e-53,"Threshold (peaks)",7
22.8,0.00490421505399926,0.393602003867664,2.66202745204129e-54,"Threshold (peaks)",7
23,0.00488509835595206,0.3828677736643,1.22948242810021e-54,"Threshold (peaks)",7
23.2,0.00488965961268392,0.372426107814653,1.47832700198608e-54,"Threshold (peaks)",7
23.4,0.00492550004521971,0.362304142192932,6.2915172056169e-54,"Threshold (peaks)",7
23.6,0.00500232481896985,0.352535002606431,1.40280928824721e-52,"Threshold (peaks)",7
23.8,0.00513216206714263,0.343165209416952,2.66433630325325e-50,"Threshold (peaks)",7
24,0.00532945583477413,0.334261479586228,7.72704922247258e-47,"Threshold (peaks)",7
24.2,0.0056109055936589,0.32591924422491,6.71956898955625e-42,"Threshold (peaks)",7
24.4,0.00599443848906966,0.318270786455101,3.61564929085594e-35,"Threshold (peaks)",7
24.6,0.00649636110157454,0.311492324060533,2.32660211029246e-26,"Threshold (peaks)",7
24.8,0.00712520358266079,0.305806827643069,2.52725772261571e-15,"Threshold (peaks)",7
25,0.00786531921833453,0.301472083649249,0.0240331232013353,"Threshold (peaks)",7
25.2,0.00792421890392211,0.29803398324828,0.210171276778922,"Threshold (peaks)",7
25.4,0.00793888434509212,0.296426650090057,0.324915812487094,"Threshold (peaks)",7
25.6,0.00794847031101906,0.296719954016929,0.414860504898434,"Threshold (peaks)",7
25.8,0.0079536184178588,0.298697916491574,0.46608318746446,"Threshold (peaks)",7
26,0.00795455077336529,0.302005384001676,0.475469718248554,"Threshold (peaks)",7
26.2,0.00795197782654996,0.306241288220607,0.449628637835997,"Threshold (peaks)",7
26.4,0.00794695739249278,0.311011394472765,0.400101044749912,"Threshold (peaks)",7
26.6,0.00794039987093616,0.315960325393719,0.338490174863174,"Threshold (peaks)",7
26.8,0.00793285348857141,0.320793298445015,0.27389004455322,"Threshold (peaks)",7
27,0.00792456195612381,0.325285984978266,0.212481694848645,"Threshold (peaks)",7
27.2,0.00791556794866583,0.329283658859497,0.157961630238634,"Threshold (peaks)",7
27.4,0.00790573924658184,0.332694873176754,0.111982821470674,"Threshold (peaks)",7
27.6,0.00789467892167004,0.335482978845078,0.0746344288216861,"Threshold (peaks)",7
27.8,0.00788146016862508,0.33765537794505,0.0451420179640408,"Threshold (peaks)",7
28,0.00786391849338373,0.339250065623536,0.0227406472696366,"Threshold (peaks)",7
28.2,0.00783666094773569,0.340320261484895,0.00767517182138162,"Threshold (peaks)",7
28.4,0.00778887480911235,0.340920486289069,0.00112026388228026,"Threshold (peaks)",7
28.6,0.00771891611375122,0.341111737740323,6.63791849669633e-05,"Threshold (peaks)",7
28.8,0.00764779352071216,0.340967270671917,3.74875280172913e-06,"Threshold (peaks)",7
29,0.00759177177913512,0.340543229724601,3.89699360760289e-07,"Threshold (peaks)",7
29.2,0.00755557847951789,0.339878343426712,9.02718352464807e-08,"Threshold (peaks)",7
29.4,0.00753914108841989,0.339009475583955,4.64603871443192e-08,"Threshold (peaks)",7
29.6,0.00754085114172588,0.337979994389308,4.97844319939108e-08,"Threshold (peaks)",7
29.8,0.00755854323679002,0.336840832615186,1.01761275059736e-07,"Threshold (peaks)",7
30,0.00758979045216315,0.335647494723309,3.59714737626463e-07,"Threshold (peaks)",7
30.2,0.00763206994588159,0.334455722327761,1.98584471279528e-06,"Threshold (peaks)",7
30.4,0.00768291769398921,0.333317393653964,1.54987446651244e-05,"Threshold (peaks)",7
30.6,0.00773988660026507,0.332277184369257,0.000154887690077478,"Threshold (peaks)",7
30.8,0.0077983032401211,0.331368293668796,0.00163892795968524,"Threshold (peaks)",7
31,0.00783998754054207,0.33060057641755,0.00876978845897323,"Threshold (peaks)",7
31.2,0.0078574179883524,0.329984164823008,0.0175796069363633,"Threshold (peaks)",7
31.4,0.00786743789499077,0.329539017371634,0.0261252318867607,"Threshold (peaks)",7
31.6,0.00787439539075154,0.32925765225693,0.0343157414311732,"Threshold (peaks)",7
31.8,0.00787937404850233,0.329120682668821,0.04164455715901,"Threshold (peaks)",7
32,0.00788287910595639,0.329106280873073,0.0476790185266218,"Threshold (peaks)",7
32.2,0.00788519749997854,0.329194354869179,0.0521176988078945,"Threshold (peaks)",7
32.4,0.0078865192010176,0.329367393871658,0.0548201933268795,"Threshold (peaks)",7
32.6,0.00788698801146332,0.329609592850274,0.0558101132118764,"Threshold (peaks)",7
32.8,0.00788672633937659,0.329905668274183,0.0552555216985394,"Threshold (peaks)",7
33,0.00788585008165266,0.3302401017274,0.0534359301287468,"Threshold (peaks)",7
33.2,0.00788447840947443,0.330597017214796,0.0507007309753874,"Threshold (peaks)",7
33.4,0.00788273713424458,0.330960630875339,0.0474192010123498,"Threshold (peaks)",7
33.6,0.00788075318782258,0.331316102990372,0.0439264655341131,"Threshold (peaks)",7
33.8,0.00787864192089211,0.33165054473016,0.0404796979909206,"Threshold (peaks)",7
34,0.00787649435858335,0.33195387694923,0.0372402166620071,"Threshold (peaks)",7
34.2,0.007874372351915,0.332219282282049,0.034284903626252,"Threshold (peaks)",7
34.4,0.00787231430540839,0.332443152755023,0.0316355139788461,"Threshold (peaks)",7
34.6,0.00787034745224795,0.332624624192496,0.029289260717307,"Threshold (peaks)",7
34.8,0.00786849978311409,0.332764900288752,0.0272394717145398,"Threshold (peaks)",7
35,0.00786680653925106,0.332866569915916,0.0254839075584928,"Threshold (peaks)",7
35.2,0.00786530982775437,0.332933049459944,0.0240242241865364,"Threshold (peaks)",7
35.4,0.00786405278985427,0.332968195801958,0.0228615636467213,"Threshold (peaks)",7
35.6,0.00786307115664644,0.332976072621626,0.0219920126261151,"Threshold (peaks)",7
35.8,0.00786238531778214,0.33296082272256,0.0214037529645196,"Threshold (peaks)",7
36,0.00786199550704654,0.332926595140483,0.0210762922506296,"Threshold (peaks)",7
36.2,0.00786188147980463,0.332877486725897,0.0209814337556735,"Threshold (peaks)",7
36.4,0.00786200643044426,0.332817474625918,0.0210854013464298,"Threshold (peaks)",7
36.6,0.00786232351560419,0.332750332773201,0.0213515060190626,"Threshold (peaks)",7
36.8,0.00786278280902962,0.332679538544587,0.0217427889385589,"Threshold (peaks)",7
37,0.00786333692059475,0.332608183112726,0.0222241885035167,"Threshold (peaks)",7
37.2,0.00786394444940067,0.332538900127479,0.0227639684631382,"Threshold (peaks)",7
37.4,0.00786457134619674,0.332473823351846,0.0233343757730318,"Threshold (peaks)",7
37.6,0.00786519078986467,0.33241457715117,0.0239116957623526,"Threshold (peaks)",7
37.8,0.00786578229981418,0.332362297028167,0.0244759746073416,"Threshold (peaks)",7
38,0.00786633065604153,0.332317672754567,0.0250106693168805,"Threshold (peaks)",7
38.2,0.00786682495449148,0.332281004897965,0.0255023946436566,"Threshold (peaks)",7
38.4,0.00786725790661811,0.332252266357264,0.0259408177556198,"Threshold (peaks)",7
38.6,0.00786762535105283,0.332231162891231,0.0263186535313936,"Threshold (peaks)",7
38.8,0.00786792588589879,0.332217189395648,0.0266316634990715,"Threshold (peaks)",7
39,0.00786816053116929,0.332209680960209,0.0268785630966078,"Threshold (peaks)",7
39.2,0.00786833236402382,0.3322078590707,0.0270607802615193,"Threshold (peaks)",7
39.4,0.00786844611021135,0.332210873706141,0.0271820604513286,"Threshold (peaks)",7
39.6,0.00786850770743978,0.33221784179999,0.0272479579550634,"Threshold (peaks)",7
39.8,0.00786852387319405,0.332227881983858,0.0272652779939237,"Threshold (peaks)",7
40,0.00786850171096255,0.332240145055361,0.027241536030451,"Threshold (peaks)",7
40.2,0.00786844837943687,0.332253839409169,0.027184485347148,"Threshold (peaks)",7
40.4,0.00786837083514495,0.332268250782573,0.0271017405357397,"Threshold (peaks)",7
40.6,0.00786827564565516,0.332282756013322,0.02700050186144,"Threshold (peaks)",7
40.8,0.00786816886149636,0.332296830951268,0.0268873692645128,"Threshold (peaks)",7
41,0.00786805593150038,0.332310053074346,0.0267682269605675,"Threshold (peaks)",7
41.2,0.00786794164765983,0.332322099645002,0.026648179079623,"Threshold (peaks)",7
41.4,0.00786783010991718,0.332332742373189,0.0265315207963745,"Threshold (peaks)",7
41.6,0.007867724706389,0.332341839542116,0.0264217349768291,"Threshold (peaks)",7
41.8,0.00786762810862643,0.332349326447274,0.0263215092354876,"Threshold (peaks)",7
42,0.00786754228365749,0.332355204849254,0.0262327712899426,"Threshold (peaks)",7
42.2,0.00786746852463088,0.332359531989394,0.0261567414626854,"Threshold (peaks)",7
42.4,0.00786740750041332,0.332362409590466,0.0260940006431534,"Threshold (peaks)",7
42.6,0.00786735932232486,0.332363973171086,0.0260445707941714,"Threshold (peaks)",7
42.8,0.00786732362416082,0.332364381937818,0.0260080039131437,"Threshold (peaks)",7
43,0.00786729965032468,0.33236380947211,0.0259834747245237,"Threshold (peaks)",7
43.2,0.00786728634651907,0.33236243538844,0.025969872453386,"Threshold (peaks)",7
43.4,0.00786728244793027,0.332360438097443,0.0259658877146036,"Threshold (peaks)",7
43.6,0.0078672865609112,0.332357988759938,0.0259700916003639,"Threshold (peaks)",7
43.8,0.00786729723547256,0.332355246466326,0.0259810051811569,"Threshold (peaks)",7
44,0.00786731302713413,0.332352354624775,0.0259971586288224,"Threshold (peaks)",7
20.2,0.0041502847400694,0.533047938395729,1,"Threshold (troughs)",7
20.4,0.0031290771934468,0.523473553458932,1,"Threshold (troughs)",7
20.6,0.00301375548864692,0.513985168838901,1,"Threshold (troughs)",7
20.8,0.00297585872427629,0.503404662473773,1,"Threshold (troughs)",7
21,0.00293854477049084,0.491596357040564,1,"Threshold (troughs)",7
21.2,0.00289866631078324,0.478738118095758,1,"Threshold (troughs)",7
21.4,0.00285751305614701,0.465088732639088,1,"Threshold (troughs)",7
21.6,0.00281596970242089,0.450916025984868,1,"Threshold (troughs)",7
21.8,0.00277475167016003,0.436463394867894,1,"Threshold (troughs)",7
22,0.00273470590372524,0.421913169393047,1,"Threshold (troughs)",7
22.2,0.00269713816060721,0.407405260677976,1,"Threshold (troughs)",7
22.4,0.00266377595672772,0.393036165545081,1,"Threshold (troughs)",7
22.6,0.00263715887268541,0.378868770201066,1,"Threshold (troughs)",7
22.8,0.00262118618137941,0.364944998581363,1,"Threshold (troughs)",7
23,0.00262195642114165,0.351287501788391,1,"Threshold (troughs)",7
23.2,0.00264891873046173,0.337910081413007,1,"Threshold (troughs)",7
23.4,0.00271644355285576,0.324825037505084,1,"Threshold (troughs)",7
23.6,0.00284617389755931,0.312056492640513,1,"Threshold (troughs)",7
23.8,0.00307094452188776,0.299660821190232,1,"Threshold (troughs)",7
24,0.00344080391224407,0.287757357206682,1,"Threshold (troughs)",7
24.2,0.00402981901859299,0.276575438826605,1,"Threshold (troughs)",7
24.4,0.00493404756579832,0.266527635936802,1,"Threshold (troughs)",7
24.6,0.00622986083720178,0.258323424746636,1,"Threshold (troughs)",7
24.8,0.00784308058974487,0.25311433972695,0.990074232708022,"Threshold (troughs)",7
25,0.0145618742338281,0.257612977508857,1.22133037447626e-116,"Threshold (troughs)",7
25.2,0.0174069268418473,0.265522435986405,1.43657309978358e-166,"Threshold (troughs)",7
25.4,0.0175660972102736,0.279742389472254,2.31181512389895e-169,"Threshold (troughs)",7
25.6,0.0161944348940245,0.299330985065185,2.72937813579868e-145,"Threshold (troughs)",7
25.8,0.0143205372245742,0.320707318098866,2.09989996385076e-112,"Threshold (troughs)",7
26,0.0125866943256806,0.340795315890327,5.6289808424396e-82,"Threshold (troughs)",7
26.2,0.0112063258717439,0.358128051872368,9.44777454357581e-58,"Threshold (troughs)",7
26.4,0.0101652938272049,0.372353637441316,1.75798262272801e-39,"Threshold (troughs)",7
26.6,0.00938171280071202,0.383611295912151,9.92064586508856e-26,"Threshold (troughs)",7
26.8,0.00877418809872601,0.392195886788719,4.55353929806984e-15,"Threshold (troughs)",7
27,0.00828095984258021,0.398425978797384,2.06206156544344e-06,"Threshold (troughs)",7
27.2,0.00565651370750936,0.400408268473086,1,"Threshold (troughs)",7
27.4,0.00405001957673044,0.401621799876127,1,"Threshold (troughs)",7
27.6,0.00376666615798274,0.402146100381856,1,"Threshold (troughs)",7
27.8,0.00362851956573797,0.400550509198259,1,"Threshold (troughs)",7
28,0.00351276838226112,0.396764750796425,1,"Threshold (troughs)",7
28.2,0.00341056870149821,0.391049443722478,1,"Threshold (troughs)",7
28.4,0.00332157905272744,0.383770099795585,1,"Threshold (troughs)",7
28.6,0.00324560802197766,0.375295339553647,1,"Threshold (troughs)",7
28.8,0.00318306159604216,0.365948859897373,1,"Threshold (troughs)",7
29,0.00313563410084213,0.355997635240131,1,"Threshold (troughs)",7
29.2,0.00310696698980996,0.345656356521493,1,"Threshold (troughs)",7
29.4,0.00310364643255849,0.335097774207743,1,"Threshold (troughs)",7
29.6,0.00313671360850618,0.324464575760307,1,"Threshold (troughs)",7
29.8,0.00322362746032355,0.313882493758175,1,"Threshold (troughs)",7
30,0.0033903333178485,0.303477827839322,1,"Threshold (troughs)",7
30.2,0.0036728552275352,0.293403477134431,1,"Threshold (troughs)",7
30.4,0.00411709743151124,0.283877913790347,1,"Threshold (troughs)",7
30.6,0.00477239326383039,0.275239082816263,1,"Threshold (troughs)",7
30.8,0.00566763548873765,0.268010763834841,1,"Threshold (troughs)",7
31,0.00675627374438774,0.262961915344707,1,"Threshold (troughs)",7
31.2,0.00784913793510889,0.261089367062054,0.987356300725248,"Threshold (troughs)",7
31.4,0.0135352216708611,0.268172264731513,1.27105462704826e-98,"Threshold (troughs)",7
31.6,0.0154405298212141,0.276892846437679,4.6428886879476e-132,"Threshold (troughs)",7
31.8,0.0152860674493667,0.289423845336554,2.38528069683599e-129,"Threshold (troughs)",7
32,0.014231855742734,0.305385824351435,7.56000721940891e-111,"Threshold (troughs)",7
32.2,0.0129144766525215,0.322558755825916,9.95369853476964e-88,"Threshold (troughs)",7
32.4,0.0116718400265016,0.338818900654791,6.39362543755195e-66,"Threshold (troughs)",7
32.6,0.0106304301420459,0.352978627011637,1.20798956413565e-47,"Threshold (troughs)",7
32.8,0.00980017889420486,0.364645353101823,4.49398666027264e-33,"Threshold (troughs)",7
33,0.00914545916374672,0.373853214547809,1.3889745807769e-21,"Threshold (troughs)",7
33.2,0.00862063742690979,0.380806581482231,2.254760144695e-12,"Threshold (troughs)",7
33.4,0.0081844543789272,0.385755240321772,0.000101833241589473,"Threshold (troughs)",7
33.6,0.00507806113648604,0.386248409362488,1,"Threshold (troughs)",7
33.8,0.00398655654077795,0.387184698969494,1,"Threshold (troughs)",7
34,0.00376427683192847,0.387072090764944,1,"Threshold (troughs)",7
34.2,0.00363525422622571,0.38488345438931,1,"Threshold (troughs)",7
34.4,0.00352524436916856,0.380615229010341,1,"Threshold (troughs)",7
34.6,0.00343175684717092,0.374549806849552,1,"Threshold (troughs)",7
34.8,0.00335607010960591,0.367061248538613,1,"Threshold (troughs)",7
35,0.00329874876534325,0.358517065665939,1,"Threshold (troughs)",7
35.2,0.00326080099050924,0.349237471660299,1,"Threshold (troughs)",7
35.4,0.0032449823843521,0.33948839541374,1,"Threshold (troughs)",7
35.6,0.00325720558289729,0.329488483573867,1,"Threshold (troughs)",7
35.8,0.00330839878936997,0.319420577090293,1,"Threshold (troughs)",7
36,0.00341684019318717,0.30944520009759,1,"Threshold (troughs)",7
36.2,0.00361028569811912,0.299718116465054,1,"Threshold (troughs)",7
36.4,0.00392646252155236,0.290417467880339,1,"Threshold (troughs)",7
36.6,0.00440939047227039,0.281785584875868,1,"Threshold (troughs)",7
36.8,0.00509633451431007,0.274186223770574,1,"Threshold (troughs)",7
37,0.00598638105119391,0.268166953687537,1,"Threshold (troughs)",7
37.2,0.00698847625233685,0.264490626774249,1,"Threshold (troughs)",7
37.4,0.00790370932154561,0.264065366598289,0.895918360606808,"Threshold (troughs)",7
37.6,0.0133763542479623,0.272395846819763,7.80229336392391e-96,"Threshold (troughs)",7
37.8,0.0148844668833619,0.281554201110934,2.66357283651878e-122,"Threshold (troughs)",7
38,0.0145730683133281,0.293801246703216,7.76929582221557e-117,"Threshold (troughs)",7
38.2,0.0135575498311641,0.30881129013544,5.15601495005497e-99,"Threshold (troughs)",7
38.4,0.0123725519026181,0.324695986190064,3.22508669623643e-78,"Threshold (troughs)",7
38.6,0.0112722403175001,0.339640734104493,6.58503449988238e-59,"Threshold (troughs)",7
38.8,0.0103462717210137,0.352610164709254,1.17199788959236e-42,"Threshold (troughs)",7
39,0.00959935861235211,0.363252392489397,1.50295262879695e-29,"Threshold (troughs)",7
39.2,0.00900268928686959,0.371597433792495,4.44884251779089e-19,"Threshold (troughs)",7
39.4,0.00851905298014828,0.37783454554522,1.36730591202585e-10,"Threshold (troughs)",7
39.6,0.00811267327110389,0.382197200650309,0.00184866902320629,"Threshold (troughs)",7
39.8,0.004724767652123,0.381935456249314,1,"Threshold (troughs)",7
40,0.00394548749434556,0.382750653378262,1,"Threshold (troughs)",7
40.2,0.00376035253887217,0.382234462258512,1,"Threshold (troughs)",7
40.4,0.00363813864373123,0.379646795001545,1,"Threshold (troughs)",7
40.6,0.0035325223093645,0.375050219637677,1,"Threshold (troughs)",7
40.8,0.00344418202222719,0.368750651125147,1,"Threshold (troughs)",7
41,0.00337516084694995,0.361125481146198,1,"Threshold (troughs)",7
41.2,0.00332651391813807,0.352534978108364,1,"Threshold (troughs)",7
41.4,0.00329974969226262,0.343289724204891,1,"Threshold (troughs)",7
41.6,0.00329840868249794,0.333647928037955,1,"Threshold (troughs)",7
41.8,0.00332983700254991,0.323824215222695,1,"Threshold (troughs)",7
42,0.00340742815024391,0.314001888082773,1,"Threshold (troughs)",7
42.2,0.00355308077994408,0.304347373288275,1,"Threshold (troughs)",7
42.4,0.00379873913124909,0.295030514204634,1,"Threshold (troughs)",7
42.6,0.00418486205620508,0.286256915748496,1,"Threshold (troughs)",7
42.8,0.00475225786967296,0.278316323212047,1,"Threshold (troughs)",7
43,0.00552090833291781,0.271643028438363,1,"Threshold (troughs)",7
43.2,0.00644951524746521,0.26686660848717,1,"Threshold (troughs)",7
43.4,0.00738971229654934,0.2647949932283,0.999999999889167,"Threshold (troughs)",7
43.6,0.010389077477303,0.268506760257276,2.07827674351138e-43,"Threshold (troughs)",7
43.8,0.0140785056249617,0.277130932645838,3.71324692170516e-108,"Threshold (troughs)",7
44,0.0146605937006521,0.287296367242825,2.2612419715461e-118,"Threshold (troughs)",7
20.2,0.00642434127632926,0.535311588146943,1.26707915835783e-27,"Threshold (peaks)",9
20.4,0.00590609199498198,0.526164257459969,1.01798549930731e-36,"Threshold (peaks)",9
20.6,0.00572176993424073,0.51681568342743,5.92877660580804e-40,"Threshold (peaks)",9
20.8,0.00561774331785608,0.506912457560491,8.85810186238786e-42,"Threshold (peaks)",9
21,0.00552916427399273,0.496384487377178,2.47067038974033e-43,"Threshold (peaks)",9
21.2,0.00544313724558368,0.485339778230776,7.63969066853081e-45,"Threshold (peaks)",9
21.4,0.00535841524201825,0.473926833136096,2.49022958601078e-46,"Threshold (peaks)",9
21.6,0.00527583581772237,0.462288075350066,8.85124556039668e-48,"Threshold (peaks)",9
21.8,0.00519650141434245,0.450566439218989,3.58689096886622e-49,"Threshold (peaks)",9
22,0.00512158940191003,0.438859131411727,1.73797332878296e-50,"Threshold (peaks)",9
22.2,0.00505267100050944,0.427253933422257,1.07288568954094e-51,"Threshold (peaks)",9
22.4,0.00499169753850438,0.415807839855444,9.13049289581164e-53,"Threshold (peaks)",9
22.6,0.00494107571290127,0.404568617953182,1.18059778180956e-53,"Threshold (peaks)",9
22.8,0.00490407177555337,0.393568798048111,2.64665937916936e-54,"Threshold (peaks)",9
23,0.00488497150861769,0.382837184963922,1.22319643732991e-54,"Threshold (peaks)",9
23.2,0.00488958542204015,0.372397808045696,1.47390161294984e-54,"Threshold (peaks)",9
23.4,0.00492552186586249,0.362277779337524,6.29706725778835e-54,"Threshold (peaks)",9
23.6,0.00500249058245901,0.352510270276837,1.4122374172549e-52,"Threshold (peaks)",9
23.8,0.00513252050975922,0.343141895948237,2.70320861685232e-50,"Threshold (peaks)",9
24,0.00533005383328938,0.33423952188492,7.91604596411977e-47,"Threshold (peaks)",9
24.2,0.00561178580805864,0.325898765905651,6.96287852634112e-42,"Threshold (peaks)",9
24.4,0.00599563587436324,0.318252120069497,3.79489635202352e-35,"Threshold (peaks)",9
24.6,0.0064978942326753,0.311476010246852,2.47530055477182e-26,"Threshold (peaks)",9
24.8,0.00712705685008042,0.305793584555931,2.72378996041726e-15,"Threshold (peaks)",9
25,0.00786473742332752,0.301460059522732,0.0234878107768873,"Threshold (peaks)",9
25.2,0.00791437858785799,0.298017727156683,0.151673576014498,"Threshold (peaks)",9
25.4,0.00792762670080264,0.296412895024311,0.233941723289236,"Threshold (peaks)",9
25.6,0.00793582666770635,0.2967045904373,0.298420579853637,"Threshold (peaks)",9
25.8,0.00794002489355293,0.298676096913148,0.335105630169263,"Threshold (peaks)",9
26,0.00794075921431779,0.301973318846779,0.34174919279116,"Threshold (peaks)",9
26.2,0.00793868164523009,0.306196755582973,0.323121739602648,"Threshold (peaks)",9
26.4,0.00793452688189702,0.310953494608863,0.287541622453303,"Threshold (peaks)",9
26.6,0.00792890801175614,0.315889141490913,0.243348322186803,"Threshold (peaks)",9
26.8,0.0079222177462453,0.320709573211323,0.197062025172341,"Threshold (peaks)",9
27,0.0079146528733483,0.325190808955337,0.153105216237474,"Threshold (peaks)",9
27.2,0.00790626502073474,0.329178247061919,0.114113084867455,"Threshold (peaks)",9
27.4,0.00789695838368275,0.332580487197621,0.0812505983887427,"Threshold (peaks)",9
27.6,0.00788639432566634,0.335360960964758,0.0545593144416896,"Threshold (peaks)",9
27.8,0.00787374740821194,0.337527229075139,0.0334585332131009,"Threshold (peaks)",9
28,0.00785708955567241,0.339117582682466,0.0173518574156499,"Threshold (peaks)",9
28.2,0.00783169371276011,0.340185946643173,0.00628813402915307,"Threshold (peaks)",9
28.4,0.00778775475813114,0.340787914067399,0.00107074345756154,"Threshold (peaks)",9
28.6,0.00772173189922349,0.340982929806849,7.43779699672453e-05,"Threshold (peaks)",9
28.8,0.00765238369323092,0.340842926431864,4.51275873033788e-06,"Threshold (peaks)",9
29,0.00759691091937925,0.340425967708251,4.79644485912988e-07,"Threshold (peaks)",9
29.2,0.00756087041192465,0.339771857398065,1.11795289264484e-07,"Threshold (peaks)",9
29.4,0.00754446984237663,0.338917121312723,5.76235836821375e-08,"Threshold (peaks)",9
29.6,0.00754616730707242,0.337904081181736,6.17149058738356e-08,"Threshold (peaks)",9
29.8,0.00756380175122984,0.336782499807438,1.25854080044593e-07,"Threshold (peaks)",9
30,0.00759493337472729,0.335606898100974,4.42806895501121e-07,"Threshold (peaks)",9
30.2,0.00763701671426133,0.334432309381178,2.42526304142937e-06,"Threshold (peaks)",9
30.4,0.0076875422475722,0.333310137141913,1.86833245282331e-05,"Threshold (peaks)",9
30.6,0.00774386417993028,0.332284613042196,0.000181890519853769,"Threshold (peaks)",9
30.8,0.00779983585106921,0.331387326294465,0.00174345637254887,"Threshold (peaks)",9
31,0.00783553831465303,0.330626259884581,0.00733726521886134,"Threshold (peaks)",9
31.2,0.0078507211179092,0.330017921235126,0.0134677715712794,"Threshold (peaks)",9
31.4,0.00786004487517237,0.329578318551745,0.019509932878254,"Threshold (peaks)",9
31.6,0.00786661380980628,0.329297637804278,0.0252912076258944,"Threshold (peaks)",9
31.8,0.0078713493485036,0.329156435201924,0.0304625348756319,"Threshold (peaks)",9
32,0.00787469882322319,0.329133766293835,0.0347243944411533,"Threshold (peaks)",9
32.2,0.00787692207542293,0.329210737299085,0.0378648796879242,"Threshold (peaks)",9
32.4,0.0078781946115672,0.329370954286598,0.0397834275969024,"Threshold (peaks)",9
32.6,0.00787865209800025,0.329599489285404,0.0404956744505686,"Threshold (peaks)",9
32.8,0.00787841271025677,0.329881676976758,0.0401214685834655,"Threshold (peaks)",9
33,0.00787759073766719,0.33020240038965,0.0388616441111848,"Threshold (peaks)",9
33.2,0.00787630489562688,0.33054603584526,0.0369666903993355,"Threshold (peaks)",9
33.4,0.00787467966920429,0.330896981364594,0.0346984602814351,"Threshold (peaks)",9
33.6,0.0078728379737414,0.331240579673614,0.0322902438618237,"Threshold (peaks)",9
33.8,0.00787088805322214,0.331564161937366,0.0299167830330651,"Threshold (peaks)",9
34,0.00786891217834174,0.331857895321042,0.0276845391952862,"Threshold (peaks)",9
34.2,0.00786696411124453,0.332115188382766,0.0256425171411273,"Threshold (peaks)",9
34.4,0.00786507644792672,0.332332586905342,0.0238040907208483,"Threshold (peaks)",9
34.6,0.00786327297022145,0.332509277516986,0.0221681024583825,"Threshold (peaks)",9
34.8,0.00786157946574022,0.332646410520776,0.0207322044900117,"Threshold (peaks)",9
35,0.00786002887044614,0.332746438547105,0.0194975650079471,"Threshold (peaks)",9
35.2,0.00785866006093392,0.332812589856977,0.018467760112512,"Threshold (peaks)",9
35.4,0.00785751202009028,0.332848510867164,0.0176453515155205,"Threshold (peaks)",9
35.6,0.0078566161040665,0.332858054511418,0.0170286381316651,"Threshold (peaks)",9
35.8,0.00785598919152666,0.33284516557174,0.0166097423270332,"Threshold (peaks)",9
36,0.0078556298772779,0.332813812985267,0.0163742369714889,"Threshold (peaks)",9
36.2,0.0078555186972748,0.332767931377131,0.0163020336856852,"Threshold (peaks)",9
36.4,0.00785562195123011,0.332711351098931,0.0163690791888661,"Threshold (peaks)",9
36.6,0.00785589757999794,0.332647712323843,0.0165493829693267,"Threshold (peaks)",9
36.8,0.00785630121158067,0.332580370887818,0.0168169487561295,"Threshold (peaks)",9
37,0.00785679092551547,0.332512309790152,0.0171472916574359,"Threshold (peaks)",9
37.2,0.00785733011138838,0.332446070400585,0.0175183831175048,"Threshold (peaks)",9
37.4,0.00785788854938914,0.332383712890578,0.0179110387740986,"Threshold (peaks)",9
37.6,0.00785844225874741,0.332326808703704,0.0183088965860012,"Threshold (peaks)",9
37.8,0.00785897273332702,0.332276461586204,0.0186981882658232,"Threshold (peaks)",9
38,0.00785946604136324,0.332233349599781,0.0190674849158216,"Threshold (peaks)",9
38.2,0.00785991205337709,0.332197779232303,0.0194075254721093,"Threshold (peaks)",9
38.4,0.00786030387688633,0.332169743766577,0.0197111522533134,"Threshold (peaks)",9
38.6,0.00786063746059495,0.332148980446183,0.0199733130906293,"Threshold (peaks)",9
38.8,0.00786091128550325,0.332135023603806,0.0201910600418301,"Threshold (peaks)",9
39,0.0078611260661505,0.332127252991743,0.0203634801465854,"Threshold (peaks)",9
39.2,0.00786128441685744,0.332124937711911,0.020491522336909,"Threshold (peaks)",9
39.4,0.00786139047409973,0.332127276420079,0.0205777205271098,"Threshold (peaks)",9
39.6,0.00786144949353097,0.33213343416913,0.0206258422937573,"Threshold (peaks)",9
39.8,0.00786146745323997,0.332142575732575,0.0206405076757363,"Threshold (peaks)",9
40,0.00786145069435985,0.332153894823699,0.0206268225377969,"Threshold (peaks)",9
40.2,0.00786140562057055,0.332166638468991,0.0205900597778694,"Threshold (peaks)",9
40.4,0.00786133846491321,0.332180125930225,0.0205354057138288,"Threshold (peaks)",9
40.6,0.00786125512044953,0.332193761913548,0.0204677740146702,"Threshold (peaks)",9
40.8,0.00786116102359498,0.332207044226314,0.0203916791380165,"Threshold (peaks)",9
41,0.00786106107628797,0.332219566421859,0.0203111564659864,"Threshold (peaks)",9
41.2,0.00786095959470198,0.332231016231235,0.0202297163025277,"Threshold (peaks)",9
41.4,0.00786086027619493,0.332241170693273,0.0201503217193756,"Threshold (peaks)",9
41.6,0.00786076618068684,0.332249888878481,0.0200753839454514,"Threshold (peaks)",9
41.8,0.00786067972615946,0.332257103000425,0.0200067721274082,"Threshold (peaks)",9
42,0.00786060269970918,0.332262808568425,0.0199458361300841,"Threshold (peaks)",9
42.2,0.00786053628552441,0.332267054096251,0.0198934415457738,"Threshold (peaks)",9
42.4,0.00786048110981023,0.332269930765982,0.0198500156277047,"Threshold (peaks)",9
42.6,0.00786043730079729,0.332271562361101,0.0198156020044628,"Threshold (peaks)",9
42.8,0.00786040456026063,0.332272095723458,0.0197899212593668,"Threshold (peaks)",9
43,0.00786038224191197,0.332271691944557,0.0197724340760325,"Threshold (peaks)",9
43.2,0.00786036943179029,0.332270518462192,0.0197624037512252,"Threshold (peaks)",9
43.4,0.00786036502626573,0.332268742191754,0.0197589553779353,"Threshold (peaks)",9
43.6,0.00786036780423464,0.332266523775113,0.0197611297322268,"Threshold (peaks)",9
43.8,0.0078603764912214,0.332264012980542,0.0197679306686613,"Threshold (peaks)",9
44,0.0078603898141657,0.332261345238653,0.0197783654960126,"Threshold (peaks)",9
20.2,0.00347606621815172,0.532382162340899,1,"Threshold (troughs)",9
20.4,0.00258905530254211,0.522946169367737,1,"Threshold (troughs)",9
20.6,0.00252025060147179,0.513414538068904,1,"Threshold (troughs)",9
20.8,0.00249314618980823,0.502637364103484,1,"Threshold (troughs)",9
21,0.00246288695680989,0.490521900930337,1,"Threshold (troughs)",9
21.2,0.00243008652450873,0.477270785584997,1,"Threshold (troughs)",9
21.4,0.0023960403035798,0.46316442804988,1,"Threshold (troughs)",9
21.6,0.0023614623165164,0.448490882682361,1,"Threshold (troughs)",9
21.8,0.00232696233499581,0.433506311747108,1,"Threshold (troughs)",9
22,0.0022933126129761,0.41840359313537,1,"Threshold (troughs)",9
22.2,0.00226172927605222,0.40332647806234,1,"Threshold (troughs)",9
22.4,0.00223384048010246,0.388374375834137,1,"Threshold (troughs)",9
22.6,0.00221214422127729,0.373609244786037,1,"Threshold (troughs)",9
22.8,0.00220056816550045,0.359070028474314,1,"Threshold (troughs)",9
23,0.00220547174691034,0.34477493771238,1,"Threshold (troughs)",9
23.2,0.00223696303721915,0.330730493537678,1,"Threshold (troughs)",9
23.4,0.00231098177226073,0.316940692265397,1,"Threshold (troughs)",9
23.6,0.00245270035245482,0.303421618064692,1,"Threshold (troughs)",9
23.8,0.00270269270855228,0.290225994864511,1,"Threshold (troughs)",9
24,0.00312722471178038,0.277482279719741,1,"Threshold (troughs)",9
24.2,0.00383076079908093,0.265460260716658,1,"Threshold (troughs)",9
24.4,0.00495139171516272,0.25468960064958,1,"Threshold (troughs)",9
24.6,0.00657081209272452,0.246181733649458,1,"Threshold (troughs)",9
24.8,0.011297750663687,0.244600640105883,2.34888606052104e-59,"Threshold (troughs)",9
25,0.0183792244140275,0.252540730879993,1.24137915536572e-183,"Threshold (troughs)",9
25.2,0.0200176514606635,0.26608182299997,2.1886802791514e-212,"Threshold (troughs)",9
25.4,0.018607198374323,0.287297453783039,1.23895355065417e-187,"Threshold (troughs)",9
25.6,0.0161030459213277,0.312446720318561,1.09623248003024e-143,"Threshold (troughs)",9
25.8,0.0137412755488598,0.336833425666085,3.07611975268852e-102,"Threshold (troughs)",9
26,0.0119262900430684,0.358005726774408,2.1890407511215e-70,"Threshold (troughs)",9
26.2,0.0106277982914882,0.375368717601917,1.34354148047789e-47,"Threshold (troughs)",9
26.4,0.00970465857920537,0.389123240253793,2.1329176979862e-31,"Threshold (troughs)",9
26.6,0.00902768502831545,0.399690464951324,1.62025000171385e-19,"Threshold (troughs)",9
26.8,0.00850392059996401,0.407503659645931,2.52018691441023e-10,"Threshold (troughs)",9
27,0.00806601726259258,0.412945630890871,0.0120556067426362,"Threshold (troughs)",9
27.2,0.00375220107470981,0.412504748957638,1,"Threshold (troughs)",9
27.4,0.00323837240144993,0.413928403246035,1,"Threshold (troughs)",9
27.6,0.00310870587771866,0.413395856732282,1,"Threshold (troughs)",9
27.8,0.0030043986125752,0.410447645968779,1,"Threshold (troughs)",9
28,0.00290794733914517,0.405267694888393,1,"Threshold (troughs)",9
28.2,0.00282042775614533,0.398210139200368,1,"Threshold (troughs)",9
28.4,0.00274219493279586,0.389668683018352,1,"Threshold (troughs)",9
28.6,0.00267331032496318,0.380004032046009,1,"Threshold (troughs)",9
28.8,0.00261440045299686,0.369517685813857,1,"Threshold (troughs)",9
29,0.00256723141566555,0.358450722558053,1,"Threshold (troughs)",9
29.2,0.0025353695744076,0.34699279795268,1,"Threshold (troughs)",9
29.4,0.00252518435286741,0.335292891003948,1,"Threshold (troughs)",9
29.6,0.0025474478754865,0.323470668499567,1,"Threshold (troughs)",9
29.8,0.00261953386659986,0.311628845137073,1,"Threshold (troughs)",9
30,0.00276839117654444,0.299870904040979,1,"Threshold (troughs)",9
30.2,0.00303454657402139,0.288329240281705,1,"Threshold (troughs)",9
30.4,0.00347684883828548,0.277210262943279,1,"Threshold (troughs)",9
30.6,0.00417285870673758,0.266864867122811,1,"Threshold (troughs)",9
30.8,0.0051951008240152,0.257898312883292,1,"Threshold (troughs)",9
31,0.00652241970340006,0.251326917375329,1,"Threshold (troughs)",9
31.2,0.00789378712541013,0.248705831755591,0.927816596619786,"Threshold (troughs)",9
31.4,0.0158290116372599,0.258731796629418,7.06466975005938e-139,"Threshold (troughs)",9
31.6,0.0178902713185203,0.270846949235241,4.7296670416774e-175,"Threshold (troughs)",9
31.8,0.017069752776824,0.288066500113537,1.18739213301961e-160,"Threshold (troughs)",9
32,0.0152247874134217,0.308979877156688,2.83778161085931e-128,"Threshold (troughs)",9
32.2,0.0133265632332793,0.33020256130515,5.83490977567802e-95,"Threshold (troughs)",9
32.4,0.0117553172427743,0.349283655468383,2.19157486239538e-67,"Threshold (troughs)",9
32.6,0.0105615775316071,0.365248345459898,1.95163335913017e-46,"Threshold (troughs)",9
32.8,0.00967674458113111,0.378010215185354,6.58951279869421e-31,"Threshold (troughs)",9
33,0.00901400121702742,0.387838442027953,2.8166137932097e-19,"Threshold (troughs)",9
33.2,0.00849982151488854,0.395091703631933,2.97419892761906e-10,"Threshold (troughs)",9
33.4,0.00807421771288301,0.400114438988008,0.0086846806431686,"Threshold (troughs)",9
33.6,0.00378270432706465,0.399379052354655,1,"Threshold (troughs)",9
33.8,0.00325069426545824,0.400572522918446,1,"Threshold (troughs)",9
34,0.00311999125501414,0.39989788264519,1,"Threshold (troughs)",9
34.2,0.00301443050051429,0.396842495690598,1,"Threshold (troughs)",9
34.4,0.00291715413204609,0.391574595604613,1,"Threshold (troughs)",9
34.6,0.00283100289419307,0.384450212539641,1,"Threshold (troughs)",9
34.8,0.00275750537459744,0.37587047202346,1,"Threshold (troughs)",9
35,0.00269730915660405,0.366203981713984,1,"Threshold (troughs)",9
35.2,0.00265142483255144,0.355760275964245,1,"Threshold (troughs)",9
35.4,0.00262231201401597,0.344789766941447,1,"Threshold (troughs)",9
35.6,0.00261512964597083,0.333493051780353,1,"Threshold (troughs)",9
35.8,0.00263950854662154,0.32203278699987,1,"Threshold (troughs)",9
36,0.00271203604653799,0.31054621745974,1,"Threshold (troughs)",9
36.2,0.00285945591253708,0.299161865050175,1,"Threshold (troughs)",9
36.4,0.00312230060449343,0.288026284847666,1,"Threshold (troughs)",9
36.6,0.00355794860063175,0.277349180660699,1,"Threshold (troughs)",9
36.8,0.00423778402370463,0.267475584477772,1,"Threshold (troughs)",9
37,0.0052203921547734,0.258994972608255,1,"Threshold (troughs)",9
37.2,0.00646799843098817,0.252883739680895,1,"Threshold (troughs)",9
37.4,0.00771584998444925,0.250583800155556,0.999941355678712,"Threshold (troughs)",9
37.6,0.0147957220772991,0.259882319921122,9.61389767696868e-121,"Threshold (troughs)",9
37.8,0.0172951521825646,0.271754208943572,1.31500413614209e-164,"Threshold (troughs)",9
38,0.0167002503592155,0.287802283666812,3.62418135868057e-154,"Threshold (troughs)",9
38.2,0.0150266570257272,0.307441064912759,8.51306491821516e-125,"Threshold (troughs)",9
38.4,0.0132435562355896,0.327750358950202,1.6702169301351e-93,"Threshold (troughs)",9
38.6,0.0117334827126947,0.346293908927492,5.29594359068435e-67,"Threshold (troughs)",9
38.8,0.0105653799582988,0.361957811568282,1.67365987867727e-46,"Threshold (troughs)",9
39,0.00968812340155009,0.374542993372879,4.16063557649689e-31,"Threshold (troughs)",9
39.2,0.00902642337657338,0.384259296181058,1.7049965351707e-19,"Threshold (troughs)",9
39.4,0.00851301159251483,0.391439621617781,1.74537827004295e-10,"Threshold (troughs)",9
39.6,0.00809280143555409,0.396420130215118,0.00411730950367024,"Threshold (troughs)",9
39.8,0.00384713221365353,0.395699765796002,1,"Threshold (troughs)",9
40,0.00326525312892179,0.396857805067867,1,"Threshold (troughs)",9
40.2,0.00313298226260411,0.396232775735787,1,"Threshold (troughs)",9
40.4,0.00302782344254598,0.393242680250501,1,"Threshold (troughs)",9
40.6,0.0029303762944333,0.38804071597101,1,"Threshold (troughs)",9
40.8,0.00284416009149196,0.380980023370958,1,"Threshold (troughs)",9
41,0.00277136525341831,0.372463493895304,1,"Threshold (troughs)",9
41.2,0.00271303328626509,0.362862711254101,1,"Threshold (troughs)",9
41.4,0.00267038740995199,0.352490375486527,1,"Threshold (troughs)",9
41.6,0.00264609800270939,0.341600184004056,1,"Threshold (troughs)",9
41.8,0.00264575666377661,0.330396673000652,1,"Threshold (troughs)",9
42,0.0026798806633873,0.319047338021607,1,"Threshold (troughs)",9
42.2,0.00276666594200403,0.307695744513508,1,"Threshold (troughs)",9
42.4,0.00293536783745967,0.29647938339033,1,"Threshold (troughs)",9
42.6,0.00322981193041386,0.285559088419571,1,"Threshold (troughs)",9
42.8,0.00371028550934457,0.275168910317799,1,"Threshold (troughs)",9
43,0.00444655200420786,0.265695558390272,1,"Threshold (troughs)",9
43.2,0.00548090606860379,0.257795118736924,1,"Threshold (troughs)",9
43.4,0.00673241967264217,0.252529717717329,1,"Threshold (troughs)",9
43.6,0.00789804531786895,0.251399351574564,0.915409754817742,"Threshold (troughs)",9
43.8,0.015430854282706,0.262618880353703,6.86420113724296e-132,"Threshold (troughs)",9
44,0.0171518278465454,0.27511480693228,4.30735219687134e-162,"Threshold (troughs)",9
20.2,0.00639416529154869,0.535283368545214,3.74306700255479e-28,"Threshold (peaks)",15
20.4,0.00589896201293363,0.526153377416615,7.63156018424832e-37,"Threshold (peaks)",15
20.6,0.00572085685662011,0.516797873530497,5.71400938230895e-40,"Threshold (peaks)",15
20.8,0.00561814968065629,0.506880148408939,9.00476058416468e-42,"Threshold (peaks)",15
21,0.00552969714493442,0.496337807320321,2.52444827541321e-43,"Threshold (peaks)",15
21.2,0.00544357161534628,0.485282110950835,7.77497113496963e-45,"Threshold (peaks)",15
21.4,0.00535872927743453,0.473862371605905,2.52203193361709e-46,"Threshold (peaks)",15
21.6,0.00527603635021823,0.462220725925865,8.92326216140637e-48,"Threshold (peaks)",15
21.8,0.0051965966613828,0.450499227557678,3.60072307644319e-49,"Threshold (peaks)",15
22,0.00512158911444925,0.43879417097485,1.73795314038585e-50,"Threshold (peaks)",15
22.2,0.00505258802506788,0.427192525076613,1.06929433908295e-51,"Threshold (peaks)",15
22.4,0.00499154793466606,0.415750628830307,9.07546188006507e-53,"Threshold (peaks)",15
22.6,0.00494088080320641,0.404515774494497,1.17133569417104e-53,"Threshold (peaks)",15
22.8,0.00490386106137394,0.393520164180673,2.62421917505191e-54,"Threshold (peaks)",15
23,0.00488478543319278,0.382792380027421,1.21403347021661e-54,"Threshold (peaks)",15
23.2,0.00488947717874625,0.372356349544094,1.46746877399881e-54,"Threshold (peaks)",15
23.4,0.00492555501479987,0.362239151205833,6.30550801682434e-54,"Threshold (peaks)",15
23.6,0.0050027352908268,0.352474024574323,1.42627163533835e-52,"Threshold (peaks)",15
23.8,0.00513304804561093,0.343107724556562,2.761452649502e-50,"Threshold (peaks)",15
24,0.00533093271158064,0.33420733510519,8.20223599183366e-47,"Threshold (peaks)",15
24.2,0.00561307838285701,0.325868747942473,7.33623062782712e-42,"Threshold (peaks)",15
24.4,0.00599739324458625,0.318224761178926,4.07418780771585e-35,"Threshold (peaks)",15
24.6,0.00650014350154686,0.311452105093918,2.71082626341368e-26,"Threshold (peaks)",15
24.8,0.00712977497252707,0.3057741871094,3.04001375038958e-15,"Threshold (peaks)",15
25,0.00786071613554477,0.301439287875787,0.020035639205675,"Threshold (peaks)",15
25.2,0.00789754405188909,0.297991602823898,0.0830348781065384,"Threshold (peaks)",15
25.4,0.00790939490023298,0.296390590178636,0.127535995784164,"Threshold (peaks)",15
25.6,0.00791638222703115,0.296679193060484,0.162387666178904,"Threshold (peaks)",15
25.8,0.00791982182733911,0.298639599165773,0.182190490909592,"Threshold (peaks)",15
26,0.00792040620779454,0.301919700108719,0.185735419519255,"Threshold (peaks)",15
26.2,0.00791871396755245,0.306122944158705,0.175614846164397,"Threshold (peaks)",15
26.4,0.00791526515262956,0.310858803309906,0.156340950697182,"Threshold (peaks)",15
26.6,0.00791046646646524,0.315774300185731,0.132432368748521,"Threshold (peaks)",15
26.8,0.00790458268270147,0.320575915707699,0.1074188564821,"Threshold (peaks)",15
27,0.00789775658027557,0.325039766078663,0.0836911265237908,"Threshold (peaks)",15
27.2,0.00789003591847459,0.329011164923995,0.0626667401250613,"Threshold (peaks)",15
27.4,0.00788135623855923,0.332398712775783,0.0449613362793332,"Threshold (peaks)",15
27.6,0.0078714471076702,0.335166050005708,0.0305794246482006,"Threshold (peaks)",15
27.8,0.00785962254873773,0.337321138741509,0.0191861359448065,"Threshold (peaks)",15
28,0.00784429851556978,0.338902877638677,0.0104212731687523,"Threshold (peaks)",15
28.2,0.00782172284977254,0.339966359143702,0.00421156820458904,"Threshold (peaks)",15
28.4,0.00778384708124356,0.340569112294693,0.00091448215456293,"Threshold (peaks)",15
28.6,0.00772495665020724,0.34076894882809,8.47291561305632e-05,"Threshold (peaks)",15
28.8,0.00765924331619062,0.340634731649395,5.95422245494857e-06,"Threshold (peaks)",15
29,0.00760495516998635,0.340227386007777,6.63884718777688e-07,"Threshold (peaks)",15
29.2,0.00756927526978609,0.339589051778659,1.5700926833768e-07,"Threshold (peaks)",15
29.4,0.00755301800697377,0.338756049488758,8.13986184049748e-08,"Threshold (peaks)",15
29.6,0.00755479086570177,0.337769067326823,8.74439916112217e-08,"Threshold (peaks)",15
29.8,0.00757244222920524,0.336675891780644,1.78444890995643e-07,"Threshold (peaks)",15
30,0.0076035036207983,0.335529337278358,6.26063804778044e-07,"Threshold (peaks)",15
30.2,0.00764538072781785,0.33438319634337,3.40050509355381e-06,"Threshold (peaks)",15
30.4,0.00769544712956433,0.33328801353327,2.57145268701986e-05,"Threshold (peaks)",15
30.6,0.00775039758404462,0.332286945164904,0.00023683438592944,"Threshold (peaks)",15
30.8,0.00780006002462992,0.33140734097487,0.00175929370244792,"Threshold (peaks)",15
31,0.00782589446349516,0.330658176154409,0.0049810194238489,"Threshold (peaks)",15
31.2,0.00783825944659112,0.330064370330376,0.00818311669806574,"Threshold (peaks)",15
31.4,0.00784650629011353,0.329633497122321,0.011382671046345,"Threshold (peaks)",15
31.6,0.00785245606385268,0.329352973418019,0.0144317421574317,"Threshold (peaks)",15
31.8,0.00785680433055732,0.329203693582027,0.0171564232893241,"Threshold (peaks)",15
32,0.00785990789800197,0.329166430203816,0.0194043301359051,"Threshold (peaks)",15
32.2,0.00786198174539797,0.329224354216367,0.0210648217991562,"Threshold (peaks)",15
32.4,0.00786317679311958,0.329362895294002,0.0220840131573041,"Threshold (peaks)",15
32.6,0.00786361523929289,0.329568505778773,0.0224699000499415,"Threshold (peaks)",15
32.8,0.00786340906263129,0.329827461219038,0.0222876253023069,"Threshold (peaks)",15
33,0.00786267105415769,0.330125236157023,0.0216469416753339,"Threshold (peaks)",15
33.2,0.0078615199211455,0.330446576958642,0.0206834099527394,"Threshold (peaks)",15
33.4,0.00786007772579566,0.330776172207005,0.019535342738335,"Threshold (peaks)",15
33.6,0.00785845969193035,0.331099692963648,0.0183215627102596,"Threshold (peaks)",15
33.8,0.00785676127104314,0.331404882011074,0.0171271077354709,"Threshold (peaks)",15
34,0.00785505006294208,0.331682359724624,0.0160011161717113,"Threshold (peaks)",15
34.2,0.00785336729171427,0.331925934627504,0.0149649548235316,"Threshold (peaks)",15
34.4,0.00785173734145629,0.33213240862399,0.014024420622727,"Threshold (peaks)",15
34.6,0.00785017962099178,0.332301035554976,0.0131801182369452,"Threshold (peaks)",15
34.8,0.0078487172516267,0.332432852259053,0.0124332281331891,"Threshold (peaks)",15
35,0.00784738004722023,0.332530061674329,0.0117869282337781,"Threshold (peaks)",15
35.2,0.00784620217831065,0.332595562840489,0.0112452089611421,"Threshold (peaks)",15
35.4,0.00784521651049535,0.33263264409196,0.010810859014756,"Threshold (peaks)",15
35.6,0.00784444805723309,0.332644807145903,0.0104837762483113,"Threshold (peaks)",15
35.8,0.00784390875806899,0.332635671885223,0.0102600960305106,"Threshold (peaks)",15
36,0.00784359509602072,0.33260891490627,0.0101321803327991,"Threshold (peaks)",15
36.2,0.00784348902096367,0.3325682089878,0.0100892796297384,"Threshold (peaks)",15
36.4,0.00784356154470097,0.332517147818591,0.0101185914433608,"Threshold (peaks)",15
36.6,0.00784377764233376,0.33245915559167,0.0102064319721285,"Threshold (peaks)",15
36.8,0.00784410099618162,0.332397391463289,0.0103392819284025,"Threshold (peaks)",15
37,0.0078444975664132,0.332334663136744,0.0105045509327496,"Threshold (peaks)",15
37.2,0.00784493763274063,0.332273362405751,0.0106910074003833,"Threshold (peaks)",15
37.4,0.0078453964949816,0.332215430236326,0.0108889144736658,"Threshold (peaks)",15
37.6,0.00784585429108822,0.332162352418398,0.0110899715549696,"Threshold (peaks)",15
37.8,0.00784629540874622,0.332115181267487,0.0112871748472087,"Threshold (peaks)",15
38,0.00784670783659969,0.332074575661385,0.0114746862500582,"Threshold (peaks)",15
38.2,0.00784708263162671,0.33204085110083,0.0116477563097987,"Threshold (peaks)",15
38.4,0.00784741354015683,0.332014032872343,0.0118027034058992,"Threshold (peaks)",15
38.6,0.00784769672899704,0.33199390775638,0.0119369218637939,"Threshold (peaks)",15
38.8,0.00784793055745952,0.331980072099381,0.0120488814401038,"Threshold (peaks)",15
39,0.0078481153331351,0.331971975810386,0.0121380871801162,"Threshold (peaks)",15
39.2,0.00784825302338593,0.331968962715462,0.0122049849575177,"Threshold (peaks)",15
39.4,0.00784834692414522,0.331970307811863,0.0122508160177458,"Threshold (peaks)",15
39.6,0.0078484013079192,0.33197525160946,0.0122774373189927,"Threshold (peaks)",15
39.8,0.0078484210807021,0.331983031268441,0.0122871304124776,"Threshold (peaks)",15
40,0.00784841147448169,0.33199290789917,0.0122824202687432,"Threshold (peaks)",15
40.2,0.00784837779234392,0.332004189307804,0.0122659192494637,"Threshold (peaks)",15
40.4,0.0078483252116002,0.332016247646363,0.0122402034802486,"Threshold (peaks)",15
40.6,0.00784825864062307,0.332028531768666,0.0122077218489931,"Threshold (peaks)",15
40.8,0.00784818261926221,0.332040574484065,0.0121707332480754,"Threshold (peaks)",15
41,0.00784810125116564,0.332051995235517,0.0121312658042265,"Threshold (peaks)",15
41.2,0.00784801815809951,0.332062498945452,0.0120910921316544,"Threshold (peaks)",15
41.4,0.00784793644985841,0.332071871857643,0.0120517161422863,"Threshold (peaks)",15
41.6,0.00784785870700334,0.332079975177184,0.0120143687175315,"Threshold (peaks)",15
41.8,0.00784778697631805,0.332086737214315,0.0119800109411473,"Threshold (peaks)",15
42,0.00784772278003106,0.332092144613301,0.0119493443290821,"Threshold (peaks)",15
42.2,0.00784766713959633,0.33209623312745,0.0119228275991232,"Threshold (peaks)",15
42.4,0.0078476206136369,0.332099078303395,0.0119006992174501,"Threshold (peaks)",15
42.6,0.00784758334815348,0.332100786366032,0.0118830045134141,"Threshold (peaks)",15
42.8,0.00784755513582724,0.332101485544373,0.0118696257945917,"Threshold (peaks)",15
43,0.00784753548053586,0.332101318038809,0.0118603137499844,"Threshold (peaks)",15
43.2,0.0078475236631448,0.332100432792922,0.0118547185250908,"Threshold (peaks)",15
43.4,0.00784751880512107,0.332098979192778,0.0118524191346879,"Threshold (peaks)",15
43.6,0.0078475199273304,0.332097101772228,0.0118529502574996,"Threshold (peaks)",15
43.8,0.00784752600228519,0.332094935956366,0.0118558258396938,"Threshold (peaks)",15
44,0.00784753599893057,0.332092604830531,0.0118605592560196,"Threshold (peaks)",15
20.2,0.00217017568663756,0.531096575666544,1,"Threshold (troughs)",15
20.4,0.00169946044059306,0.522074859266098,1,"Threshold (troughs)",15
20.6,0.00168457716026788,0.512408087602619,1,"Threshold (troughs)",15
20.8,0.00166903173866055,0.501251058875942,1,"Threshold (troughs)",15
21,0.00164961230235462,0.488581308853228,1,"Threshold (troughs)",15
21.2,0.00162836484024571,0.474640704843296,1,"Threshold (troughs)",15
21.4,0.00160608409105015,0.459744303362254,1,"Threshold (troughs)",15
21.6,0.00158320817535705,0.444211115713684,1,"Threshold (troughs)",15
21.8,0.00156017770585652,0.428314766361955,1,"Threshold (troughs)",15
22,0.00153760912598668,0.412262115923975,1,"Threshold (troughs)",15
22.2,0.00151649181195033,0.396199993015585,1,"Threshold (troughs)",15
22.4,0.00149818957484738,0.380228438330752,1,"Threshold (troughs)",15
22.6,0.00148495269272337,0.364404967830326,1,"Threshold (troughs)",15
22.8,0.00148048217218503,0.348758377054199,1,"Threshold (troughs)",15
23,0.00149110568274997,0.333293049169199,1,"Threshold (troughs)",15
23.2,0.00152744403992298,0.317994787391285,1,"Threshold (troughs)",15
23.4,0.00160752743808411,0.302840639022463,1,"Threshold (troughs)",15
23.6,0.00176292437988849,0.28781448900855,1,"Threshold (troughs)",15
23.8,0.0020515037182858,0.272935129156741,1,"Threshold (troughs)",15
24,0.00258211636966213,0.258306609669613,1,"Threshold (troughs)",15
24.2,0.00354751503328942,0.244226863379306,1,"Threshold (troughs)",15
24.4,0.00519057975211603,0.231495425436718,1,"Threshold (troughs)",15
24.6,0.00742086257504385,0.2223173150158,0.99999999960975,"Threshold (troughs)",15
24.8,0.0207058276907495,0.233351371656994,1.8321961685829e-224,"Threshold (troughs)",15
25,0.0249682240116425,0.252546082179745,2.88181551614393e-299,"Threshold (troughs)",15
25.2,0.0221004016744982,0.281348549425195,6.14852584858942e-249,"Threshold (troughs)",15
25.4,0.0177792007906576,0.314866276959931,4.20797101783351e-173,"Threshold (troughs)",15
25.6,0.0143531827803903,0.346019762107806,5.61413047873968e-113,"Threshold (troughs)",15
25.8,0.0120870341283818,0.371987878879033,3.30568244722065e-73,"Threshold (troughs)",15
26,0.0106480813964251,0.392649525613894,5.91958026420817e-48,"Threshold (troughs)",15
26.2,0.00971425014786761,0.408695830255219,1.44759143543613e-31,"Threshold (troughs)",15
26.4,0.00907575815795339,0.420898404612138,2.32230008774971e-20,"Threshold (troughs)",15
26.6,0.00860776842733652,0.42991874867836,3.7926783243021e-12,"Threshold (troughs)",15
26.8,0.00823571171233681,0.436292591966344,1.28346213720828e-05,"Threshold (troughs)",15
27,0.00332546878338966,0.435897792599112,1,"Threshold (troughs)",15
27.2,0.00223866601072584,0.437515321364875,1,"Threshold (troughs)",15
27.4,0.00216435893775356,0.437841128028904,1,"Threshold (troughs)",15
27.6,0.00209737125465595,0.435580844090489,1,"Threshold (troughs)",15
27.8,0.00202768805343296,0.430850566373188,1,"Threshold (troughs)",15
28,0.00195944910663507,0.423979401771205,1,"Threshold (troughs)",15
28.2,0.00189462663028298,0.415363346573284,1,"Threshold (troughs)",15
28.4,0.00183402432780709,0.405381060623877,1,"Threshold (troughs)",15
28.6,0.00177807369258086,0.394352370944751,1,"Threshold (troughs)",15
28.8,0.00172733037391387,0.382530733558113,1,"Threshold (troughs)",15
29,0.00168285290469433,0.370110841270848,1,"Threshold (troughs)",15
29.2,0.0016466601232408,0.357240148696208,1,"Threshold (troughs)",15
29.4,0.0016223654957702,0.344028174424463,1,"Threshold (troughs)",15
29.6,0.00161621839849497,0.330555535840375,1,"Threshold (troughs)",15
29.8,0.00163864726035531,0.316880907677984,1,"Threshold (troughs)",15
30,0.00170685621052098,0.303051564332955,1,"Threshold (troughs)",15
30.2,0.00184973022720807,0.289120310936304,1,"Threshold (troughs)",15
30.4,0.00211759160420324,0.275174365710234,1,"Threshold (troughs)",15
30.6,0.00259984840014744,0.261385522391896,1,"Threshold (troughs)",15
30.8,0.00344517797468304,0.248111111692016,1,"Threshold (troughs)",15
31,0.00482984236135146,0.23614644427344,1,"Threshold (troughs)",15
31.2,0.00669564184461815,0.22737129849622,1,"Threshold (troughs)",15
31.4,0.0134637780209156,0.230953667146156,2.28018952468581e-97,"Threshold (troughs)",15
31.6,0.0225187770754082,0.250170792021525,2.79546753331392e-256,"Threshold (troughs)",15
31.8,0.0217699410564047,0.274149901923169,3.87453155844262e-243,"Threshold (troughs)",15
32,0.0182063860078881,0.30358659811018,1.34013185144749e-180,"Threshold (troughs)",15
32.2,0.0148724485599144,0.333164914048129,4.32893655119875e-122,"Threshold (troughs)",15
32.4,0.0124816652578468,0.359027915364682,3.92325736357839e-80,"Threshold (troughs)",15
32.6,0.0108967613656618,0.380078342828657,2.55893663603913e-52,"Threshold (troughs)",15
32.8,0.00984925024652691,0.396565078617776,6.18656654322823e-34,"Threshold (troughs)",15
33,0.00913388854777017,0.409122763322729,2.21693958850633e-21,"Threshold (troughs)",15
33.2,0.00861938961318739,0.418395203085119,2.37136807184078e-12,"Threshold (troughs)",15
33.4,0.00822414881367439,0.424932933749423,2.04787699141824e-05,"Threshold (troughs)",15
33.6,0.00313934691653363,0.424474461583419,1,"Threshold (troughs)",15
33.8,0.00223296822787629,0.426295678715654,1,"Threshold (troughs)",15
34,0.00216350425798526,0.426553382814036,1,"Threshold (troughs)",15
34.2,0.00209686796731986,0.424157398299197,1,"Threshold (troughs)",15
34.4,0.00202612713545291,0.419257394860617,1,"Threshold (troughs)",15
34.6,0.00195609423188268,0.412208631759899,1,"Threshold (troughs)",15
34.8,0.00188969302703892,0.403426505657651,1,"Threshold (troughs)",15
35,0.00182856843135424,0.393299078028324,1,"Threshold (troughs)",15
35.2,0.00177371708268811,0.382148894375718,1,"Threshold (troughs)",15
35.4,0.00172609051778671,0.370229521790432,1,"Threshold (troughs)",15
35.6,0.00168722910174087,0.357735875466987,1,"Threshold (troughs)",15
35.8,0.00166003658432641,0.344815533176034,1,"Threshold (troughs)",15
36,0.00164989381909136,0.331579785298919,1,"Threshold (troughs)",15
36.2,0.0016662771844295,0.318111706195895,1,"Threshold (troughs)",15
36.4,0.00172531369842457,0.304476011537034,1,"Threshold (troughs)",15
36.6,0.00185423589371225,0.290734375819023,1,"Threshold (troughs)",15
36.8,0.00209988122700795,0.276972838559582,1,"Threshold (troughs)",15
37,0.00254407912613089,0.263350456937171,1,"Threshold (troughs)",15
37.2,0.00332227635546285,0.250193996204533,1,"Threshold (troughs)",15
37.4,0.00460215894748764,0.238221302773002,1,"Threshold (troughs)",15
37.6,0.00637145749381864,0.229100125607578,1,"Threshold (troughs)",15
37.8,0.00900292561918937,0.227409837403786,4.40655806790115e-19,"Threshold (troughs)",15
38,0.021249382114112,0.247581590669467,5.29437817888451e-234,"Threshold (troughs)",15
38.2,0.0218389580435957,0.270202943953762,2.38231621994118e-244,"Threshold (troughs)",15
38.4,0.0186257559203141,0.29820858747755,5.85298902858798e-188,"Threshold (troughs)",15
38.6,0.0152741418714168,0.327380621941499,3.86214425780149e-129,"Threshold (troughs)",15
38.8,0.0127764075214748,0.353538899783111,2.63658063656255e-85,"Threshold (troughs)",15
39,0.0110928546372044,0.375122926138908,9.26196444007832e-56,"Threshold (troughs)",15
39.2,0.00997404316618591,0.39214664920716,3.99378952721078e-36,"Threshold (troughs)",15
39.4,0.00921142071668808,0.405166120009693,9.66264712943106e-23,"Threshold (troughs)",15
39.6,0.00866739869191928,0.414814580540882,3.40768422120912e-13,"Threshold (troughs)",15
39.8,0.00825549350560699,0.421653221145471,5.77063728331167e-06,"Threshold (troughs)",15
40,0.00346217760831299,0.421719990977227,1,"Threshold (troughs)",15
40.2,0.00224307074177353,0.423443059810718,1,"Threshold (troughs)",15
40.4,0.00216998047875249,0.423931426251036,1,"Threshold (troughs)",15
40.6,0.00210490267636072,0.421754547824505,1,"Threshold (troughs)",15
40.8,0.00203471338271962,0.417037429805806,1,"Threshold (troughs)",15
41,0.00196440458731175,0.41013274194325,1,"Threshold (troughs)",15
41.2,0.00189729338960679,0.401461063252636,1,"Threshold (troughs)",15
41.4,0.00183541096848342,0.391418440055894,1,"Threshold (troughs)",15
41.6,0.00178003906529482,0.380334725292321,1,"Threshold (troughs)",15
41.8,0.00173230220731008,0.368469019809917,1,"Threshold (troughs)",15
42,0.0016938425298695,0.356020307520922,1,"Threshold (troughs)",15
42.2,0.00166768577914206,0.343139371813622,1,"Threshold (troughs)",15
42.4,0.00165944157752305,0.32994018439607,1,"Threshold (troughs)",15
42.6,0.00167905966164825,0.316508471316132,1,"Threshold (troughs)",15
42.8,0.00174356129552125,0.302911876965234,1,"Threshold (troughs)",15
43,0.00188179845524484,0.289216158502651,1,"Threshold (troughs)",15
43.2,0.00214343658849565,0.27551426960489,1,"Threshold (troughs)",15
43.4,0.00261477689917908,0.261978689633752,1,"Threshold (troughs)",15
43.6,0.00343570445510672,0.248965029344918,1,"Threshold (troughs)",15
43.8,0.00476664689580829,0.237258791320141,1,"Threshold (troughs)",15
44,0.00654647584438646,0.228676760704035,1,"Threshold (troughs)",15
20.2,0.00637961546039993,0.535269740043644,2.07914145183535e-28,"Threshold (peaks)",20
20.4,0.00589550813591501,0.526148168794836,6.6374186240679e-37,"Threshold (peaks)",20
20.6,0.00572040589068804,0.516789442781562,5.61082446721705e-40,"Threshold (peaks)",20
20.8,0.00561833931839691,0.506864841302031,9.07403050467678e-42,"Threshold (peaks)",20
21,0.0055299500996914,0.496315659261174,2.5503849023895e-43,"Threshold (peaks)",20
21.2,0.00544377835807424,0.485254721090372,7.84019808435395e-45,"Threshold (peaks)",20
21.4,0.00535887890975602,0.473831732982412,2.53732773730943e-46,"Threshold (peaks)",20
21.6,0.00527613203969821,0.462188699597307,8.95783304061377e-48,"Threshold (peaks)",20
21.8,0.00519664229306759,0.450467256853611,3.60736875525254e-49,"Threshold (peaks)",20
22,0.00512158930203821,0.438763265297133,1.73796631474952e-50,"Threshold (peaks)",20
22.2,0.00505254885734171,0.427163306246615,1.06760325720475e-51,"Threshold (peaks)",20
22.4,0.00499147703704248,0.415723406071954,9.04949850762606e-53,"Threshold (peaks)",20
22.6,0.00494078831353937,0.404490630126319,1.16696605153638e-53,"Threshold (peaks)",20
22.8,0.0049037610132333,0.393497023882413,2.61363116922088e-54,"Threshold (peaks)",20
23,0.00488469707300699,0.382771063011086,1.20970639125598e-54,"Threshold (peaks)",20
23.2,0.00488942582620882,0.372336626319649,1.46442674816368e-54,"Threshold (peaks)",20
23.4,0.00492557093198116,0.362220776101247,6.3095650501381e-54,"Threshold (peaks)",20
23.6,0.00500285189182164,0.352456784237697,1.43300776912749e-52,"Threshold (peaks)",20
23.8,0.00513329927186217,0.343091472138134,2.78962944461359e-50,"Threshold (peaks)",20
24,0.00533135118986689,0.334192027713925,8.34211903643227e-47,"Threshold (peaks)",20
24.2,0.00561369379206167,0.325854473092518,7.52095784817203e-42,"Threshold (peaks)",20
24.4,0.00599822987775924,0.318211752112537,4.21428219750188e-35,"Threshold (peaks)",20
24.6,0.0065012141871852,0.311440739988419,2.8306865283461e-26,"Threshold (peaks)",20
24.8,0.00713106861743635,0.305764967559078,3.20315891297584e-15,"Threshold (peaks)",20
25,0.00785716355090243,0.30142777714563,0.017402914648396,"Threshold (peaks)",20
25.2,0.00788908820157616,0.29797875452,0.0604545283408944,"Threshold (peaks)",20
25.4,0.00790051722202652,0.296379649385803,0.0926529173001586,"Threshold (peaks)",20
25.6,0.00790716896645744,0.296666657299678,0.117858112091381,"Threshold (peaks)",20
25.8,0.00791041029743455,0.298621494033958,0.132171804572738,"Threshold (peaks)",20
26,0.00791095636291313,0.301893137778073,0.13472345717759,"Threshold (peaks)",20
26.2,0.00790936264535837,0.30608657850665,0.12739103602535,"Threshold (peaks)",20
26.4,0.007906100016564,0.310812480074877,0.113440768471722,"Threshold (peaks)",20
26.6,0.00790152772112402,0.315718495642684,0.0961433104733268,"Threshold (peaks)",20
26.8,0.0078958790579891,0.320511289989538,0.0780536845694763,"Threshold (peaks)",20
27,0.0078892824190429,0.324966920655911,0.060901846051721,"Threshold (peaks)",20
27.2,0.00788178508106367,0.328930593681348,0.0457113477129834,"Threshold (peaks)",20
27.4,0.00787333436396031,0.332310890744701,0.0329229488705999,"Threshold (peaks)",20
27.6,0.00786368724919583,0.335071569550997,0.02253390443737,"Threshold (peaks)",20
27.8,0.00785221726932213,0.337220817996566,0.0142951332554495,"Threshold (peaks)",20
28,0.00783748931887257,0.33879785156087,0.00793436596514234,"Threshold (peaks)",20
28.2,0.00781616988809837,0.339858306489217,0.00336790190679485,"Threshold (peaks)",20
28.4,0.00778106492047471,0.340460670284625,0.000817319177739926,"Threshold (peaks)",20
28.6,0.00772588015964034,0.340662417402795,8.7950577067309e-05,"Threshold (peaks)",20
28.8,0.00766232761699075,0.340530623480918,6.74454918277774e-06,"Threshold (peaks)",20
29,0.00760879126919738,0.340127304101457,7.75201474986402e-07,"Threshold (peaks)",20
29.2,0.00757334787503005,0.339495989589201,1.85096338539456e-07,"Threshold (peaks)",20
29.4,0.00755719094554661,0.338673101566093,9.63497042995346e-08,"Threshold (peaks)",20
29.6,0.00755902852342284,0.33769859597676,1.03776524108156e-07,"Threshold (peaks)",20
29.8,0.00757671916575384,0.336619273474051,2.12110703566342e-07,"Threshold (peaks)",20
30,0.00760777922407676,0.335487061639348,7.44138247992718e-07,"Threshold (peaks)",20
30.2,0.00764958469284384,0.334355091138124,4.03014820121375e-06,"Threshold (peaks)",20
30.4,0.00769941631522422,0.333273415376401,3.01879883838777e-05,"Threshold (peaks)",20
30.6,0.00775336005918278,0.33228435964606,0.000266945067268532,"Threshold (peaks)",20
30.8,0.00779862629716421,0.331412546597837,0.00166042792991772,"Threshold (peaks)",20
31,0.00782032534811029,0.330670244980697,0.00398124311053043,"Threshold (peaks)",20
31.2,0.00783163336562098,0.330083784074821,0.00627291458367945,"Threshold (peaks)",20
31.4,0.00783939457740369,0.329656746541356,0.00856392870910701,"Threshold (peaks)",20
31.6,0.00784505716505891,0.329375687909158,0.0107422162941443,"Threshold (peaks)",20
31.8,0.00784922459048285,0.329221895593964,0.0126874885296724,"Threshold (peaks)",20
32,0.0078522134548171,0.329177085185275,0.0142929614373951,"Threshold (peaks)",20
32.2,0.00785421781446094,0.329225443863582,0.0154801277347394,"Threshold (peaks)",20
32.4,0.00785537685386636,0.329353251958387,0.0162103711675359,"Threshold (peaks)",20
32.6,0.0078558064535376,0.329547582772903,0.0164895571625859,"Threshold (peaks)",20
32.8,0.0078556159444823,0.329795122971254,0.016365171432397,"Threshold (peaks)",20
33,0.00785491769495943,0.330081601320221,0.015917114761975,"Threshold (peaks)",20
33.2,0.00785383035338142,0.330391929627574,0.015243307525115,"Threshold (peaks)",20
33.4,0.00785247427838882,0.330710944412208,0.0144422149248737,"Threshold (peaks)",20
33.6,0.00785096022537672,0.331024499317157,0.0135967525994456,"Threshold (peaks)",20
33.8,0.00784937698156707,0.331320564966913,0.012764859201071,"Threshold (peaks)",20
34,0.00784778516844093,0.331590002363049,0.0119791462539628,"Threshold (peaks)",20
34.2,0.00784622057744788,0.331826820746864,0.0112534787432576,"Threshold (peaks)",20
34.4,0.00784470441720341,0.332027939588506,0.0105917896305865,"Threshold (peaks)",20
34.6,0.00784325463339735,0.332192630723804,0.00999512110713788,"Threshold (peaks)",20
34.8,0.00784189347026457,0.332321859659665,0.00946526076014116,"Threshold (peaks)",20
35,0.0078406494874627,0.332417694702864,0.00900539515072906,"Threshold (peaks)",20
35.2,0.00783955481401072,0.33248286645424,0.00861908115699646,"Threshold (peaks)",20
35.4,0.0078386396596903,0.332520485598676,0.00830876178496955,"Threshold (peaks)",20
35.6,0.00783792634553482,0.332533883230097,0.00807458994572799,"Threshold (peaks)",20
35.8,0.00783742479780944,0.332526523607642,0.00791386946374472,"Threshold (peaks)",20
36,0.00783713074614225,0.332501944401482,0.00782112084089472,"Threshold (peaks)",20
36.2,0.00783702689408647,0.332463694239003,0.0077886225900595,"Threshold (peaks)",20
36.4,0.00783708637198714,0.332415254418748,0.00780721848212504,"Threshold (peaks)",20
36.6,0.00783727720219228,0.332359946283874,0.00786717984428047,"Threshold (peaks)",20
36.8,0.00783756649461671,0.332300835193686,0.00795895167347765,"Threshold (peaks)",20
37,0.00783792353053896,0.33224064533258,0.00807367890959592,"Threshold (peaks)",20
37.2,0.00783832147985579,0.332181697475192,0.00820348679303991,"Threshold (peaks)",20
37.4,0.007838737956753,0.332125876306372,0.00834155503320883,"Threshold (peaks)",20
37.6,0.00783915483306405,0.332074627493193,0.00848206288775582,"Threshold (peaks)",20
37.8,0.00783955772598143,0.332028979549147,0.00862008668991149,"Threshold (peaks)",20
38,0.00783993545311414,0.331989582770875,0.00875151039285298,"Threshold (peaks)",20
38.2,0.00784027959663774,0.331956757252765,0.0088729772713618,"Threshold (peaks)",20
38.4,0.00784058419834052,0.331930543512761,0.00898188068706279,"Threshold (peaks)",20
38.6,0.00784084554050702,0.331910751599628,0.00907637264459406,"Threshold (peaks)",20
38.8,0.00784106194961508,0.331897006795509,0.00915536342364043,"Threshold (peaks)",20
39,0.00784123357406345,0.331888791608792,0.00921849143761244,"Threshold (peaks)",20
39.2,0.00784136211488961,0.331885484492694,0.00926605441642657,"Threshold (peaks)",20
39.4,0.00784145051508207,0.331886395759164,0.00929890546797467,"Threshold (peaks)",20
39.6,0.00784150263039079,0.331890800787346,0.00931832645551278,"Threshold (peaks)",20
39.8,0.00784152291021304,0.331897970171799,0.00932589467104751,"Threshold (peaks)",20
40,0.00784151611313671,0.331907196152856,0.00932335739577362,"Threshold (peaks)",20
40.2,0.0078414870721361,0.331917814624522,0.00931252440361689,"Threshold (peaks)",20
40.4,0.00784144051357417,0.331929222208526,0.0092951829527456,"Threshold (peaks)",20
40.6,0.00784138092539015,0.33194088822509,0.00927303508311986,"Threshold (peaks)",20
40.8,0.00784131246485485,0.331952361766592,0.00924765404591645,"Threshold (peaks)",20
41,0.00784123889519445,0.331963274394131,0.00922045556740398,"Threshold (peaks)",20
41.2,0.00784116354222684,0.331973339174798,0.00919267996038129,"Threshold (peaks)",20
41.4,0.00784108926542803,0.331982346849569,0.00916538216706022,"Threshold (peaks)",20
41.6,0.00784101844111984,0.331990159891202,0.00913942801780318,"Threshold (peaks)",20
41.8,0.00784095295776256,0.331996705117814,0.00911549589812403,"Threshold (peaks)",20
42,0.0078408942242514,0.332001965410398,0.009094083462777,"Threshold (peaks)",20
42.2,0.00784084319178381,0.332005970971186,0.00907551905962711,"Threshold (peaks)",20
42.4,0.00784080038874437,0.332008790469866,0.00905997728633279,"Threshold (peaks)",20
42.6,0.00784076596671023,0.332010522358963,0.00904749778824712,"Threshold (peaks)",20
42.8,0.00784073975458362,0.332011286592365,0.00903800616684814,"Threshold (peaks)",20
43,0.00784072131728735,0.332011216943143,0.0090313357854371,"Threshold (peaks)",20
43.2,0.00784071001546941,0.332010454080419,0.00902724934198345,"Threshold (peaks)",20
43.4,0.00784070506314213,0.332009139525428,0.00902545928659311,"Threshold (peaks)",20
43.6,0.00784070558093016,0.332007410563489,0.00902564642844641,"Threshold (peaks)",20
43.8,0.0078407106434134,0.332005396143478,0.00902747634212342,"Threshold (peaks)",20
44,0.00784071931977238,0.332003213753381,0.00903061340264044,"Threshold (peaks)",20
20.2,0.00157348128877577,0.530512459565533,1,"Threshold (troughs)",20
20.4,0.00132364961040351,0.521703931397751,1,"Threshold (troughs)",20
20.6,0.00131736599874805,0.511946230676211,1,"Threshold (troughs)",20
20.8,0.00130549177718142,0.50060668860927,1,"Threshold (troughs)",20
21,0.00129058841443667,0.487684112953492,1,"Threshold (troughs)",20
21.2,0.00127423277446489,0.473436725294172,1,"Threshold (troughs)",20
21.4,0.00125699241743059,0.458193655529198,1,"Threshold (troughs)",20
21.6,0.00123920424677955,0.44228574624025,1,"Threshold (troughs)",20
21.8,0.00122123230623295,0.425992396689346,1,"Threshold (troughs)",20
22,0.00120360363918697,0.409524764374807,1,"Threshold (troughs)",20
22.2,0.00118716545921087,0.393029604137873,1,"Threshold (troughs)",20
22.4,0.00117310825997088,0.376605260568497,1,"Threshold (troughs)",20
22.6,0.00116345406562491,0.360305725750361,1,"Threshold (troughs)",20
22.8,0.00116160463497372,0.344152987942509,1,"Threshold (troughs)",20
23,0.00117350512606783,0.328141792940744,1,"Threshold (troughs)",20
23.2,0.00120942910071282,0.312243757242051,1,"Threshold (troughs)",20
23.4,0.00128751639116747,0.296415745471786,1,"Threshold (troughs)",20
23.6,0.00144132742613497,0.280613434823768,1,"Threshold (troughs)",20
23.8,0.00173671191745593,0.264815356388945,1,"Threshold (troughs)",20
24,0.00230684013993144,0.249067424850537,1,"Threshold (troughs)",20
24.2,0.00339971369384724,0.233605934079339,1,"Threshold (troughs)",20
24.4,0.00529575249225505,0.219372993996363,1,"Threshold (troughs)",20
24.6,0.00758915442948295,0.209926603682021,0.999999649412604,"Threshold (troughs)",20
24.8,0.0243405259573432,0.229995058723089,2.98888612956254e-288,"Threshold (troughs)",20
25,0.0263249542749615,0.258210805584714,0,"Threshold (troughs)",20
25.2,0.0213638860768761,0.294085496248535,5.17985276313412e-236,"Threshold (troughs)",20
25.4,0.016530130714901,0.330768652412404,3.50541829460519e-151,"Threshold (troughs)",20
25.6,0.0133088744035591,0.362515354793163,1.19252047842793e-94,"Threshold (troughs)",20
25.8,0.0113540483004936,0.388030167618964,2.41469083525338e-60,"Threshold (troughs)",20
26,0.0101589465242136,0.407891190152178,2.27199378951991e-39,"Threshold (troughs)",20
26.2,0.00939151152118389,0.423066715573939,6.67692387715556e-26,"Threshold (troughs)",20
26.4,0.00886576031166467,0.434440224650373,1.12536742701783e-16,"Threshold (troughs)",20
26.6,0.00847844973130161,0.44271756089235,7.05400952475648e-10,"Threshold (troughs)",20
26.8,0.00816861910857796,0.448447460238467,0.000193086729440204,"Threshold (troughs)",20
27,0.00207807006435571,0.446323054073032,1,"Threshold (troughs)",20
27.2,0.00175740350070296,0.44815034882489,1,"Threshold (troughs)",20
27.4,0.00171784676209701,0.447821756521237,1,"Threshold (troughs)",20
27.6,0.00166827371757079,0.444869061379812,1,"Threshold (troughs)",20
27.8,0.00161384230775595,0.439501399176733,1,"Threshold (troughs)",20
28,0.00155825255839578,0.432078506272305,1,"Threshold (troughs)",20
28.2,0.00150375290740161,0.42299693780521,1,"Threshold (troughs)",20
28.4,0.00145169710433259,0.412618092075641,1,"Threshold (troughs)",20
28.6,0.00140292687734968,0.401235203921302,1,"Threshold (troughs)",20
28.8,0.00135811205059308,0.389074694614858,1,"Threshold (troughs)",20
29,0.00131806912062771,0.376306385548008,1,"Threshold (troughs)",20
29.2,0.00128413847370847,0.363055537510949,1,"Threshold (troughs)",20
29.4,0.00125871743091283,0.349414185004607,1,"Threshold (troughs)",20
29.6,0.00124599501336974,0.335446696830214,1,"Threshold (troughs)",20
29.8,0.00125306948268303,0.321195881884029,1,"Threshold (troughs)",20
30,0.00129185854761509,0.306688903831502,1,"Threshold (troughs)",20
30.2,0.00138288941215499,0.291947677162186,1,"Threshold (troughs)",20
30.4,0.00156355635827645,0.277006536260246,1,"Threshold (troughs)",20
30.6,0.00190569499579286,0.261941661538303,1,"Threshold (troughs)",20
30.8,0.00254730055733273,0.246930037666746,1,"Threshold (troughs)",20
31,0.00371448846811055,0.232425059126281,1,"Threshold (troughs)",20
31.2,0.00555728407672001,0.219812622144925,1,"Threshold (troughs)",20
31.4,0.00744033982900702,0.213271091033795,0.999999999142644,"Threshold (troughs)",20
31.6,0.0184011865466865,0.23141168744596,5.11067231139613e-184,"Threshold (troughs)",20
31.8,0.023625297452374,0.262482049792726,1.0653100975477e-275,"Threshold (troughs)",20
32,0.0200336960206667,0.294856942841911,1.14447650833444e-212,"Threshold (troughs)",20
32.2,0.015906935306455,0.327404149289537,3.03084311547061e-140,"Threshold (troughs)",20
32.4,0.0129860463334681,0.35644750149028,5.52034170013136e-89,"Threshold (troughs)",20
32.6,0.0111285762618359,0.380350610702492,2.18677076945698e-56,"Threshold (troughs)",20
32.8,0.00994927639452523,0.399116162542539,1.08650530245913e-35,"Threshold (troughs)",20
33,0.00917023518904016,0.413382008823109,5.10370100914089e-22,"Threshold (troughs)",20
33.2,0.00862722051122373,0.423897721775733,1.7281041857133e-12,"Threshold (troughs)",20
33.4,0.0082263833856899,0.431331912512789,1.87106473244494e-05,"Threshold (troughs)",20
33.6,0.00233132148302844,0.430707293800675,1,"Threshold (troughs)",20
33.8,0.0017549701772593,0.433301285636332,1,"Threshold (troughs)",20
34,0.00172235512092858,0.433796577428018,1,"Threshold (troughs)",20
34.2,0.00168101768941269,0.431449207851534,1,"Threshold (troughs)",20
34.4,0.00163279265080627,0.426493024297194,1,"Threshold (troughs)",20
34.6,0.00158035256640925,0.419336224834893,1,"Threshold (troughs)",20
34.8,0.00152606257139553,0.410427658628298,1,"Threshold (troughs)",20
35,0.00147220582586255,0.400171147698237,1,"Threshold (troughs)",20
35.2,0.00142087113338221,0.388889161483884,1,"Threshold (troughs)",20
35.4,0.00137390808906129,0.376823493363645,1,"Threshold (troughs)",20
35.6,0.00133314602341439,0.36414932342826,1,"Threshold (troughs)",20
35.8,0.00130091954634474,0.350992294668858,1,"Threshold (troughs)",20
36,0.00128089739043606,0.337440731772884,1,"Threshold (troughs)",20
36.2,0.0012793035446185,0.323555586971847,1,"Threshold (troughs)",20
36.4,0.00130676345963937,0.309377640925483,1,"Threshold (troughs)",20
36.6,0.00138155568978727,0.29493737532149,1,"Threshold (troughs)",20
36.8,0.00153630460272617,0.280271381152252,1,"Threshold (troughs)",20
37,0.00183216424434715,0.265450358822524,1,"Threshold (troughs)",20
37.2,0.00238538843398582,0.250631988714303,1,"Threshold (troughs)",20
37.4,0.00339342704108178,0.236199377169806,1,"Threshold (troughs)",20
37.6,0.00504038041762841,0.223245089710046,1,"Threshold (troughs)",20
37.8,0.00695709393542466,0.215035172163678,1,"Threshold (troughs)",20
38,0.00767984455094482,0.218585106611654,0.99998631121474,"Threshold (troughs)",20
38.2,0.00648531364906457,0.239095431723355,1,"Threshold (troughs)",20
38.4,0.0048229566359285,0.26975622336744,1,"Threshold (troughs)",20
38.6,0.00369563459329818,0.299369338719349,1,"Threshold (troughs)",20
38.8,0.0030353052102453,0.322943422495776,1,"Threshold (troughs)",20
39,0.00262599864936266,0.339969980628394,1,"Threshold (troughs)",20
39.2,0.00234929257760361,0.351280741267675,1,"Threshold (troughs)",20
39.4,0.00214785587779896,0.357867120878907,1,"Threshold (troughs)",20
39.6,0.00199211410045594,0.360588888693039,1,"Threshold (troughs)",20
39.8,0.00186583088467031,0.360141559067352,1,"Threshold (troughs)",20
40,0.00176001094753877,0.357082174070243,1,"Threshold (troughs)",20
40.2,0.00167013130264224,0.351860449234939,1,"Threshold (troughs)",20
40.4,0.00159483868654494,0.344843523316668,1,"Threshold (troughs)",20
40.6,0.00153538886466526,0.336333757533442,1,"Threshold (troughs)",20
40.8,0.00149554913455008,0.326581966145585,1,"Threshold (troughs)",20
41,0.00148197068927616,0.315798989051373,1,"Threshold (troughs)",20
41.2,0.00150532911815624,0.304168351208904,1,"Threshold (troughs)",20
41.4,0.0015829568940833,0.291862206239908,1,"Threshold (troughs)",20
41.6,0.00174423131482658,0.27906313293562,1,"Threshold (troughs)",20
41.8,0.00204034301353463,0.265997382924124,1,"Threshold (troughs)",20
42,0.00255742070041674,0.252996991370556,1,"Threshold (troughs)",20
42.2,0.00341407038450677,0.240647907802566,1,"Threshold (troughs)",20
42.4,0.00466508639525715,0.230182075515753,1,"Threshold (troughs)",20
42.6,0.00599918025463174,0.224290514491572,1,"Threshold (troughs)",20
42.8,0.00657522875592677,0.227440996609994,1,"Threshold (troughs)",20
43,0.00593367943544098,0.242525300497213,1,"Threshold (troughs)",20
43.2,0.00476064868756894,0.265817885667718,1,"Threshold (troughs)",20
43.4,0.00378595782086163,0.290008191607654,1,"Threshold (troughs)",20
43.6,0.00313643026935661,0.310458839654844,1,"Threshold (troughs)",20
43.8,0.00270971964883381,0.325795145996069,1,"Threshold (troughs)",20
44,0.00241538558265555,0.336175558024491,1,"Threshold (troughs)",20
20.2,0.0063528200787034,0.535244536961376,7.04102825770355e-29,"Threshold (peaks)",30
20.4,0.00588905301702218,0.526138927993354,5.11345599327128e-37,"Threshold (peaks)",30
20.6,0.00571951068903464,0.516775076202599,5.4114825282633e-40,"Threshold (peaks)",30
20.8,0.00561864959995564,0.50683857753609,9.18851966039675e-42,"Threshold (peaks)",30
21,0.005530390873349,0.49627738254844,2.59621781437383e-43,"Threshold (peaks)",30
21.2,0.00544414198941198,0.485207157303982,7.95625357395727e-45,"Threshold (peaks)",30
21.4,0.00535914322481735,0.473778358651853,2.56457372175762e-46,"Threshold (peaks)",30
21.6,0.00527630215705216,0.462132789768143,9.01962441202508e-48,"Threshold (peaks)",30
21.8,0.00519672490609364,0.450411365429721,3.61943151936439e-49,"Threshold (peaks)",30
22,0.00512159235230053,0.438709186492411,1.73818054853521e-50,"Threshold (peaks)",30
22.2,0.00505248286637442,0.427112150725214,1.06476011810832e-51,"Threshold (peaks)",30
22.4,0.00499135523819485,0.415675731969376,9.00506792358186e-53,"Threshold (peaks)",30
22.6,0.00494062834146036,0.40444659296605,1.15944667043346e-53,"Threshold (peaks)",30
22.8,0.0049035873083735,0.393456500972808,2.59534951087729e-54,"Threshold (peaks)",30
23,0.00488454321054445,0.38273374195374,1.20220838335597e-54,"Threshold (peaks)",30
23.2,0.00488933606621395,0.372302107056393,1.45912467476007e-54,"Threshold (peaks)",30
23.4,0.00492559829019149,0.362188628339615,6.31654431761268e-54,"Threshold (peaks)",30
23.6,0.00500305501650298,0.352426632840246,1.44481851948773e-52,"Threshold (peaks)",30
23.8,0.00513373781297469,0.343063057402813,2.83950563510235e-50,"Threshold (peaks)",30
24,0.00533208250154754,0.334165271418233,8.59232315671226e-47,"Threshold (peaks)",30
24.2,0.00561476999185989,0.325829525295597,7.85525014392341e-42,"Threshold (peaks)",30
24.4,0.0059996935149029,0.318189018434932,4.47105327369016e-35,"Threshold (peaks)",30
24.6,0.00650308756824972,0.311420880519012,3.05329556387481e-26,"Threshold (peaks)",30
24.8,0.00713333200888911,0.305748859247662,3.50994309922313e-15,"Threshold (peaks)",30
25,0.00785106779761279,0.301407778737542,0.0136551765713844,"Threshold (peaks)",30
25.2,0.00787787414512204,0.297959751449694,0.0392916712485237,"Threshold (peaks)",30
25.4,0.00788890391422966,0.296364769743889,0.0600329254630452,"Threshold (peaks)",30
25.6,0.00789525437329294,0.296651101132201,0.0762563934709796,"Threshold (peaks)",30
25.8,0.00789832199586669,0.29859974545205,0.0854600269635423,"Threshold (peaks)",30
26,0.00789883319522026,0.301861130319515,0.0870884156721044,"Threshold (peaks)",30
26.2,0.00789732186405045,0.306042322291949,0.0823538099735735,"Threshold (peaks)",30
26.4,0.00789421911545758,0.310755579023641,0.0733612814300175,"Threshold (peaks)",30
26.6,0.00788984641243121,0.315649381127136,0.062218425714148,"Threshold (peaks)",30
26.8,0.00788441207921562,0.320430622281583,0.0505718796914662,"Threshold (peaks)",30
27,0.00787803391090342,0.324875278316732,0.0395360990681354,"Threshold (peaks)",30
27.2,0.00787076133088118,0.328828429473992,0.0297685262401618,"Threshold (peaks)",30
27.4,0.00786255633380571,0.332198669298267,0.0215489808353004,"Threshold (peaks)",30
27.6,0.00785320833294636,0.334949957633976,0.014870561394516,"Threshold (peaks)",30
27.8,0.0078421614281447,0.337090822834344,0.00956732183218001,"Threshold (peaks)",30
28,0.00782815611155078,0.338660917029446,0.00545509429712727,"Threshold (peaks)",30
28.2,0.00780834596924899,0.339716552954232,0.0024572509719677,"Threshold (peaks)",30
28.4,0.00777659980924589,0.340317424385632,0.000682479207110307,"Threshold (peaks)",30
28.6,0.00772633500980714,0.34052100162846,8.95819307460612e-05,"Threshold (peaks)",30
28.8,0.0076660188480763,0.340391947649133,7.82946424561714e-06,"Threshold (peaks)",30
29,0.00761369852009582,0.339993210737931,9.45224033265286e-07,"Threshold (peaks)",30
29.2,0.00757865678914824,0.339370318392568,2.29386086581084e-07,"Threshold (peaks)",30
29.4,0.00756267559593246,0.338560061896038,1.20255165035461e-07,"Threshold (peaks)",30
29.6,0.00756463080998168,0.337601546579954,1.30141838705579e-07,"Threshold (peaks)",30
29.8,0.00758240359472193,0.336540286956539,2.66883642126613e-07,"Threshold (peaks)",30
30,0.00761349032133756,0.335427001544197,9.37305048373705e-07,"Threshold (peaks)",30
30.2,0.00765521860809644,0.334313886645139,5.06050046839853e-06,"Threshold (peaks)",30
30.4,0.00770467576544723,0.333250230147543,3.73363846476037e-05,"Threshold (peaks)",30
30.6,0.00775664083399797,0.332276725336696,0.000304776667967433,"Threshold (peaks)",30
30.8,0.00779500988950262,0.331414500153686,0.00143499905240412,"Threshold (peaks)",30
31,0.00781242356198693,0.330682586777503,0.00289613284356671,"Threshold (peaks)",30
31.2,0.00782256467141573,0.330105712442487,0.00435666509994882,"Threshold (peaks)",30
31.4,0.00782973383478254,0.329683154818566,0.00581212202478528,"Threshold (peaks)",30
31.6,0.00783503824928684,0.329400789437401,0.0071915420748357,"Threshold (peaks)",30
31.8,0.00783897772098453,0.329240642870348,0.00842208295523001,"Threshold (peaks)",30
32,0.00784182122722786,0.329185734878351,0.00943792953130729,"Threshold (peaks)",30
32.2,0.00784373722553839,0.329221551392455,0.0101899459555459,"Threshold (peaks)",30
32.4,0.00784485031772051,0.329335413900444,0.0106537534266118,"Threshold (peaks)",30
32.6,0.00784526861548572,0.329515132980623,0.0108333987551784,"Threshold (peaks)",30
32.8,0.00784509834908022,0.32974787282975,0.0107599160970878,"Threshold (peaks)",30
33,0.00784445139364032,0.330019657749895,0.0104851749691032,"Threshold (peaks)",30
33.2,0.00784344588016851,0.33031560616502,0.0100718833605627,"Threshold (peaks)",30
33.4,0.00784219909174657,0.330620763510049,0.0095817544147211,"Threshold (peaks)",30
33.6,0.00784081514438086,0.330921252416085,0.00906533207351095,"Threshold (peaks)",30
33.8,0.0078393738805027,0.331205370983511,0.00855683052525781,"Threshold (peaks)",30
34,0.00783792728938246,0.33146431121326,0.00807489543234282,"Threshold (peaks)",30
34.2,0.00783650498785852,0.331692344111942,0.00762732086252506,"Threshold (peaks)",30
34.4,0.00783512495535621,0.331886529407103,0.00721660142082881,"Threshold (peaks)",30
34.6,0.00783380386857114,0.332046144036175,0.00684401803417337,"Threshold (peaks)",30
34.8,0.00783256317931364,0.332172043727572,0.00651152822340853,"Threshold (peaks)",30
35,0.00783143001551892,0.332266109968409,0.00622189901772306,"Threshold (peaks)",30
35.2,0.00783043405329834,0.332330848851657,0.00597793012921706,"Threshold (peaks)",30
35.4,0.00782960233498579,0.332369139873615,0.0057814973895043,"Threshold (peaks)",30
35.6,0.00782895404137195,0.332384095530504,0.00563284726612592,"Threshold (peaks)",30
35.8,0.00782849683643075,0.332378982553625,0.00553030394163683,"Threshold (peaks)",30
36,0.00782822571408626,0.332357162905033,0.00547037483317424,"Threshold (peaks)",30
36.2,0.00782812440697445,0.332322027992671,0.00544814795568589,"Threshold (peaks)",30
36.4,0.00782816862927408,0.33227691623828,0.00545783930316927,"Threshold (peaks)",30
36.6,0.00782833001246178,0.332225017758244,0.00549335221229266,"Threshold (peaks)",30
36.8,0.00782857966551619,0.332169278068204,0.00554874241797925,"Threshold (peaks)",30
37,0.0078288907102157,0.332112314801253,0.0056185311416096,"Threshold (peaks)",30
37.2,0.00782923964234881,0.332056358500918,0.00569785981452008,"Threshold (peaks)",30
37.4,0.00782960673576875,0.332003222796844,0.0057825196767606,"Threshold (peaks)",30
37.6,0.00782997585985314,0.331954303139651,0.0058689087518186,"Threshold (peaks)",30
37.8,0.00783033405839296,0.331910598656072,0.00595396715518734,"Threshold (peaks)",30
38,0.00783067112322601,0.331872749479,0.00603512576489889,"Threshold (peaks)",30
38.2,0.0078309792662317,0.331841082013228,0.00611028220237137,"Threshold (peaks)",30
38.4,0.00783125289521319,0.331815656268183,0.00617779995192958,"Threshold (peaks)",30
38.6,0.00783148844818937,0.331796311662335,0.00623651598297064,"Threshold (peaks)",30
38.8,0.00783168423095824,0.331782709765152,0.00628574030753936,"Threshold (peaks)",30
39,0.00783184021901276,0.33177437381651,0.00632523549415551,"Threshold (peaks)",30
39.2,0.00783195781062369,0.331770725441558,0.00635517186279112,"Threshold (peaks)",30
39.4,0.00783203954090002,0.331771118927374,0.0063760615688126,"Threshold (peaks)",30
39.6,0.00783208878041329,0.331774873044931,0.00638867977367064,"Threshold (peaks)",30
39.8,0.00783210944525055,0.331781299981802,0.00639398276987578,"Threshold (peaks)",30
40,0.00783210574039467,0.331789730701256,0.00639303171067691,"Threshold (peaks)",30
40.2,0.00783208194898909,0.331799536040611,0.00638692765959245,"Threshold (peaks)",30
40.4,0.00783204227018286,0.33181014307668,0.00637676033098794,"Threshold (peaks)",30
40.6,0.00783199070065997,0.331821046625585,0.00636357014462382,"Threshold (peaks)",30
40.8,0.00783193095092583,0.331831816100295,0.00634832156300308,"Threshold (peaks)",30
41,0.00783186638686612,0.331842098236622,0.00633188513884586,"Threshold (peaks)",30
41.2,0.00783179998899166,0.331851616372467,0.00631502597304225,"Threshold (peaks)",30
41.4,0.00783173432476364,0.33186016702196,0.00629839695658081,"Threshold (peaks)",30
41.6,0.00783167153221822,0.331867614450685,0.00628253587438609,"Threshold (peaks)",30
41.8,0.00783161331497667,0.331873883868237,0.00626786595112335,"Threshold (peaks)",30
42,0.00783156094936718,0.331878953746169,0.00625469963781663,"Threshold (peaks)",30
42.2,0.00783151530397055,0.331882847669031,0.00624324541250134,"Threshold (peaks)",30
42.4,0.0078314768708681,0.331885626046225,0.00623361720139091,"Threshold (peaks)",30
42.6,0.00783144580670976,0.331887377954045,0.00622584583264164,"Threshold (peaks)",30
42.8,0.00783142198082535,0.331888213334498,0.00621989179887452,"Threshold (peaks)",30
43,0.00783140502718482,0.331888255741897,0.00621565856907177,"Threshold (peaks)",30
43.2,0.00783139439709412,0.331887635792882,0.00621300575503209,"Threshold (peaks)",30
43.4,0.00783138940997938,0.331886485436712,0.00621176157318601,"Threshold (peaks)",30
43.6,0.00783138930028393,0.331884933120298,0.00621173420922681,"Threshold (peaks)",30
43.8,0.00783139325920518,0.331883099878998,0.00621272185350219,"Threshold (peaks)",30
44,0.00783140047060842,0.331881096343249,0.00621452130551379,"Threshold (peaks)",30
20.2,0.000978947534669733,0.529935544745504,1,"Threshold (troughs)",30
20.4,0.000919069580498114,0.521300386804326,1,"Threshold (troughs)",30
20.6,0.000915615360672142,0.511424696850326,1,"Threshold (troughs)",30
20.8,0.000907543732970819,0.499877517624662,1,"Threshold (troughs)",30
21,0.000897422254598159,0.486675802421595,1,"Threshold (troughs)",30
21.2,0.000886266245247143,0.472095363278958,1,"Threshold (troughs)",30
21.4,0.000874433230853629,0.456479558373263,1,"Threshold (troughs)",30
21.6,0.000862158602144147,0.440170611196846,1,"Threshold (troughs)",30
21.8,0.00084971465318942,0.423452758609818,1,"Threshold (troughs)",30
22,0.000837508054334774,0.406540378558135,1,"Threshold (troughs)",30
22.2,0.00082619049901473,0.389579095105918,1,"Threshold (troughs)",30
22.4,0.000816703163124819,0.372663929410039,1,"Threshold (troughs)",30
22.6,0.000810688451194575,0.355843603184469,1,"Threshold (troughs)",30
22.8,0.000810985626600694,0.339130743774755,1,"Threshold (troughs)",30
23,0.000822672995660853,0.322506355344298,1,"Threshold (troughs)",30
23.2,0.000854842301270705,0.30592146172356,1,"Threshold (troughs)",30
23.4,0.000924349881515119,0.289301834502904,1,"Threshold (troughs)",30
23.6,0.00106456074473951,0.272554848637877,1,"Threshold (troughs)",30
23.8,0.00134659809447435,0.25557773369717,1,"Threshold (troughs)",30
24,0.00192730870228326,0.238268262654064,1,"Threshold (troughs)",30
24.2,0.00311311104645125,0.220634640010092,1,"Threshold (troughs)",30
24.4,0.00515834353711628,0.20381745147498,1,"Threshold (troughs)",30
24.6,0.00697597562532764,0.194785030371242,1,"Threshold (troughs)",30
24.8,0.00618043677889221,0.20971050698095,1,"Threshold (troughs)",30
25,0.0041317585296523,0.249053291373446,1,"Threshold (troughs)",30
25.2,0.00287264519186295,0.290081643032319,1,"Threshold (troughs)",30
25.4,0.00225810476067278,0.321785865750073,1,"Threshold (troughs)",30
25.6,0.00191808616279332,0.344150820176745,1,"Threshold (troughs)",30
25.8,0.00170110884747946,0.359055671463929,1,"Threshold (troughs)",30
26,0.001548105388434,0.368162345192755,1,"Threshold (troughs)",30
26.2,0.0014316527710285,0.372712747575273,1,"Threshold (troughs)",30
26.4,0.00133734974317085,0.373620564529411,1,"Threshold (troughs)",30
26.6,0.00125722942399066,0.371570021207077,1,"Threshold (troughs)",30
26.8,0.00118698548312787,0.367086476855326,1,"Threshold (troughs)",30
27,0.00112469046663495,0.360582644470885,1,"Threshold (troughs)",30
27.2,0.00107020179721745,0.352387684909865,1,"Threshold (troughs)",30
27.4,0.00102491779136237,0.342765521728092,1,"Threshold (troughs)",30
27.6,0.000991757827577613,0.33192719833133,1,"Threshold (troughs)",30
27.8,0.000975425625812513,0.320041245893479,1,"Threshold (troughs)",30
28,0.000983263923913025,0.307244325067658,1,"Threshold (troughs)",30
28.2,0.00102740486669264,0.293653454751716,1,"Threshold (troughs)",30
28.4,0.00112970510874535,0.279379889456842,1,"Threshold (troughs)",30
28.6,0.00133245269214991,0.264545525827079,1,"Threshold (troughs)",30
28.8,0.00171948282137116,0.249309925101579,1,"Threshold (troughs)",30
29,0.00244363652793176,0.233958290585653,1,"Threshold (troughs)",30
29.2,0.00368223366693842,0.219313538098135,1,"Threshold (troughs)",30
29.4,0.00523378729310798,0.208342730056812,1,"Threshold (troughs)",30
29.6,0.00590296880679057,0.208918831323654,1,"Threshold (troughs)",30
29.8,0.00491929617107088,0.228891557864267,1,"Threshold (troughs)",30
30,0.00354469085230445,0.261480635932362,1,"Threshold (troughs)",30
30.2,0.00265759546075527,0.292996784890894,1,"Threshold (troughs)",30
30.4,0.00215983682686383,0.317636686936309,1,"Threshold (troughs)",30
30.6,0.00185773912649169,0.335070376551746,1,"Threshold (troughs)",30
30.8,0.00165531951320915,0.346356403313799,1,"Threshold (troughs)",30
31,0.00150854168828581,0.352634518090763,1,"Threshold (troughs)",30
31.2,0.00139534193709465,0.354854517902932,1,"Threshold (troughs)",30
31.4,0.00130388442801267,0.353767419543227,1,"Threshold (troughs)",30
31.6,0.00122781533180433,0.349966088627865,1,"Threshold (troughs)",30
31.8,0.00116419498276548,0.343924438189775,1,"Threshold (troughs)",30
32,0.00111260060185459,0.336026075807063,1,"Threshold (troughs)",30
32.2,0.00107484675393483,0.326583721889841,1,"Threshold (troughs)",30
32.4,0.00105516875525927,0.315852985087843,1,"Threshold (troughs)",30
32.6,0.00106102464619943,0.304044295271676,1,"Threshold (troughs)",30
32.8,0.00110509257299812,0.291336006480289,1,"Threshold (troughs)",30
33,0.00120975750008419,0.277891110659843,1,"Threshold (troughs)",30
33.2,0.00141646318632909,0.26388060070548,1,"Threshold (troughs)",30
33.4,0.00180235762397018,0.249525338385124,1,"Threshold (troughs)",30
33.6,0.00249493393818923,0.235213711080749,1,"Threshold (troughs)",30
33.8,0.00361029269059562,0.221936497104949,1,"Threshold (troughs)",30
34,0.00491688652399604,0.212645313382293,1,"Threshold (troughs)",30
34.2,0.00546394136354183,0.21396418369827,1,"Threshold (troughs)",30
34.4,0.00468872478056827,0.231693725535447,1,"Threshold (troughs)",30
34.6,0.00351264784996466,0.260420997350849,1,"Threshold (troughs)",30
34.8,0.00268200481690338,0.289045824572942,1,"Threshold (troughs)",30
35,0.00218728314735046,0.312014133980956,1,"Threshold (troughs)",30
35.2,0.00187934320713281,0.328496521613151,1,"Threshold (troughs)",30
35.4,0.00167142062421721,0.339199616817801,1,"Threshold (troughs)",30
35.6,0.00152076687252176,0.345078896196253,1,"Threshold (troughs)",30
35.8,0.00140535136747008,0.346993665092192,1,"Threshold (troughs)",30
36,0.00131329481058161,0.345651726435557,1,"Threshold (troughs)",30
36.2,0.00123832636251615,0.341626594023929,1,"Threshold (troughs)",30
36.4,0.00117777305572035,0.335385168399581,1,"Threshold (troughs)",30
36.6,0.00113172854808761,0.327310713216088,1,"Threshold (troughs)",30
36.8,0.00110290580175023,0.317719668193038,1,"Threshold (troughs)",30
37,0.00109709950981633,0.30687475257736,1,"Threshold (troughs)",30
37.2,0.00112456173196188,0.294997621834277,1,"Threshold (troughs)",30
37.4,0.00120314540002533,0.282284342254492,1,"Threshold (troughs)",30
37.6,0.00136488003932711,0.268927151651241,1,"Threshold (troughs)",30
37.8,0.00166804184365228,0.255150819335625,1,"Threshold (troughs)",30
38,0.00221127963283265,0.24129707843683,1,"Threshold (troughs)",30
38.2,0.00311134250404719,0.228094261043112,1,"Threshold (troughs)",30
38.4,0.00431103067973463,0.217511637022765,1,"Threshold (troughs)",30
38.6,0.00519026480835347,0.214339440381678,1,"Threshold (troughs)",30
38.8,0.0049352204747733,0.224977766756874,1,"Threshold (troughs)",30
39,0.00389514017011021,0.248928383138975,1,"Threshold (troughs)",30
39.2,0.00296183848373509,0.276845421255263,1,"Threshold (troughs)",30
39.4,0.00236733168551803,0.301137972430178,1,"Threshold (troughs)",30
39.6,0.00199942324229865,0.319448845558012,1,"Threshold (troughs)",30
39.8,0.00175654829292637,0.331913342993969,1,"Threshold (troughs)",30
40,0.00158469732157492,0.339330331684914,1,"Threshold (troughs)",30
40.2,0.00145593412018206,0.342542545432328,1,"Threshold (troughs)",30
40.4,0.00135523935620203,0.342281677471868,1,"Threshold (troughs)",30
40.6,0.00127454309063284,0.339153284990259,1,"Threshold (troughs)",30
40.8,0.00121004857284501,0.333655208823921,1,"Threshold (troughs)",30
41,0.00116108012613645,0.326198730863036,1,"Threshold (troughs)",30
41.2,0.00112976964840374,0.317125596091309,1,"Threshold (troughs)",30
41.4,0.00112140882345776,0.306721484619857,1,"Threshold (troughs)",30
41.6,0.00114568503977997,0.295228692575842,1,"Threshold (troughs)",30
41.8,0.00121952719054094,0.282861382783045,1,"Threshold (troughs)",30
42,0.00137299639436863,0.269827274630287,1,"Threshold (troughs)",30
42.2,0.00165992428635358,0.256364140723306,1,"Threshold (troughs)",30
42.4,0.00217008300085957,0.242821698389284,1,"Threshold (troughs)",30
42.6,0.00300996106315671,0.229907686683903,1,"Threshold (troughs)",30
42.8,0.00413941410861326,0.219434807645537,1,"Threshold (troughs)",30
43,0.00502654762879077,0.215710081210106,1,"Threshold (troughs)",30
43.2,0.00489671788180427,0.224719089927779,1,"Threshold (troughs)",30
43.4,0.00395234559425122,0.246789593412194,1,"Threshold (troughs)",30
43.6,0.00302910966096693,0.273671522568489,1,"Threshold (troughs)",30
43.8,0.00241786545943122,0.297712988164341,1,"Threshold (troughs)",30
44,0.00203534988114114,0.316141559967412,1,"Threshold (troughs)",30
