"fish_level","mean_total","min_total","mean_selected","mean_juvenile","mean_yield","rel_amplitude","knife_edge_size","theta","interaction_resource","total_unfished_ref","fraction_of_unfished"
1,0.269614854097013,0.0112465307775064,0.00765045509600828,0.261964399001005,0.0766564332870974,1.92672353665557,3,1,0.3,0.314405388129312,0.857538910834832
5,0.0165378818193674,0.0024630814912929,0.000243209412366647,0.0162946724070007,0.0242745052307568,1.77834626944642,3,1,0.3,0.314405388129312,0.0526005038201365
9,0.000639483495839703,0.00014417252634195,2.24200373744336e-06,0.000637241492102259,0.00135398738251989,1.67763311517134,3,1,0.3,0.314405388129312,0.0020339457273445
20,7.11369235211153e-07,8.10862093298238e-10,1.3871631616827e-10,7.11230518894984e-07,3.16654136017239e-06,1.99960527447101,3,1,0.3,0.314405388129312,2.26258601814601e-06
50,1.82691725490733e-09,6.66498941937178e-16,4.01349465112242e-16,1.82691685355787e-09,1.29472837098302e-08,1.9999999273476,3,1,0.3,0.314405388129312,5.81070593534466e-09
70,7.24030829781819e-10,6.63456110340129e-17,6.20284127804179e-18,7.24030823578977e-10,5.3465785219778e-09,1.99999998234826,3,1,0.3,0.314405388129312,2.30285757534165e-09
85,5.2726558374561e-10,3.01757923980067e-17,6.22286496098793e-19,5.27265583123323e-10,3.94452205931648e-09,1.99999998908704,3,1,0.3,0.314405388129312,1.67702464287524e-09
100,4.34500207600238e-10,1.87022838889164e-17,9.30802385349484e-20,4.34500207507157e-10,3.27540362341581e-09,1.99999999184059,3,1,0.3,0.314405388129312,1.38197443175348e-09
1,0.28154177190537,0.0116462072465745,0.00953768410905927,0.272004087796311,0.0439523197917774,1.92950295181471,5,1,0.3,0.314405388129312,0.895473749926875
5,0.060482882034316,0.00379453727825164,0.00159765738995206,0.0588852246443639,0.064880573144751,1.90935340800141,5,1,0.3,0.314405388129312,0.192372282148803
9,0.0128916915801522,0.00220616994093982,0.000121383103960526,0.0127703084761916,0.0171300304881068,1.73204515433025,5,1,0.3,0.314405388129312,0.0410034053705528
20,0.000447423200550599,9.51755264210023e-05,4.81794827466733e-07,0.000446941405723132,0.000891746724632793,1.77716591451927,5,1,0.3,0.314405388129312,0.00142307739448339
50,1.29433393211923e-05,2.05955127790054e-07,3.09569941352557e-10,1.2943029751251e-05,4.108337625262e-05,1.99283117403462,5,1,0.3,0.314405388129312,4.11676765408003e-05
70,6.8123936796896e-06,5.53615790304314e-08,2.65773293458574e-11,6.81236710236026e-06,2.35421346271468e-05,1.99677869023987,5,1,0.3,0.314405388129312,2.16675474940898e-05
85,5.29406057538804e-06,3.27370383600191e-08,6.74361002634932e-12,5.29405383177801e-06,1.89042948144319e-05,1.99766154413524,5,1,0.3,0.314405388129312,1.68383264895277e-05
100,4.49559769976564e-06,2.32321999209647e-08,2.17197889142412e-12,4.49559552778674e-06,1.63934253729452e-05,1.99810252098123,5,1,0.3,0.314405388129312,1.42987298230291e-05
1,0.285975529526619,0.0124357581738805,0.0113424643289233,0.274633065197695,0.0277547955918854,1.92244089716782,7,1,0.3,0.314405388129312,0.90957579075903
5,0.136768674626955,0.0056141140643385,0.00414133538109769,0.132627339245857,0.0800863574940874,1.92970776098544,7,1,0.3,0.314405388129312,0.43500741332939
9,0.0468737088328224,0.00320096899861222,0.00102832302961628,0.0458453858032062,0.0469852577286778,1.90016489782484,7,1,0.3,0.314405388129312,0.14908684966157
20,0.01141861688242,0.00240064764036094,5.36834819192565e-05,0.0113649334005007,0.0133958188855897,1.65557064367988,7,1,0.3,0.314405388129312,0.0363181335738547
50,0.00265906610328034,0.000825326207259796,1.08655693292354e-06,0.00265797954634742,0.00373492194522223,1.51743839735247,7,1,0.3,0.314405388129312,0.0084574444448983
70,0.00177517835257599,0.000545014422016903,2.5373368316217e-07,0.00177492461889283,0.00263471872901702,1.56217127877412,7,1,0.3,0.314405388129312,0.00564614481684987
85,0.00147733545077061,0.000440312063607244,1.11256625600536e-07,0.00147722419414501,0.00224817978104299,1.59216450932696,7,1,0.3,0.314405388129312,0.00469882357793115
100,0.00129891942850703,0.000378717960562228,5.62639094185424e-08,0.00129886316459761,0.00201172539089773,1.61294741239648,7,1,0.3,0.314405388129312,0.0041313523163057
1,0.293132099015626,0.0130568250221715,0.013971172233895,0.279160926781731,0.013971172233895,1.90893247419029,10,1,0.3,0.314405388129312,0.932338026265197
5,0.242095873219843,0.00759903844752734,0.00716360115118826,0.234932272068654,0.0358180057559413,1.94275724547398,10,1,0.3,0.314405388129312,0.770011845726609
9,0.186025847064284,0.00593951882519571,0.00561303016783776,0.180412816896447,0.0505172715105398,1.94083374912464,10,1,0.3,0.314405388129312,0.59167512418004
20,0.106000411525789,0.00473105782881138,0.00304830264127685,0.102952108884512,0.060966052825537,1.92582418973335,10,1,0.3,0.314405388129312,0.337145658210515
50,0.0651978601308412,0.00403615473393587,0.000982194727820947,0.0642156654030202,0.0491097363910474,1.90540988376277,10,1,0.3,0.314405388129312,0.207368774812555
70,0.0583326764682012,0.00365333205729988,0.000657887585330598,0.0576747888828706,0.0460521309731418,1.90561470870576,10,1,0.3,0.314405388129312,0.185533323125523
85,0.0554296983901339,0.00360258690993593,0.000525325243341492,0.0549043731467925,0.0446526456840269,1.90283337757228,10,1,0.3,0.314405388129312,0.176300090529416
100,0.0534465496065411,0.00363883050782155,0.000436577428557403,0.0530099721779837,0.0436577428557403,1.89868200871263,10,1,0.3,0.314405388129312,0.169992473489541
1,0.311925895276756,0.0153961803800306,0.0173604056033782,0.294565489673378,0.00136297539031071,1.89937214168271,15,1,0.3,0.314405388129312,0.992113707505749
5,0.306425751329131,0.0149066024533976,0.0168194279904204,0.28960632333871,0.00409447767373602,1.89986917618101,15,1,0.3,0.314405388129312,0.97461991078569
9,0.303928096392548,0.0134432720745904,0.0165856305292286,0.28734246586332,0.00524771589831944,1.90827409256038,15,1,0.3,0.314405388129312,0.9666758518386
20,0.301154498442296,0.0132266600980426,0.0163289931319141,0.284825505310382,0.00648851166310867,1.90824653524296,15,1,0.3,0.314405388129312,0.957854126591601
50,0.299248497544285,0.0138460711249375,0.0161520200841231,0.283096477460162,0.00732619678685925,1.90288992907049,15,1,0.3,0.314405388129312,0.951791886661964
70,0.298830112378756,0.01352624538429,0.0161128948920793,0.282717217486676,0.00750920795947968,1.90481825900887,15,1,0.3,0.314405388129312,0.950461167846937
85,0.298639158227985,0.0133921438426928,0.0160949913158567,0.282544166912128,0.00759267753283779,1.9056199636281,15,1,0.3,0.314405388129312,0.94985381772515
100,0.298503091995526,0.013301082730716,0.0160822146180359,0.28242087737749,0.00765213747316285,1.90616136253874,15,1,0.3,0.314405388129312,0.949421044504348
1,0.648886151562218,0.487022127567119,0.00298242738722354,0.645903724174994,0.0311499396994757,0.388421735648756,3,1,0.7,0.638857029889724,1.01569853848869
5,0.434173848969375,0.0196067466609593,0.00130500824145144,0.432868840727923,0.125405379500399,1.87739147790332,3,1,0.7,0.638857029889724,0.679610348882471
9,0.224981807555071,0.00806146963181418,0.000651502249369794,0.224330305305701,0.233884653126857,1.92020235980273,3,1,0.7,0.638857029889724,0.352162998963799
20,0.00792807379898137,0.0025458535400019,3.20617533951045e-05,0.00789601204558627,0.036389197923541,1.56339769786135,3,1,0.7,0.638857029889724,0.0124097778189118
50,1.46061468598425e-07,2.01565729793058e-15,8.8280289807194e-12,1.46052640569445e-07,1.21256288959095e-06,1.99999999710869,3,1,0.7,0.638857029889724,2.28629351740307e-07
70,2.93180557075595e-09,9.95556489333608e-21,1.96687503939418e-14,2.93178590200555e-09,2.88168621584181e-08,1.99999999999939,3,1,0.7,0.638857029889724,4.58914191061186e-09
85,4.21226288861614e-10,1.97846905401285e-23,6.82356571020892e-16,4.21225606505043e-10,4.53966002429047e-09,1.99999999999999,3,1,0.7,0.638857029889724,6.59343591999487e-10
100,1.12512247010419e-10,2.63147328124977e-25,5.02295506975452e-17,1.12512196780868e-10,1.29710362734819e-09,2,3,1,0.7,0.638857029889724,1.7611490794715e-10
1,0.661777787938926,0.501134986304953,0.0040066559488733,0.657771131990053,0.0164603286520497,0.37653572979622,5,1,0.7,0.638857029889724,1.03587775821009
5,0.566806664909757,0.28107617120106,0.000479725526093949,0.566326939383663,0.0513979081133429,0.824003516223397,5,1,0.7,0.638857029889724,0.887219891761378
9,0.3943647531947,0.0125188068606941,0.000741651703957174,0.393623101490743,0.0981840422447792,1.90967585378362,5,1,0.7,0.638857029889724,0.6172973525278
20,0.0955475151020758,0.00334862828780623,0.00038861751234458,0.0951588975897312,0.2181084443273,1.93358820620338,5,1,0.7,0.638857029889724,0.149560090335969
50,0.00138694080714589,0.000280203674045112,1.13126021673638e-06,0.00138580954692915,0.0060349280840068,1.8174055101985,5,1,0.7,0.638857029889724,0.00217097213031418
70,0.000182408808999229,3.00094321167412e-06,3.5443380214951e-08,0.000182373365619014,0.000833528982052411,1.99011363714948,5,1,0.7,0.638857029889724,0.000285523678170554
85,7.53870311480489e-05,2.18508972223929e-07,5.77712773392171e-09,7.53812540203149e-05,0.000350424766810777,1.99847661804128,5,1,0.7,0.638857029889724,0.000118002976598789
100,4.15606050424472e-05,3.29791675248215e-08,1.39389789802199e-09,4.15592111445492e-05,0.000195379019142528,1.99960638220904,5,1,0.7,0.638857029889724,6.50546258364273e-05
1,0.664285994006539,0.466487516183261,0.00477789019250329,0.659508103814036,0.0104846985165045,0.450235800161056,7,1,0.7,0.638857029889724,1.0398038417472
5,0.617352026748311,0.436651478010387,0.00114030347660113,0.616211723271709,0.0238761508113086,0.469187847022348,7,1,0.7,0.638857029889724,0.966338316500758
9,0.444195486755213,0.0182786562111193,0.00167893363754412,0.442516553117669,0.070828920607358,1.88502112320713,7,1,0.7,0.638857029889724,0.695297172877455
20,0.267991526809117,0.00658444733700713,0.000714657017398258,0.267276869791719,0.145267120439234,1.93723359436254,7,1,0.7,0.638857029889724,0.419485916677439
50,0.0660326673608056,0.00468726181079141,0.000182293113661746,0.0658503742471438,0.186811067063355,1.88065374847212,7,1,0.7,0.638857029889724,0.103360633555529
70,0.0368918005481767,0.00383351169341575,5.80998849944868e-05,0.0368337006631822,0.123961253591342,1.83754073950584,7,1,0.7,0.638857029889724,0.0577465674198572
85,0.0293751794239436,0.0042984686975325,2.89270751880078e-05,0.0293462523487556,0.1032009079962,1.76275229585241,7,1,0.7,0.638857029889724,0.0459808345992752
100,0.024484015062823,0.00323091771373958,1.58987197808928e-05,0.0244681163430421,0.090285145947441,1.77839000113978,7,1,0.7,0.638857029889724,0.0383247172955885
1,0.664623085820013,0.441098532796155,0.00574291492275412,0.658880170897259,0.00574291492275412,0.50507533816367,10,1,0.7,0.638857029889724,1.04033149002796
5,0.659121269903003,0.493466824513951,0.00294466382574391,0.656176606077259,0.0147233191287195,0.391675080067362,10,1,0.7,0.638857029889724,1.0317195226243
9,0.604791918246363,0.417875401441193,0.00178349251723368,0.60300842572913,0.0160514326551031,0.501153074379147,10,1,0.7,0.638857029889724,0.946678035852183
20,0.436177979408185,0.0163201507741913,0.00266053786409109,0.433517441544093,0.0532107572818218,1.89576957410805,10,1,0.7,0.638857029889724,0.682747405133
50,0.379489315428934,0.0104281655684991,0.00116935850927125,0.378319956919663,0.0584679254635626,1.92092152051582,10,1,0.7,0.638857029889724,0.59401289752488
70,0.367658170391857,0.0141677679313998,0.000864135177026386,0.366794035214831,0.060489462391847,1.88846205008725,10,1,0.7,0.638857029889724,0.575493660068701
85,0.360865665898873,0.00962619791580711,0.000726707745904831,0.360138958152968,0.0617701584019107,1.92179196810444,10,1,0.7,0.638857029889724,0.564861383713917
100,0.355390830554827,0.00850986126406921,0.000628557339472986,0.354762273215354,0.0628557339472986,1.92952696837277,10,1,0.7,0.638857029889724,0.556291648878266
1,0.655930799633128,0.408772068331461,0.00702474683307657,0.648906052800051,0.000718180851860172,0.569165013912784,15,1,0.7,0.638857029889724,1.02672549403792
5,0.683808036249373,0.43668504652456,0.00702085867743537,0.676787177571938,0.00225947230899935,0.533055615434607,15,1,0.7,0.638857029889724,1.07036160558084
9,0.691577872236273,0.447065730366517,0.00696244172693838,0.684615430509335,0.00293799986982746,0.517909609593519,15,1,0.7,0.638857029889724,1.082523694473
20,0.696056807299207,0.456320347671422,0.00683817550705671,0.68921863179215,0.00364837293120786,0.502520518278647,15,1,0.7,0.638857029889724,1.08953455113323
50,0.696446223279653,0.46119890625266,0.00671490011059719,0.689731323169055,0.00409241563328731,0.492771003639122,15,1,0.7,0.638857029889724,1.0901441021943
70,0.69625126368148,0.462114877395589,0.0066842467972133,0.689567016884266,0.00418425421886788,0.49070906777507,15,1,0.7,0.638857029889724,1.08983893282299
85,0.696131307408445,0.462515490062933,0.00666989509933511,0.68946141230911,0.00422550085497574,0.489776771444295,15,1,0.7,0.638857029889724,1.089651165815
100,0.696034398046989,0.46279444504789,0.00665954024995546,0.689374857797034,0.0042546398246757,0.489115771065454,15,1,0.7,0.638857029889724,1.08949947403277
1,0.391074732347092,0.0799710338061258,0.010421701961177,0.380653030385915,0.0600726740763405,1.50354185183476,3,1,1,0.380343926737546,1.0282134269938
5,0.403639683473766,0.0363434110847737,0.00178488692379909,0.401854796549967,0.115730249716254,1.76183684831276,3,1,1,0.380343926737546,1.06124918816515
9,0.335622970496171,0.0159775264592688,0.000540078106865131,0.335082892389306,0.176172464328413,1.87167709197754,3,1,1,0.380343926737546,0.882419691501388
20,0.0559041354259067,0.00644544072933486,0.000337857785844708,0.055566277640062,0.272879258937003,1.79414522106308,3,1,1,0.380343926737546,0.146983115795834
50,9.85091583658413e-10,5.90369268749706e-15,4.66320292189026e-13,9.84625263366224e-10,9.01504051357952e-09,1.99999811080099,3,1,1,0.380343926737546,2.59000213861222e-09
70,9.9940567586058e-15,4.56549998472512e-25,7.60707573196446e-19,9.99329605103261e-15,1.11552688553203e-13,1.9999999999905,3,1,1,0.380343926737546,2.62763674033953e-14
85,1.26323832563499e-17,4.82351553637671e-31,2.87543258086075e-22,1.26320957130918e-17,1.57443370815478e-16,1.99999999999999,3,1,1,0.380343926737546,3.32130536819819e-17
100,6.07506427944346e-20,7.23544818077359e-36,4.59987972998582e-25,6.07501828064616e-20,8.27524462171689e-19,2,3,1,1,0.380343926737546,1.59725549755801e-19
1,0.388213712359905,0.0874618508447393,0.0112975657344747,0.37691614662543,0.0343851394427728,1.45287715508275,5,1,1,0.380343926737546,1.02069123514043
5,0.401465417772279,0.0420376242294113,0.00268701399662153,0.398778403775658,0.0766131832475627,1.73255867112932,5,1,1,0.380343926737546,1.0555326102244
9,0.390441643659221,0.0241632181007063,0.000993768759671397,0.38944787489955,0.0921749123476133,1.83020236255623,5,1,1,0.380343926737546,1.02654891063541
20,0.213735202836755,0.00412203037884119,0.000263271445207788,0.213471931391548,0.179564023795899,1.9492320694409,5,1,1,0.380343926737546,0.561952453586152
50,0.0194448121332264,0.0136897830368891,5.1921943013291e-05,0.0193928901902131,0.113507538213215,0.603314394442726,5,1,1,0.380343926737546,0.0511242871682401
70,0.000652396401691319,0.000263680937449464,6.56920311971993e-07,0.000651739481379347,0.00442074597094322,1.43155778054249,5,1,1,0.380343926737546,0.00171528018677028
85,2.31448481900386e-05,8.09961986300533e-07,1.13596434736014e-08,2.3133488546565e-05,0.000172638198375026,1.97275523602942,5,1,1,0.380343926737546,6.08524195155864e-05
100,1.9474933738464e-06,6.60846982187121e-09,4.89750398483936e-10,1.94700362344792e-06,1.55734785321724e-05,1.99811056957367,5,1,1,0.380343926737546,5.12034828727595e-06
1,0.386490352599181,0.0796145413605858,0.0125383924899557,0.373951960109225,0.0233499423823848,1.49586661900038,7,1,1,0.380343926737546,1.01616017880016
5,0.404486995709205,0.0420102773123351,0.00420958552047165,0.400277410188733,0.0573372062436323,1.73674785028412,7,1,1,0.380343926737546,1.06347694093278
9,0.390271921358843,0.0269752640294891,0.00199392806267137,0.388277993296172,0.0696231664669588,1.81705330951296,7,1,1,0.380343926737546,1.02610267687579
20,0.2777767703731,0.0108760290840732,0.000789882571020007,0.27698688780208,0.117299277595708,1.90319749292402,7,1,1,0.380343926737546,0.73033050049141
50,0.134045432973664,0.00455317537871024,0.000185253545201251,0.133860179428462,0.217909512872821,1.92187627722708,7,1,1,0.380343926737546,0.352432163498593
70,0.0752488920269213,0.00851296535926678,0.000142992183444634,0.0751058998434767,0.252776003025201,1.78166080547765,7,1,1,0.380343926737546,0.197844337025122
85,0.0588841893029525,0.015715982651031,9.41416242712136e-05,0.0587900476786813,0.230365656423895,1.4747354816073,7,1,1,0.380343926737546,0.154818271473506
100,0.0473539962482587,0.017978751798896,6.48590600689985e-05,0.0472891371881897,0.217681749649353,1.28212016875428,7,1,1,0.380343926737546,0.124503095538936
1,0.384470463071843,0.0821603812560689,0.0144325306192407,0.370037932452603,0.0144325306192407,1.47988495830624,10,1,1,0.380343926737546,1.01084948659413
5,0.404759637129423,0.065280410414946,0.00768973177336452,0.397069905356058,0.0384486588668226,1.60605260538664,10,1,1,0.380343926737546,1.06419376957404
9,0.398272026373995,0.0445218935661337,0.00519483142499726,0.393077194948997,0.0467534828249754,1.71826482451298,10,1,1,0.380343926737546,1.04713654767733
20,0.387831417127382,0.0240723892061577,0.00283415422661926,0.384997262900762,0.0566830845323853,1.83503059690039,10,1,1,0.380343926737546,1.01968610476855
50,0.359046818638126,0.0228389319858777,0.00123722083327054,0.357809597804855,0.0618610416635268,1.82107018416768,10,1,1,0.380343926737546,0.944005657505567
70,0.333695114843026,0.0220395846808534,0.000915839989248631,0.332779274853778,0.0641087992474042,1.81963918833691,10,1,1,0.380343926737546,0.87735097469636
85,0.313351758985622,0.0175038564945325,0.0010822957649463,0.312269463220675,0.0919951400204355,1.8522109216067,10,1,1,0.380343926737546,0.823864236964268
100,0.293206218378479,0.0268512394271142,0.000981857423691942,0.292224360954787,0.0981857423691942,1.77419883532832,10,1,1,0.380343926737546,0.770897594957009
1,0.381659519303739,0.089725564025307,0.0176206575068622,0.364038861796876,0.00330901571057121,1.44224452891757,15,1,1,0.380343926737546,1.00345895510276
5,0.386140666234752,0.0836199343736056,0.0158539072124617,0.37028675902229,0.00999137010111982,1.48007063475364,15,1,1,0.380343926737546,1.01524078364266
9,0.390632149888177,0.0922488215191896,0.0150853566585816,0.375546793229595,0.0127923366080903,1.44756899901978,15,1,1,0.380343926737546,1.02704978948627
20,0.39788302385236,0.0744713460079038,0.0143562936321654,0.383526730220194,0.0157850785763883,1.55152116187809,15,1,1,0.380343926737546,1.04611378250537
50,0.403424924094461,0.0712247974342004,0.0139290042396714,0.38949591985479,0.0177757989293285,1.57339987548335,15,1,1,0.380343926737546,1.06068454294747
70,0.40455065171264,0.0691332603729566,0.0138411036904736,0.390709548022166,0.0182128849082961,1.5853560555359,15,1,1,0.380343926737546,1.0636443052548
85,0.405043229540591,0.0690602161926598,0.013801162224881,0.39124206731571,0.0184076820453293,1.58605525169938,15,1,1,0.380343926737546,1.06493939055346
100,0.405384974469999,0.0692575738455353,0.0137727009538847,0.391612273516114,0.018544840920843,1.58520387317869,15,1,1,0.380343926737546,1.06583790609527
1,0.326345367916339,0.108016484332852,0.012954042248292,0.313391325668047,0.0624108892697048,1.20695652237676,3,1,1.3,0.299321854197908,1.09028246130188
5,0.399613692376911,0.0435518721564185,0.00249332892537242,0.397120363451539,0.119922995497399,1.69056337246256,3,1,1.3,0.299321854197908,1.3350635336927
9,0.411978835499663,0.19804458230264,0.000158127069221787,0.411820708430441,0.0771917354363273,0.82415998691289,3,1,1.3,0.299321854197908,1.37637405930029
20,0.112051232399544,0.0033296344189263,0.000255828053616427,0.111795404345927,0.303343725079337,1.93642786159554,3,1,1.3,0.299321854197908,0.374350321662303
50,1.81947090515284e-06,1.89303593594482e-08,3.25785831864602e-09,1.81621304683419e-06,1.90582835998444e-05,1.99334591284525,3,1,1.3,0.299321854197908,6.0786437062154e-06
70,4.19357321550599e-13,5.02596258141705e-21,1.71717831054231e-16,4.19185603719545e-13,5.55047877741325e-12,1.99999999701502,3,1,1.3,0.299321854197908,1.40102473531159e-12
85,4.16829763261185e-17,6.64095959124991e-29,6.0981225678691e-21,4.16768782035506e-17,6.23490140540938e-16,1.99999999999968,3,1,1.3,0.299321854197908,1.39258045283116e-16
100,1.69296767329675e-20,1.17903279197786e-35,9.36821858823366e-25,1.69287399111087e-20,2.77694347224458e-19,2,3,1,1.3,0.299321854197908,5.65601091117584e-20
1,0.341950133807811,0.103583633123929,0.0126731785474128,0.329276955260398,0.0349352633276305,1.24591351476128,5,1,1.3,0.299321854197908,1.14241619518272
5,0.370928796062404,0.0546441562954599,0.00361068791071642,0.367318108151687,0.0853739660378705,1.61957246025985,5,1,1.3,0.299321854197908,1.23923058360166
9,0.371784608368679,0.0376977313436347,0.00133474282764751,0.370449865541031,0.0966670481871956,1.71986929234838,5,1,1.3,0.299321854197908,1.24208975440483
20,0.232715845902287,0.00804015203608058,0.000270945718275,0.232444900184012,0.143439265321604,1.9082807385945,5,1,1.3,0.299321854197908,0.777476962134605
50,0.0442387301857403,0.0372450009272768,0.000184880408988982,0.0440538497767513,0.29309881399665,0.320243923174645,5,1,1.3,0.299321854197908,0.147796525931214
70,0.018273299347152,0.0172828217903137,3.7198000108774e-05,0.0182361013470432,0.142389968187789,0.0945017748315516,5,1,1.3,0.299321854197908,0.0610489982300788
85,0.00327858266255742,0.0030402864052788,4.14612330290118e-06,0.00327443653925452,0.0279345609044048,0.219361376337497,5,1,1.3,0.299321854197908,0.0109533688121204
100,5.66462622355389e-05,8.00551852885583e-06,4.08605366264277e-08,5.66054016989125e-05,0.000517936793896167,1.82433109625683,5,1,1.3,0.299321854197908,0.000189248668084506
1,0.333576950562963,0.10790750658174,0.0138866898286715,0.319690260734291,0.0247953359779894,1.21148082599683,7,1,1.3,0.299321854197908,1.11444234988069
5,0.367030380264862,0.0600728198343807,0.00541844776214146,0.361611932502721,0.0662666192684582,1.57551635691341,7,1,1.3,0.299321854197908,1.2262064233445
9,0.366773872288237,0.0554677465435769,0.00263328594804209,0.364140586340195,0.0782351174122464,1.60260380002417,7,1,1.3,0.299321854197908,1.2253494596012
20,0.293704909319349,0.0166750415165228,0.000804521511968285,0.292900387807381,0.0892936922350001,1.84633742606975,7,1,1.3,0.299321854197908,0.981234431098889
50,0.159722599536663,0.00699954049134131,0.000177357856656231,0.159545241680007,0.191495627093302,1.88953304541596,7,1,1.3,0.299321854197908,0.533614894123489
70,0.110592452909891,0.00920302342162426,0.000131561353744491,0.110460891556147,0.263587038349751,1.81202435415643,7,1,1.3,0.299321854197908,0.369476706624865
85,0.0850518092247548,0.016728531876287,0.000119282318499395,0.0849325269062554,0.290438347568466,1.59000939732472,7,1,1.3,0.299321854197908,0.284148344104936
100,0.0686526483921977,0.0331621832895557,0.000112858438985302,0.0685397899532124,0.330597994495323,1.03866039260992,7,1,1.3,0.299321854197908,0.229360627797011
1,0.314044880040076,0.121019215377351,0.0175991060833176,0.296445773956758,0.0175991060833176,1.11557004058206,10,1,1.3,0.299321854197908,1.04918794146061
5,0.362407150431156,0.0888678992747267,0.00921578854712806,0.353191361884028,0.0460789427356403,1.37283099598633,10,1,1.3,0.299321854197908,1.2107607424867
9,0.364748636190807,0.062854197100393,0.00632240753871546,0.358426228652092,0.0569016678484392,1.54388220298825,10,1,1.3,0.299321854197908,1.21858337797694
20,0.361072031304915,0.0647668392254656,0.0033163478918783,0.357755683413037,0.0663269578375661,1.51886291812803,10,1,1.3,0.299321854197908,1.20630026254675
50,0.315042190079591,0.031094114972788,0.00162769824866701,0.313414491830924,0.0813849124333503,1.72946002796865,10,1,1.3,0.299321854197908,1.05251983996895
70,0.294837135557705,0.0273247495157327,0.00114726318064388,0.293689872377061,0.0803084226450716,1.75175312096109,10,1,1.3,0.299321854197908,0.985017069160483
85,0.302408249976574,0.0300809008157253,0.000843843765800003,0.301564406210774,0.0717267200930003,1.72358732410735,10,1,1.3,0.299321854197908,1.01031129446574
100,0.307824690396322,0.0301317279466408,0.000718440703666391,0.307106249692656,0.0718440703666391,1.7193729950916,10,1,1.3,0.299321854197908,1.02840700095621
1,0.295798240133379,0.126070999182274,0.0240989898511899,0.271699250282189,0.00521303259237686,1.05060221658906,15,1,1.3,0.299321854197908,0.988228009364798
5,0.303885817007184,0.120986084794865,0.022560802434947,0.281325014572237,0.0121612793199134,1.10607529996285,15,1,1.3,0.299321854197908,1.01524767652367
9,0.317791640985601,0.118548673105304,0.0178467443163215,0.29994489666928,0.0138194498679044,1.13251700645562,15,1,1.3,0.299321854197908,1.0617054402432
20,0.330435750179017,0.116802428486949,0.0162399780627423,0.314195772116274,0.017441405052183,1.1556618540488,15,1,1.3,0.299321854197908,1.10394795951162
50,0.337282816241622,0.111903657910962,0.0157755192715493,0.321507296970072,0.0200242730444714,1.19198929681675,15,1,1.3,0.299321854197908,1.126823222265
70,0.338578211778745,0.111992142428865,0.0156797678711061,0.322898443907639,0.0205851362124827,1.19300086948964,15,1,1.3,0.299321854197908,1.13115099024771
85,0.339145478005811,0.112674709106275,0.0156364898031325,0.323508988202678,0.0208512977926173,1.18971398762914,15,1,1.3,0.299321854197908,1.13304616167977
100,0.339540766026878,0.113361290349213,0.0156057935537731,0.323934972473105,0.0210451163502838,1.18621198155455,15,1,1.3,0.299321854197908,1.13436677364152
1,0.209308452222009,0.207595139809863,0.010266367634624,0.199042084587385,0.0982637936996942,0.018957257583261,3,1,2,0.226759070300719,0.923043351449765
5,0.285525054786615,0.0777305126816205,0.00314148108521243,0.282383573701402,0.118367889927777,1.32055448521105,3,1,2,0.226759070300719,1.25915604790566
9,0.304501860551271,0.0430673878889489,0.000978512648817236,0.303523347902454,0.117189999343505,1.60569546891926,3,1,2,0.226759070300719,1.34284313367246
20,0.200939282911564,0.00560601638686678,0.0001962472965042,0.200743035615059,0.166513329190972,1.91985117012386,3,1,2,0.226759070300719,0.886135591599867
50,0.0281254813679242,0.0281242940632149,0.000125132451158623,0.0280003489167656,0.329452575245489,0.000112173137332652,3,1,2,0.226759070300719,0.12403244258598
70,0.000115526309304823,3.62701562683701e-05,3.11998783173805e-07,0.00011521431052165,0.00174479334624414,1.52001728234568,3,1,2,0.226759070300719,0.000509467203016915
85,2.4944159639965e-10,2.05005292823259e-15,3.11822030545614e-13,2.49129774369105e-10,4.27417897354429e-09,1.99999709523251,3,1,2,0.226759070300719,1.10002918987475e-09
100,3.82033855453281e-15,7.81466319493324e-25,2.26753197749473e-18,3.81807102255532e-15,7.22513935324828e-14,1.99999999995196,3,1,2,0.226759070300719,1.68475666682988e-14
1,0.213447373948277,0.20735403301317,0.0111302625194207,0.202317111428856,0.0494374465652917,0.0553244383981447,5,1,2,0.226759070300719,0.94129585936832
5,0.270720163403344,0.0982612220272955,0.00393683372269265,0.266783329680651,0.0856461173606956,1.09944099085628,5,1,2,0.226759070300719,1.19386696657525
9,0.314518941184784,0.065192104153452,0.00197169602831768,0.312547245156466,0.0984132120600585,1.4231063597507,5,1,2,0.226759070300719,1.38701812795264
20,0.238577613355548,0.0153282622891958,0.000504580195961031,0.238073033159587,0.129359381545576,1.82354238858728,5,1,2,0.226759070300719,1.05211938397505
50,0.0885839731629798,0.00345265740095356,0.000145350592207229,0.0884386225707726,0.306844418812665,1.91797588553976,5,1,2,0.226759070300719,0.390652391745579
70,0.051612191114103,0.0301205004432746,0.000134116563484537,0.0514780745506184,0.419049866016416,0.801800782422699,5,1,2,0.226759070300719,0.227608055746819
85,0.0382084856531516,0.0382014954273979,8.58729693682585e-05,0.0381226126837833,0.37494963603637,0.000536342753068505,5,1,2,0.226759070300719,0.168498157989804
100,0.0269058454369142,0.0269049072956243,4.80880332492376e-05,0.026857757403665,0.295067742871227,5.4736523411728e-05,5,1,2,0.226759070300719,0.118653888469523
1,0.216057216881627,0.212639750825332,0.0124426990451223,0.203614517836504,0.0283256136073883,0.0312257497128776,7,1,2,0.226759070300719,0.952805180384185
5,0.218203352541626,0.138744049757959,0.00491452416541987,0.213288828376206,0.0748304984784208,0.63215632200983,7,1,2,0.226759070300719,0.962269567661628
9,0.260139088387285,0.0993518261860047,0.00292253749713998,0.257216550890145,0.0824914259613529,1.05506382535841,7,1,2,0.226759070300719,1.14720477572208
20,0.244171049039904,0.0446568846291038,0.00130935732521301,0.242861691714691,0.118218592100005,1.52780766179081,7,1,2,0.226759070300719,1.07678625034092
50,0.183556101282315,0.0302781935368529,0.000173672425644964,0.18338242885667,0.141096110442413,1.55649054011944,7,1,2,0.226759070300719,0.809476335561309
70,0.145484384676089,0.0155638338370876,0.000134892573552717,0.145349492102537,0.183949479657873,1.71217961265989,7,1,2,0.226759070300719,0.641581324544829
85,0.120860068515642,0.0177859241074871,0.000101625916051631,0.12075844259959,0.242455034590845,1.63633626923179,7,1,2,0.226759070300719,0.532988904723246
100,0.113463990595144,0.0203147442854411,7.42562625097981e-05,0.113389734332635,0.259672175008184,1.54643572382007,7,1,2,0.226759070300719,0.500372445718148
1,0.220328102118446,0.217816630368162,0.0141168603531944,0.206211241765252,0.0141168603531944,0.0193172604250706,10,1,2,0.226759070300719,0.971639643019595
5,0.204495224792053,0.19550729448529,0.00927996809075567,0.195215256701297,0.0463998404537784,0.0918727916668323,10,1,2,0.226759070300719,0.90181717768052
9,0.198664196395366,0.176558858413262,0.00698843430144748,0.191675762093918,0.0628959087130273,0.212267546805801,10,1,2,0.226759070300719,0.876102535311619
20,0.200534897400151,0.143882728460515,0.00410090195257294,0.196433995447578,0.0820180390514589,0.512675030555675,10,1,2,0.226759070300719,0.884352264869535
50,0.202392272621074,0.115590628245071,0.00192973031702019,0.200462542304054,0.0964865158510093,0.759164790925184,10,1,2,0.226759070300719,0.892543228161366
70,0.202138943400325,0.109036186097949,0.00142758232764603,0.200711361072679,0.0999307629352223,0.812413964132851,10,1,2,0.226759070300719,0.891426054676693
85,0.201878662509549,0.105284775592668,0.00119468029092599,0.200683982218623,0.101547824728709,0.841741061904097,10,1,2,0.226759070300719,0.890278224557129
100,0.201631119364812,0.104025678239446,0.0010260692805211,0.20060505008429,0.10260692805211,0.851059823542867,10,1,2,0.226759070300719,0.889186567476292
1,0.226127914842575,0.224523288867319,0.0161699301408193,0.209957984701756,0.00162059556820464,0.01142691468739,15,1,2,0.226759070300719,0.997216625304968
5,0.224796479585825,0.22291540377136,0.0157976410988249,0.208998838487001,0.0049584793311672,0.0134849374551969,15,1,2,0.226759070300719,0.991345039859747
9,0.224204651854278,0.222219695894044,0.015633006998257,0.208571644856021,0.0064042531648718,0.0144000154481279,15,1,2,0.226759070300719,0.988735099138245
20,0.223545590159674,0.221466978061895,0.0154500377928345,0.20809555236684,0.00798363432694214,0.01525891341908,15,1,2,0.226759070300719,0.985828658863421
50,0.223086370640294,0.22095957161729,0.0153227493543872,0.207763621285906,0.00906338239654924,0.0158584136048197,15,1,2,0.226759070300719,0.983803515971578
70,0.222984413971022,0.220849057865734,0.0152945123811949,0.207689901589827,0.00930066586904985,0.0159942919749342,15,1,2,0.226759070300719,0.983353890432292
85,0.222937712569399,0.220798709370778,0.0152815815203688,0.20765613104903,0.00940904957098275,0.0160548061038659,15,1,2,0.226759070300719,0.983147938795776
100,0.222904367530421,0.22076286637409,0.0152723500560152,0.207632017474406,0.00948631822637124,0.0160973370938814,15,1,2,0.226759070300719,0.98300088827677
1,0.316701758867437,0.307397358165124,0.00654220883764257,0.310159550029794,0.0347988338225569,0.040864178855284,3,1,3,0.34030547233577,0.930639630017337
5,0.210113748707708,0.167847910350872,0.00155268664607191,0.208561062061636,0.117618641650639,0.380598010724655,3,1,3,0.34030547233577,0.617426887865012
9,0.255940736281354,0.0664019309396615,0.00110630503910044,0.254834431242254,0.117374948234374,1.34374151436674,3,1,3,0.34030547233577,0.752091156585411
20,0.238195401006154,0.0301071794494444,0.000151574077544149,0.23804382692861,0.115332434876194,1.62701551316149,3,1,3,0.34030547233577,0.699945843865634
50,0.0540584467608375,0.00271166495602086,0.000135684104089017,0.0539227626567484,0.429431756378472,1.89987126590115,3,1,3,0.34030547233577,0.158852710741893
70,0.0277198599829778,0.0273567314044803,0.000103109600086585,0.0276167503828912,0.438833012517428,0.0312471179036732,3,1,3,0.34030547233577,0.0814558161310652
85,0.0150600480882246,0.0150594396098679,5.01571173245042e-05,0.0150098909709001,0.284028436376028,0.000105443139104133,3,1,3,0.34030547233577,0.0442544987150993
100,0.00238214164006582,0.00140278588102576,7.28812221780059e-06,0.00237485351784802,0.0519423452947699,0.703401617141352,3,1,3,0.34030547233577,0.00700000979624397
1,0.312679672652526,0.307967625553766,0.00714553125336173,0.305534141399164,0.0178776275356219,0.0272654352931195,5,1,3,0.34030547233577,0.918820583478637
5,0.21527101594315,0.204617068387989,0.00221590191732272,0.213055114025827,0.0675936081814234,0.0765260570343618,5,1,3,0.34030547233577,0.632581705094496
9,0.17060737116066,0.133884602436888,0.00110362053804879,0.169503750622612,0.116039736881932,0.438883244342838,5,1,3,0.34030547233577,0.5013359614515
20,0.237941025405092,0.0462336034020217,0.000454015661747175,0.237487009743345,0.104456848779179,1.46510286821754,5,1,3,0.34030547233577,0.699198351915782
50,0.126124266638426,0.00620603986575833,0.00010436211707997,0.126019904521346,0.183153110877972,1.86234711101101,5,1,3,0.34030547233577,0.370620741925604
70,0.074785821513383,0.00581134324249726,8.76379770684954e-05,0.0746981835363145,0.307601334457899,1.80819475513026,5,1,3,0.34030547233577,0.219760854858055
85,0.0599451890627452,0.00369167399934927,7.49161081252199e-05,0.05987027295462,0.355668442857751,1.86825717149405,5,1,3,0.34030547233577,0.1761511169694
100,0.0475763677844828,0.0138901034587106,6.26104739537717e-05,0.0475137573105291,0.432221854417425,1.34247748859131,5,1,3,0.34030547233577,0.13980488605702
1,0.317814275551415,0.313709852762535,0.00779706183984539,0.310017213711569,0.0124982745336066,0.0241711908393801,7,1,3,0.34030547233577,0.93390880073135
5,0.241560202194895,0.234540889527752,0.00329726924024676,0.238262932954649,0.041439863788875,0.0429091226308332,7,1,3,0.34030547233577,0.709833434463711
9,0.196465528009558,0.190449768121226,0.00177600067577335,0.194689527333785,0.0640281653427558,0.0522587803383579,7,1,3,0.34030547233577,0.57732109525324
20,0.150658401152922,0.122369551517321,0.000645162985057661,0.150013238167864,0.117013962496902,0.339545475367062,7,1,3,0.34030547233577,0.442715187971679
50,0.159128771261344,0.0584541827912751,0.000175133980319502,0.158953637281025,0.13282548156358,1.10426502340457,7,1,3,0.34030547233577,0.46760567841923
70,0.142959588036125,0.038721674774744,0.000125396154569974,0.142834191881555,0.161975522298382,1.31683631469372,7,1,3,0.34030547233577,0.420091945788844
85,0.141658605045201,0.0346021344053953,6.33693962836394e-05,0.141595235648918,0.150260604188951,1.34454529347787,7,1,3,0.34030547233577,0.416268959981433
100,0.126001572498479,0.0319277096050409,5.66557046080032e-05,0.125944916793871,0.183938628435423,1.35410164419756,7,1,3,0.34030547233577,0.370260200735639
1,0.324727602354604,0.320715459733379,0.00853523766551064,0.316192364689093,0.00853523766551064,0.0229081849590483,10,1,3,0.34030547233577,0.954223862830522
5,0.278599334179703,0.273400270761738,0.00520339355586259,0.27339594062384,0.026016967779313,0.0302233099280264,10,1,3,0.34030547233577,0.818674270112284
9,0.251743135918504,0.245194559971918,0.00377968852830717,0.247963447390197,0.0340171967547645,0.0366815652401818,10,1,3,0.34030547233577,0.739756355343342
20,0.219056213433622,0.21380411775451,0.00222941007254558,0.216826803361077,0.0445882014509116,0.0345599005856784,10,1,3,0.34030547233577,0.643704645505922
50,0.196250474265773,0.194001933697214,0.00108879302182356,0.19516168124395,0.0544396510911779,0.0304039416463348,10,1,3,0.34030547233577,0.57668915201028
70,0.191161278945808,0.188604781683854,0.000816791354982725,0.190344487590825,0.0571753948487907,0.0375946229257942,10,1,3,0.34030547233577,0.561734366578725
85,0.188819746344585,0.186124336636951,0.000688700388866663,0.188131045955718,0.0585395330536664,0.0415721335425482,10,1,3,0.34030547233577,0.554853687919192
100,0.187147747863222,0.184378992553976,0.000595618787952466,0.18655212907527,0.0595618787952465,0.044472772410816,10,1,3,0.34030547233577,0.549940459607328
1,0.336827043808815,0.332888827813068,0.00977370386469404,0.327053339944121,0.00241802039834825,0.0214740681439866,15,1,3,0.34030547233577,0.989778511338415
5,0.328715493721722,0.324356463356535,0.00904285185869954,0.319672641863023,0.00746511315689904,0.0232988637911367,15,1,3,0.34030547233577,0.965942426566057
9,0.324776700470792,0.320181382580487,0.00871487182865806,0.316061828642134,0.00964137001625636,0.0242270389259516,15,1,3,0.34030547233577,0.954368139429575
20,0.320190841213908,0.315295709368783,0.0083519004865227,0.311838940727385,0.0119749437807714,0.0252759274639883,15,1,3,0.34030547233577,0.940892425314818
50,0.316906482931925,0.311781973478951,0.00810275281039807,0.308803730121527,0.0135264425109291,0.0260041427494508,15,1,3,0.34030547233577,0.931241219122217
70,0.316170606432436,0.310993797121131,0.00804805295776612,0.30812255347467,0.0138612165796401,0.0261602151163638,15,1,3,0.34030547233577,0.929078819280575
85,0.315832925608189,0.310632083006554,0.00802308435273113,0.307809841255457,0.0140133079347557,0.026235502991953,15,1,3,0.34030547233577,0.928086531904384
100,0.315591607339511,0.310373586896833,0.00800529135058274,0.307586315988928,0.0141214123352916,0.0262887240505579,15,1,3,0.34030547233577,0.927377409400356
1,0.727759723440446,0.721255275289209,0.0098474747611147,0.717912248679331,0.0192582455528113,0.013321412541691,3,1,5,0.734715915738206,0.990532133374611
5,0.664183622885633,0.645754608965527,0.00426044593913068,0.659923176946503,0.055842095209424,0.0395927614345353,3,1,5,0.734715915738206,0.904000592144918
9,0.572454675022654,0.522056480391434,0.00186501997583779,0.570589655046817,0.0650998115286073,0.144152989737293,3,1,5,0.734715915738206,0.779151047037658
20,0.347620195594843,0.182411798899913,0.000176842537966555,0.347443353056877,0.068372176138585,0.876222028564213,3,1,5,0.734715915738206,0.473135518298351
50,0.234510708873004,0.0016223377698076,3.50092419676017e-05,0.234475699631037,0.114721945157222,1.98392187716841,3,1,5,0.734715915738206,0.319185557097099
70,0.232234988706306,0.00353251822216443,1.29193076475623e-05,0.232222069398659,0.110719176520988,1.96486620267002,3,1,5,0.734715915738206,0.316088142003795
85,0.214353859468513,0.00295993543732935,1.22915480957142e-05,0.214341567920418,0.162453506974195,1.97044832543273,3,1,5,0.734715915738206,0.291750668356138
100,0.210674533951304,0.00176581290301118,1.39891922135008e-05,0.210660544759091,0.170625014285279,1.98229197883025,3,1,5,0.734715915738206,0.286742847729968
1,0.726580634138465,0.721220681479154,0.0102804255219843,0.716300208616481,0.0154564297029463,0.0115257244406983,5,1,5,0.734715915738206,0.988927309963652
5,0.674985781487798,0.658968294619801,0.00533031911242363,0.669655462375374,0.0490704613748132,0.0330909655051282,5,1,5,0.734715915738206,0.918703089220009
9,0.61121537558683,0.575481514441368,0.00296027009453971,0.60825510549229,0.0615183582864175,0.0924967433111575,5,1,5,0.734715915738206,0.831907084757666
20,0.452096651401433,0.359428529943099,0.000691754989175701,0.451404896412257,0.0660120827591781,0.374871373585889,5,1,5,0.734715915738206,0.615335317661097
50,0.285303119884802,0.0558790115383086,3.60408077443731e-05,0.285267079077058,0.0832198638744741,1.54388413354715,5,1,5,0.734715915738206,0.388317598371534
70,0.263292392818078,0.0117942103956219,2.22465366682306e-05,0.26327014628141,0.0912618525526694,1.89152295361036,5,1,5,0.734715915738206,0.358359451834571
85,0.257570379059547,0.0114863009056967,2.55218011735537e-05,0.257544857258374,0.104046863938323,1.89347486834633,5,1,5,0.734715915738206,0.350571388943921
100,0.254415916131908,0.00369745797118419,1.85411798572597e-05,0.254397374952051,0.0979914303668475,1.96493566185994,5,1,5,0.734715915738206,0.346277943191531
1,0.727143387062591,0.721859091171392,0.0105978185175844,0.716545568545006,0.0133012037126158,0.011348569598765,7,1,5,0.734715915738206,0.989693256245842
5,0.684795835718468,0.670883369610727,0.00620445921364409,0.678591376504823,0.0438484258335179,0.0276763141199931,7,1,5,0.734715915738206,0.932055262516559
9,0.637042963559207,0.610856542726234,0.00395094703944544,0.633092016519762,0.0569493013506782,0.062724604306386,7,1,5,0.734715915738206,0.867060247250992
20,0.521705575203458,0.458195060208635,0.00144054838759141,0.520265026815867,0.0662675412682195,0.214862085938906,7,1,5,0.734715915738206,0.710077955340432
50,0.368971753628591,0.243489903856392,0.000215280432317804,0.368756473196273,0.064449842479789,0.645070469377162,7,1,5,0.734715915738206,0.502196489452479
70,0.331532078196797,0.185427466469471,8.83623147877973e-05,0.331443715882009,0.0636656992442661,0.841770214077007,7,1,5,0.734715915738206,0.451238459784405
85,0.316079447286253,0.160396200590245,5.1000593377186e-05,0.316028446692876,0.0636934852764779,0.944278162368356,7,1,5,0.734715915738206,0.430206343044402
100,0.306119188453996,0.143659690042988,3.16398989413466e-05,0.306087548555055,0.0640282588372249,1.019530671875,7,1,5,0.734715915738206,0.416649730728132
1,0.728633264747366,0.723117031092119,0.0109798332933048,0.717653431454061,0.0109798332933048,0.011669629923053,10,1,5,0.734715915738206,0.991721084489195
5,0.69811767944588,0.688695871570098,0.00741612389907899,0.690701555546801,0.0370806194953949,0.0188955700343665,10,1,5,0.734715915738206,0.950187228140343
9,0.667668582036476,0.65057654141871,0.00549133914803682,0.662177242888439,0.0494220523323314,0.0370822785935945,10,1,5,0.734715915738206,0.908743866485642
20,0.601915062564284,0.565613146561001,0.0030850896487165,0.598829972915568,0.06170179297433,0.098421909603888,10,1,5,0.734715915738206,0.81924870507196
50,0.514066201754946,0.45195504226057,0.00133006238319528,0.512736139371751,0.0665031191597638,0.21763573034897,10,1,5,0.734715915738206,0.699680231152252
70,0.487229732297104,0.417236375536813,0.000953024577788574,0.486276707719315,0.0667117204452002,0.266257612414825,10,1,5,0.734715915738206,0.66315391004911
85,0.473944169008907,0.40007667314625,0.000784354105007444,0.4731598149039,0.0666700989256328,0.291640278034522,10,1,5,0.734715915738206,0.645071324653029
100,0.464085901823876,0.387186724169989,0.000665852310859442,0.463420049513017,0.0665852310859442,0.311430231887438,10,1,5,0.734715915738206,0.631653530137
1,0.733095819753023,0.726489636494404,0.0118472626711481,0.721248557081875,0.00526319209346427,0.0132973491688975,15,1,5,0.734715915738206,0.997794935497546
5,0.726025099707673,0.721833322791482,0.0104967472461627,0.71552835246151,0.0179335271105942,0.0097912771505387,15,1,5,0.734715915738206,0.988171188558232
9,0.720399311567418,0.714184002909557,0.00977712893889686,0.710622182628521,0.0242592810954145,0.0129532193846973,15,1,5,0.734715915738206,0.980514095497165
20,0.711564953064082,0.703986256180621,0.00887767699313869,0.702687276070943,0.0316808007530677,0.0155459334238366,15,1,5,0.734715915738206,0.968489912661191
50,0.703566609991969,0.69522646414131,0.00819186963095648,0.695374740361013,0.03693942701224,0.0172216598369401,15,1,5,0.734715915738206,0.957603605585515
70,0.701543706862067,0.692669606505001,0.00803380066664769,0.69350990619542,0.0380993036202166,0.0181163836352225,15,1,5,0.734715915738206,0.954850292248251
85,0.700582951907835,0.691419187495872,0.00796077180495143,0.692622180102884,0.0386283945153647,0.0186509141867229,15,1,5,0.734715915738206,0.953542637229962
100,0.699883366221761,0.69049739315589,0.00790839951989169,0.69197496670187,0.0390051705377619,0.019049709158698,15,1,5,0.734715915738206,0.952590451941624
1,0.341110834517191,0.339342447426375,0.00833349438010361,0.332777340137088,0.0172720487633923,0.0089515011237434,3,1,10,0.342540199721521,0.99582716070846
5,0.396140539587148,0.393822325304681,0.00504358750428985,0.391096952082858,0.0521848566681315,0.0126842294676041,3,1,10,0.342540199721521,1.15647897650904
9,0.476938577542209,0.471517198258784,0.00343552529395882,0.47350305224825,0.0703141531136432,0.0196413143944719,3,1,10,0.342540199721521,1.39235797121024
20,0.621745783491468,0.546504915047494,0.00135109589999138,0.620394687591477,0.0910336107674487,0.19623397327161,3,1,10,0.342540199721521,1.81510311489552
50,0.403105924700403,0.374512628504684,9.00503064535879e-05,0.403015874393949,0.0761930604922309,0.111413175147305,3,1,10,0.342540199721521,1.17681348066043
70,0.303215533281813,0.208616571588939,1.62504168505451e-05,0.303199282864962,0.0703451418757961,0.473355170052787,3,1,10,0.342540199721521,0.885196930253213
85,0.27462556889944,0.157528100074221,5.63007180043449e-06,0.27461993882764,0.0704103928525822,0.684962663857667,3,1,10,0.342540199721521,0.801732378047031
100,0.262096060163908,0.132659860911833,2.24111385184457e-06,0.262093819050057,0.0715682787183592,0.816863762630678,3,1,10,0.342540199721521,0.765154164028011
1,0.355880113388122,0.352606209393499,0.00846111474387328,0.347418998644249,0.0124276956320066,0.0150070859531082,5,1,10,0.342540199721521,1.0389440821178
5,0.418135903446599,0.409554805156107,0.00544341053308097,0.412692492913518,0.043094184606053,0.0317444788799257,5,1,10,0.342540199721521,1.22069148025994
9,0.48422448456386,0.465273987797012,0.00386250498302044,0.48036197958084,0.0606501399903437,0.0611150765522049,5,1,10,0.342540199721521,1.41362819592423
20,0.624159906666104,0.54889030734513,0.00179165419017898,0.622368252475925,0.0840131021017366,0.203068864756655,5,1,10,0.342540199721521,1.82215082251232
50,0.506308712968956,0.431326666185579,0.000320225302234679,0.505988487666721,0.0874108305143881,0.249005205579617,5,1,10,0.342540199721521,1.47810012775311
70,0.417219416175527,0.381884087489457,0.000115372263199518,0.417104043912328,0.0817748097629293,0.125924614544549,5,1,10,0.342540199721521,1.21801591905043
85,0.369485051913745,0.329300750631842,5.76385987099177e-05,0.369427413315035,0.0785658355571375,0.156071835516603,5,1,10,0.342540199721521,1.07866186863361
100,0.337774351540393,0.273510341974101,3.07412664736694e-05,0.337743610273919,0.0764043885229494,0.272217186145391,5,1,10,0.342540199721521,0.986086747818205
1,0.357216841995557,0.352991742236578,0.00863226799348782,0.348584574002069,0.0105059321747212,0.0186977734873593,7,1,10,0.342540199721521,1.04284648133553
5,0.413307262231287,0.403356901906621,0.00588891648956123,0.407418345741726,0.0379354808116589,0.039423826691229,7,1,10,0.342540199721521,1.2065949122681
9,0.472849662000412,0.454566210489349,0.00438565153820991,0.468464010462202,0.0542008977289559,0.0625664901829661,7,1,10,0.342540199721521,1.38042093273966
20,0.611183711026611,0.548370572139045,0.00231731053964174,0.608866400486969,0.07716207321827,0.173096534110164,7,1,10,0.342540199721521,1.7842685662106
50,0.572790454736793,0.486134465183788,0.000682927260295629,0.572107527476498,0.0898888822520829,0.26818059088539,7,1,10,0.342540199721521,1.6721846230091
70,0.518312255400215,0.442719282184981,0.000359568963743754,0.517952686436471,0.0889451950205317,0.250701346609341,7,1,10,0.342540199721521,1.51314285395289
85,0.483790262933729,0.420086144272234,0.000235241636622762,0.483555021297107,0.0874709714893964,0.21423465708074,7,1,10,0.342540199721521,1.41236054433039
100,0.454747566589383,0.403648711602334,0.000160017528052091,0.454587549061331,0.0859666468816394,0.171073759051199,7,1,10,0.342540199721521,1.32757430210844
1,0.356412939356873,0.351761379092051,0.00883555169641754,0.347577387660455,0.00883555169641754,0.0208469391125677,10,1,10,0.342540199721521,1.04049959580403
5,0.407777737876201,0.397170089034528,0.00650016770375606,0.401277570172445,0.0325008385187803,0.0497951080491422,10,1,10,0.342540199721521,1.19045221030325
9,0.455289590041112,0.436506033249001,0.00518295022233243,0.45010663981878,0.0466465520009919,0.0680084084935199,10,1,10,0.342540199721521,1.32915666660805
20,0.573683579515097,0.518820909396193,0.00332864233815832,0.570354937176939,0.0665728467631663,0.165003059959642,10,1,10,0.342540199721521,1.67479198056605
50,0.633564796210669,0.553952395730363,0.00166494453812949,0.631899851672539,0.0832472269064746,0.222429546088467,10,1,10,0.342540199721521,1.84960713144252
70,0.618113624271578,0.536847703529085,0.00123721830778161,0.616876405963796,0.0866052815447129,0.233072481778942,10,1,10,0.342540199721521,1.80449951501778
85,0.607365014668678,0.52726505439661,0.00103430854275257,0.606330706125925,0.0879162261339684,0.234911316900964,10,1,10,0.342540199721521,1.77312039627014
100,0.597989826116198,0.516876703551307,0.000887226488931732,0.597102599627266,0.0887226488931732,0.2384137303331,10,1,10,0.342540199721521,1.74575079538796
1,0.351500994525979,0.347085894866718,0.00932861429403067,0.342172380231948,0.0048108854508674,0.0204879566619511,15,1,10,0.342540199721521,1.02615983412091
5,0.378821098802122,0.369427622063703,0.00819359837981314,0.370627500422309,0.0176627273177052,0.0434992296215775,15,1,10,0.342540199721521,1.10591720069672
9,0.399811975882432,0.385198512718579,0.00754365025952703,0.392268325622905,0.02511858600803,0.0668381667944261,15,1,10,0.342540199721521,1.16719724052088
20,0.433567275899306,0.415142650893896,0.00668569202470594,0.4268815838746,0.0353169268219708,0.0713225948717542,15,1,10,0.342540199721521,1.2657412947496
50,0.458248878881638,0.434280521280676,0.00596106595181162,0.452287812929827,0.043492549727249,0.0971959801182793,15,1,10,0.342540199721521,1.33779591199569
70,0.466436920694073,0.439303789379496,0.00577973976573314,0.46065718092834,0.0454604832770935,0.11108038117767,15,1,10,0.342540199721521,1.36169979778513
85,0.471532877553345,0.44201415181218,0.00569303148837917,0.465839846064966,0.0463974197456028,0.117066038042057,15,1,10,0.342540199721521,1.37657675781322
100,0.476314877267796,0.444347763918459,0.00562920563128753,0.470685671636509,0.0470911125032646,0.121146946142189,15,1,10,0.342540199721521,1.39053716222222
1,0.287663275810762,0.0159573701205348,0.00778226807554688,0.279881007735215,0.0785021205529392,1.90628933639246,3,0.7,0.3,0.405031661335628,0.710224170777579
5,0.0197791957430158,0.00358637241421895,0.000281512076093331,0.0194976836669225,0.0290924770397358,1.71816033724506,3,0.7,0.3,0.405031661335628,0.048833702722874
9,0.000753434545900367,0.00018507838814157,2.58367319999162e-06,0.000750850872700375,0.00159335624016052,1.65630796801337,3,0.7,0.3,0.405031661335628,0.00186018678988168
20,7.99092554900037e-07,8.91153471164658e-10,1.51873686967743e-10,7.98940681213069e-07,3.51057489931447e-06,1.9996072580654,3,0.7,0.3,0.405031661335628,1.97291380200984e-06
50,1.99430325126637e-09,7.27804539612605e-16,4.3453199197409e-16,1.99430281673438e-09,1.40356772828902e-08,1.99999992670562,3,0.7,0.3,0.405031661335628,4.92382063340425e-09
70,7.87775260984241e-10,7.24144443645125e-17,6.70580413465178e-18,7.87775254278436e-10,5.78372656647536e-09,1.9999999821657,3,0.7,0.3,0.405031661335628,1.94497205079347e-09
85,5.72758628363687e-10,3.29080808326301e-17,6.72042727124093e-19,5.72758627691644e-10,4.2619768070567e-09,1.99999998897127,3,0.7,0.3,0.405031661335628,1.4141082859423e-09
100,4.71438624993654e-10,2.03798523061549e-17,1.00439514747375e-19,4.71438624893214e-10,3.53583911945809e-09,1.99999999175347,3,0.7,0.3,0.405031661335628,1.16395499413316e-09
1,0.298493371936698,0.0154080826228344,0.00959693905351606,0.288896432883182,0.0469616298910739,1.89519259153248,5,0.7,0.3,0.405031661335628,0.736963058523349
5,0.0723733312239103,0.00532495150900212,0.00175669099298758,0.0706166402309227,0.0740553660835321,1.88756000620572,5,0.7,0.3,0.405031661335628,0.178685614317786
9,0.0156831685885208,0.00369048859343801,0.000141551379512169,0.0155416172090086,0.0204244609134231,1.6124222634963,5,0.7,0.3,0.405031661335628,0.0387208460118998
20,0.000534809115809716,0.000128510273414069,5.54360410655386e-07,0.000534254755399061,0.00103878207872733,1.73207815368041,5,0.7,0.3,0.405031661335628,0.00132041311053594
50,1.47919049931082e-05,2.26384611242031e-07,3.38875640764309e-10,1.47915661174674e-05,4.51952813312008e-05,1.99259725466437,5,0.7,0.3,0.405031661335628,3.65203671839642e-05
70,7.70218298765765e-06,6.05615245366282e-08,2.88594171562078e-11,7.7021541282405e-06,2.56466804803602e-05,1.99666980465358,5,0.7,0.3,0.405031661335628,1.90162491550883e-05
85,5.95708307466803e-06,3.57358227048255e-08,7.29829638929633e-12,5.95707577637164e-06,2.05123642742582e-05,1.99758177272706,5,0.7,0.3,0.405031661335628,1.47076973069809e-05
100,5.04200299494304e-06,2.53222660264559e-08,2.34536757908733e-12,5.04200064957546e-06,1.77406101334297e-05,1.99803751466281,5,0.7,0.3,0.405031661335628,1.24484169418178e-05
1,0.311101874253081,0.0163479907822678,0.0113830243617246,0.299718849891356,0.0289073502787217,1.8914219471234,7,0.7,0.3,0.405031661335628,0.768092729410819
5,0.168727005061624,0.00717822712615986,0.00365897046998107,0.165068034591643,0.0778554775367832,1.92362553421887,7,0.7,0.3,0.405031661335628,0.416577322635055
9,0.0566063988967894,0.00456062029088514,0.0011576716053785,0.0554487272914109,0.0539055733887067,1.8765362532725,7,0.7,0.3,0.405031661335628,0.139757960427402
20,0.0143469533166289,0.00431413942238112,6.49238424303902e-05,0.0142820294741985,0.016382364251169,1.4793311857167,7,0.7,0.3,0.405031661335628,0.0354218069503962
50,0.00336772698389004,0.0012745802959143,1.3328683462935e-06,0.00336639411554375,0.00460563172993988,1.37019285276219,7,0.7,0.3,0.405031661335628,0.00831472525576066
70,0.00223249512705322,0.000803443957756124,3.08820317302308e-07,0.00223218630673592,0.0032196911088842,1.44575553897696,7,0.7,0.3,0.405031661335628,0.0055119027477787
85,0.00185133090955339,0.000645171137073495,1.34863499433047e-07,0.00185119604605396,0.00273474036559722,1.48376980110391,7,0.7,0.3,0.405031661335628,0.00457083010115422
100,0.00162351059301567,0.000552436639308893,6.79994267488519e-08,0.00162344259358892,0.0024388757668324,1.51016747121338,7,0.7,0.3,0.405031661335628,0.00400835477320958
1,0.337456615628484,0.0176654688256666,0.0139447476058736,0.32351186802261,0.0139447476058736,1.89176380156911,10,0.7,0.3,0.405031661335628,0.833161078113476
5,0.263104655225345,0.0105463135026002,0.00733411091780872,0.255770544307536,0.0366705545890436,1.93154129500443,10,0.7,0.3,0.405031661335628,0.649590341549433
9,0.219090463758738,0.00818873204215354,0.00485688620924566,0.214233577549492,0.043711975883211,1.93206367209332,10,0.7,0.3,0.405031661335628,0.540921820867701
20,0.137394826638988,0.00746998228690469,0.00316295164378321,0.134231874995204,0.0632590328756641,1.90468590360615,10,0.7,0.3,0.405031661335628,0.339219966621661
50,0.0828081204529235,0.00658389357918246,0.00113409470116395,0.0816740257517596,0.0567047350581975,1.87203905688425,10,0.7,0.3,0.405031661335628,0.204448511950538
70,0.0734468498734138,0.00550621520918997,0.000762031182422865,0.0726848186909909,0.0533421827696006,1.87991053725826,10,0.7,0.3,0.405031661335628,0.181336070447471
85,0.0695055052571009,0.00519477700249588,0.000608865631261243,0.0688966396258397,0.0517535786572056,1.88125567417597,10,0.7,0.3,0.405031661335628,0.17160511607389
100,0.0668215407030867,0.00514521454777123,0.000506119873130511,0.0663154208299562,0.0506119873130511,1.8782362878282,10,0.7,0.3,0.405031661335628,0.164978561139484
1,0.397535062829347,0.0213313103950355,0.0170485598345104,0.380486502994836,0.00132444138402872,1.88183950930686,15,0.7,0.3,0.405031661335628,0.981491327167954
5,0.380206947370597,0.0189751806366384,0.0165874863069396,0.363619461063658,0.00400349896117726,1.89206461636962,15,0.7,0.3,0.405031661335628,0.938709201440774
9,0.372176098999019,0.0194873752713847,0.0163922115815615,0.355783887417457,0.00513434195817274,1.88790580247673,15,0.7,0.3,0.405031661335628,0.918881496255712
20,0.363279851205029,0.0175338578087069,0.0161829058556575,0.347096945349372,0.00635019384894449,1.89752537406404,15,0.7,0.3,0.405031661335628,0.896917169406169
50,0.357229277308276,0.0176648168272484,0.0160417790956772,0.341187498212599,0.00717129934897265,1.89575999643569,15,0.7,0.3,0.405031661335628,0.881978648608064
70,0.355911016914186,0.017851619750567,0.0160109150332754,0.33990010188091,0.00735077611873032,1.8944492905503,15,0.7,0.3,0.405031661335628,0.878723939112654
85,0.355310688523868,0.0179555272590051,0.0159968304472489,0.339313858076619,0.00743264740697625,1.89374086773683,15,0.7,0.3,0.405031661335628,0.877241762661713
100,0.354883445734493,0.0180366688873114,0.0159867937429641,0.338896651991529,0.00749097440230582,1.89319397495998,15,0.7,0.3,0.405031661335628,0.876186924657281
1,0.631676806741624,0.0630509868135078,0.00508946505614816,0.626587341685476,0.029916078197399,1.68835308701482,3,0.7,0.7,0.588454499250968,1.07345055147963
5,0.519262893951452,0.128128629460073,0.000177381771878677,0.519085512179574,0.119933867244341,1.33398680320947,3,0.7,0.7,0.588454499250968,0.882418087740703
9,0.26012654349395,0.00670992914803706,0.000636647314377774,0.259489896179572,0.245313341241809,1.93527870544334,3,0.7,0.7,0.588454499250968,0.442050394423121
20,0.0101246840050929,0.00142446223457091,4.24819258879969e-05,0.0100822020792049,0.0493724710758171,1.844129392521,3,0.7,0.7,0.588454499250968,0.0172055511819188
50,6.32265172303618e-06,1.11295781843089e-13,5.95871276194828e-10,6.32205585175998e-06,6.92816590626796e-05,1.99999999709841,3,0.7,0.7,0.588454499250968,1.07445040034262e-05
70,6.58033326737919e-07,2.98803375417473e-18,7.09088952005687e-12,6.58026235848399e-07,8.51188652889615e-06,1.99999999999931,3,0.7,0.7,0.588454499250968,1.11823994476296e-06
85,2.1764396285473e-07,1.41902935721279e-20,5.67055424791227e-13,2.17643395799305e-07,3.06362698792105e-06,1.99999999999999,3,0.7,0.7,0.588454499250968,3.69856910146434e-07
100,1.03622272730833e-07,3.46419266829543e-22,7.40530531890433e-14,1.0362219867778e-07,1.5522285106174e-06,2,3,0.7,0.7,0.588454499250968,1.76092243092255e-07
1,0.615494490382569,0.066560872054373,0.0092311992611911,0.606263291121378,0.0216598192497625,1.67674491517192,5,0.7,0.7,0.588454499250968,1.04595086139374
5,0.570221915984636,0.0257999431450527,0.000931560450819418,0.569290355533817,0.0338950128709554,1.85708719287686,5,0.7,0.7,0.588454499250968,0.969016154537794
9,0.357741878361043,0.0122440274492802,0.000780627398691912,0.356961250962351,0.0927349907529209,1.9140598789554,5,0.7,0.7,0.588454499250968,0.607934647141632
20,0.103470673371888,0.00405395479583248,0.000375819675638662,0.103094853696249,0.222158556413969,1.92467223906974,5,0.7,0.7,0.588454499250968,0.175834620184897
50,0.00303661012293602,0.000501246981937422,2.16134812949521e-06,0.00303444877480653,0.0126536505410475,1.88291352861088,5,0.7,0.7,0.588454499250968,0.0051603142244664
70,0.000874216522194373,1.09887026424196e-05,1.44384055797583e-07,0.000874072138138576,0.00376769669445823,1.99379507327237,5,0.7,0.7,0.588454499250968,0.0014856144753879
85,0.000548203304673233,1.1661849500974e-06,3.55562124657951e-08,0.000548167748460767,0.00238777328513707,1.99901613584071,5,0.7,0.7,0.588454499250968,0.000931598458965018
100,0.000409694252829259,2.3245583146749e-07,1.16346151691211e-08,0.00040968261821409,0.00179663599292548,1.9997419270099,5,0.7,0.7,0.588454499250968,0.00069622078402111
1,0.610321403678372,0.0676466820282096,0.01109627103243,0.599225132645942,0.0180493645615941,1.67274016018625,7,0.7,0.7,0.588454499250968,1.03715988994092
5,0.586276274085909,0.0319855359504588,0.00286358823736271,0.583412685848546,0.0336156515949189,1.83111929206022,7,0.7,0.7,0.588454499250968,0.996298396617187
9,0.487949574998252,0.0243495552998652,0.000951575510002754,0.486997999488249,0.0317493239111056,1.85304339041581,7,0.7,0.7,0.588454499250968,0.829205275207094
20,0.279165522984961,0.00682333519526688,0.000460677193936167,0.278704845791025,0.09106491620635,1.93769703516483,7,0.7,0.7,0.588454499250968,0.474404602803284
50,0.072787738349382,0.0019837292793472,0.000151039100230937,0.0726366992491511,0.1689650507906,1.95494195988153,7,0.7,0.7,0.588454499250968,0.123693061132224
70,0.048771440294994,0.00152265009227241,5.6530430292e-05,0.048714909864702,0.133547552600839,1.95029505451894,7,0.7,0.7,0.588454499250968,0.0828805631651626
85,0.0395453184795254,0.00135543167363692,3.06194824411049e-05,0.0395146989970843,0.12005518546585,1.94625487775373,7,0.7,0.7,0.588454499250968,0.0672019986759586
100,0.0331134313179142,0.00125069993496089,1.73221055493301e-05,0.0330961092123648,0.10671017659871,1.94257954527721,7,0.7,0.7,0.588454499250968,0.0562718636021368
1,0.606336423242621,0.0671062057124742,0.0131132980110196,0.593223125231601,0.0131132980110196,1.67508063893139,10,0.7,0.7,0.588454499250968,1.03038794675615
5,0.606587173219826,0.052181324385404,0.00650336130107612,0.60008381191875,0.0325168065053806,1.7409549852171,10,0.7,0.7,0.588454499250968,1.03081406292575
9,0.574397997666164,0.0337538697574599,0.00400081858776679,0.570397179078398,0.0360073672899011,1.82098041421425,10,0.7,0.7,0.588454499250968,0.976112848822303
20,0.483412836902666,0.018293716611743,0.00179676479896955,0.481616072103697,0.0359352959793911,1.88862286611176,10,0.7,0.7,0.588454499250968,0.821495693410438
50,0.341566973028779,0.0122427029761671,0.00150276727721615,0.340064205751563,0.0751383638608076,1.91269038348092,10,0.7,0.7,0.588454499250968,0.58044755110812
70,0.320194294272536,0.0113493461735278,0.00107533613198374,0.319118958140552,0.0752735292388619,1.91556120106718,10,0.7,0.7,0.588454499250968,0.544127531831441
85,0.314048733687715,0.0109764129368337,0.000891048682470527,0.313157685005245,0.0757391380099948,1.91659526654855,10,0.7,0.7,0.588454499250968,0.533683970617035
100,0.31037271241759,0.0105131856059444,0.000764431409375357,0.309608281008215,0.0764431409375357,1.91881492133099,10,0.7,0.7,0.588454499250968,0.527437062360229
1,0.597612652118766,0.0777986474160557,0.0161319151615,0.581480736957266,0.00298424399592931,1.62528574849362,15,0.7,0.7,0.588454499250968,1.01556306032064
5,0.613365504141288,0.070670080907298,0.0151381309084003,0.598227373232887,0.00915780458973024,1.66297122328121,15,0.7,0.7,0.588454499250968,1.04233293299997
9,0.618313011442153,0.0668473651294475,0.0146502245974299,0.603662786844723,0.0117776851853265,1.68146239904862,15,0.7,0.7,0.588454499250968,1.05074056231908
20,0.621895195477102,0.0621764667795265,0.0140697610891515,0.607825434387951,0.0145325063630726,1.7031404948786,15,0.7,0.7,0.588454499250968,1.05682800670009
50,0.623045434414062,0.058865503990622,0.0136448070849501,0.609400627329112,0.0163178250664114,1.71806312615306,15,0.7,0.7,0.588454499250968,1.05878268448474
70,0.623150275028836,0.0581566630113474,0.013548824071058,0.609601450957778,0.0166969331023864,1.72121956507421,15,0.7,0.7,0.588454499250968,1.05896084713777
85,0.623180856646397,0.0578378198974336,0.0135047259507292,0.609676130695668,0.0168683699053601,1.72263709168172,15,0.7,0.7,0.588454499250968,1.0590128165213
100,0.623196143800073,0.057612726906158,0.0134731976804242,0.609722946119649,0.0169899139500525,1.72363630401461,15,0.7,0.7,0.588454499250968,1.0590387950017
1,0.402396913287899,0.104364023854457,0.0103250622760314,0.392071851011868,0.0592766784239539,1.38545184489329,3,0.7,1,0.384872475884938,1.04553310122442
5,0.419601390721465,0.0350947320361982,0.00169738476277813,0.417904005958686,0.11082486182979,1.77774107736833,3,0.7,1,0.384872475884938,1.09023486222722
9,0.368793508531857,0.0154015819785256,0.000464366936493647,0.368329141595363,0.127084064332852,1.87855489376379,3,0.7,1,0.384872475884938,0.958222610447497
20,0.0577394077703125,0.0131210787678532,0.000364868101601729,0.0573745396687108,0.271798135110043,1.6006792601956,3,0.7,1,0.384872475884938,0.150022179781893
50,1.06380578708157e-08,6.55930556156292e-14,4.59169787366032e-12,1.0633466172942e-08,9.24838848552296e-08,1.99999782643216,3,0.7,1,0.384872475884938,2.76404745399254e-08
70,8.08876576724053e-13,3.70735007154206e-23,5.31248385945308e-17,8.08823451885458e-13,8.40095897926953e-12,1.99999999998976,3,0.7,1,0.384872475884938,2.1016742620116e-12
85,3.42079914334589e-15,1.28017227279018e-28,6.64365981397411e-20,3.42073270674775e-15,3.95821540194253e-14,1.99999999999999,3,0.7,1,0.384872475884938,8.8881366106538e-15
100,4.43906354520387e-17,5.03767171995964e-33,2.87257929455816e-22,4.43903481941092e-17,5.62822315749219e-16,2,3,0.7,1,0.384872475884938,1.15338555582524e-16
1,0.409922175759941,0.0988415770918916,0.0112851865797335,0.398636989180208,0.0342879443977292,1.42108660625476,5,0.7,1,0.384872475884938,1.06508571395605
5,0.480954258326164,0.16103464901437,0.00110700421985362,0.479847254106311,0.0657129576118025,1.16904910835115,5,0.7,1,0.384872475884938,1.249645761808
9,0.388973868214552,0.0273002519268807,0.00100061189020921,0.387973256324343,0.0904127309214609,1.80804499579031,5,0.7,1,0.384872475884938,1.010656496857
20,0.216124527733496,0.00469913774025404,0.000256296720711154,0.215868231012785,0.17404721024719,1.94314772473236,5,0.7,1,0.384872475884938,0.561548412202148
50,0.0242115815619028,0.016309213470603,5.98246958728595e-05,0.0241517568660299,0.138372786050082,0.619116833471775,5,0.7,1,0.384872475884938,0.0629080619658058
70,0.00100455209040346,0.000376763528103118,1.00242267812159e-06,0.00100354966772534,0.00681459573431773,1.54184790706082,5,0.7,1,0.384872475884938,0.00261009075303109
85,6.28456725985578e-05,2.00528549176518e-06,3.10591955433647e-08,6.28146134030144e-05,0.000475884949014822,1.98008403237458,5,0.7,1,0.384872475884938,0.00016328959989684
100,8.62871540038651e-06,2.65102994039174e-08,2.21921897839183e-09,8.62649618140812e-06,7.1015183130394e-05,1.99864480695548,5,0.7,1,0.384872475884938,2.24196738947011e-05
1,0.403698218332896,0.102305273398007,0.0126764814572267,0.391021736875669,0.0235673646604378,1.39822129273425,7,0.7,1,0.384872475884938,1.04891423426597
5,0.482357484200959,0.206249597611169,0.00209951183866843,0.480257972362291,0.0392558410447007,0.992819965109096,7,0.7,1,0.384872475884938,1.25329171199337
9,0.402449380379879,0.0314437507578347,0.00199501117428064,0.400454369205599,0.0693496877372112,1.79426672145503,7,0.7,1,0.384872475884938,1.04566942453998
20,0.325481099306027,0.0174443621185288,0.000472881433969876,0.325008217872057,0.0849980095742734,1.8498153442935,7,0.7,1,0.384872475884938,0.845685570415623
50,0.14500652895244,0.00744266136176151,0.000183165246346592,0.144823363706093,0.223859437383352,1.88004377214784,7,0.7,1,0.384872475884938,0.376765131408854
70,0.0890149532648738,0.0178520062499493,0.000145700545193847,0.0888692527196799,0.276228173886536,1.58800564270879,7,0.7,1,0.384872475884938,0.23128427944919
85,0.0707610191934679,0.0253649802074515,0.000106493967802792,0.0706545252256651,0.272548588725709,1.29346228676813,7,0.7,1,0.384872475884938,0.183855753859163
100,0.0602541645138072,0.0290311014296643,7.18281838048475e-05,0.0601823363300024,0.265315945620345,1.07380571542574,7,0.7,1,0.384872475884938,0.15655617974568
1,0.394942726789788,0.106923591479391,0.0147189651578199,0.380223761631968,0.0147189651578199,1.36368348237646,10,0.7,1,0.384872475884938,1.02616516258196
5,0.454351267202577,0.125052945932957,0.0065496485061108,0.447801618696466,0.032748242530554,1.31262509015254,10,0.7,1,0.384872475884938,1.18052418832468
9,0.439801691374697,0.0596315995180902,0.0053167087976011,0.434484982577096,0.0478503791784099,1.63767338960848,10,0.7,1,0.384872475884938,1.14272056052712
20,0.390682705944311,0.0450708643534259,0.00288096638463055,0.38780173955968,0.0576193276926111,1.70001658951864,10,0.7,1,0.384872475884938,1.01509650708592
50,0.372477304125401,0.0236936954317127,0.00126258075885501,0.371214723366546,0.0631290379427505,1.81863379409827,10,0.7,1,0.384872475884938,0.967794081062728
70,0.361563732340849,0.0263779783335584,0.000921442166378201,0.360642290174471,0.0645009516464741,1.79157703856427,10,0.7,1,0.384872475884938,0.939437748853058
85,0.354398070628439,0.0264194993512306,0.000762604232144169,0.353635466396295,0.0648213597322543,1.78737943286326,10,0.7,1,0.384872475884938,0.920819473550481
100,0.348233176992896,0.019910238981304,0.000636438781344003,0.347596738211552,0.0636438781344003,1.83530828788015,10,0.7,1,0.384872475884938,0.904801457137725
1,0.387023377095447,0.121996006291164,0.0179963475062004,0.369027029589247,0.00327126661404718,1.2661996035322,15,0.7,1,0.384872475884938,1.0055886075136
5,0.394647232588114,0.11379905368068,0.0164488706244602,0.378198361963654,0.00995239121798944,1.32892432354293,15,0.7,1,0.384872475884938,1.02539739086486
9,0.400192572446773,0.110270229134077,0.0157550125472646,0.384437559899508,0.0127544848370754,1.35455391731089,15,0.7,1,0.384872475884938,1.03980564348388
20,0.408106729099674,0.107287486550166,0.0150213341872337,0.39308539491244,0.0156497745176304,1.3767065003934,15,0.7,1,0.384872475884938,1.06036870566364
50,0.41419880646148,0.10434599077046,0.0145586245480552,0.399640181913425,0.0175094281874174,1.39511042629504,15,0.7,1,0.384872475884938,1.07619752623025
70,0.415527327589729,0.101448534137036,0.0144610306177528,0.401066296971976,0.0178826190465696,1.41013804072923,15,0.7,1,0.384872475884938,1.07964937382001
85,0.416125345921508,0.100754287285986,0.0144166842317169,0.401708661689791,0.0180483026835273,1.41388963116884,15,0.7,1,0.384872475884938,1.08120318285871
100,0.416547323855736,0.100459628362135,0.0143851362990035,0.402162187556733,0.0181649424700272,1.41556510755009,15,0.7,1,0.384872475884938,1.08229959260653
1,0.3233106393833,0.141176002082851,0.0115831163522192,0.311727523031081,0.0717282280435397,1.01106839189191,3,0.7,1.3,0.281003462090802,1.15055749483552
5,0.37263104255704,0.0532672060649267,0.00231444317905994,0.37031659937798,0.116551178298299,1.62802970741743,3,0.7,1.3,0.281003462090802,1.32607278139737
9,0.366249325378785,0.0197062380915613,0.000627769648831238,0.365621555729953,0.124019721545562,1.8439143242075,3,0.7,1.3,0.281003462090802,1.30336232391484
20,0.119460346142983,0.00369333409398665,0.000258583070465472,0.119201763072518,0.276349072911164,1.93084097906179,3,0.7,1.3,0.281003462090802,0.425120549242134
50,1.71515745618616e-06,1.81086471001411e-08,2.94304024272504e-09,1.71221441594344e-06,1.75406728094886e-05,1.99263144332672,3,0.7,1.3,0.281003462090802,6.10368798812855e-06
70,8.10016522221491e-13,9.25012976924635e-21,2.84012803551351e-16,8.09732509417939e-13,1.00094279321826e-11,1.99999999707579,3,0.7,1.3,0.281003462090802,2.88258556031507e-12
85,1.27051574941804e-16,1.85802358985808e-28,1.53102208438173e-20,1.2703626472096e-16,1.75104034321289e-15,1.9999999999997,3,0.7,1.3,0.281003462090802,4.52135265510534e-16
100,7.62706578005546e-20,4.75022084765742e-35,3.43801126312331e-24,7.62672197892915e-20,1.14969820754962e-18,2,3,0.7,1.3,0.281003462090802,2.71422484381736e-19
1,0.331522873266772,0.143252996448738,0.0125722613023284,0.318950611964444,0.0369763586583004,1.00365108805876,5,0.7,1.3,0.281003462090802,1.17978216638358
5,0.361975138824179,0.0649705150359891,0.00355991536830646,0.358415223455873,0.0832823328482172,1.54251352520614,5,0.7,1.3,0.281003462090802,1.28815188300852
9,0.359268156181826,0.0394848535501473,0.00128485776558869,0.357983298416237,0.0945718927430402,1.70917960856991,5,0.7,1.3,0.281003462090802,1.27851861150997
20,0.279009224340611,0.0119229818115667,0.000164123605251057,0.27884510073536,0.108499440340938,1.86744099522915,5,0.7,1.3,0.281003462090802,0.99290315594209
50,0.0524231782660908,0.0462036253139195,0.000182235128420908,0.0522409431376699,0.329851396759126,0.256329833944444,5,0.7,1.3,0.281003462090802,0.186557054763799
70,0.0219345850243719,0.0206003637823147,4.13931380372494e-05,0.0218931918863346,0.167797154557822,0.0973683927164361,5,0.7,1.3,0.281003462090802,0.0780580597163035
85,0.00389365299520247,0.00364716015972265,4.83822520894681e-06,0.00388881476999352,0.0329746074206759,0.226535684041851,5,0.7,1.3,0.281003462090802,0.0138562456356651
100,9.90833896546744e-05,1.34337790683419e-05,7.1307814877184e-08,9.90120818397972e-05,0.000908651633049243,1.85916622485523,5,0.7,1.3,0.281003462090802,0.000352605583281593
1,0.313498341778244,0.15208003362425,0.0138619183331505,0.299636423445094,0.0265193638092281,0.92796974180308,7,0.7,1.3,0.281003462090802,1.11563871649717
5,0.358132800709111,0.081926279515955,0.00545440446664868,0.352678396242462,0.0671288148170661,1.43195628829502,7,0.7,1.3,0.281003462090802,1.27447825035474
9,0.356899072531263,0.0545355532906747,0.00259815165911481,0.354300920872149,0.0786026644351324,1.60509475752426,7,0.7,1.3,0.281003462090802,1.27008781271149
20,0.313487784990307,0.0297370243613136,0.000576696956648082,0.312911088033659,0.0868908132167637,1.7356877273968,7,0.7,1.3,0.281003462090802,1.11560114831969
50,0.17136254807636,0.0102186170227922,0.00017911136509091,0.171183436711269,0.180552879423794,1.84606580492018,7,0.7,1.3,0.281003462090802,0.609823618546687
70,0.121912106718468,0.0177521582907284,0.000135958067420496,0.121776148651047,0.275009568447047,1.66996593460622,7,0.7,1.3,0.281003462090802,0.433845568347743
85,0.100250616580446,0.0277731834165526,0.000119260451390663,0.100131356129055,0.32365286462952,1.40148552891193,7,0.7,1.3,0.281003462090802,0.356759364580538
100,0.0850395104073711,0.0486234038221725,0.000105702060010788,0.0849338083473603,0.367711766869812,0.831178011109419,7,0.7,1.3,0.281003462090802,0.302627981074097
1,0.285297812189944,0.158091273805739,0.0210441093610109,0.264253702828934,0.0210441093610109,0.854872021856783,10,0.7,1.3,0.281003462090802,1.01528219640851
5,0.342216639116702,0.120764142064101,0.00912480041854655,0.333091838698156,0.0456240020927327,1.1453119500195,10,0.7,1.3,0.281003462090802,1.2178378037425
9,0.349724871262272,0.0979246750914781,0.00638673493575485,0.343338136326517,0.0574806144217937,1.29539932730196,10,0.7,1.3,0.281003462090802,1.24455716189455
20,0.346068998785168,0.0784059427858973,0.00339387432588448,0.342675124459284,0.0678774865176896,1.40892142282457,10,0.7,1.3,0.281003462090802,1.23154709984798
50,0.315586188046499,0.0514572724206972,0.0014206137873995,0.314165574259099,0.0710306893699752,1.56314215295476,10,0.7,1.3,0.281003462090802,1.12306868284961
70,0.294633928586097,0.0740344527417748,0.00129913389702819,0.293334794689069,0.090939372791973,1.38528672895582,10,0.7,1.3,0.281003462090802,1.04850640057556
85,0.279192596638489,0.0519646772214983,0.00121247890561307,0.277980117732876,0.103060706977111,1.54168051708572,10,0.7,1.3,0.281003462090802,0.993555718357208
100,0.273774551434888,0.0499995423772583,0.00108321051953058,0.272691340915357,0.108321051953058,1.55261284045143,10,0.7,1.3,0.281003462090802,0.974274656254668
1,0.280598377738712,0.172639743346007,0.0268619708585689,0.253736406880143,0.0034775011574624,0.729325921886792,15,0.7,1.3,0.281003462090802,0.998558436436776
5,0.280011201025631,0.170258014936024,0.0255409181740619,0.254470282851569,0.0108038793783245,0.755414479696798,15,0.7,1.3,0.281003462090802,0.996468865337856
9,0.28000119630056,0.171104245271552,0.0248839862016245,0.255117210098936,0.0140327823149913,0.757264447049479,15,0.7,1.3,0.281003462090802,0.996433261772703
20,0.280301592930339,0.167183128308634,0.0240906105065868,0.256210982423752,0.0175752589962728,0.785024332248663,15,0.7,1.3,0.281003462090802,0.997502275754039
50,0.280756481758657,0.166163870022539,0.0234945135349882,0.257261968223669,0.0199858680144553,0.79513103950087,15,0.7,1.3,0.281003462090802,0.999121077262509
70,0.280887456595845,0.166034112957377,0.0233571646436979,0.257530291952147,0.0205125102147454,0.796807932677174,15,0.7,1.3,0.281003462090802,0.999587174143357
85,0.280951156759412,0.165991443428212,0.02329365204835,0.257657504711062,0.0207525911414717,0.797481280676253,15,0.7,1.3,0.281003462090802,0.99981386232397
100,0.280998067154202,0.165967200083326,0.0232480742572968,0.257749992896905,0.0209235544799312,0.797926739935292,15,0.7,1.3,0.281003462090802,0.999980801173906
1,0.263620564072514,0.256712340532555,0.00688170657973868,0.256738857492775,0.0699380790179666,0.0479968242487967,3,0.7,2,0.291997407748905,0.902818165766757
5,0.331785651839393,0.0991508001471123,0.00273606902246448,0.329049582816929,0.0864402036765556,1.19014355470641,3,0.7,2,0.291997407748905,1.13626231957752
9,0.316976347384723,0.0400856981321803,0.00125717980770579,0.315719167577017,0.127231807877507,1.65925940166918,3,0.7,2,0.291997407748905,1.08554507325386
20,0.213016272177301,0.00598063380752051,0.000180517808163944,0.212835754369137,0.16388844743877,1.91609402351923,3,0.7,2,0.291997407748905,0.729514257744638
50,0.0303855644799298,0.0303843806242028,0.000123262342792181,0.0302623021371376,0.349256903984769,0.000124631493151221,3,0.7,2,0.291997407748905,0.104061076138248
70,9.274158428716e-05,2.93651381008866e-05,2.49818110112151e-07,9.24917661770479e-05,0.00139745463645196,1.50456258416778,3,0.7,2,0.291997407748905,0.000317610984981451
85,2.96216006515276e-10,2.40562010089984e-15,3.59941587420282e-13,2.95856064927856e-10,5.01773269289627e-09,1.99999721057498,3,0.7,2,0.291997407748905,1.01444738430692e-09
100,7.67481845574105e-15,1.52875567243845e-24,4.36888158763163e-18,7.67044957415342e-15,1.43284132218472e-13,1.99999999995475,3,0.7,2,0.291997407748905,2.62838581852781e-14
1,0.264739987866448,0.262096739761243,0.00756689616302519,0.257173091703423,0.0307063740266701,0.0264718037101537,5,0.7,2,0.291997407748905,0.906651842930414
5,0.227577366202064,0.137818752054265,0.00346650265182809,0.224110863550236,0.113621967275419,0.744411316728582,5,0.7,2,0.291997407748905,0.779381460803114
9,0.295184528389978,0.0767240685503026,0.00179125975559263,0.293393268634385,0.100582071455597,1.34311096733534,5,0.7,2,0.291997407748905,1.01091489361376
20,0.267861810466612,0.0191066707982954,0.000354267257094654,0.267507543209517,0.101911192132536,1.79025259728498,5,0.7,2,0.291997407748905,0.917343111131153
50,0.100131052247915,0.00531668627755596,0.000123347610680353,0.100007704637234,0.30596673583305,1.87790643570084,5,0.7,2,0.291997407748905,0.342917606768686
70,0.0568455525156466,0.0269380824456956,0.000113705275900942,0.0567318472397456,0.425200962317592,1.00600229975344,5,0.7,2,0.291997407748905,0.194678277981596
85,0.0421649932240313,0.0420946642270506,8.1015539164229e-05,0.0420839776848671,0.397819701950626,0.00447657692359774,5,0.7,2,0.291997407748905,0.144401943664822
100,0.0299100474713765,0.0299095446046995,4.78746442580228e-05,0.0298621728271185,0.319289756584838,2.55146119883487e-05,5,0.7,2,0.291997407748905,0.102432578775141
1,0.270692611183933,0.269143664939379,0.00843198481106195,0.262260626372871,0.0174408948816588,0.0191070261059065,7,0.7,2,0.291997407748905,0.927037720200269
5,0.217261529494155,0.199875077909458,0.0040284980121401,0.213233031482015,0.0710639069638965,0.152756358285746,7,0.7,2,0.291997407748905,0.744052939267814
9,0.220387968930396,0.14150501213655,0.00263921365119489,0.217748755279202,0.0987784134108954,0.621207680037709,7,0.7,2,0.291997407748905,0.754760018691376
20,0.245445321164556,0.0692039868958647,0.000800594380687924,0.244644726783868,0.10081594441023,1.29974990021911,7,0.7,2,0.291997407748905,0.840573630624901
50,0.192503695140805,0.0286409440504439,0.000190652699728372,0.192313042441077,0.141013023162312,1.59761584083268,7,0.7,2,0.291997407748905,0.659265082607663
70,0.152943783363267,0.0237056407359019,0.00012596898672279,0.152817814376544,0.194365874834819,1.60544291456499,7,0.7,2,0.291997407748905,0.523784729947968
85,0.142293985244018,0.0248197758846188,8.7809445395954e-05,0.142206175798622,0.210234015436702,1.5459224202549,7,0.7,2,0.291997407748905,0.487312494795776
100,0.130570682056659,0.0266614572124485,6.11599524759896e-05,0.130509522104183,0.233881376493539,1.47056871070246,7,0.7,2,0.291997407748905,0.447163839786343
1,0.278840119815199,0.277628187544274,0.00946122614679065,0.269378893668408,0.00946122614679065,0.01546988967524,10,0.7,2,0.291997407748905,0.954940394727682
5,0.247116050507429,0.244185362608987,0.00627483466181367,0.240841215845615,0.0313741733090683,0.0199568932738168,10,0.7,2,0.291997407748905,0.846295357251698
9,0.231621497396282,0.225961036095239,0.0048660004714958,0.226755496924786,0.0437940042434622,0.0453187494279757,10,0.7,2,0.291997407748905,0.79323134812025
20,0.216260688011865,0.201740723945703,0.00301714513430638,0.213243542877559,0.0603429026861276,0.118413263010978,10,0.7,2,0.291997407748905,0.740625369516405
50,0.206299365358718,0.183600124138856,0.0014621545492639,0.204837210809454,0.073107727463195,0.213642234044816,10,0.7,2,0.291997407748905,0.706510947988001
70,0.204087064024507,0.177659718272706,0.0011000633408166,0.20298700068369,0.0770044338571619,0.249815471009064,10,0.7,2,0.291997407748905,0.698934506295363
85,0.203110942366865,0.175028594753,0.000928939209100763,0.202182003157764,0.0789598327735648,0.265978453967621,10,0.7,2,0.291997407748905,0.695591594229236
100,0.202433877642256,0.172536987732888,0.000804065447364763,0.201629812194891,0.0804065447364763,0.282500761364132,10,0.7,2,0.291997407748905,0.693272858834191
1,0.290218580628499,0.289161795328491,0.0108487378004542,0.279369842828045,0.00151441705350365,0.0134541186087785,15,0.7,2,0.291997407748905,0.993908072218451
5,0.286421722557068,0.285303282662686,0.010470437512806,0.275951285044262,0.00460275914127456,0.01426991280569,15,0.7,2,0.291997407748905,0.980905018182109
9,0.284722039947894,0.283562234071265,0.0103074819435491,0.274414558004345,0.0059208655275796,0.0146761364954742,15,0.7,2,0.291997407748905,0.975084135653469
20,0.282828562447795,0.281615672725792,0.0101304052206085,0.272698157227186,0.00734192064635374,0.015117152704053,15,0.7,2,0.291997407748905,0.968599566099593
50,0.281513091841933,0.280260561541963,0.0100100370228056,0.271503054819127,0.00829988571617925,0.015395313517605,15,0.7,2,0.291997407748905,0.964094489784006
70,0.281221838649026,0.279961529388983,0.00998366978898269,0.271238168860043,0.00850876658954412,0.0154478356247998,15,0.7,2,0.291997407748905,0.963097038487598
85,0.281088551897081,0.279824621913663,0.00997163673601236,0.271116915161069,0.00860397104401319,0.0154713439918412,15,0.7,2,0.291997407748905,0.962640572956031
100,0.280993434240596,0.279725243571355,0.00996306230617804,0.271030371934418,0.00867176416936162,0.0154938199697036,15,0.7,2,0.291997407748905,0.962314824665254
1,0.496547187663494,0.459862382529016,0.00717437792908659,0.489372809734407,0.0221747000450611,0.169465885326482,3,0.7,3,0.535400116180475,0.927431975932025
5,0.294012470651877,0.21814240224211,0.0013046629417601,0.292707807710117,0.0829920889758772,0.598726273569346,3,0.7,3,0.535400116180475,0.549145324714069
9,0.261615239145513,0.0814212947054074,0.000951689671948285,0.260663549473565,0.120459513986945,1.23292131271594,3,0.7,3,0.535400116180475,0.488635006304942
20,0.249958592409888,0.012418730070788,0.000244177900736239,0.249714414509152,0.117653288139388,1.84481067453055,3,0.7,3,0.535400116180475,0.466863164306133
50,0.0785589581974577,0.000759131975782242,9.18435240482012e-05,0.0784671146734095,0.277315339280004,1.9837502743493,3,0.7,3,0.535400116180475,0.146729438084352
70,0.0364194338249861,0.000125328847973852,8.14157785944475e-05,0.0363380180463917,0.396043863656511,1.99727015454493,3,0.7,3,0.535400116180475,0.0680228351177826
85,0.0242369879124433,4.42980241157951e-05,3.73759694426271e-05,0.0241996119430007,0.247632879718304,1.99902859310841,3,0.7,3,0.535400116180475,0.0452689253886404
100,0.013871374615474,2.39184325170548e-05,3.12728019334957e-06,0.0138682473352807,0.0618696735597875,1.99947307297934,3,0.7,3,0.535400116180475,0.0259084266070614
1,0.503608435720083,0.467823992935998,0.00801416061159594,0.495594275108487,0.0151545394218231,0.162606775082385,5,0.7,3,0.535400116180475,0.940620706832877
5,0.370564391098715,0.305719371033669,0.00244135858689075,0.368123032511824,0.041558036906001,0.383476289660368,5,0.7,3,0.535400116180475,0.692126093924499
9,0.25101978296152,0.1651670866539,0.000880758009405869,0.250139024952114,0.0739179702063866,0.772849942765456,5,0.7,3,0.535400116180475,0.468845215709488
20,0.247065226698435,0.0449892710854581,0.000456208926463414,0.246609017771972,0.104983427542476,1.49790546026646,5,0.7,3,0.535400116180475,0.461459045733851
50,0.146366872068588,0.00633446051294913,6.83163193351987e-05,0.146298555749253,0.161761432488188,1.89513853165042,5,0.7,3,0.535400116180475,0.273378483950964
70,0.107362396040838,0.00508770889950933,6.00466601027507e-05,0.107302349380735,0.23713213404951,1.91435459567177,5,0.7,3,0.535400116180475,0.200527405198858
85,0.0997499154993716,0.00476426956392797,4.81077484390922e-05,0.0997018077509325,0.248118116938974,1.91939428810456,5,0.7,3,0.535400116180475,0.186309103201142
100,0.0762052618581902,0.00415029174730134,4.34862026581419e-05,0.076161775655532,0.339554694714897,1.92944522853799,5,0.7,3,0.535400116180475,0.142333293466269
1,0.509196448780329,0.474587954912987,0.00857443409872215,0.500622014681607,0.012103619452798,0.156071431460405,7,0.7,3,0.535400116180475,0.951057785367919
5,0.410574164684619,0.358704463834523,0.00365307489395209,0.406921089790667,0.0340002943095838,0.284760251669509,7,0.7,3,0.535400116180475,0.766854829269818
9,0.329693189191821,0.260629035577564,0.00175582830316366,0.327937360888657,0.0417338825434155,0.465604202032442,7,0.7,3,0.535400116180475,0.615788415482313
20,0.209996706291709,0.144623530843832,0.000475651038452834,0.209521055253257,0.0756105317424073,0.777087681878451,7,0.7,3,0.535400116180475,0.392223871354041
50,0.165287212351634,0.070221110543997,0.000133444858322375,0.165153767493312,0.127782552128087,1.16557539023071,7,0.7,3,0.535400116180475,0.308717176848572
70,0.159475731591744,0.0553567204805012,7.21097699015407e-05,0.159403621821843,0.135239351738777,1.29143796756738,7,0.7,3,0.535400116180475,0.297862713832485
85,0.153975493336988,0.0546305936257324,4.99294269154866e-05,0.153925563910073,0.144867361211032,1.29138923981138,7,0.7,3,0.535400116180475,0.28758957774504
100,0.147463535408012,0.0426240195037986,3.63635207082478e-05,0.147427171887304,0.152402631725108,1.42064094834528,7,0.7,3,0.535400116180475,0.275426790079935
1,0.515917465462325,0.482674017869118,0.00920660164645044,0.506710863815875,0.00920660164645044,0.148750893181357,10,0.7,3,0.535400116180475,0.963611045030885
5,0.451152371379911,0.409054612293569,0.0053995348627689,0.445752836517143,0.0269976743138445,0.21458874061006,10,0.7,3,0.535400116180475,0.842645262385104
9,0.40516396663514,0.357335665609889,0.00369000162494352,0.401473965010197,0.0332100146244917,0.27318657559737,10,0.7,3,0.535400116180475,0.756749866857641
20,0.333877529744463,0.281442670151958,0.00191757035102638,0.331959959393437,0.0383514070205275,0.379501810139609,10,0.7,3,0.535400116180475,0.623603767825703
50,0.272837159140825,0.230932673470205,0.000857929556193634,0.271979229584631,0.0428964778096817,0.440369484039092,10,0.7,3,0.535400116180475,0.50959488221115
70,0.259658668927605,0.221378417177281,0.00063659436831684,0.259022074559288,0.0445616057821788,0.44664038326545,10,0.7,3,0.535400116180475,0.484980598771626
85,0.253884122162488,0.217163078747003,0.00053437570654419,0.253349746455944,0.0454219350562561,0.448954433145049,10,0.7,3,0.535400116180475,0.474195119668049
100,0.249883935044827,0.214250137291683,0.000460694448096209,0.249423240596731,0.0460694448096209,0.45023491708211,10,0.7,3,0.535400116180475,0.466723722115509
1,0.529600813676928,0.498325044179709,0.0104257965526691,0.519175017124259,0.00337949520543477,0.136981370199503,15,0.7,3,0.535400116180475,0.989168283068522
5,0.514782476537394,0.482435994113427,0.00932854729426966,0.505453929243124,0.0105902079573154,0.146125618472728,15,0.7,3,0.535400116180475,0.961491155829089
9,0.5067864420588,0.473830109114358,0.00881146018129337,0.497974981877506,0.0137300801686746,0.15144762246629,15,0.7,3,0.535400116180475,0.946556466356779
20,0.496731883786386,0.463284984665845,0.00822329236444153,0.488508591421944,0.0170664169493001,0.157912722656935,15,0.7,3,0.535400116180475,0.92777694433474
50,0.489051452584503,0.455462103173026,0.00781232742858072,0.481239125155922,0.0192338362432724,0.162298179006797,15,0.7,3,0.535400116180475,0.913431726674582
70,0.487276620796135,0.4536666048063,0.00772159270964492,0.47955502808649,0.0196930375642068,0.163252320452771,15,0.7,3,0.535400116180475,0.910116763276685
85,0.486455497037286,0.452836211942488,0.00768013484231875,0.478775362194968,0.0199004588430827,0.16368841407405,15,0.7,3,0.535400116180475,0.90858309951003
100,0.485866105905556,0.452240183766985,0.00765057832150697,0.478215527584049,0.0200474116294933,0.163999591889921,15,0.7,3,0.535400116180475,0.907482257142017
1,0.642797852982461,0.607807751974753,0.0103461952450831,0.632451657737377,0.0209814799789825,0.102465315939529,3,0.7,5,0.629634280146293,1.02090669655583
5,0.713497642352247,0.662228033061393,0.00502331928334301,0.708474323068904,0.0641365522132163,0.129213124619506,3,0.7,5,0.629634280146293,1.13319376795442
9,0.679023389446601,0.628098636304115,0.00253013262384836,0.676493256822753,0.07834497898162,0.129730570386589,3,0.7,5,0.629634280146293,1.07844094716195
20,0.476768513341789,0.42864466573204,0.000345508172596257,0.476423005169193,0.0747044985186451,0.138801531989461,3,0.7,5,0.629634280146293,0.757214987136682
50,0.29904026880989,0.102222244034448,4.30052638937284e-06,0.299035968283501,0.0821371345449254,1.1827958988802,3,0.7,5,0.629634280146293,0.47494280130429
70,0.288989469322019,0.0501756766522171,5.66757969932996e-07,0.288988902564049,0.0964494038644703,1.54804227865905,3,0.7,5,0.629634280146293,0.458979884727485
85,0.286493635725972,0.0324067762607165,1.55678388210942e-07,0.286493480047584,0.100257656918268,1.69515563209482,3,0.7,5,0.629634280146293,0.455015943000128
100,0.285161664318816,0.0223786299567699,4.96072492346597e-08,0.285161614711567,0.100724257962759,1.78408958290666,3,0.7,5,0.629634280146293,0.452900474625619
1,0.659179477773968,0.61948968717136,0.0107649576337226,0.648414520140245,0.0165455563911857,0.115650401879076,5,0.7,5,0.629634280146293,1.04692437905511
5,0.722320407961658,0.670594731551042,0.00595069676305647,0.716369711198601,0.0549961948021913,0.128826755720012,5,0.7,5,0.629634280146293,1.1472062921889
9,0.699754652137382,0.647182957423796,0.00352790934496325,0.696226742792419,0.0714978301843274,0.134743764609837,5,0.7,5,0.629634280146293,1.11136682706475
20,0.570962389660789,0.542008908052817,0.000969548595594236,0.569992841065194,0.079905702651128,0.0759444880397385,5,0.7,5,0.629634280146293,0.906815921026612
50,0.368556554760033,0.254153192623564,5.9683755865142e-05,0.368496871004168,0.0715443232485127,0.521400923867385,5,0.7,5,0.629634280146293,0.585350204684536
70,0.336866631348328,0.200843094306636,1.56565539626074e-05,0.336850974794365,0.0701857622717396,0.705059391801534,5,0.7,5,0.629634280146293,0.535019521602379
85,0.327657843565968,0.185248818686936,6.80883118016824e-06,0.327651034734788,0.0699022628610195,0.766911050060467,5,0.7,5,0.629634280146293,0.520393907856857
100,0.322989043351912,0.177286611154452,3.27197194356482e-06,0.322985771379968,0.0697853144063834,0.799934416448485,5,0.7,5,0.629634280146293,0.512978809344476
1,0.662404935096122,0.621225249980994,0.0110902461592385,0.651314688936883,0.0140835274440313,0.118068416950592,7,0.7,5,0.629634280146293,1.05204712637662
5,0.726375029881609,0.673668786724996,0.00680119553934546,0.719573834342264,0.0483904732939324,0.130567825897369,7,0.7,5,0.629634280146293,1.15364593826251
9,0.715359964945358,0.66432483440011,0.00450566664214761,0.710854298303211,0.0647771640482696,0.128841146777982,7,0.7,5,0.629634280146293,1.1361515525793
20,0.63059704178662,0.588385834976047,0.00178512966886879,0.628811912117751,0.0787602580637302,0.112797897613603,7,0.7,5,0.629634280146293,1.00152908072302
50,0.46931229145898,0.420419023758548,0.000301724794198041,0.469010566664782,0.0772875046657261,0.145234307994498,7,0.7,5,0.629634280146293,0.74537283984909
70,0.419827646296969,0.341389982312592,0.000128319317553614,0.419699326979415,0.0750177533574996,0.293898361418935,7,0.7,5,0.629634280146293,0.666780160380441
85,0.398419675127153,0.306518841873181,7.52123902893595e-05,0.398344462736863,0.073921131850937,0.377927662948474,7,0.7,5,0.629634280146293,0.632779516125744
100,0.384368025936018,0.283420817003882,4.71404987386337e-05,0.384320885437279,0.0731767636504537,0.438860254626232,7,0.7,5,0.629634280146293,0.61046235577693
1,0.662308991008223,0.620733140209293,0.0114854216616094,0.650823569346613,0.0114854216616094,0.119187129414587,10,0.7,5,0.629634280146293,1.05189474571546
5,0.728114298705493,0.675985571649822,0.00803799806605492,0.720076300639438,0.0401899903302746,0.132101729355747,10,0.7,5,0.629634280146293,1.15640828599154
9,0.73238160124826,0.680938152757531,0.00609557261927461,0.726286028628986,0.0548601535734715,0.126819798660604,10,0.7,5,0.629634280146293,1.16318571644176
20,0.693738601776955,0.646182390608107,0.00355001074204835,0.690188591034907,0.071000214840967,0.123554864611126,10,0.7,5,0.629634280146293,1.10181199412422
50,0.622159594339176,0.584223092850059,0.00158070509788235,0.620578889241294,0.0790352548941173,0.101993530201829,10,0.7,5,0.629634280146293,0.988128527872751
70,0.597097401840219,0.564425805931351,0.00114058338564749,0.595956818454572,0.0798408369953246,0.0849312890589857,10,0.7,5,0.629634280146293,0.948324163197541
85,0.583958903312869,0.555756653965513,0.000941458341479063,0.58301744497139,0.0800239590257204,0.0735966791185793,10,0.7,5,0.629634280146293,0.927457290249807
100,0.573944422284365,0.548477867802867,0.000800739878390507,0.573143682405974,0.0800739878390507,0.0661416503977294,10,0.7,5,0.629634280146293,0.911552055505953
1,0.653210744810877,0.612796150614076,0.0123487015839694,0.640862043226908,0.00535105476253718,0.119602486310155,15,0.7,5,0.629634280146293,1.03744469671999
5,0.709622276064938,0.657837457879558,0.0111558541199187,0.698466421945019,0.0185324537299407,0.136060904074866,15,0.7,5,0.629634280146293,1.12703881990044
9,0.734327159421677,0.681341854833755,0.0105029475872989,0.723824211834379,0.0252988734777537,0.132011571998458,15,0.7,5,0.629634280146293,1.16627569777659
20,0.75369548441684,0.702758960675199,0.00966344869640444,0.744032035720435,0.033439916460856,0.120424562762987,15,0.7,5,0.629634280146293,1.19703692791587
50,0.759611157822471,0.710197913906488,0.00900212598478221,0.750609031837689,0.0393650919983682,0.117403746129508,15,0.7,5,0.629634280146293,1.20643233981158
70,0.759972448789926,0.710870536465361,0.00884682431353757,0.751125624476389,0.0406930393183948,0.116321206723246,15,0.7,5,0.629634280146293,1.2070061506393
85,0.760018116598172,0.711060471147685,0.00877469386099662,0.751243422737176,0.0413016202539493,0.115767714232311,15,0.7,5,0.629634280146293,1.20707868132845
100,0.760005309306921,0.711152037983311,0.0087228166581192,0.751282492648802,0.0417361111081944,0.115356951556076,15,0.7,5,0.629634280146293,1.2070583404867
1,0.345664951012158,0.344259224829754,0.00867729858075398,0.336987652431404,0.017760238902822,0.00754324007425429,3,0.7,10,0.342779545659116,1.00841767074372
5,0.408877036619807,0.401499957916263,0.00524407841656618,0.403632958203241,0.0538646399282198,0.0254381351688797,3,0.7,10,0.342779545659116,1.19282799046132
9,0.482089926603915,0.476870024739387,0.00354671943967337,0.478543207164241,0.0722954926963357,0.0170845238326616,3,0.7,10,0.342779545659116,1.40641392611956
20,0.615883014920417,0.540404818123707,0.00140731538107757,0.61447569953934,0.0946667766116932,0.205296573726551,3,0.7,10,0.342779545659116,1.79673210586753
50,0.440792173778636,0.380940532273136,0.000119278579586926,0.440672895199049,0.08454391552276,0.213700334203227,3,0.7,10,0.342779545659116,1.28593487960624
70,0.344514767289428,0.30087682176169,2.46977374937947e-05,0.344490069551934,0.0767399319921328,0.17809347157057,3,0.7,10,0.342779545659116,1.00506220879363
85,0.313855590539423,0.246492651119467,8.97968046460922e-06,0.313846610858959,0.0744893754791172,0.304240580784095,3,0.7,10,0.342779545659116,0.915619366773836
100,0.300172657313181,0.222860180426312,3.68734874992413e-06,0.300168969964431,0.0734971612721561,0.37440527793878,3,0.7,10,0.342779545659116,0.875701777175741
1,0.35611567250446,0.353976592479516,0.00881337474901665,0.347302297755443,0.0128827627975012,0.00942987156229576,5,0.7,10,0.342779545659116,1.0389058420032
5,0.414320409113448,0.408792496830757,0.00564891833771841,0.40867149077573,0.0444129939404978,0.0238277424708801,5,0.7,10,0.342779545659116,1.20870808763332
9,0.480666878483473,0.471498658037766,0.00399833596659202,0.476668542516881,0.0621398274554957,0.0272308813138423,5,0.7,10,0.342779545659116,1.40226242951346
20,0.609138200169171,0.53895149290061,0.00181478061525183,0.607323419553919,0.0855975234348341,0.198477877802457,5,0.7,10,0.342779545659116,1.77705527614807
50,0.526221701657397,0.433785353265468,0.000348378284016125,0.525873323373381,0.0928391772239394,0.32174038730599,5,0.7,10,0.342779545659116,1.5351607420027
70,0.44597433008847,0.385313013775929,0.000133477911887537,0.445840852176583,0.0882867996274145,0.229627775094441,5,0.7,10,0.342779545659116,1.30105292377037
85,0.401955771784227,0.36542419796152,6.94922079010674e-05,0.401886279576326,0.085353432164386,0.138024403823938,5,0.7,10,0.342779545659116,1.17263639815883
100,0.371287933743571,0.35121680158576,3.83230856539203e-05,0.371249610657917,0.0832258177078178,0.0879869841905627,5,0.7,10,0.342779545659116,1.08316828832256
1,0.355347469263689,0.352331147924189,0.00897733500202399,0.346370134261666,0.0109739890170464,0.0137170128854207,7,0.7,10,0.342779545659116,1.03666474200031
5,0.412968655757888,0.406823316693904,0.00608566139280466,0.406882994365083,0.0392622119263391,0.0203897776905786,7,0.7,10,0.342779545659116,1.20476458116486
9,0.468135969408351,0.453015294891595,0.00451299995257477,0.463622969455776,0.0555767376901055,0.0443288335012264,7,0.7,10,0.342779545659116,1.36570567099677
20,0.58374341874911,0.528146793868802,0.00235588361288411,0.581387535136226,0.0779649144902044,0.16290731102019,7,0.7,10,0.342779545659116,1.70297039640056
50,0.585572283812055,0.488131019734994,0.00070149440824811,0.584870789403807,0.0927888954879546,0.305698938566996,7,0.7,10,0.342779545659116,1.70830579370214
70,0.536284654044446,0.44568358899142,0.000377608605489981,0.535907045438957,0.0929669341664824,0.310351500681657,7,0.7,10,0.342779545659116,1.56451766400836
85,0.504347235670175,0.423252635132412,0.000250684750418857,0.504096550919756,0.092029824181647,0.294600016189493,7,0.7,10,0.342779545659116,1.47134577327357
100,0.477552193036166,0.407320471458717,0.000172757153194111,0.477379435882972,0.0908930780484418,0.265136330499169,7,0.7,10,0.342779545659116,1.39317587377596
1,0.354362521228362,0.351034807255649,0.00919473059605548,0.345167790632307,0.00919473059605548,0.015587475554689,10,0.7,10,0.342779545659116,1.03379132657106
5,0.40572244991278,0.395936096369879,0.0067180139158227,0.399004435996957,0.0335900695791135,0.0405903626843478,10,0.7,10,0.342779545659116,1.18362502970425
9,0.44376748297668,0.433191943192202,0.00532337011432484,0.438444112862355,0.0479103310289235,0.0355644072028545,10,0.7,10,0.342779545659116,1.2946148292582
20,0.541611326837726,0.499636633873674,0.00338589495764873,0.538225431880078,0.0677178991529745,0.130958529744175,10,0.7,10,0.342779545659116,1.58005731000164
50,0.630833731881708,0.542359527782902,0.00167680241448523,0.629156929467223,0.0838401207242615,0.244597861386215,10,0.7,10,0.342779545659116,1.84034823509876
70,0.622032504506473,0.537105115194057,0.00125101737302134,0.620781487133452,0.0875712161114937,0.240773540839117,10,0.7,10,0.342779545659116,1.81467217744978
85,0.616135402816499,0.526639358265843,0.00104905108015705,0.615086351736342,0.0891693418133495,0.255387122271673,10,0.7,10,0.342779545659116,1.79746840387386
100,0.609754775399131,0.520211300253434,0.000902147796454947,0.608852627602676,0.0902147796454947,0.263124579815937,10,0.7,10,0.342779545659116,1.77885402767152
1,0.350006909434466,0.346892577132298,0.0097427772391802,0.340264132195286,0.0048376452625798,0.0152203707655287,15,0.7,10,0.342779545659116,1.02108458298307
5,0.374781330858131,0.368527185142826,0.00856633148212956,0.366214999376001,0.0177451138409072,0.0289457050147997,15,0.7,10,0.342779545659116,1.09335966980609
9,0.391470208732731,0.382408711460993,0.00789815454467573,0.383572054188056,0.0252173652213593,0.0391355721281687,15,0.7,10,0.342779545659116,1.14204658268039
20,0.411877907574414,0.398412664482264,0.00698529686705238,0.404892610707362,0.0351455299298212,0.0541524532693497,15,0.7,10,0.342779545659116,1.20158251211411
50,0.42870633163171,0.411612087849377,0.00622533160714644,0.422481000024564,0.0431971280979151,0.067308057081505,15,0.7,10,0.342779545659116,1.25067652682534
70,0.433631399577596,0.415945674148457,0.00604189091901645,0.42758950865858,0.0451398463244488,0.0701321773979885,15,0.7,10,0.342779545659116,1.26504456018163
85,0.437531393856427,0.420280697914011,0.00595516367826718,0.43157623017816,0.0460982860607431,0.0682109010512351,15,0.7,10,0.342779545659116,1.27642211852261
100,0.449556908659555,0.427065870096485,0.00586868505029934,0.443688223609256,0.0470676099931626,0.0857768032234994,15,0.7,10,0.342779545659116,1.31150447671877
1,0.301177830337649,0.0192726731860709,0.00780968785626187,0.293368142481387,0.0839255943693113,1.88019939578007,3,0.5,0.3,0.526233863690938,0.572326965477336
5,0.0232164787183111,0.00553601803364877,0.000319221581408558,0.0228972571369025,0.0339915287716884,1.61128876980816,3,0.5,0.3,0.526233863690938,0.0441181769555339
9,0.000867963744566956,0.000236066847785071,2.89131892697599e-06,0.00086507242563998,0.00182262592962227,1.61809030171151,3,0.5,0.3,0.526233863690938,0.00164938785672052
20,8.66717193820461e-07,9.43251296755669e-10,1.59885439515741e-10,8.66557308380945e-07,3.73770918559844e-06,1.99960625358232,3,0.5,0.3,0.526233863690938,1.64701904157482e-06
50,2.08506332625232e-09,7.63086542658365e-16,4.51176682691452e-16,2.08506287507563e-09,1.45722443309663e-08,1.99999992581036,3,0.5,0.3,0.526233863690938,3.96223707769003e-09
70,8.20994006951238e-10,7.58764744899011e-17,6.9514896072099e-18,8.20993999999749e-10,5.9937951623958e-09,1.99999998193207,3,0.5,0.3,0.526233863690938,1.56013146169061e-09
85,5.96082049951843e-10,3.44570243534894e-17,6.96023665995417e-19,5.96082049255819e-10,4.41282421238593e-09,1.99999998882602,3,0.5,0.3,0.526233863690938,1.13273221485786e-09
100,4.90166551524967e-10,2.13259779702133e-17,1.03951419829162e-19,4.90166551421015e-10,3.65861117291839e-09,1.99999999164522,3,0.5,0.3,0.526233863690938,9.31461438241546e-10
1,0.329091892218155,0.0196779316405234,0.00950682077313878,0.319585071445017,0.0495238932114836,1.87671780589966,5,0.5,0.3,0.526233863690938,0.625371939977307
5,0.0832503941299274,0.00675745700206184,0.00189524256606347,0.0813551515638639,0.0822225276959789,1.8697904941993,5,0.5,0.3,0.526233863690938,0.158200374156881
9,0.0190558936521769,0.00635442267527332,0.000165764591461727,0.0188901290607152,0.0243975672426607,1.42229601628048,5,0.5,0.3,0.526233863690938,0.036211834636641
20,0.000633696896992144,0.000171885510129996,6.33484451782761e-07,0.000633063412540361,0.00120208263483574,1.68081624563957,5,0.5,0.3,0.526233863690938,0.00120421155063544
50,1.67789789009087e-05,2.46591183987371e-07,3.68431955423541e-10,1.67786104689533e-05,4.94480231587548e-05,1.99240946510283,5,0.5,0.3,0.526233863690938,3.188502310213e-05
70,8.65063886702564e-06,6.56462643062165e-08,3.11398953847057e-11,8.65060772713026e-06,2.77949960527893e-05,1.99658105594067,5,0.5,0.3,0.526233863690938,1.64387726900568e-05
85,6.66167164123316e-06,3.86553418993212e-08,7.85142704917134e-12,6.66166378980611e-06,2.21462644216388e-05,1.99751650080382,5,0.5,0.3,0.526233863690938,1.26591466282862e-05
100,5.62159971672226e-06,2.73514571087075e-08,2.51816022279698e-12,5.62159719856204e-06,1.91057087527146e-05,1.99798422778019,5,0.5,0.3,0.526233863690938,1.06827023203962e-05
1,0.366129949137319,0.0207885865688158,0.0112343043268278,0.354895644810491,0.0292882062623462,1.87939324744732,7,0.5,0.3,0.526233863690938,0.695755203911299
5,0.193050391642207,0.00986119109435597,0.00323964163818981,0.189810750004017,0.0699938248412765,1.90840092786634,7,0.5,0.3,0.526233863690938,0.36685284806298
9,0.0660128828666674,0.00686587486643785,0.00128630694800685,0.0647265759186606,0.0606903948283143,1.82960017774116,7,0.5,0.3,0.526233863690938,0.125444003933273
20,0.0181368672260001,0.00761209116876408,7.95407319165639e-05,0.0180573264940835,0.0202890156635283,1.23802860081353,7,0.5,0.3,0.526233863690938,0.0344654125806165
50,0.00424583336070434,0.00191133490961792,1.63674134479259e-06,0.00424419661935955,0.00568419322199976,1.21663939205411,7,0.5,0.3,0.526233863690938,0.00806833929486141
70,0.00279454978489813,0.00117131858209626,3.76293881607778e-07,0.00279417349101652,0.00393869005787791,1.3203766545366,7,0.5,0.3,0.526233863690938,0.00531047121387725
85,0.00230947820715685,0.000934076222612436,1.63707563087502e-07,0.00230931449959376,0.00333112719803241,1.3677321648869,7,0.5,0.3,0.526233863690938,0.00438869173290838
100,0.00202029083694752,0.000795847340696316,8.23179005002227e-08,0.00202020851904702,0.00296156939644033,1.40056494807106,7,0.5,0.3,0.526233863690938,0.00383915018843041
1,0.423968891825745,0.0237647670245357,0.0136701715706444,0.410298720255101,0.0136701715706444,1.87243184490343,10,0.5,0.3,0.526233863690938,0.805666303669781
5,0.277171251432226,0.0133236269341262,0.00761357224069838,0.269557679191528,0.0380678612034919,1.91287959441591,10,0.5,0.3,0.526233863690938,0.526707364456142
9,0.238864224293155,0.0111811767055564,0.00488160575169913,0.233982618541455,0.0439344517652922,1.91998961398657,10,0.5,0.3,0.526233863690938,0.45391268174532
20,0.164616556756104,0.010211816003811,0.00286901078447901,0.161747545971625,0.0573802156895802,1.88807845548608,10,0.5,0.3,0.526233863690938,0.312820151104499
50,0.0997777557065059,0.0115525390652285,0.00125396688423713,0.0985237888222688,0.0626983442118564,1.80234497837112,10,0.5,0.3,0.526233863690938,0.189607249914852
70,0.0879279036499967,0.0118363693761048,0.0008547909160392,0.0870731127339575,0.059835364122744,1.77122803100293,10,0.5,0.3,0.526233863690938,0.167089025843532
85,0.0829776839350605,0.0121628953921827,0.000685899161728641,0.0822917847733318,0.0583014287469345,1.75342082585501,10,0.5,0.3,0.526233863690938,0.157682144119471
100,0.0796280005489138,0.0114972409582366,0.000571555432581703,0.0790564451163321,0.0571555432581703,1.75733221845279,10,0.5,0.3,0.526233863690938,0.151316754855746
1,0.517131726133993,0.0581374016024925,0.0151965609794507,0.501935165154542,0.000799144984826828,1.7255940851076,15,0.5,0.3,0.526233863690938,0.982703246246633
5,0.494530116652391,0.0348553580496987,0.0156370239779167,0.478893092674475,0.00314784814233599,1.82754735191254,15,0.5,0.3,0.526233863690938,0.939753502718012
9,0.483245309765616,0.0278448366990544,0.015687226985344,0.467558082780272,0.00439280885296069,1.85959813557905,15,0.5,0.3,0.526233863690938,0.918309031608484
20,0.470091181583822,0.0234827430813385,0.0156552878458575,0.454435893737964,0.00579358898338057,1.87959039100416,15,0.5,0.3,0.526233863690938,0.893312297096697
50,0.460732462420892,0.0227852722664642,0.0155938900179063,0.445138572402986,0.00673075713093725,1.88206373563358,15,0.5,0.3,0.526233863690938,0.875527962395603
70,0.458647791125884,0.0228898286839109,0.0155771789469591,0.443070612178925,0.00693244816952026,1.88130713282333,15,0.5,0.3,0.526233863690938,0.871566470293238
85,0.457692959140269,0.0229684503423719,0.0155692204045725,0.442123738735697,0.00702401359712876,1.88080421121437,15,0.5,0.3,0.526233863690938,0.869752007083065
100,0.45701132486054,0.0230362866760741,0.015563428382343,0.441447896478197,0.00708907522108036,1.88038542782027,15,0.5,0.3,0.526233863690938,0.868456700325441
1,0.562437833923911,0.0853897230260121,0.0103651180678367,0.552072715856075,0.0613191324197541,1.59728271182979,3,0.5,0.7,0.535347069532354,1.05060411447703
5,0.493727727180691,0.0230726319748078,0.00133386017397925,0.492393867006712,0.0927189319842959,1.86444126221543,3,0.5,0.7,0.535347069532354,0.922257270618817
9,0.247927775393465,0.00648387196806573,0.000632034693852042,0.247295740699613,0.195281030467692,1.93878918798716,3,0.5,0.7,0.535347069532354,0.463115966264725
20,0.011121975684452,0.000765840519721466,5.12793369557848e-05,0.0110706963474962,0.0578977765623958,1.91097773970321,3,0.5,0.7,0.535347069532354,0.0207752621008414
50,8.10626582518619e-05,7.3189833836871e-12,5.24855886618526e-08,8.10101726632001e-05,0.00189756541742359,1.99999998273334,3,0.5,0.7,0.535347069532354,0.000151420756487326
70,3.38773770228055e-05,1.03176409154438e-15,3.20010074385586e-09,3.38741769220617e-05,0.00101710666260229,1.99999999999529,3,0.5,0.7,0.535347069532354,6.3281147783995e-05
85,2.41965859609174e-05,1.14880174295992e-17,5.15724022017498e-10,2.41960702368954e-05,0.000773377165868109,1.99999999999993,3,0.5,0.7,0.535347069532354,4.51979423032128e-05
100,1.94535145532367e-05,5.09214787959999e-19,1.00974010441891e-10,1.94534135792263e-05,0.000639794942304227,2,3,0.5,0.7,0.535347069532354,3.6338135875536e-05
1,0.55370687558534,0.0780639170847928,0.0117882826593962,0.541918592925944,0.0394675364761832,1.63233952555784,5,0.5,0.7,0.535347069532354,1.03429514626656
5,0.520068552207383,0.0354299045980765,0.00240008122250754,0.517668470984875,0.0846236634696968,1.81039821650433,5,0.5,0.7,0.535347069532354,0.971460538042513
9,0.395525868856311,0.0131019718163255,0.000739217109577274,0.394786651746734,0.106170028328392,1.910085906654,5,0.5,0.7,0.535347069532354,0.738821395252651
20,0.118832806501712,0.00255886110889507,0.000337865503301207,0.118494940998411,0.226257619654633,1.97227541303318,5,0.5,0.7,0.535347069532354,0.221973394952021
50,0.0345085980221037,0.000481867025743473,3.97779269086462e-06,0.0345046202294128,0.0805437931427467,1.99468202672975,5,0.5,0.7,0.535347069532354,0.0644602352119873
70,0.0316886416768408,3.59951365386692e-05,4.79598325206109e-07,0.0316881620785156,0.0715619908300609,1.99960112247945,5,0.5,0.7,0.535347069532354,0.0591927059664716
85,0.0310665482493439,5.63405204790081e-06,1.54366770870525e-07,0.031066393882573,0.070042382456907,1.99993747926765,5,0.5,0.7,0.535347069532354,0.0580306683596526
100,0.03072516429307,1.49498310085168e-06,6.0314086154376e-08,0.0307251039789838,0.0693507658226824,1.99998339446145,5,0.5,0.7,0.535347069532354,0.0573929811923871
1,0.549423462640107,0.0833516008702854,0.0133222087574939,0.536101253882613,0.026385405687868,1.60978691541884,7,0.5,0.7,0.535347069532354,1.02629395752563
5,0.53349535988144,0.0470574027868845,0.00415152055892879,0.529343839322512,0.0637935452447426,1.76056196083546,7,0.5,0.7,0.535347069532354,0.996541104348379
9,0.471014983816648,0.0234481957648539,0.00172702927788691,0.469287954538761,0.0712512240882357,1.86142885429972,7,0.5,0.7,0.535347069532354,0.879831067774588
20,0.25810211568023,0.00728241242234225,0.000689261110187346,0.257412854570043,0.133720627892883,1.93570005409093,7,0.5,0.7,0.535347069532354,0.482121095583267
50,0.11920798208384,0.00291839502696881,0.000140122177456952,0.119067859906383,0.194965980634414,1.97028447696375,7,0.5,0.7,0.535347069532354,0.222674203088424
70,0.0973341228598232,0.00236657364118311,6.06766852472821e-05,0.097273446174576,0.189474733601611,1.97585040713208,7,0.5,0.7,0.535347069532354,0.18181499143135
85,0.087060219222014,0.00215388792407734,3.29051453196577e-05,0.0870273140766944,0.173604556645619,1.97800099488401,7,0.5,0.7,0.535347069532354,0.162623883041079
100,0.08075063471978,0.00201726693945348,1.85210622707996e-05,0.0807321136575092,0.159817330919756,1.97938398909249,7,0.5,0.7,0.535347069532354,0.150837913038954
1,0.545598540791429,0.0939909216020652,0.0155044372594556,0.530094103531973,0.0155044372594556,1.56400171154504,10,0.5,0.7,0.535347069532354,1.01914920589372
5,0.546070376854969,0.0541220990276847,0.00832636755138646,0.537744009303582,0.0416318377569323,1.73515679582255,10,0.5,0.7,0.535347069532354,1.02003057069497
9,0.527990581901679,0.038378511618121,0.00550466653702654,0.522485915364652,0.0495419988332389,1.80120935183973,10,0.5,0.7,0.535347069532354,0.986258470346907
20,0.47592861892073,0.0261550338509887,0.00275562254142817,0.473172996379302,0.0551124508285633,1.84744712051222,10,0.5,0.7,0.535347069532354,0.889009478162404
50,0.405704118959284,0.0211017002795551,0.00117048933094384,0.404533629628341,0.0585244665471922,1.85820013383036,10,0.5,0.7,0.535347069532354,0.757833827900996
70,0.384657427642975,0.0201646724320243,0.000878638781173902,0.383778788861801,0.0615047146821731,1.859089907493,10,0.5,0.7,0.535347069532354,0.718519722129026
85,0.373935164248913,0.0197399992634537,0.000767826590231965,0.373167337658681,0.065265260169717,1.8594287784077,10,0.5,0.7,0.535347069532354,0.698491101437352
100,0.365623299320789,0.0194371406658084,0.000705529025195215,0.364917770295593,0.0705529025195215,1.8596200676129,10,0.5,0.7,0.535347069532354,0.682964977542839
1,0.539659348537497,0.0992389295119955,0.0187456464086088,0.520913702128888,0.0030005515391409,1.538723391289,15,0.5,0.7,0.535347069532354,1.0080551090135
5,0.547385305326398,0.0927798089674915,0.0176812945719698,0.529704010754429,0.00920882148328544,1.57121460743286,15,0.5,0.7,0.535347069532354,1.02248678750509
9,0.549995513310591,0.0894784807141071,0.0171778588344365,0.532817654476154,0.0118656292558545,1.58658544345126,15,0.5,0.7,0.535347069532354,1.02736251791017
20,0.55209520967426,0.0856869931984697,0.0165937057275695,0.53550150394669,0.0146996805457936,1.60353962630805,15,0.5,0.7,0.535347069532354,1.03128463961993
50,0.552970936423353,0.0832476747260876,0.0161738272340804,0.536797109189272,0.0165755837562817,1.61410177217404,15,0.5,0.7,0.535347069532354,1.03292045085143
70,0.553096394525954,0.0827636666669925,0.0160795614240102,0.537016833101943,0.0169797972649646,1.6161614982186,15,0.5,0.7,0.535347069532354,1.03315479994895
85,0.553145567394141,0.0825512933083492,0.0160362942159749,0.537109273178166,0.0171634207087854,1.61706066321216,15,0.5,0.7,0.535347069532354,1.03324665226492
100,0.553177520577603,0.0824034786835502,0.0160053724366197,0.537172148140983,0.0172939418556747,1.61768468022422,15,0.5,0.7,0.535347069532354,1.03330633912095
1,0.456239919448311,0.138590351662536,0.00682164464994909,0.449418274798362,0.0575359509221296,1.22993937011286,3,0.5,1,0.391001319381474,1.16685007654204
5,0.527164146869042,0.3091905351743,0.000386867974681257,0.52677727889436,0.0681196556870684,0.65471460987611,3,0.5,1,0.391001319381474,1.34824135044599
9,0.37688330940184,0.0207665205543623,0.000489601504724503,0.376393707897116,0.127165129367954,1.84036820030655,3,0.5,1,0.391001319381474,0.963892679436564
20,0.0646353781224184,0.0196180543578624,0.000378222490822824,0.0642571556315956,0.302107633382612,1.43841339787327,3,0.5,1,0.391001319381474,0.165307314626624
50,1.21938125053568e-07,1.04382953031967e-12,5.37856872077266e-11,1.2188433936636e-07,9.83055847321966e-07,1.99999633801266,3,0.5,1,0.391001319381474,3.11861160076037e-07
70,7.55505625159399e-11,5.52283234371853e-21,4.59081763408041e-15,7.55459716983058e-11,6.77852261908762e-10,1.99999999997493,3,0.5,1,0.391001319381474,1.93223293045286e-10
85,1.16220973023529e-12,7.08248605092932e-26,1.91528919087472e-17,1.16219057734338e-12,1.12674127051536e-11,1.99999999999998,3,0.5,1,0.391001319381474,2.97239337215995e-12
100,4.46509455181135e-14,8.00366958495927e-30,2.26446961390099e-19,4.46507190711521e-14,4.65484291036366e-13,2,3,0.5,1,0.391001319381474,1.14196406264682e-13
1,0.470310570015884,0.204132937983723,0.00596570040880155,0.464344869607082,0.0272900544567286,0.9588814047502,5,0.5,1,0.391001319381474,1.20283627369818
5,0.553563961771965,0.390823162242436,0.00122723407912463,0.55233672769284,0.0437948267335217,0.452795888882649,5,0.5,1,0.391001319381474,1.41575983080479
9,0.408861134817195,0.0246306434136096,0.00096747938729732,0.407893655429898,0.0904662166930522,1.83185437670237,5,0.5,1,0.391001319381474,1.04567712319737
20,0.21841439270437,0.0057911758229696,0.000265143456725192,0.218149249247645,0.186260361275972,1.93114434573896,5,0.5,1,0.391001319381474,0.558602699985464
50,0.0282169824300762,0.0161742116671489,6.42861130639923e-05,0.0281526963170122,0.157002159141599,0.801162260397807,5,0.5,1,0.391001319381474,0.0721659519581999
70,0.00157917353067378,0.000579378039932066,1.49403807629927e-06,0.00157767949259748,0.0103931964306443,1.56112521513474,5,0.5,1,0.391001319381474,0.0040387933554083
85,0.000190881660867476,5.28821766017664e-06,8.52808836505882e-08,0.000190796379983826,0.00135804889365456,1.98205451052983,5,0.5,1,0.391001319381474,0.00048818674363921
100,4.62197071972488e-05,1.14760590347686e-07,1.0395332838425e-08,4.62093118644103e-05,0.000349751784297099,1.99891057491708,5,0.5,1,0.391001319381474,0.000118208570933632
1,0.442648985935273,0.144076121033515,0.00982305535461313,0.43282593058066,0.0213230490733506,1.18874123133996,7,0.5,1,0.391001319381474,1.13209077308358
5,0.533869425977149,0.35494852951035,0.00219611994786579,0.531673306029284,0.032775451654343,0.527559584305303,7,0.5,1,0.391001319381474,1.3653903440062
9,0.477768703360842,0.222852366710374,0.000878812078554149,0.476889891282288,0.0449244615703804,0.8939613133033,7,0.5,1,0.391001319381474,1.22191071916746
20,0.350178488794488,0.0167340684486712,0.000473607716250223,0.349704881078238,0.0842711905966581,1.85747148586254,7,0.5,1,0.391001319381474,0.895594135969762
50,0.157805057064512,0.0132986331496213,0.000170340822884854,0.157634716241627,0.213163349978677,1.79835847560904,7,0.5,1,0.391001319381474,0.403592134456591
70,0.10716931802923,0.0291578485555108,0.000147774123038791,0.107021543906191,0.310749791407626,1.42439458015265,7,0.5,1,0.391001319381474,0.274089402559463
85,0.0848078535612692,0.0377007342544688,0.000109085151128987,0.0846987684101402,0.312817417964664,1.15558545752921,7,0.5,1,0.391001319381474,0.21689914933133
100,0.0747442624473592,0.0375751309943969,7.20429974122148e-05,0.074672219449947,0.30524642885304,1.05970349429091,7,0.5,1,0.391001319381474,0.191161151490735
1,0.410740911709356,0.150148913649851,0.0146638863629066,0.396077025346449,0.0146638863629066,1.14060845920918,10,0.5,1,0.391001319381474,1.05048472050966
5,0.48303417891334,0.25326246633035,0.00421097411699213,0.478823204796348,0.0210548705849606,0.789763107789035,10,0.5,1,0.391001319381474,1.2353773631185
9,0.480891721235863,0.24694070742215,0.00289030133317446,0.478001419902689,0.0260127119985701,0.809882720878498,10,0.5,1,0.391001319381474,1.22989795020791
20,0.410222641653338,0.0588563007903533,0.00295913341767422,0.407263508235663,0.0591826683534845,1.61579015394291,10,0.5,1,0.391001319381474,1.04915922611788
50,0.376509476778262,0.0406176527788246,0.00132994522877932,0.375179531549483,0.0664972614389658,1.70008234719593,10,0.5,1,0.391001319381474,0.962936588996333
70,0.370612618427228,0.0362044194318182,0.000965398874322842,0.369647219552905,0.0675779212025989,1.72208193452075,10,0.5,1,0.391001319381474,0.947855160728106
85,0.367211581410684,0.034551032068167,0.000800039828489321,0.366411541582195,0.0680033854215923,1.72974432133373,10,0.5,1,0.391001319381474,0.939156885689229
100,0.36437972939544,0.047240532479809,0.000696565051800058,0.36368316434364,0.0696565051800058,1.63521517606485,10,0.5,1,0.391001319381474,0.931914321854088
1,0.393388730783705,0.157622442977103,0.0186235640231607,0.374765166760544,0.00291789057859684,1.08072259620778,15,0.5,1,0.391001319381474,1.00610589091108
5,0.400105053384502,0.156281443381073,0.0172488029114549,0.382856250473047,0.00880968025702096,1.09960816243379,15,0.5,1,0.391001319381474,1.02328312860281
9,0.40390650375197,0.153384132798075,0.016601807757135,0.387304695994835,0.0112361647399444,1.11784417663569,15,0.5,1,0.391001319381474,1.03300547525239
20,0.408571806492626,0.154373682157193,0.0158679689019224,0.392703837590704,0.0137254956227565,1.11864213972508,15,0.5,1,0.391001319381474,1.04493715555474
50,0.411837582004003,0.14918939918301,0.0153604917124727,0.39647709029153,0.0153022850203247,1.14490732864433,15,0.5,1,0.391001319381474,1.05328949440756
70,0.412532291195238,0.147540218666793,0.0152496272877866,0.397282663907451,0.015637769557334,1.15294909399093,15,0.5,1,0.391001319381474,1.05506623826187
85,0.412844582933158,0.146920442173764,0.0151991591122707,0.397645423820888,0.0157901593155541,1.15601773227021,15,0.5,1,0.391001319381474,1.05586493566374
100,0.413065033594345,0.146525129851473,0.0151632548711377,0.397901778723207,0.0158985408238486,1.15799323916519,15,0.5,1,0.391001319381474,1.05642874619394
1,0.312137009662199,0.182782296928768,0.00999206953958074,0.302144940122618,0.0760146156136284,0.736195028374592,3,0.5,1.3,0.284378861145381,1.09760974639612
5,0.382546194004207,0.0582312291449357,0.00224523982764126,0.380300954176566,0.110285732127354,1.60036793180229,3,0.5,1.3,0.284378861145381,1.34519912086096
9,0.361069059775564,0.0269280600073608,0.00060965764417736,0.360459402131387,0.121706764346956,1.7903828335845,3,0.5,1.3,0.284378861145381,1.2696761577893
20,0.13524677396936,0.00461274051316394,0.000211443132678049,0.135035330836682,0.299097986217318,1.91558094200025,3,0.5,1.3,0.284378861145381,0.475586593970563
50,4.40639160286124e-06,4.70579142599894e-08,8.28331043445994e-09,4.39810829242678e-06,4.68772419751013e-05,1.99258928288345,3,0.5,1.3,0.284378861145381,1.54947930556927e-05
70,2.09971337330375e-11,2.86497641344962e-19,9.32475834934151e-15,2.09878089746882e-11,2.7990386969143e-10,1.99999999613219,3,0.5,1.3,0.284378861145381,7.38350721585572e-11
85,1.4103028982257e-14,2.67113618458563e-26,2.21481609036009e-18,1.41008141661666e-14,2.09572126682368e-13,1.99999999999957,3,0.5,1.3,0.284378861145381,4.95923956002031e-14
100,3.00342181774876e-17,2.54600765834981e-32,1.74205096356253e-21,3.0032476126524e-17,4.82004886917457e-16,2,3,0.5,1.3,0.284378861145381,1.05613399169404e-16
1,0.311780558359909,0.191060502477179,0.0109840567563146,0.300796501603595,0.0403339547157774,0.67596178209926,5,0.5,1.3,0.284378861145381,1.09635630828594
5,0.365020236543974,0.0808482808073779,0.00352775773153909,0.361492478812435,0.0838617936662221,1.44935431674102,5,0.5,1.3,0.284378861145381,1.28357021711739
9,0.361354097300253,0.0387106064178442,0.00133144985645913,0.360022647443794,0.0926786616242352,1.71464529303391,5,0.5,1.3,0.284378861145381,1.27067847393734
20,0.24744052878949,0.00908278707982857,0.000333213195273266,0.247107315594217,0.144245427892196,1.89978710349789,5,0.5,1.3,0.284378861145381,0.870108726762896
50,0.0597975074353345,0.0522589449153858,0.000173953842771782,0.0596235535925627,0.358315430955689,0.262795655323546,5,0.5,1.3,0.284378861145381,0.210274094194239
70,0.0252810932728027,0.022599248004038,4.43691239478329e-05,0.0252367241488549,0.190063381428489,0.170505673947591,5,0.5,1.3,0.284378861145381,0.0888993407279959
85,0.00447594571485619,0.0039905663354466,5.5118367565475e-06,0.00447043387809964,0.0377999303294697,0.330511689387211,5,0.5,1.3,0.284378861145381,0.015739375623169
100,0.000184028859109046,2.6238674016222e-05,1.30095707871138e-07,0.000183898763401175,0.00165839989246488,1.83099716786399,5,0.5,1.3,0.284378861145381,0.000647125663165822
1,0.292234695074356,0.209267818530273,0.012135849633925,0.280098845440431,0.0273405818321519,0.516463386501149,7,0.5,1.3,0.284378861145381,1.02762453544308
5,0.350238792420978,0.118693781494086,0.00534557967793698,0.344893212743041,0.069400920859252,1.19936036824736,7,0.5,1.3,0.284378861145381,1.23159221824834
9,0.35184233252516,0.0760588349189167,0.00265202728744796,0.349190305237712,0.0807595462925665,1.45667394319807,7,0.5,1.3,0.284378861145381,1.23723096403178
20,0.326588341002677,0.0399597234011534,0.000659212363188559,0.325929128639489,0.0877853891120947,1.65648547391996,7,0.5,1.3,0.284378861145381,1.14842692486808
50,0.198018951726201,0.0186251385670089,0.000141778142712647,0.197877173583488,0.169010434275742,1.73865562374437,7,0.5,1.3,0.284378861145381,0.696320925291872
70,0.139008546534394,0.024865629719613,0.000123479462355156,0.138885067072039,0.275228095020118,1.57704500116282,7,0.5,1.3,0.284378861145381,0.488814625582629
85,0.118617341427466,0.0377822697621367,0.000101358769150023,0.118515982658316,0.314879009659348,1.28280652568736,7,0.5,1.3,0.284378861145381,0.417110262519919
100,0.0997326400089022,0.0598333515479093,8.91236814955623e-05,0.0996435163274066,0.38218128784079,0.766408215155917,7,0.5,1.3,0.284378861145381,0.350703422916925
1,0.281527475640474,0.22780603459687,0.0147101224774567,0.266817353163018,0.0147101224774567,0.365617915202101,10,0.5,1.3,0.284378861145381,0.989973286012108
5,0.302220348446086,0.182996495788048,0.0083217977475247,0.293898550698561,0.0416089887376235,0.704172237290769,10,0.5,1.3,0.284378861145381,1.06273844416158
9,0.319089019077685,0.155646273962695,0.00598390727580999,0.313105111801875,0.0538551654822899,0.893111202366729,10,0.5,1.3,0.284378861145381,1.12205604098878
20,0.326040699021753,0.128439181548055,0.00333001881887085,0.322710680202882,0.066600376377417,1.06135375621895,10,0.5,1.3,0.284378861145381,1.14650117701636
50,0.309516832803682,0.102520557528425,0.00145607365301155,0.30806075915067,0.0728036826505777,1.18971269095713,10,0.5,1.3,0.284378861145381,1.08839606276308
70,0.299475124400379,0.0890945641200454,0.00107392425852895,0.29840120014185,0.0751746980970268,1.26501900032456,10,0.5,1.3,0.284378861145381,1.05308504012638
85,0.293295393405532,0.100420303849166,0.000924658525510326,0.292370734880021,0.0785959746683777,1.18333537736438,10,0.5,1.3,0.284378861145381,1.03135441299764
100,0.287857990235858,0.0844131068500459,0.000841237034233796,0.287016753201624,0.0841237034233796,1.28575705997191,10,0.5,1.3,0.284378861145381,1.01223413398754
1,0.28392454338284,0.244110350898002,0.0171861373444566,0.266738406038383,0.00137965068204981,0.268420232583996,15,0.5,1.3,0.284378861145381,0.998402420768154
5,0.282989772329789,0.241079127776176,0.0168571481900553,0.266132624139733,0.00420358337481443,0.279040124875088,15,0.5,1.3,0.284378861145381,0.99511535839901
9,0.28258550664895,0.239652090776551,0.0167185980197125,0.265866908629238,0.00542650431690201,0.288415847579944,15,0.5,1.3,0.284378861145381,0.993693784097707
20,0.282145146685434,0.238123786048626,0.0165689007469826,0.265576245938451,0.00676930591427087,0.298431037089777,15,0.5,1.3,0.284378861145381,0.992145286569644
50,0.281845823889062,0.237095119272963,0.0164668305046201,0.265378993384442,0.00769523805540633,0.305153744164636,15,0.5,1.3,0.284378861145381,0.991092737181249
70,0.281780363942816,0.236870489066023,0.0164443528133788,0.265336011129437,0.00789993072111339,0.306619786962566,15,0.5,1.3,0.284378861145381,0.990862551484664
85,0.281750512998023,0.236768028985226,0.0164340745232502,0.265316438474773,0.00799359619913414,0.307288264415693,15,0.5,1.3,0.284378861145381,0.990757582554582
100,0.281729251983634,0.236695034995659,0.0164267419727225,0.265302510010911,0.00806043913352335,0.307764413440153,15,0.5,1.3,0.284378861145381,0.990682819563044
1,0.338600290720456,0.322413491919874,0.0057130552179816,0.332887235502474,0.0443214534096704,0.075478660394349,3,0.5,2,0.391240560138032,0.865452934125734
5,0.324454231463832,0.112919014209615,0.00175042584063772,0.322703805623194,0.109168423676195,1.14086545900624,3,0.5,2,0.391240560138032,0.82929599975361
9,0.415179013990067,0.293412637307947,0.000458988798368717,0.414720025191698,0.0702831131854432,0.439656419328602,3,0.5,2,0.391240560138032,1.06118602284893
20,0.209513461517932,0.00606665777405243,0.000193434122475916,0.209320027395456,0.166655295079197,1.9164855784254,3,0.5,2,0.391240560138032,0.535510585722539
50,0.0320753539349291,0.0318798237554874,0.000121229875212983,0.0319541240597161,0.363429539509594,0.00950492583472707,3,0.5,2,0.391240560138032,0.0819837133542921
70,0.000122612404948687,3.84560816612239e-05,3.29688694917344e-07,0.00012228271625377,0.00185422331051191,1.58013645188075,3,0.5,2,0.391240560138032,0.000313393899920368
85,2.65843187647694e-08,2.10772915424979e-13,3.34257335333642e-11,2.6550893031236e-08,4.65901334217269e-07,1.99999753225814,3,0.5,2,0.391240560138032,6.79487800431282e-08
100,3.47932192958083e-11,6.74300632220625e-21,2.14161803671754e-14,3.47718031154411e-11,6.87890430639623e-10,1.99999999995832,3,0.5,2,0.391240560138032,8.89305016932117e-11
1,0.341944608528522,0.33628183048427,0.00643679033350247,0.335507818195019,0.0205798787224175,0.0371747452186926,5,0.5,2,0.391240560138032,0.874000917511931
5,0.242559893615305,0.19282129146582,0.00206757670304611,0.240492316912259,0.0853003203492991,0.363265140630248,5,0.5,2,0.391240560138032,0.619976347875917
9,0.298872063590323,0.0958733163257858,0.00139900025069119,0.297473063339632,0.0949774262854456,1.20343691316477,5,0.5,2,0.391240560138032,0.763908689540979
20,0.281859828577144,0.0243374739831437,0.00037264985345747,0.281487178723686,0.103609305611161,1.74703823830799,5,0.5,2,0.391240560138032,0.720425889579807
50,0.100302059253322,0.00691525969050831,0.00012210609274677,0.100179953160575,0.297514881136946,1.8455478716956,5,0.5,2,0.391240560138032,0.256369276278345
70,0.0619233854827558,0.0253851721077021,0.000100128358934642,0.0618232571238211,0.422607333468984,1.11482867592483,5,0.5,2,0.391240560138032,0.15827445257953
85,0.0452851067099415,0.0442531638746315,7.65060870231583e-05,0.0452086006229184,0.413633152171973,0.0578196896852266,5,0.5,2,0.391240560138032,0.115747474377311
100,0.0322913842855658,0.032232127568167,4.72328913175953e-05,0.0322441513942483,0.337214388663865,0.00583248167681688,5,0.5,2,0.391240560138032,0.0825358809275124
1,0.353631039308155,0.34904717974136,0.00721074207280138,0.346420297235353,0.0131125421322754,0.0302801050086488,7,0.5,2,0.391240560138032,0.90387110984452
5,0.258156271882696,0.239870608987914,0.00302062687989107,0.255135645002805,0.0499771904153388,0.108456031730291,7,0.5,2,0.391240560138032,0.659840257338393
9,0.226644738096499,0.195421510534437,0.00164253827056399,0.225002199825935,0.0752968252697724,0.253403306419388,7,0.5,2,0.391240560138032,0.579297652616941
20,0.252695298155688,0.1005612861564,0.000652165531592075,0.252043132624096,0.0913039638355309,1.01677341701964,7,0.5,2,0.391240560138032,0.645882160240584
50,0.195930363472091,0.0418669648928181,0.000183265106942657,0.195747098365149,0.144001435447178,1.45483302714873,7,0.5,2,0.391240560138032,0.500792564561726
70,0.164342790006861,0.0335400438311015,0.000105735447260092,0.164237054559601,0.183173846850845,1.48906731717871,7,0.5,2,0.391240560138032,0.42005560453364
85,0.150518456047421,0.0342754660631862,8.06661339568854e-05,0.150437789913464,0.208113830365582,1.43323077794519,7,0.5,2,0.391240560138032,0.384720991081082
100,0.142295660002598,0.034057166620635,5.37516139911115e-05,0.142241908388607,0.215550773810009,1.39075674550823,7,0.5,2,0.391240560138032,0.363703752883891
1,0.367100427490479,0.362908144802823,0.00810688750603444,0.358993539984444,0.00810688750603444,0.0270427167021517,10,0.5,2,0.391240560138032,0.938298491753931
5,0.30799652915682,0.29906304357181,0.00500013315473197,0.302996396002088,0.0250006657736598,0.0495314639944402,10,0.5,2,0.391240560138032,0.78723056998016
9,0.281275890942157,0.267589508383328,0.0037292283031393,0.277546662639018,0.0335630547282537,0.0713030496800137,10,0.5,2,0.391240560138032,0.718933361211121
20,0.253017348117324,0.241729538588055,0.00226056869134767,0.250756779425977,0.0452113738269533,0.081428077242212,10,0.5,2,0.391240560138032,0.646705310993468
50,0.235827563270882,0.222468794357085,0.00108998019881022,0.234737583072072,0.054499009940511,0.118918568898903,10,0.5,2,0.391240560138032,0.602768698592193
70,0.231902492135783,0.216675761473951,0.000811403875516837,0.231091088260266,0.0567982712861786,0.138186929426339,10,0.5,2,0.391240560138032,0.592736325839956
85,0.230028565284502,0.2137917392362,0.000681698399296723,0.229346866885206,0.0579443639402214,0.149161992687372,10,0.5,2,0.391240560138032,0.587946620880379
100,0.228657928741763,0.211875084135974,0.000588124452357985,0.228069804289405,0.0588124452357985,0.156023584302589,10,0.5,2,0.391240560138032,0.584443311964106
1,0.387032637615391,0.383325263564219,0.00947162655944727,0.377561011055944,0.00175340841519039,0.0232506496541607,15,0.5,2,0.391240560138032,0.989244666961022
5,0.377886064315159,0.373504183458063,0.00893365263536704,0.368952411679792,0.00529515956081648,0.0267924710583169,15,0.5,2,0.391240560138032,0.96586627976874
9,0.373756409031656,0.369009198691596,0.00870347626904219,0.365052932762614,0.00678460023158844,0.0285639955429941,15,0.5,2,0.391240560138032,0.955310995618125
20,0.369163001036017,0.363915650999979,0.00845533828596511,0.360707662750052,0.0083685748187439,0.0307438367446344,15,0.5,2,0.391240560138032,0.943570372421955
50,0.365991037276087,0.360379503938808,0.0082881970994693,0.357702840176618,0.00942051863670088,0.0322429759241176,15,0.5,2,0.391240560138032,0.935462921193456
70,0.365292074526848,0.359598849149457,0.00825177504044918,0.357040299486399,0.0096479510217575,0.0325681350740215,15,0.5,2,0.391240560138032,0.933676391829036
85,0.364972679603543,0.359236465717159,0.00823517754154446,0.356737502061998,0.00975136611345291,0.0327311815404774,15,0.5,2,0.391240560138032,0.932860027280347
100,0.364744938549208,0.35897726159457,0.0082233600197158,0.356521578529493,0.00982491080396432,0.0328492028555334,15,0.5,2,0.391240560138032,0.932277927473891
1,0.791574786342627,0.77366059754263,0.00995435375055953,0.781620432592068,0.023056406556739,0.0349666596652844,3,0.5,3,0.81852269206448,0.967077387123032
5,0.638098350006566,0.572865958880985,0.0027869227224806,0.635311427284086,0.0571712329664358,0.180935278192882,3,0.5,3,0.81852269206448,0.77957319472372
9,0.485447143975522,0.356737679112981,0.000750693490228618,0.484696450485293,0.0616096280600664,0.491020641275003,3,0.5,3,0.81852269206448,0.593077197103877
20,0.312224871307347,0.0170326150435832,0.000202459856164397,0.312022411451182,0.109213585473179,1.86570565144984,3,0.5,3,0.81852269206448,0.381449255267257
50,0.27090550699754,0.00379173596186704,2.37246882075528e-05,0.270881782309332,0.137172321339169,1.96803340099626,3,0.5,3,0.81852269206448,0.330968841333233
70,0.255568599006712,0.00158318345680269,1.41945370950842e-05,0.255554404469617,0.131422051020216,1.98655064067879,3,0.5,3,0.81852269206448,0.312231537970092
85,0.251834575430502,0.000333889000805699,3.75464807923767e-06,0.251830820782423,0.0920796340311194,1.99715260774017,3,0.5,3,0.81852269206448,0.307669631974801
100,0.250605781676692,9.36400071391393e-05,3.58648735579495e-07,0.250605423027957,0.0786331019550797,1.99920037519713,3,0.5,3,0.81852269206448,0.306168398391758
1,0.794836152183643,0.777451671857879,0.0107130853967045,0.784123066786939,0.0179750595621644,0.0335222598049234,5,0.5,3,0.81852269206448,0.9710618409111
5,0.682709708987058,0.633546277835755,0.00427991293008353,0.678429796056974,0.0504574117284579,0.124279887130449,5,0.5,3,0.81852269206448,0.834075482092165
9,0.575272805574315,0.490323253261663,0.00185675200778922,0.573416053566525,0.0582583234991469,0.272196469558488,5,0.5,3,0.81852269206448,0.702818396058587
20,0.401311634553292,0.234935031940264,0.00025860828397389,0.401053026269318,0.0597008343685002,0.786735296171133,5,0.5,3,0.81852269206448,0.490287732330429
50,0.310353601663896,0.00815114538441446,5.09990471974533e-05,0.310302602616699,0.0905895369503924,1.93510232767746,5,0.5,3,0.81852269206448,0.379163100391415
70,0.302718844981884,0.0092478766242901,1.71537068238019e-05,0.30270169127506,0.107822305272354,1.92599555623114,5,0.5,3,0.81852269206448,0.369835617163362
85,0.299502590657133,0.00957514995790235,1.32734134075243e-05,0.299489317243726,0.105730156230723,1.9232579585405,5,0.5,3,0.81852269206448,0.365906276711434
100,0.297721439983735,0.00839306368800096,7.92931057347833e-06,0.297713510673162,0.0969077473185857,1.9324873602726,5,0.5,3,0.81852269206448,0.363730221373364
1,0.798360962311116,0.781852701635094,0.0112420244162955,0.787118937894821,0.0150267228316594,0.0315669713658844,7,0.5,3,0.81852269206448,0.975368148068673
5,0.711644874341555,0.67167479815054,0.00554685570323643,0.706098018638318,0.0447119522180038,0.0947246203043681,7,0.5,3,0.81852269206448,0.869425956349044
9,0.63264778215503,0.569040363663124,0.00306778567505079,0.62957999647998,0.054329305806156,0.180871289954421,7,0.5,3,0.81852269206448,0.772914163881473
20,0.490780438546369,0.376752312594756,0.000849671993649188,0.48993076655272,0.0584697171331034,0.442106332018184,7,0.5,3,0.81852269206448,0.59959295362786
50,0.373017536713361,0.198728100002775,9.37533949209405e-05,0.37292378331844,0.0579870516663951,0.899434210454435,7,0.5,3,0.81852269206448,0.45572045873589
70,0.353128095987507,0.164229085402125,3.57885242541111e-05,0.353092307463253,0.059210080597243,1.03009192120647,7,0.5,3,0.81852269206448,0.431421265911207
85,0.345610979795368,0.149555198614535,1.99186997044895e-05,0.345591061095664,0.0604442063696997,1.09186489440473,7,0.5,3,0.81852269206448,0.422237505625735
100,0.340900308905335,0.139272043023664,1.20042612051885e-05,0.34088830464413,0.0617470531135225,1.13771305138326,7,0.5,3,0.81852269206448,0.416482416688431
1,0.803191946228225,0.788069423572929,0.0118708033834777,0.791321142844748,0.0118708033834777,0.0286669867664254,10,0.5,3,0.81852269206448,0.981270225022611
5,0.744821600649242,0.715069569606692,0.00737401392423232,0.73744758672501,0.0368700696211616,0.0664772031750605,10,0.5,3,0.81852269206448,0.909958401728181
9,0.697310793745429,0.654305243702512,0.00519614454886556,0.692114649196564,0.04676530093979,0.106047918083965,10,0.5,3,0.81852269206448,0.851913820479027
20,0.614320062902401,0.547585804369307,0.00274642229697667,0.611573640605424,0.0549284459395335,0.199250429340678,10,0.5,3,0.81852269206448,0.750522946838482
50,0.530020694520113,0.438598382894621,0.00114745448637135,0.528873240033742,0.0573727243185674,0.330393083443205,10,0.5,3,0.81852269206448,0.647533293406068
70,0.508341826376129,0.41007419406189,0.000820522578675676,0.507521303797454,0.0574365805072973,0.373849709766834,10,0.5,3,0.81852269206448,0.621047933434793
85,0.498161717890084,0.396593406799591,0.000675374440692619,0.497486343449391,0.0574068274588726,0.395722241616604,10,0.5,3,0.81852269206448,0.608610760238814
100,0.490825300228633,0.386840099514518,0.00057363975586501,0.490251660472768,0.057363975586501,0.412056418391393,10,0.5,3,0.81852269206448,0.599647761738495
1,0.813904026394887,0.801706907446731,0.0131795018261835,0.800724524568704,0.00480995645313621,0.0228368886408007,15,0.5,3,0.81852269206448,0.994357315057517
5,0.800710611273931,0.784696051214178,0.0117566630983304,0.788953948175601,0.0155557150928648,0.0306040592175592,15,0.5,3,0.81852269206448,0.9782387452868
9,0.792861987606317,0.774916678148528,0.0110552750214741,0.781806712584843,0.0204903182013829,0.0348127384162664,15,0.5,3,0.81852269206448,0.968649977933487
20,0.782452149125524,0.762931957058611,0.0102292078210345,0.772222941304489,0.0259448825502633,0.0390379125681425,15,0.5,3,0.81852269206448,0.955932140564143
50,0.774060755446683,0.752687732474378,0.00963249105089766,0.764428264395785,0.0296204226132407,0.0435766485783002,15,0.5,3,0.81852269206448,0.945680263908561
70,0.772055173207119,0.750101807400926,0.00949848935310281,0.762556683854016,0.0304134686395136,0.0449463335501912,15,0.5,3,0.81852269206448,0.943230017557411
85,0.771118263460611,0.748881387031162,0.00943698738703219,0.761681276073579,0.0307733763566347,0.0456185328623958,15,0.5,3,0.81852269206448,0.942085382527019
100,0.770442211079244,0.747996930199242,0.00939303529982541,0.761049175779419,0.0310290025772962,0.0461149750971252,15,0.5,3,0.81852269206448,0.941259440390141
1,0.505574513209376,0.497639644985629,0.0107040754692543,0.494870437740122,0.0222613143442359,0.0281672694356947,3,0.5,5,0.485290225245747,1.04179826196449
5,0.628475414067618,0.594943206595259,0.00538061437502478,0.623094799692593,0.0689320337546648,0.0905357401151757,3,0.5,5,0.485290225245747,1.29505063438969
9,0.689165820413639,0.614882852369181,0.0029193443509579,0.686246476062681,0.0875808501879975,0.189591756573106,3,0.5,5,0.485290225245747,1.42011065659658
20,0.539914436106332,0.485130179468449,0.000505538872316628,0.539408897234015,0.0876927412956442,0.164376307268346,3,0.5,5,0.485290225245747,1.11255988276484
50,0.345660482074601,0.244171989953944,8.21536094170233e-06,0.345652266713659,0.0743859543907311,0.455927501843041,3,0.5,5,0.485290225245747,0.712275797229506
70,0.335012419625345,0.226447141851654,1.1631232004553e-06,0.335011256502144,0.0736599636935029,0.514365139656553,3,0.5,5,0.485290225245747,0.690334159225436
85,0.332877078706049,0.223027272745811,3.311334970755e-07,0.332876747572552,0.0734114602551738,0.525512306110624,3,0.5,5,0.485290225245747,0.685934027493512
100,0.331879270561329,0.221480009040134,1.07128897242151e-07,0.331879163432432,0.0732500467275875,0.530361600201392,3,0.5,5,0.485290225245747,0.68387792149176
1,0.514474892286615,0.501199717302069,0.0110623700252988,0.503412522261316,0.0171582416552559,0.0477002772286761,5,0.5,5,0.485290225245747,1.06013858413507
5,0.639978178626127,0.59434937953008,0.00620153966888941,0.633776638957237,0.0578831039757183,0.123922312301037,5,0.5,5,0.485290225245747,1.31875349086631
9,0.697624694036142,0.624993764551692,0.0038035254382621,0.69382116859788,0.0772396610061564,0.188891683810307,5,0.5,5,0.485290225245747,1.43754120265429
20,0.612204393282585,0.539277514657243,0.00115177425038261,0.611052619032202,0.0903275078599667,0.21859618216284,5,0.5,5,0.485290225245747,1.26152220142611
50,0.416191240601085,0.365292488522492,8.44682943448752e-05,0.41610677230674,0.081729860079178,0.165821161560208,5,0.5,5,0.485290225245747,0.85761307141583
70,0.378982594636043,0.298842182089221,2.32435353527542e-05,0.37895935110069,0.0792192392730046,0.313393340977837,5,0.5,5,0.485290225245747,0.780940095061939
85,0.367845596324121,0.279168447801013,1.03410412524115e-05,0.367835255282869,0.0784032708648507,0.369480814004,5,0.5,5,0.485290225245747,0.757990944775052
100,0.362169490892479,0.26916982906351,5.05762358769629e-06,0.362164433268892,0.0779532947422201,0.399305170371146,5,0.5,5,0.485290225245747,0.746294633709302
1,0.515616516373012,0.500759324695901,0.0113856799341459,0.504230836438866,0.0144643799326745,0.0523645935081639,7,0.5,5,0.485290225245747,1.06249104051479
5,0.632289341319549,0.587294222891563,0.00703169496858589,0.625257646350963,0.0503178100876189,0.12572931712345,7,0.5,5,0.485290225245747,1.30290969903497
9,0.696611164993303,0.626952944998811,0.00475052208608495,0.691860642907218,0.0686878407751017,0.17804493603006,7,0.5,5,0.485290225245747,1.43545270181477
20,0.661608960861234,0.585779288569819,0.00197944287176471,0.659629517989469,0.0866350556665686,0.212646759051511,7,0.5,5,0.485290225245747,1.36332636934157
50,0.516467891186053,0.477456240005606,0.000363780888813842,0.516104110297239,0.0876572668887164,0.121076117146445,7,0.5,5,0.485290225245747,1.06424540268562
70,0.466649105977054,0.451145927803182,0.000159759780550365,0.466489346196504,0.0854012139372101,0.0558045941045577,7,0.5,5,0.485290225245747,0.961587688564605
85,0.443777342825925,0.412895000173031,9.51992949938511e-05,0.443682143530931,0.0841887863769918,0.0949107061970885,7,0.5,5,0.485290225245747,0.914457616782205
100,0.428368154028099,0.385540668908993,6.04092344958545e-05,0.428307744793603,0.0833183102929489,0.134050735552619,7,0.5,5,0.485290225245747,0.882705094278742
1,0.512732348537857,0.497794270007446,0.01177940672161,0.500952941816247,0.01177940672161,0.0529438888576786,10,0.5,5,0.485290225245747,1.05654785912536
5,0.60904299109385,0.573264306502972,0.00827091546327641,0.600772075630573,0.0413545773163821,0.108044673610882,10,0.5,5,0.485290225245747,1.25500774466544
9,0.679902159281903,0.618168646875261,0.00634211883358687,0.673560040448316,0.0570790695022818,0.15982862134915,10,0.5,5,0.485290225245747,1.4010217472186
20,0.710468881114523,0.636334607015139,0.00378607998550438,0.706682801129018,0.0757215997100877,0.188665626273925,10,0.5,5,0.485290225245747,1.46400822467576
50,0.654540715516182,0.583202843481681,0.00172918420640569,0.652811531309776,0.0864592103202843,0.200315148652493,10,0.5,5,0.485290225245747,1.34876138332423
70,0.631754473732668,0.564671664230717,0.00125594236953771,0.630498531363131,0.0879159658676398,0.196449715912961,10,0.5,5,0.485290225245747,1.30180753880372
85,0.619822573029788,0.554061305168001,0.0010398957478128,0.618782677281975,0.0883911385640883,0.195305834499929,10,0.5,5,0.485290225245747,1.27722039469457
100,0.61057199730559,0.546917116782892,0.000886447317388432,0.609685549988201,0.0886447317388432,0.192076852404512,10,0.5,5,0.485290225245747,1.25815844940294
1,0.499630602167249,0.487143063890214,0.012624725885269,0.48700587628198,0.00575861100536671,0.0465748761978944,15,0.5,5,0.485290225245747,1.02955010460852
5,0.541311375438905,0.520523909747439,0.0112437568147347,0.53006761862417,0.0200116718746716,0.0695387079091211,15,0.5,5,0.485290225245747,1.11543844750796
9,0.567579176121751,0.53898451235592,0.0105100838934364,0.557069092228315,0.0273583940542397,0.0944355190034739,15,0.5,5,0.485290225245747,1.16956647093877
20,0.605654480521189,0.567564318367127,0.00960888532151792,0.596045595199671,0.0361729539859569,0.114309364067009,15,0.5,5,0.485290225245747,1.24802530323888
50,0.638597704510357,0.588553895071836,0.00893828382843155,0.629659420681926,0.0424521107772326,0.144736050792844,15,0.5,5,0.485290225245747,1.31590885472086
70,0.646513653390121,0.593508450813121,0.00878642387549781,0.637727229514624,0.0438386716090132,0.14876472372998,15,0.5,5,0.485290225245747,1.33222063778996
85,0.650049596716232,0.595943228520671,0.00871649188247695,0.641333104833755,0.0444718294342709,0.150198387464024,15,0.5,5,0.485290225245747,1.33950688247853
100,0.652537142016112,0.597760254769884,0.00866642685878533,0.643870715157327,0.0449227882676311,0.151133213951566,15,0.5,5,0.485290225245747,1.34463277451276
1,0.372623217560246,0.367196929399904,0.00886648850050475,0.363756729059741,0.0179325786576904,0.0250880575280978,3,0.5,10,0.366562052151616,1.01653516880171
5,0.434454317796478,0.433742442533111,0.00533897744330142,0.429115340353176,0.0547437995864436,0.00342058085541776,3,0.5,10,0.366562052151616,1.18521356819767
9,0.501854459919097,0.495022786610298,0.00357747567754235,0.498276984241554,0.0733042669546154,0.0191582998504678,3,0.5,10,0.366562052151616,1.36908459829203
20,0.609299302405093,0.536060674989434,0.00141840423226094,0.607880898172832,0.0960289988945474,0.208034292808303,3,0.5,10,0.366562052151616,1.66219961621417
50,0.453476803300613,0.383697420192137,0.0001359761400426,0.453340827160571,0.0900161084170007,0.275675964808546,3,0.5,10,0.366562052151616,1.23710788020427
70,0.364416515264116,0.343888280554361,3.08494856330517e-05,0.364385665778483,0.0823270544513267,0.090189489068994,3,0.5,10,0.366562052151616,0.9941468657901
85,0.334660897260577,0.29882434535139,1.16784430871602e-05,0.33464921881749,0.0797051464745265,0.145786969877313,3,0.5,10,0.366562052151616,0.912972020142871
100,0.320984552199652,0.273932700678584,4.91898123540139e-06,0.320979633218417,0.0783919156927574,0.196906857689695,3,0.5,10,0.366562052151616,0.875662252313254
1,0.373777358478908,0.371814312857989,0.00897946153378588,0.364797896945122,0.013217286391423,0.00858349765667253,5,0.5,10,0.366562052151616,1.01968372417423
5,0.435687054003792,0.433453900920689,0.00573077530739654,0.429956278696395,0.0453851232881113,0.011314307193805,5,0.5,10,0.366562052151616,1.18857653553179
9,0.495983632571258,0.478641116525147,0.00402550271245949,0.491958129858798,0.0628772008922654,0.0509741605189997,5,0.5,10,0.366562052151616,1.35306868144145
20,0.599622134170354,0.53387756780886,0.00181780235875758,0.597804331811597,0.0859330173316654,0.19352440933509,5,0.5,10,0.366562052151616,1.63579980701969
50,0.530458543238053,0.435431982384569,0.000356795175454195,0.530101748062598,0.0954115543699577,0.342726032075452,5,0.5,10,0.366562052151616,1.44711799850642
70,0.455421012619449,0.388553960161524,0.000141485317595956,0.455279527301853,0.091927749931123,0.279504122542935,5,0.5,10,0.366562052151616,1.24241178252428
85,0.414811189904505,0.368999012957031,7.53936871650934e-05,0.41473579621734,0.0894149924702585,0.192181910585851,5,0.5,10,0.366562052151616,1.13162611205846
100,0.386460922088811,0.358329370394223,4.24001022298953e-05,0.386418521986581,0.0875169161299635,0.116138910796819,5,0.5,10,0.366562052151616,1.0542851335003
1,0.374211606218558,0.371069531464535,0.00915298391948359,0.365058622299074,0.011260042945815,0.0112222215698464,7,0.5,10,0.366562052151616,1.02086837418669
5,0.430706887584938,0.420684383017351,0.00616530905647379,0.424541578528465,0.0400231168195727,0.0397039594556008,7,0.5,10,0.366562052151616,1.17499038718495
9,0.478429033650184,0.459108846221983,0.0045443401588057,0.473884693491378,0.0563069050893018,0.0690737094567214,7,0.5,10,0.366562052151616,1.30517883900404
20,0.570985009742125,0.519786209261403,0.0023693362561822,0.568615673485943,0.0781432142522716,0.156633289353496,7,0.5,10,0.366562052151616,1.55767626897166
50,0.588259199839578,0.48767808726936,0.000699895554181419,0.587559304285396,0.0936416823075445,0.321505383929368,7,0.5,10,0.366562052151616,1.60480114181668
70,0.540286971791034,0.446919254132248,0.000381229787530605,0.539905742003503,0.0946394191414981,0.329745139969247,7,0.5,10,0.366562052151616,1.47393045357451
85,0.510045492655159,0.42501103275082,0.00025528631569442,0.509790206339464,0.0941693316891449,0.322888670647678,7,0.5,10,0.366562052151616,1.39143015394348
100,0.484734775565863,0.408510583233786,0.00017731750766225,0.484557458058201,0.0933853622732043,0.303111176764542,7,0.5,10,0.366562052151616,1.32238122500845
1,0.378705415471397,0.374180072230129,0.00939741912248681,0.36930799634891,0.00939741912248681,0.0156561543819538,10,0.5,10,0.366562052151616,1.03312771534452
5,0.418839882600834,0.409310494563457,0.00682855999758367,0.41201132260325,0.0341427999879183,0.0389627247587421,10,0.5,10,0.366562052151616,1.14261659149484
9,0.459455627282903,0.443530440540728,0.00539202283296513,0.454063604449938,0.0485282054966862,0.0571114649721844,10,0.5,10,0.366562052151616,1.25341841738944
20,0.532314651161077,0.494404922958244,0.00340619728126018,0.528908453879817,0.0681239456252036,0.123124707724555,10,0.5,10,0.366562052151616,1.45218155571898
50,0.614980380126299,0.533202596198368,0.00167461255531631,0.613305767570983,0.0837306277658153,0.235738173447101,10,0.5,10,0.366562052151616,1.67769788639205
70,0.614109113876104,0.528641585326074,0.00124791317755091,0.612861200698553,0.0873539224285635,0.249059265316291,10,0.5,10,0.366562052151616,1.67532102756261
85,0.611699390255625,0.523503373379053,0.00104728086866966,0.610652109386955,0.0890188738369215,0.259117456578009,10,0.5,10,0.366562052151616,1.66874717845211
100,0.608873641734643,0.515435914653579,0.000901756556008013,0.607971885178635,0.0901756556008013,0.276180838271227,10,0.5,10,0.366562052151616,1.66103839216506
1,0.373234330459756,0.370364139052389,0.00997949225155953,0.363254838208196,0.00483055184131634,0.010740557943819,15,0.5,10,0.366562052151616,1.01820231600346
5,0.392234825777144,0.387141048999979,0.00881068988988061,0.383424135887264,0.0176286165107038,0.0220665974897094,15,0.5,10,0.366562052151616,1.07003663765749
9,0.403710507604707,0.396107291281179,0.00813247362214826,0.395578033982559,0.0249105878535966,0.0318890213567156,15,0.5,10,0.366562052151616,1.10134288379018
20,0.41897560457101,0.407674723894315,0.0072125240799836,0.411763080491026,0.034574833707183,0.0455833699463701,15,0.5,10,0.366562052151616,1.14298684796132
50,0.432112754963989,0.418182471192961,0.0064477679314863,0.425664987032503,0.0424347516257745,0.0551851849147363,15,0.5,10,0.366562052151616,1.17882566519805
70,0.449091767485871,0.429972411171862,0.00623852015684716,0.442853247329024,0.044721789783512,0.0700467904664,15,0.5,10,0.366562052151616,1.22514527854105
85,0.452130216851413,0.434334849590316,0.00615379680305472,0.445976420048358,0.0456641646605711,0.0668646090265707,15,0.5,10,0.366562052151616,1.23343432359552
100,0.453643926644666,0.435820996604607,0.0060923116179613,0.447551615026705,0.0463185378300728,0.067289691461262,15,0.5,10,0.366562052151616,1.23756380122248
1,0.331623798801252,0.0265415881308225,0.00781220459646008,0.323811594204792,0.0939251066649778,1.83475545441899,3,0.3,0.3,0.676018413179755,0.490554387773862
5,0.0305949170383984,0.011494473627144,0.000399498945630461,0.030195418092768,0.0445011065937815,1.3446086700361,3,0.3,0.3,0.676018413179755,0.0452575202715124
9,0.00109289215109635,0.000342557591352625,3.49525053780137e-06,0.00108939690055855,0.00227095052948894,1.55744448131341,3,0.3,0.3,0.676018413179755,0.00161666033023533
20,1.00568180484592e-06,1.05686185447289e-09,1.77878795053965e-10,1.00550392605087e-06,4.23424882404719e-06,1.99960703177345,3,0.3,0.3,0.676018413179755,1.48765445620858e-06
50,2.30960184125742e-09,8.45170349863512e-16,4.94376964486129e-16,2.30960134688046e-09,1.59913439267981e-08,1.99999992495566,3,0.3,0.3,0.676018413179755,3.41647771159643e-09
70,9.0592973087989e-10,8.39959176705243e-17,7.60665276815184e-18,9.05929723273238e-10,6.56361954488389e-09,1.99999998170075,3,0.3,0.3,0.676018413179755,1.34009623586836e-09
85,6.5664333312813e-10,3.81142389444895e-17,7.60944502391377e-19,6.56643332367186e-10,4.82722655545047e-09,1.99999998868124,3,0.3,0.3,0.676018413179755,9.71339419646143e-10
100,5.39333728821225e-10,2.35725968498918e-17,1.13568123312624e-19,5.39333728707657e-10,3.9990529228197e-09,1.99999999153706,3,0.3,0.3,0.676018413179755,7.97809228722612e-10
1,0.427173541986911,0.0281560841899874,0.00930348684740766,0.417870055139504,0.0515842812031254,1.84989907522524,5,0.3,0.3,0.676018413179755,0.631896311784816
5,0.101012490224309,0.0204214543781197,0.00212379157802974,0.0988886986462797,0.0961991955867425,1.64659692567023,5,0.3,0.3,0.676018413179755,0.149422690647111
9,0.0268993044352946,0.0135078396916211,0.000222243436653505,0.0266770609986411,0.0337674945663357,1.07778126430297,5,0.3,0.3,0.676018413179755,0.0397907866277926
20,0.000842046089566552,0.000232777618076616,8.07598394864948e-07,0.000841238491171687,0.00155797244713785,1.65500875568694,5,0.3,0.3,0.676018413179755,0.00124559638191785
50,2.12282900542625e-05,2.96569901203391e-07,4.43468759746558e-10,2.12278465855027e-05,6.01054009960336e-05,1.99227732435881,5,0.3,0.3,0.676018413179755,3.14019405986472e-05
70,1.08337647951195e-05,7.85007311244738e-08,3.71846449613817e-11,1.08337276104745e-05,3.34285636536318e-05,1.99651425253131,5,0.3,0.3,0.676018413179755,1.60258427638994e-05
85,8.30537232718339e-06,4.61096305159577e-08,9.34648792641079e-12,8.30536298069547e-06,2.65206126881006e-05,1.99746639051727,5,0.3,0.3,0.676018413179755,1.22857190947179e-05
100,6.98684676091496e-06,3.25690935326961e-08,2.99162015962192e-12,6.9868437692948e-06,2.28140644025326e-05,1.99794287888157,5,0.3,0.3,0.676018413179755,1.03352906144246e-05
1,0.505316491526367,0.0529050825341268,0.00995115330017422,0.495365338226193,0.0280195434390942,1.74548773902421,7,0.3,0.3,0.676018413179755,0.747489242415061
5,0.21505821596583,0.0171220838128743,0.00327045516345867,0.211787760802371,0.0668344057315663,1.86401536384735,7,0.3,0.3,0.676018413179755,0.318124790350415
9,0.0842328033742471,0.0197784830329823,0.00153529007347746,0.0826975133007697,0.07412414379034,1.56557998899126,7,0.3,0.3,0.676018413179755,0.124601344774095
20,0.0270574037277026,0.0160479286139466,0.00011336378989662,0.026944039937806,0.0295051313999569,0.873159043170211,7,0.3,0.3,0.676018413179755,0.0400246549504975
50,0.00617645141699619,0.00334549730056103,2.30941661824783e-06,0.00617414200037795,0.00808380056119467,1.02629683148418,7,0.3,0.3,0.676018413179755,0.00913651358687748
70,0.00402392965868981,0.00200485995195321,5.25882927233712e-07,0.00402340377576258,0.00553807908479119,1.16080694005184,7,0.3,0.3,0.676018413179755,0.00595239653275515
85,0.00331024270550058,0.00158439138046783,2.27761839144655e-07,0.00331001494366143,0.00465930697568947,1.22072261148236,7,0.3,0.3,0.676018413179755,0.00489667535819083
100,0.00288649813777669,0.00134139663957109,1.14163479212407e-07,0.00288638397429748,0.00412708670060197,1.26209363280201,7,0.3,0.3,0.676018413179755,0.00426985135537893
1,0.588168409909906,0.0767781948145226,0.00641185647093958,0.581756553438967,0.00641185647093958,1.66397740224203,10,0.3,0.3,0.676018413179755,0.870047913552187
5,0.308395246635674,0.0197480815845847,0.00789832958052311,0.300496917055151,0.0394916479026156,1.86790689047159,10,0.3,0.3,0.676018413179755,0.456193560150366
9,0.256902975102836,0.0177242430736227,0.00534098468399763,0.251561990418838,0.0480688621559786,1.88574737461998,10,0.3,0.3,0.676018413179755,0.380023635590714
20,0.19448763869655,0.0195623526005751,0.00270045892057044,0.191787179775979,0.0540091784114088,1.82629323230159,10,0.3,0.3,0.676018413179755,0.287695771157693
50,0.12796428852723,0.0276784369647624,0.00135153042283914,0.126612758104391,0.0675765211419572,1.59859507459793,10,0.3,0.3,0.676018413179755,0.189291128810131
70,0.11417790051425,0.0294168113231289,0.000974039303091911,0.113203861211158,0.0681827512164338,1.51632638885503,10,0.3,0.3,0.676018413179755,0.16889761918939
85,0.108376445661426,0.0305322254935855,0.000798658413794579,0.107577787247631,0.0678859651725392,1.47321826454977,10,0.3,0.3,0.676018413179755,0.160315819138211
100,0.104451620952044,0.0314221752448482,0.000674857310263762,0.103776763641781,0.0674857310263762,1.43831889255218,10,0.3,0.3,0.676018413179755,0.154510023566874
1,0.670582557448628,0.0618304995330073,0.00286680451130121,0.667715752937326,0.000222738224444263,1.74494542621177,15,0.3,0.3,0.676018413179755,0.991959012321041
5,0.655773678292295,0.0645598732467681,0.00315436327775088,0.652619315014545,0.000536239225771421,1.73052529539627,15,0.3,0.3,0.676018413179755,0.970052983036016
9,0.647638741380405,0.0660499832652258,0.00341136702600605,0.644227374354399,0.000634616933352869,1.72254090850913,15,0.3,0.3,0.676018413179755,0.958019380469442
20,0.637460606270873,0.0678534242266549,0.00383123587265187,0.633629370398221,0.000745790614740083,1.71269215118092,15,0.3,0.3,0.676018413179755,0.942963377687421
50,0.629721453850109,0.0691544999454755,0.00422509049351549,0.625496363356594,0.00084453644774301,1.70564493047181,15,0.3,0.3,0.676018413179755,0.931515239190185
70,0.627937751342953,0.0694436256252155,0.00432500880985988,0.623612742533093,0.00087101908828012,1.70405406585816,15,0.3,0.3,0.676018413179755,0.928876697883645
85,0.627113297140186,0.0695757667416741,0.00437233813962402,0.622740959000562,0.000883868796622282,1.70332353750386,15,0.3,0.3,0.676018413179755,0.927657124294091
100,0.626521842362573,0.0696699640827311,0.00440673538403585,0.622115106978537,0.000893341673405011,1.70280139882788,15,0.3,0.3,0.676018413179755,0.926782215022269
1,0.489013606771195,0.104917486778013,0.00986906430009349,0.479144542471101,0.0686295090703838,1.51863769112478,3,0.3,0.7,0.48138716393462,1.01584263854117
5,0.456641807527971,0.0297010605385415,0.00131708470106604,0.455324722826905,0.122573093820522,1.82901006155352,3,0.3,0.7,0.48138716393462,0.948595728634739
9,0.409154585005914,0.00943523056916129,0.000304333289798673,0.408850251716115,0.144985680990493,1.94547820040625,3,0.3,0.7,0.48138716393462,0.849949096402337
20,0.339276175677877,0.000456556802051856,2.50425713070651e-05,0.33925113310657,0.129971497160599,1.99737922420216,3,0.3,0.7,0.48138716393462,0.704788579954649
50,0.345013423813114,1.17945760462245e-06,3.73955008866592e-08,0.345013386417613,0.114312314649492,1.9999932781881,3,0.3,0.7,0.48138716393462,0.716706737656122
70,0.346321645782045,7.25984863045138e-08,2.44092174466912e-09,0.346321643341123,0.114031525307167,1.99999958673268,3,0.3,0.7,0.48138716393462,0.719424346406297
85,0.346837797292991,2.09761817935813e-08,4.58896437880036e-10,0.346837796834094,0.113939602613485,1.99999988064835,3,0.3,0.7,0.48138716393462,0.720496563427472
100,0.347173862694012,9.42498438123608e-09,1.0759840791186e-10,0.347173862586413,0.113880030983004,1.9999999463896,3,0.3,0.7,0.48138716393462,0.72119468216889
1,0.482875047394402,0.106826702975426,0.011217559281768,0.471657488112634,0.0385873202322711,1.50896400303819,5,0.3,0.7,0.48138716393462,1.00309082495599
5,0.459975026995741,0.0423788541074468,0.00229381879698998,0.457681208198752,0.0815965673546215,1.77022763913011,5,0.3,0.7,0.48138716393462,0.95551992545072
9,0.436055821161126,0.0181269386900196,0.000740163501936077,0.435315657659189,0.0907812373734029,1.89582324497977,5,0.3,0.7,0.48138716393462,0.905831841457968
20,0.387128713673791,0.00416672422205143,0.00010696705993946,0.387021746613851,0.135772048951554,1.9760620486395,5,0.3,0.7,0.48138716393462,0.80419409298244
50,0.365681452449071,0.000416024698607608,3.35890702040843e-06,0.36567809354205,0.0968832064111596,1.99761972569558,5,0.3,0.7,0.48138716393462,0.759641053700252
70,0.366503910158608,0.00028770805708749,5.42835506644851e-07,0.366503367323102,0.0930919217244565,1.99835614738077,5,0.3,0.7,0.48138716393462,0.761349569778694
85,0.367023311486676,0.000175784258923082,1.84707300883703e-07,0.367023126779375,0.0921893423989794,1.998996128678,5,0.3,0.7,0.48138716393462,0.762428537742488
100,0.367417750324173,0.000118127564041391,7.34639348061745e-08,0.367417676860238,0.0917591290747825,1.99932563667547,5,0.3,0.7,0.48138716393462,0.763247917375034
1,0.480451585311298,0.115498615302881,0.0127727944611729,0.467678790850125,0.0255197868369345,1.47079080988867,7,0.3,0.7,0.48138716393462,0.998056494453081
5,0.46387227738207,0.0601721636783326,0.00392264604704595,0.459949631335024,0.0602743425579867,1.68879810369031,7,0.3,0.7,0.48138716393462,0.963615800617965
9,0.448198720252009,0.0377105260760959,0.00170253694337382,0.446496183308635,0.0690491829232291,1.78651246896317,7,0.3,0.7,0.48138716393462,0.931056650095643
20,0.420199343407776,0.0161522910566018,0.000365199718749248,0.419834143689027,0.0781366976297894,1.90751992803249,7,0.3,0.7,0.48138716393462,0.872892704436229
50,0.386561275454088,0.00452551448234548,4.98635097839983e-05,0.386511411944304,0.112425304320933,1.97390881413666,7,0.3,0.7,0.48138716393462,0.80301533654227
70,0.377757139503434,0.00348517259468981,2.43425305554928e-05,0.377732796972879,0.118903247091842,1.97991077603523,7,0.3,0.7,0.48138716393462,0.78472624075772
85,0.374702893554369,0.00313763526535467,1.40819820991331e-05,0.37468881157227,0.11636621843128,1.98191803869726,7,0.3,0.7,0.48138716393462,0.778381564002941
100,0.372974699859882,0.00292970210754956,8.41848506464751e-06,0.372966281374817,0.113567159632708,1.98311961468017,7,0.3,0.7,0.48138716393462,0.774791535385721
1,0.479341927990856,0.125577034913482,0.0149822527242165,0.46435967526664,0.0149822527242165,1.42730649305547,10,0.3,0.7,0.48138716393462,0.995751370005285
5,0.47001071247223,0.0856766776231587,0.0078800259534599,0.46213068651877,0.0394001297672995,1.57946649134601,10,0.3,0.7,0.48138716393462,0.976367356018793
9,0.463246346464843,0.0622255953827669,0.00524386015095341,0.45800248631389,0.0471947413585807,1.67333803524951,10,0.3,0.7,0.48138716393462,0.962315535542114
20,0.452789949041186,0.0425365472691326,0.00270251530614206,0.450087433735044,0.0540503061228412,1.76099290300239,10,0.3,0.7,0.48138716393462,0.940594147422432
50,0.442740413944906,0.0335458407688448,0.00115733349836746,0.441583080446539,0.0578666749183729,1.81075083859136,10,0.3,0.7,0.48138716393462,0.919717946623599
70,0.440114194398476,0.0335184275289357,0.000838561665633654,0.439275632732842,0.0586993165943558,1.81118550643078,10,0.3,0.7,0.48138716393462,0.914262421958243
85,0.438862145280778,0.033612902724547,0.000695103742246613,0.438167041538531,0.0590838180909621,1.81080084253295,10,0.3,0.7,0.48138716393462,0.911661502757441
100,0.43794993556658,0.0337088104231149,0.000593599365612716,0.437356336200967,0.0593599365612716,1.81037053476873,10,0.3,0.7,0.48138716393462,0.909766542146646
1,0.480069271611654,0.143124915332741,0.018289376624515,0.461779894987139,0.00282709550898902,1.35759343856587,15,0.3,0.7,0.48138716393462,0.997262302733221
5,0.477302894405711,0.136940111881216,0.0170432274603408,0.460259666945371,0.00857655678283645,1.37936349089062,15,0.3,0.7,0.48138716393462,0.991515624356234
9,0.476154581113773,0.135943649563763,0.0164842930946724,0.459670288019101,0.0110129910523344,1.38151290376927,15,0.3,0.7,0.48138716393462,0.989130198698947
20,0.475008218653666,0.131874316277511,0.0158650790755051,0.459143139578161,0.0136165408050121,1.39492771721653,15,0.3,0.7,0.48138716393462,0.98674882556316
50,0.474332596445461,0.125775056343871,0.0154404389158259,0.458892157529635,0.015352622794256,1.41719166992822,15,0.3,0.7,0.48138716393462,0.985345335277537
70,0.474199981472237,0.125218792031545,0.01534744538915,0.458852536083087,0.015729056178419,1.41904202360057,15,0.3,0.7,0.48138716393462,0.985069850214455
85,0.474141557220573,0.125026895887167,0.0153050427838209,0.458836514436753,0.0159003962110815,1.41964499317425,15,0.3,0.7,0.48138716393462,0.984948483763413
100,0.474100753954882,0.12491032040027,0.0152748456689177,0.458825908285964,0.0160223187482814,1.41999627903424,15,0.3,0.7,0.48138716393462,0.984863721915262
1,0.44817236767015,0.177660055584075,0.0115687902376488,0.436603577432501,0.0666712600316876,1.05366297706956,3,0.3,1,0.364405816356261,1.22987160894269
5,0.511224247660233,0.0511744691333067,0.00216861996291606,0.509055627697317,0.108023948037898,1.6974665121563,3,0.3,1,0.364405816356261,1.40289815561131
9,0.381614807497793,0.0160503675818004,0.000473184031714144,0.381141623466079,0.127400540442668,1.87794446660411,3,0.3,1,0.364405816356261,1.0472247982033
20,0.0739246861996381,0.0535221086253458,0.000457093562279265,0.0734675926373588,0.362571490069585,0.566518199575718,3,0.3,1,0.364405816356261,0.202863628629258
50,1.57514142026224e-09,9.99427157804691e-15,8.46097632863334e-13,1.57429532262938e-09,1.51772796261206e-08,1.99999808304388,3,0.3,1,0.364405816356261,4.32249253322101e-09
70,1.20779450671804e-14,6.09640408455224e-25,1.08380510650973e-18,1.20768612620739e-14,1.44159486150252e-13,1.99999999998985,3,0.3,1,0.364405816356261,3.314421594021e-14
85,1.29446864086649e-17,5.54110427434949e-31,3.44002884829986e-22,1.29443424057801e-17,1.7182754245526e-16,1.99999999999999,3,0.3,1,0.364405816356261,3.55227217229969e-17
100,5.31278493281836e-20,7.16540722665465e-36,4.59870204551626e-25,5.31273894579791e-20,7.63793207527851e-19,2,3,0.3,1,0.364405816356261,1.45793088209776e-19
1,0.430090753108511,0.193117676968691,0.0123446937625844,0.417746059345926,0.0405111502696073,0.948603478509981,5,0.3,1,0.364405816356261,1.18025216339586
5,0.51229213206165,0.084114020592775,0.00373649375803673,0.508555638303613,0.091005130059014,1.52717195575471,5,0.3,1,0.364405816356261,1.40582863683166
9,0.491879272889488,0.103184211264185,0.000461669966497572,0.491417602922991,0.0523887796623748,1.38873137303278,5,0.3,1,0.364405816356261,1.34981180544222
20,0.227189841405081,0.00738557289484361,0.000268209045551781,0.22692163235953,0.174684384944822,1.91453144578643,5,0.3,1,0.364405816356261,0.623452840782787
50,0.0368732570351833,0.0360915324447829,7.57566308365906e-05,0.0367975004043467,0.201899168752951,0.0368347052557482,5,0.3,1,0.364405816356261,0.101187344932865
70,0.00115011761117078,0.00047233198368617,1.12234580609934e-06,0.00114899526536468,0.00765724026170641,1.36182601150265,5,0.3,1,0.364405816356261,0.00315614504365201
85,2.80290507924614e-05,9.21087815169505e-07,1.32161994562263e-08,2.80158345930051e-05,0.000204121478447288,1.97489591477239,5,0.3,1,0.364405816356261,7.69171334111166e-05
100,1.65500533274838e-06,5.0820356249706e-09,3.96424931380926e-10,1.654608907817e-06,1.28788943157908e-05,1.99839715678526,5,0.3,1,0.364405816356261,4.54165454683733e-06
1,0.400780477752861,0.215448198519893,0.0129653707810912,0.38781510697177,0.0268452224220429,0.803957609956801,7,0.3,1,0.364405816356261,1.09981910212168
5,0.484762883723608,0.120357440247453,0.00555508682642045,0.479207796897188,0.0718005409315159,1.32593687531167,7,0.3,1,0.364405816356261,1.33028305796766
9,0.4797129102959,0.068592096444029,0.00246416749639938,0.4772487427995,0.0718454720109626,1.57746222713633,7,0.3,1,0.364405816356261,1.31642495471837
20,0.355684477203889,0.0377747628257959,0.000546578194809015,0.35513789900908,0.0908514799990051,1.69884678290609,7,0.3,1,0.364405816356261,0.976066959524475
50,0.182866052007398,0.0282379596274264,0.000170250268852958,0.182695801738545,0.210094040288627,1.62006104147717,7,0.3,1,0.364405816356261,0.50181979485371
70,0.127753315583615,0.0640770127565014,0.000140498816812325,0.127612816766803,0.337810637144829,0.943097571206827,7,0.3,1,0.364405816356261,0.350579792773444
85,0.107231645861554,0.0900522177849424,0.000103083407908493,0.107128562453646,0.362471224795642,0.32186621594382,7,0.3,1,0.364405816356261,0.294264364201914
100,0.0987673008009191,0.0925954716040721,6.67601396334338e-05,0.0987005406612857,0.35441339889826,0.114950055212238,7,0.3,1,0.364405816356261,0.271036565191263
1,0.375327039810161,0.234922782873028,0.0145881528655388,0.360738886944622,0.0145881528655388,0.674722807692157,10,0.3,1,0.364405816356261,1.02996994823821
5,0.413088002977782,0.18781398751534,0.00856468524255061,0.404523317735231,0.042823426212753,0.935213770271886,10,0.3,1,0.364405816356261,1.13359333039275
9,0.42579084178501,0.160088816719905,0.00564707500130222,0.420143766783708,0.05082367501172,1.06957768026918,10,0.3,1,0.364405816356261,1.16845237554808
20,0.415251514787287,0.170546959633746,0.00218883379462392,0.413062680992663,0.0437766758924785,1.00836013772817,10,0.3,1,0.364405816356261,1.13953042500649
50,0.368663856042077,0.102191660035752,0.00150954143558042,0.367154314606497,0.0754770717790209,1.30169992398556,10,0.3,1,0.364405816356261,1.01168488398016
70,0.364736050380762,0.1036524257295,0.00110095651211614,0.363635093868646,0.0770669558481296,1.27899098322203,10,0.3,1,0.364405816356261,1.00090622599772
85,0.36324904210357,0.0994783932228084,0.000913558877451144,0.362335483226118,0.0776525045833473,1.29574554648567,10,0.3,1,0.364405816356261,0.996825587845282
100,0.362158021829921,0.0834744635649823,0.000777080355394078,0.361380941474527,0.0777080355394078,1.38939591796512,10,0.3,1,0.364405816356261,0.993831617319352
1,0.364898133738278,0.252337316857688,0.0173500306254396,0.347548103112838,0.00143361759634613,0.57440426175761,15,0.3,1,0.364405816356261,1.00135101406157
5,0.365947908217066,0.249466149323098,0.0169202193647281,0.349027688852338,0.00441475526925053,0.590702173007049,15,0.3,1,0.364405816356261,1.00423179815357
9,0.366411512655323,0.248245277274138,0.0167261309791002,0.349685381676223,0.00572189888783112,0.597563877088612,15,0.3,1,0.364405816356261,1.00550401834723
20,0.366919606422689,0.246902376424579,0.0165076670148533,0.350411939407835,0.00716465413602971,0.605019035952437,15,0.3,1,0.364405816356261,1.00689832585979
50,0.367267058901225,0.245962530177048,0.0163539555519617,0.350913103349263,0.00816194317801644,0.610157910456736,15,0.3,1,0.364405816356261,1.00785180262372
70,0.367343507792263,0.245751997848672,0.0163196530956374,0.351023854696626,0.00838248695916773,0.611298782256267,15,0.3,1,0.364405816356261,1.00806159315835
85,0.367378455423502,0.24565524283793,0.0163039184342793,0.351074536989222,0.00848340291612636,0.611821784388091,15,0.3,1,0.364405816356261,1.00815749621388
100,0.36740338393769,0.245586024945381,0.0162926750265074,0.351110708911183,0.00855541756421196,0.612195426873745,15,0.3,1,0.364405816356261,1.00822590487551
1,0.339716245896367,0.261942706376364,0.00620320961202361,0.333513036284344,0.0733469895631001,0.421229260220607,3,0.3,1.3,0.366027704438072,0.92811621026857
5,0.53647571753123,0.431084762169496,0.000987079980916338,0.535488637550314,0.0637176915822411,0.280324782556204,3,0.3,1.3,0.366027704438072,1.46566970485153
9,0.375874757186877,0.0263195078741486,0.000673054830445137,0.375201702356432,0.116824318013816,1.80291808751177,3,0.3,1.3,0.366027704438072,1.02690247931894
20,0.129974092403655,0.00388601723345968,0.000204007363125344,0.129770085040529,0.320825803845727,1.93122027294462,3,0.3,1.3,0.366027704438072,0.355093592172734
50,1.27197943054073e-05,1.33584853303898e-07,2.07225461678782e-08,1.26990717592394e-05,0.000127274286199913,1.99335840382025,3,0.3,1.3,0.366027704438072,3.47509058772882e-05
70,1.01883733924358e-09,1.08744924664023e-17,3.11854710843218e-13,1.01852548453274e-09,1.19924681657713e-08,1.99999999729383,3,0.3,1.3,0.366027704438072,2.78349787977854e-09
85,4.04733978690865e-12,5.35015127378407e-24,4.18109549737815e-16,4.04692167735891e-12,5.29986780255331e-11,1.99999999999974,3,0.3,1.3,0.366027704438072,1.10574684315827e-11
100,3.95400381948976e-14,2.17167974819623e-29,1.53926905393425e-18,3.95384989258437e-14,5.69576690626232e-13,2,3,0.3,1.3,0.366027704438072,1.0802471429205e-13
1,0.334594040266204,0.298764179018647,0.00701931315120035,0.327574727115004,0.033794031307927,0.207451175111906,5,0.3,1.3,0.366027704438072,0.914122172199711
5,0.463389480815202,0.305776310681205,0.00155876767946496,0.461830713135737,0.0455009361567371,0.53690156053062,5,0.3,1.3,0.366027704438072,1.26599564786114
9,0.460571566072574,0.288402196810742,0.000508639335844479,0.460062926736729,0.0528521328058702,0.595180185416088,5,0.3,1.3,0.366027704438072,1.25829701000269
20,0.256407657728252,0.0118074311401103,0.000303817694013069,0.256103840034239,0.146949812828977,1.87504345252941,5,0.3,1.3,0.366027704438072,0.700514345278565
50,0.0693076042825347,0.056313903290271,0.0001572738107681,0.0691503304717666,0.387189899696819,0.404467970885703,5,0.3,1.3,0.366027704438072,0.189350706086405
70,0.0290782750219332,0.0203085045492366,4.63223756238995e-05,0.0290319526463093,0.211951492064844,0.394575117767672,5,0.3,1.3,0.366027704438072,0.0794428254182954
85,0.00528359623068741,0.00441975868244511,6.34604381040506e-06,0.005277250186877,0.0443057738651506,0.423618124708344,5,0.3,1.3,0.366027704438072,0.0144349626179221
100,0.000387784447426316,4.99901575402385e-05,2.72007941074334e-07,0.000387512439485242,0.00352091162485415,1.87688724657474,5,0.3,1.3,0.366027704438072,0.00105944015363986
1,0.340211178131526,0.310080321832534,0.00799218475164707,0.332218993379879,0.0186370141671159,0.152533466298262,7,0.3,1.3,0.366027704438072,0.92946838178225
5,0.328988811354343,0.196242732365906,0.00379322388679072,0.325195587467552,0.064953698073441,0.706571593991246,7,0.3,1.3,0.366027704438072,0.898808498278591
9,0.355067928295281,0.131265173622269,0.00228880901905134,0.35277911927623,0.0797926304538498,1.12547441096487,7,0.3,1.3,0.366027704438072,0.970057522941834
20,0.335390765829792,0.0635067382246799,0.00067275529408479,0.334718010535707,0.0945358635414555,1.49342481130258,7,0.3,1.3,0.366027704438072,0.916298853237587
50,0.209038893532895,0.0325826642755595,0.000163505111680803,0.208875388421214,0.170532794155223,1.59361199849365,7,0.3,1.3,0.366027704438072,0.571101288231209
70,0.166792673331568,0.0386636592972446,0.000104424982312914,0.166688248349255,0.229338406555307,1.43297190313731,7,0.3,1.3,0.366027704438072,0.455683193674176
85,0.143342952801449,0.0497395808668115,7.67254922584308e-05,0.14326622730919,0.306366318224791,1.20354172791636,7,0.3,1.3,0.366027704438072,0.391617768445998
100,0.124565224190067,0.0755166912548826,6.09982343098677e-05,0.124504225955757,0.364180482198447,0.724883792873669,7,0.3,1.3,0.366027704438072,0.34031638228396
1,0.351257671060751,0.321200809993366,0.00914388397721602,0.342113787083535,0.00914388397721602,0.13247089387155,10,0.3,1.3,0.366027704438072,0.959647772017707
5,0.320382835251875,0.286082774069461,0.00599842266942252,0.314384412582453,0.0299921133471126,0.215594542508409,10,0.3,1.3,0.366027704438072,0.875296682101507
9,0.313112288869169,0.258113882797187,0.0044931015411308,0.308619187328038,0.0404379138701772,0.326294142283739,10,0.3,1.3,0.366027704438072,0.855433304836477
20,0.311126226272723,0.221839992839591,0.0026544855061607,0.308471740766563,0.053089710123214,0.499767017740922,10,0.3,1.3,0.366027704438072,0.850007315021049
50,0.309736417919498,0.191649914915582,0.00126735601349485,0.308469061906003,0.0633678006747424,0.64783988703698,10,0.3,1.3,0.366027704438072,0.846210311853328
70,0.308413377697883,0.187181466689306,0.000939505163331388,0.307473872534552,0.0657653614331972,0.66791424378299,10,0.3,1.3,0.366027704438072,0.842595721466935
85,0.307547415713653,0.181821687570378,0.000786634277973326,0.30676078143568,0.0668639136277327,0.692174551719546,10,0.3,1.3,0.366027704438072,0.840229884199073
100,0.306805681144554,0.178269389976536,0.000676479835075323,0.306129201309479,0.0676479835075323,0.70803880392538,10,0.3,1.3,0.366027704438072,0.838203440407781
1,0.364816862654161,0.335949995643467,0.0105808650170468,0.354235997637114,0.00103910660150853,0.115686962736949,15,0.3,1.3,0.366027704438072,0.996691939519253
5,0.362288521825438,0.332965110960484,0.0103045572043426,0.351983964621095,0.00314856887829139,0.119592992648502,15,0.3,1.3,0.366027704438072,0.989784427333515
9,0.361166884044211,0.331897974763488,0.010181281771943,0.350985602272268,0.00404710825505403,0.120843833029666,15,0.3,1.3,0.366027704438072,0.986720075188507
20,0.359913947181112,0.330910602512728,0.0100441867434849,0.349869760437627,0.0050164874008563,0.121616287294958,15,0.3,1.3,0.366027704438072,0.983297009535532
50,0.359037016707948,0.330349386483246,0.00994909722389024,0.349087919484057,0.00567121783944841,0.121937961157143,15,0.3,1.3,0.366027704438072,0.980901205986973
70,0.358841812087978,0.330238804082488,0.00992806317222078,0.348913748915758,0.00581418440558669,0.121947761089565,15,0.3,1.3,0.366027704438072,0.980367900399438
85,0.358752334701368,0.33018983626309,0.00991843983044742,0.34883389487092,0.00587937484880446,0.121944752852635,15,0.3,1.3,0.366027704438072,0.980123445169613
100,0.358688422819951,0.330155518156069,0.00991157329425149,0.3487768495257,0.00592580703769908,0.121939723435778,15,0.3,1.3,0.366027704438072,0.979948835759884
1,0.707287682985162,0.653213246785397,0.00737475850795307,0.699912924477209,0.0236723283422076,0.151302527117826,3,0.3,2,0.77741694717452,0.909791953411566
5,0.413062409387459,0.220121496205346,0.000893284845979318,0.412169124541479,0.0688151336463289,0.877767487575103,3,0.3,2,0.77741694717452,0.531326736429804
9,0.331594355011984,0.0517516093052608,0.00113555468487001,0.330458800327114,0.126500174578791,1.60526530746152,3,0.3,2,0.77741694717452,0.426533478871468
20,0.267791673221845,0.0095655919540675,6.95859667883727e-05,0.267722087255057,0.120977536184135,1.91229122853708,3,0.3,2,0.77741694717452,0.344463385053696
50,0.150982479705743,0.00016848867466512,5.18780907228397e-05,0.15093060161502,0.221077982480482,1.99839295824169,3,0.3,2,0.77741694717452,0.194210430135953
70,0.136854116147176,4.46416399932969e-05,7.33932866990672e-07,0.136853382214309,0.081019050373547,1.99957302314419,3,0.3,2,0.77741694717452,0.17603696014676
85,0.135992366495014,3.38385321124983e-07,3.26819650580266e-08,0.135992333813049,0.0767625526566244,1.99999675964878,3,0.3,2,0.77741694717452,0.174928482057499
100,0.135534760310174,6.29024424813221e-10,3.83608343229139e-09,0.135534756474091,0.0752672127200324,1.99999999397196,3,0.3,2,0.77741694717452,0.174339858171047
1,0.722886957746751,0.672696943286981,0.00845847751464305,0.714428480232108,0.0170409474335959,0.137553516967313,5,0.3,2,0.77741694717452,0.929857472716597
5,0.520923090997344,0.413133473373182,0.00216948192704434,0.5187536090703,0.0411637304946663,0.409751621370755,5,0.3,2,0.77741694717452,0.670069121712115
9,0.378345815350873,0.186739536286606,0.000635830230404493,0.377709985120468,0.0569916349029558,0.971341054978665,5,0.3,2,0.77741694717452,0.486670398331231
20,0.30589261015255,0.0301896636843593,0.000363682102412076,0.305528928050138,0.103448350700078,1.75490516225942,5,0.3,2,0.77741694717452,0.393473040772137
50,0.218332061967675,0.00538507928565495,6.25963455606982e-05,0.218269465622114,0.190333201064274,1.95188783339088,5,0.3,2,0.77741694717452,0.280842941180008
70,0.201347190174939,0.00441429182908177,3.64852257464408e-05,0.201310704949193,0.204513361181854,1.96033564382064,5,0.3,2,0.77741694717452,0.25899511312009
85,0.192592068799263,0.00380518110556084,2.67060730478735e-05,0.192565362726215,0.202240967934624,1.96571940113176,5,0.3,2,0.77741694717452,0.247733303858668
100,0.186513499359436,0.00336538342305669,1.55467573129702e-05,0.186497952602123,0.166389697382169,1.9696276102244,5,0.3,2,0.77741694717452,0.239914372895149
1,0.733782139666236,0.686283178849675,0.00918452504925809,0.724597614616977,0.0135436652911254,0.128288821701647,7,0.3,2,0.77741694717452,0.94387206547674
5,0.582821476107778,0.498752657857502,0.00350362043506591,0.579317855672712,0.0352335627426847,0.289139190463142,7,0.3,2,0.77741694717452,0.749689697691839
9,0.476703245907775,0.358060746020242,0.00156907435754325,0.475134171550231,0.0401827289881989,0.496908182288236,7,0.3,2,0.77741694717452,0.613188646890613
20,0.329350177962177,0.139820308609188,0.000420776775497571,0.32892940118668,0.0715624987336684,1.13632250374969,7,0.3,2,0.77741694717452,0.42364676916188
50,0.283584993303718,0.0642637841792859,0.000102402254912409,0.283482591048805,0.0985004657831598,1.51361039468157,7,0.3,2,0.77741694717452,0.364778506996011
70,0.272155165351455,0.0608404319329898,4.51788310167849e-05,0.272109986520438,0.103166087495026,1.53144484882451,7,0.3,2,0.77741694717452,0.350076193142674
85,0.264979310777462,0.0455658444909836,3.01996284835757e-05,0.264949111148979,0.106002955270552,1.6369516061267,7,0.3,2,0.77741694717452,0.340845812199638
100,0.258871433695365,0.0378431178100947,1.99342876247984e-05,0.258851499407741,0.110340299016386,1.69297025671076,7,0.3,2,0.77741694717452,0.332989182492381
1,0.746381455889796,0.701918296490514,0.0100282333214056,0.73635322256839,0.0100282333214056,0.117954225532121,10,0.3,2,0.77741694717452,0.960078705001839
5,0.649677843667692,0.584812425155345,0.00561468721001223,0.64406315645768,0.0280734360500612,0.200928713783939,10,0.3,2,0.77741694717452,0.835687781220762
9,0.586961377720337,0.508119316101871,0.00374585311626297,0.583215524604074,0.0337126780463667,0.272275217533459,10,0.3,2,0.77741694717452,0.755014898830823
20,0.497874348907883,0.397690037724289,0.00186922131560011,0.496005127592283,0.0373844263120022,0.412011437397318,10,0.3,2,0.77741694717452,0.640421270358694
50,0.424829905047883,0.307599992889337,0.000769385753648059,0.424060519294235,0.038469287682403,0.571862369507587,10,0.3,2,0.77741694717452,0.546463395983204
70,0.40817125855571,0.287843880595999,0.000553259279686454,0.407617999276024,0.0387281495780518,0.614118405679739,10,0.3,2,0.77741694717452,0.525035195128157
85,0.400602301851292,0.279103347069651,0.000457471200542084,0.40014483065075,0.0388850520460771,0.633624243332892,10,0.3,2,0.77741694717452,0.515299162575835
100,0.395241891950459,0.273033607574003,0.000390196189776388,0.394851695760682,0.0390196189776388,0.647443063508788,10,0.3,2,0.77741694717452,0.508404008154111
1,0.769635023772333,0.729859048677044,0.0115974002177705,0.758037623554562,0.00323729929373804,0.101098620763316,15,0.3,2,0.77741694717452,0.989990026033688
5,0.750513795454851,0.707458884319058,0.0104679696379836,0.740045825816868,0.00998061073385648,0.113676712687346,15,0.3,2,0.77741694717452,0.965394178995652
9,0.740701826036868,0.695914694476144,0.00994789771888168,0.730753928317986,0.0128623525458785,0.120343947258041,15,0.3,2,0.77741694717452,0.9527729344323
20,0.728758723739274,0.681839169185998,0.00936289239995844,0.719395831339316,0.0159096312813836,0.128467369359548,15,0.3,2,0.77741694717452,0.937410390123227
50,0.719850206589285,0.671544020302949,0.00895624611726918,0.710893960472016,0.0178951450591264,0.134217075941373,15,0.3,2,0.77741694717452,0.925951266184178
70,0.717815219637525,0.669216931126261,0.00886650357890933,0.708948716058616,0.0183178118705958,0.135498655634646,15,0.3,2,0.77741694717452,0.923333640006674
85,0.716876756314262,0.668145541004262,0.00882549062671363,0.708051265687548,0.0185090604382834,0.136088305066326,15,0.3,2,0.77741694717452,0.922126484275539
100,0.716204321251139,0.667378348082192,0.00879624648162417,0.707408074769515,0.0186446919503877,0.136510679093398,15,0.3,2,0.77741694717452,0.921261523631747
1,0.785652790350714,0.752300049809296,0.0116244951241084,0.774028295226605,0.0269594622210763,0.0813372947796031,3,0.3,3,0.753606299576491,1.04252418111716
5,0.780036872648577,0.732836762035146,0.00417282808861416,0.775864044559962,0.07415964915741,0.114656393729723,3,0.3,3,0.753606299576491,1.03507212331816
9,0.669412246405799,0.638716958523028,0.00149967882133302,0.667912567584466,0.0820426153749441,0.0832335503720169,3,0.3,3,0.753606299576491,0.88827846420869
20,0.466156862471231,0.3734356781224,0.000102529958237446,0.466054332512993,0.0748690080192928,0.320460326332954,3,0.3,3,0.753606299576491,0.618568160501312
50,0.413314577515115,0.286976071294305,7.42826576439981e-07,0.413313834688538,0.0720872563301205,0.519062820994875,3,0.3,3,0.753606299576491,0.548448941771569
70,0.411300349430211,0.28409564776185,7.06946522316838e-08,0.411300278735559,0.0718293970023822,0.525550927642949,3,0.3,3,0.753606299576491,0.545776156145925
85,0.410611148097799,0.283143030660042,1.58522271117549e-08,0.410611132245572,0.0717260484677096,0.527569116789829,3,0.3,3,0.753606299576491,0.54486161849835
100,0.410158855394272,0.282523079396737,4.21123448945717e-09,0.410158851183038,0.0716573034774502,0.528860028299754,3,0.3,3,0.753606299576491,0.544261447422575
1,0.79152037662517,0.755303627268031,0.012300622559693,0.779219754065477,0.020825258594297,0.0858441410892827,5,0.3,3,0.753606299576491,1.05031019123644
5,0.802777545900591,0.756197620183722,0.00556928822268632,0.797208257677905,0.0633788005605327,0.111187193325875,5,0.3,3,0.753606299576491,1.06524792368606
9,0.730313747461985,0.690238978496624,0.00273528348703693,0.727578463974948,0.0768916650745384,0.106823687660148,5,0.3,3,0.753606299576491,0.969091882422432
20,0.563972975050604,0.535811627536351,0.000501477477694258,0.563471497572909,0.0792501528420223,0.0658584367788503,5,0.3,3,0.753606299576491,0.748365526359776
50,0.448882922706784,0.339556101201209,2.10632799194789e-05,0.448861859426864,0.0745810492862781,0.409313609697318,5,0.3,3,0.753606299576491,0.59564645751906
70,0.439369451430863,0.323735379598404,4.88606694040718e-06,0.439364565363923,0.0740406458603564,0.446214948417356,5,0.3,3,0.753606299576491,0.583022530036942
85,0.436780846780239,0.319497076180526,1.95650000691141e-06,0.436778890280232,0.0738698062553073,0.456238987990315,5,0.3,3,0.753606299576491,0.579587573811019
100,0.435439182573497,0.317350562491062,8.74274286255847e-07,0.435438308299211,0.0737702573573094,0.461261625479626,5,0.3,3,0.753606299576491,0.577807248716211
1,0.791195722453827,0.754975000622669,0.0128286617225725,0.778367060731254,0.0172536694220712,0.0860420416547866,7,0.3,3,0.753606299576491,1.04987939047014
5,0.817820498192322,0.770424910066325,0.00686787543852036,0.810952622753802,0.0549170444670418,0.10804362795021,7,0.3,3,0.753606299576491,1.08520921156301
9,0.77113200167925,0.727097051121637,0.00406229717594576,0.767069704503304,0.0696748401902897,0.111441445256731,7,0.3,3,0.753606299576491,1.02325577972558
20,0.651622416290478,0.629344381829046,0.00128893722321665,0.650333479067261,0.078907409013964,0.0625701406361526,7,0.3,3,0.753606299576491,0.86467219907354
50,0.51723562390812,0.45513020032548,0.00016804368258485,0.517067580225535,0.0770313796687516,0.188464108140937,7,0.3,3,0.753606299576491,0.68634726673436
70,0.490359443571638,0.408969887200198,6.68906676242115e-05,0.490292552904014,0.076039277662175,0.270806093614913,7,0.3,3,0.753606299576491,0.650683843602699
85,0.480055405470295,0.391261502910237,3.79265578817358e-05,0.480017478912413,0.0756235608106101,0.305131681136502,7,0.3,3,0.753606299576491,0.637010871246797
100,0.473629862739155,0.380017552853209,2.31492373341788e-05,0.47360671350182,0.0753556625514906,0.327945896481778,7,0.3,3,0.753606299576491,0.628484479237134
1,0.7881043702496,0.752988340986037,0.0134806013305315,0.774623768919068,0.0134806013305315,0.0847274476942949,10,0.3,3,0.753606299576491,1.04577731196315
5,0.831326459689879,0.785536616648977,0.00882648840766149,0.822499971282217,0.0441324420383074,0.102496953574633,10,0.3,3,0.753606299576491,1.10313098518028
9,0.814547647287079,0.769422134780547,0.00642523655559616,0.808122410731483,0.0578271290003654,0.106118266127287,10,0.3,3,0.753606299576491,1.08086629284394
20,0.756728845900366,0.715296056113359,0.00355409591945897,0.753174749980907,0.0710819183891794,0.10671762923062,10,0.3,3,0.753606299576491,1.00414347163185
50,0.684034785320141,0.654850041583395,0.00153864153987025,0.68249614378027,0.0769320769935127,0.0819298043258366,10,0.3,3,0.753606299576491,0.9076818833714
70,0.663145229000202,0.639048645752715,0.0011082258888581,0.662037003111344,0.0775758122200672,0.0664778701226865,10,0.3,3,0.753606299576491,0.879962427825874
85,0.652990350078581,0.63209753808392,0.000914969919482514,0.652075380159098,0.0777724431560137,0.0577559057900388,10,0.3,3,0.753606299576491,0.866487382663263
100,0.645481414462346,0.626919650456124,0.00077873794856059,0.644702676513785,0.077873794856059,0.0508780900024469,10,0.3,3,0.753606299576491,0.856523379415872
1,0.77253800461491,0.74208412129243,0.0148031114488118,0.757734893166098,0.00542364046655576,0.0770815809215331,15,0.3,3,0.753606299576491,1.02512147927779
5,0.816010860353247,0.774339120095089,0.0134444026502736,0.802566457702973,0.0177779560127285,0.0947254931231118,15,0.3,3,0.753606299576491,1.08280790753982
9,0.834296451900682,0.789878591744137,0.012759997295009,0.821536454605673,0.0235994018258017,0.100638568044279,15,0.3,3,0.753606299576491,1.10707202470247
20,0.850009342729909,0.804040503179828,0.0119354848568599,0.838073857873049,0.0301970602063152,0.0988986668481274,15,0.3,3,0.753606299576491,1.12792228940707
50,0.855807847740144,0.81001294280561,0.0113241101729474,0.844483737567196,0.0347712775391818,0.0967778522094968,15,0.3,3,0.753606299576491,1.13561663194839
70,0.856512616047835,0.810916676195755,0.0111847405478166,0.845327875500018,0.0357745943497629,0.0966703311298528,15,0.3,3,0.753606299576491,1.13655182623762
85,0.856768269429422,0.811283573489208,0.0111205053376326,0.845647764091789,0.0362320821679567,0.0966304658777136,15,0.3,3,0.753606299576491,1.13689106621177
100,0.856924835538348,0.811527754925538,0.0110744940339282,0.84585034150442,0.0365578670424794,0.0965938325342694,15,0.3,3,0.753606299576491,1.13709882205061
1,0.484501932095841,0.482088823958286,0.011436282985894,0.473065649109947,0.0236083884681588,0.00891359764068053,3,0.3,5,0.463861032630765,1.04449802422077
5,0.590020209193231,0.568515537171404,0.00581380999798089,0.58420639919525,0.0732030540329761,0.0608715089783949,3,0.3,5,0.463861032630765,1.27197623358651
9,0.666744558533247,0.598400152412807,0.00320556691429553,0.663538991618951,0.094896021821624,0.178630211943445,3,0.3,5,0.463861032630765,1.43737997294543
20,0.574929550030488,0.492550202628749,0.000668836084286011,0.574260713946202,0.102284533622934,0.268410725104544,3,0.3,5,0.463861032630765,1.23944351774885
50,0.381242453064418,0.341799588590508,1.51839519483393e-05,0.38122726911247,0.0859486819899006,0.133282527484455,3,0.3,5,0.463861032630765,0.821889372561047
70,0.368057181721026,0.319076342151718,2.34586198428581e-06,0.368054835859042,0.0842174281808338,0.179423003791911,3,0.3,5,0.463861032630765,0.793464326230656
85,0.365472547711658,0.315004869146249,7.01915623982789e-07,0.365471845796034,0.0836887207104165,0.188310709524616,3,0.3,5,0.463861032630765,0.787892325507272
100,0.364334425505522,0.313346772082238,2.36543697499198e-07,0.364334188961824,0.0833713114804109,0.191543152948289,3,0.3,5,0.463861032630765,0.785438741079882
1,0.490037413945672,0.484697145981313,0.0118016420053665,0.478235771940305,0.0180879387068881,0.019229382708753,5,0.3,5,0.463861032630765,1.05643151606516
5,0.590070919484764,0.563160348340585,0.00659588921513816,0.583475030269626,0.0605899724603135,0.0773345504918686,5,0.3,5,0.463861032630765,1.27208555574976
9,0.6627250127702,0.596538357462538,0.00401116140950369,0.658713851360696,0.0814133177850482,0.176355110922658,5,0.3,5,0.463861032630765,1.42871456352259
20,0.63300426047717,0.539887427911013,0.00128870282776835,0.631715557649401,0.0993370540047773,0.280250405103807,5,0.3,5,0.463861032630765,1.36464202842631
50,0.449050718017747,0.424394031204571,0.000112054463874164,0.448938663553872,0.093857071426518,0.0920688093930947,5,0.3,5,0.463861032630765,0.968071656010805
70,0.410830702231177,0.388653450924665,3.26571865815238e-05,0.410798045044596,0.0912183779486199,0.0721506158874524,5,0.3,5,0.463861032630765,0.885676255022267
85,0.398881587438182,0.365651071137304,1.49365113626556e-05,0.398866650926819,0.0903054331295943,0.105647418020747,5,0.3,5,0.463861032630765,0.859916137330926
100,0.392730812202543,0.354159020256003,7.45846517700883e-06,0.392723353737366,0.0897972348631257,0.126060144652692,5,0.3,5,0.463861032630765,0.846656184881903
1,0.487371126250706,0.481589591785318,0.0121241268891466,0.475246999361559,0.0153200697887655,0.0211968782374888,7,0.3,5,0.463861032630765,1.0506834848502
5,0.575328959925295,0.549714905318115,0.00744944393716205,0.567879515988133,0.0524570771245658,0.0758234352673803,7,0.3,5,0.463861032630765,1.24030457282076
9,0.642563564881978,0.590384604926709,0.00498535696848233,0.637578207913496,0.0715096911988648,0.141269809474818,7,0.3,5,0.463861032630765,1.3852501496789
20,0.673187847565386,0.580593915610692,0.00210217846860498,0.671085669096781,0.0923231830241886,0.259646429163948,7,0.3,5,0.463861032630765,1.45127053192512
50,0.541881048231949,0.476123257310022,0.000415801538100039,0.541465246693849,0.097157239252099,0.240144874013442,7,0.3,5,0.463861032630765,1.16819696010828
70,0.494026682959038,0.449260319877964,0.000188012085990111,0.493838670873048,0.0954773137599799,0.171940655391548,7,0.3,5,0.463861032630765,1.06503165432369
85,0.471771924924528,0.438364836840595,0.000113793743898708,0.471658131180629,0.0944371620066158,0.125476032660839,7,0.3,5,0.463861032630765,1.01705444462299
100,0.456500524375833,0.431736422043302,7.30775544656731e-05,0.456427446821368,0.0936535195424782,0.091320488759798,7,0.3,5,0.463861032630765,0.984132083237976
1,0.483552975723995,0.477919912281144,0.0125291497629469,0.471023825961048,0.0125291497629469,0.0207784939850169,10,0.3,5,0.463861032630765,1.04245224691876
5,0.546589018464547,0.527218819917842,0.00869066168589507,0.537898356778652,0.0434533084294754,0.0608615528390004,10,0.3,5,0.463861032630765,1.17834648744818
9,0.60482134171114,0.566146020804158,0.00661690922062799,0.598204432490512,0.059552182985652,0.110370584099638,10,0.3,5,0.463861032630765,1.30388478264907
20,0.682586695709629,0.604043741329318,0.00392968388535507,0.678657011824274,0.0785936777071013,0.202798656971759,10,0.3,5,0.463861032630765,1.4715327386704
50,0.671675330577738,0.581431430016422,0.00182905084075065,0.669846279736988,0.0914525420375327,0.251319618955489,10,0.3,5,0.463861032630765,1.4480098204593
70,0.652207339406697,0.563389520747188,0.00133778343259022,0.650869555974107,0.0936448402813156,0.256413107274744,10,0.3,5,0.463861032630765,1.40604037314309
85,0.640999378653788,0.555162764914664,0.00111145335309359,0.639887925300695,0.0944735350129552,0.255738276688588,10,0.3,5,0.463861032630765,1.38187804873022
100,0.63232600774462,0.547389163318496,0.00094983056026287,0.631376177184357,0.094983056026287,0.254349983548013,10,0.3,5,0.463861032630765,1.36317983892377
1,0.473342451702572,0.468768926629117,0.0134710253002269,0.459871426402345,0.00590873822217134,0.0167292284920584,15,0.3,5,0.463861032630765,1.02044021464367
5,0.495561909699042,0.486920986619861,0.0119634691565789,0.483598440542463,0.0204505255289512,0.03106639302529,15,0.3,5,0.463861032630765,1.0683413238842
9,0.510233565915344,0.497659945745253,0.0111560839484448,0.499077481966899,0.027974501368284,0.0436691561934276,15,0.3,5,0.463861032630765,1.09997074559503
20,0.532542659343537,0.515253331689707,0.0101465652277425,0.522396094115795,0.0371920042558659,0.057134277182834,15,0.3,5,0.463861032630765,1.14806509251973
50,0.546969988027082,0.525382529475703,0.00936786902611178,0.53760211900097,0.043905216016228,0.0698805212808572,15,0.3,5,0.463861032630765,1.1791677885184
70,0.55278248356594,0.528608349675845,0.00918241136051962,0.543600072205421,0.045458545926504,0.0779244961789326,15,0.3,5,0.463861032630765,1.19169847148156
85,0.556048293092951,0.530398384628399,0.00909558326032897,0.546952709832622,0.0461834130203274,0.0820630488390897,15,0.3,5,0.463861032630765,1.19873896270042
100,0.558315920982953,0.53178888877896,0.00903366116525879,0.549282259817694,0.0467009800792665,0.0841378132541403,15,0.3,5,0.463861032630765,1.20362755590072
1,0.430142862805472,0.428656758886436,0.00893412713388647,0.421208735671585,0.0178410863039712,0.00836100887914019,3,0.3,10,0.410871824009406,1.04690279953493
5,0.491290678688474,0.481404341083649,0.00536715861158105,0.485923520076893,0.0553551939842975,0.0319220486217596,3,0.3,10,0.410871824009406,1.19572735334907
9,0.544671012201998,0.527802827445927,0.0035526082724028,0.541118403929595,0.0738207831583876,0.0518370601247017,3,0.3,10,0.410871824009406,1.32564702754971
20,0.605417649171714,0.54210341370738,0.00139499874000067,0.604022650431714,0.0965143502157912,0.188868903834568,3,0.3,10,0.410871824009406,1.47349517244545
50,0.457264375663844,0.391831156819534,0.000149890455003622,0.45711448520884,0.0956531510336438,0.285996297154881,3,0.3,10,0.410871824009406,1.11291246793641
70,0.379314448936001,0.355317945407508,3.75450710254744e-05,0.379276903864975,0.0891272459884906,0.112522539411012,3,0.3,10,0.410871824009406,0.923194112544737
85,0.353081929021587,0.344587865704948,1.49127525072878e-05,0.35306701626908,0.0866030148131489,0.0425106236953282,3,0.3,10,0.410871824009406,0.859348118778532
100,0.340668091869169,0.323908880058154,6.47957310134387e-06,0.340661612296067,0.0852454252109158,0.0639284300662813,3,0.3,10,0.410871824009406,0.829134712974064
1,0.419363117340776,0.41862944140067,0.00905311796605347,0.410309999374723,0.013466391797693,0.00422875465100402,5,0.3,10,0.410871824009406,1.02066652623806
5,0.486939234117696,0.479616339236197,0.00574182935736299,0.481197404760333,0.0459859124836281,0.0270667039831707,5,0.3,10,0.410871824009406,1.18513659409887
9,0.528185960161139,0.510205259006314,0.0039973820522517,0.524188578108887,0.063417024931879,0.0608323982866386,5,0.3,10,0.410871824009406,1.28552489924217
20,0.596739387885171,0.539790371187223,0.00179008698996014,0.594949300895211,0.0856709930630552,0.173271471950523,5,0.3,10,0.410871824009406,1.45237359442664
50,0.525324588681164,0.439719362179267,0.000355539984838424,0.524969048696326,0.0971304837897086,0.327319724487801,5,0.3,10,0.410871824009406,1.27856075297375
70,0.457468330772404,0.396607857926121,0.000145990966893823,0.45732233980551,0.0952426155973432,0.280046411867307,5,0.3,10,0.410871824009406,1.11340886388435
85,0.421837170485296,0.379591369646935,7.97611827997182e-05,0.421757409302496,0.0934846500942673,0.212688681384777,5,0.3,10,0.410871824009406,1.02668799814231
100,0.397426204713431,0.368600231790431,4.58216224207906e-05,0.397380383091011,0.0920623911423284,0.143533668860169,5,0.3,10,0.410871824009406,0.967275392201957
1,0.416156351555338,0.414926753224601,0.00923183084585535,0.406924520709483,0.0114500202499511,0.00755616493029291,7,0.3,10,0.410871824009406,1.01286174236618
5,0.47115431751078,0.463552694366855,0.00618479165166658,0.464969525859114,0.0405496979195688,0.0299095972106136,7,0.3,10,0.410871824009406,1.14671848975459
9,0.50883621149066,0.492565901449113,0.00452808739920747,0.504308124091452,0.0567848650378008,0.0580059851594176,7,0.3,10,0.410871824009406,1.23843053175389
20,0.571577260356654,0.527216981013405,0.00233843904241474,0.569238821314239,0.0780205677698758,0.139340590345999,7,0.3,10,0.410871824009406,1.39113277415579
50,0.579435529715957,0.487117107256376,0.000685761043976594,0.57874976867198,0.0935113884044857,0.308792635505349,7,0.3,10,0.410871824009406,1.41025861559855
70,0.534891518935791,0.449377833212699,0.000376766451472596,0.534514752484319,0.0953936735780958,0.318924521905127,7,0.3,10,0.410871824009406,1.30184521711945
85,0.506943893218975,0.429209257881869,0.000254356704641008,0.506689536514334,0.0955345021945799,0.313500157862041,7,0.3,10,0.410871824009406,1.23382491471932
100,0.483919521858479,0.415089813393014,0.00017809764325794,0.483741424215221,0.095260048918562,0.297453419644158,7,0.3,10,0.410871824009406,1.17778707027474
1,0.428153231504885,0.425458881407664,0.00950884736972351,0.418644384135161,0.00950884736972351,0.0105144631931457,10,0.3,10,0.410871824009406,1.04206033727707
5,0.459310176370216,0.45267969782033,0.00688069838532516,0.452429477984891,0.0344034919266258,0.0269142382712853,10,0.3,10,0.410871824009406,1.11789163804939
9,0.49487558560303,0.480568906946185,0.00541344860279215,0.489462137000238,0.0487210374251293,0.0512830019378735,10,0.3,10,0.410871824009406,1.20445247565017
20,0.545153096739114,0.511623630646125,0.00339798276843592,0.541755113970679,0.0679596553687184,0.109321051485628,10,0.3,10,0.410871824009406,1.32682034854411
50,0.597878535505831,0.524806408998043,0.0016643002754542,0.596214235230377,0.08321501377271,0.220331020306228,10,0.3,10,0.410871824009406,1.45514610778505
70,0.602457134362265,0.519684545234522,0.00123751005928407,0.601219624302981,0.0866257041498852,0.262184742807299,10,0.3,10,0.410871824009406,1.46628972627842
85,0.597802348460504,0.514480524802327,0.00103793016518647,0.596764418295317,0.0882240640408498,0.255226630581623,10,0.3,10,0.410871824009406,1.45496068001689
100,0.596917226075602,0.508536950985812,0.000893428999466992,0.596023797076135,0.0893428999466992,0.272557533170677,10,0.3,10,0.410871824009406,1.45280642573811
1,0.421591513438905,0.41843652814251,0.0101059997257316,0.411485513713174,0.00475007042251389,0.0112858107960426,15,0.3,10,0.410871824009406,1.02609010597245
5,0.437160227543949,0.43480143924232,0.00896210556321969,0.428198121980729,0.0172506956180118,0.010384550729108,15,0.3,10,0.410871824009406,1.06398200606217
9,0.445359636532698,0.441101751531057,0.00829889605488976,0.437060740477808,0.024302241799092,0.0175111189139817,15,0.3,10,0.410871824009406,1.08393812986919
20,0.455485326772122,0.448233652985898,0.00740183403917915,0.448083492732943,0.0336191226557437,0.0286210351798972,15,0.3,10,0.410871824009406,1.10858253147506
50,0.463158780778907,0.453222661949629,0.00665357693698559,0.456505203841922,0.0411569776121987,0.0384430481663073,15,0.3,10,0.410871824009406,1.12725856024701
70,0.4651103779898,0.454524701654963,0.00647196154275871,0.458638416447041,0.042954983485104,0.0407278880100801,15,0.3,10,0.410871824009406,1.13200845327168
85,0.466117016691966,0.45523366040932,0.00638678777924434,0.459730228912721,0.0437954589215224,0.0417180508429656,15,0.3,10,0.410871824009406,1.13445845992422
100,0.466925249579293,0.455831289082428,0.00632517571065771,0.460600073868635,0.0444031748685688,0.0423591484887109,15,0.3,10,0.410871824009406,1.1364255767721
1,0.434267321675505,0.0549129958575657,0.00923328778645911,0.425034033889046,0.116007579606905,1.70926901845901,3,0.1,0.3,0.70105276149763,0.619450268975188
5,0.0590496070796237,0.0376033312651308,0.000662703575566893,0.0583869035040568,0.0834052931092691,0.788974694637587,3,0.1,0.3,0.70105276149763,0.0842299043990332
9,0.0017137207907785,0.000569755875404062,5.19383325118299e-06,0.00170852695752731,0.00351562659941709,1.52367959150631,3,0.1,0.3,0.70105276149763,0.00244449617047017
20,1.4129635317526e-06,1.41691205991994e-09,2.36841230888603e-10,1.41272669052171e-06,5.81111882263321e-06,1.99961518311325,3,0.1,0.3,0.70105276149763,2.01548814775959e-06
50,3.11789011055436e-09,1.12786646618914e-15,6.54461566356774e-16,3.1178894560928e-09,2.13226424306371e-08,1.99999992489401,3,0.1,0.3,0.70105276149763,4.44744002419125e-09
70,1.21856979961816e-09,1.12196187341871e-16,1.00754148002161e-17,1.21856978954275e-09,8.73525311585273e-09,1.99999998163416,3,0.1,0.3,0.70105276149763,1.73819984249827e-09
85,8.8146125406813e-10,5.08720289741842e-17,1.00740598972175e-18,8.81461253060724e-10,6.41544347538793e-09,1.99999998863306,3,0.1,0.3,0.70105276149763,1.25733939366432e-09
100,7.22862411239501e-10,3.14351211087399e-17,1.50265953162536e-19,7.22862411089235e-10,5.30869632705054e-09,1.99999999149894,3,0.1,0.3,0.70105276149763,1.03110985497765e-09
1,0.588654347414324,0.103389502442019,0.00539493922076576,0.583259408193558,0.0303919435158648,1.56255281180544,5,0.1,0.3,0.70105276149763,0.839671961575054
5,0.171781090994867,0.0983160715087477,0.00266686678228797,0.169114224212579,0.140171417598884,0.834731510841913,5,0.1,0.3,0.70105276149763,0.245033042346053
9,0.0574156445351904,0.0414608015059322,0.000410157350161409,0.057005487185029,0.0684471946831823,0.597878681475234,5,0.1,0.3,0.70105276149763,0.0818991774777918
20,0.00146896759136457,0.000382833102992974,1.34820844630677e-06,0.00146761938291826,0.00265652625430484,1.65765969002166,5,0.1,0.3,0.70105276149763,0.00209537380357289
50,3.51786513086419e-05,4.6491188333602e-07,6.99032384068737e-10,3.51779522762578e-05,9.60112932747585e-05,1.99228888647959,5,0.1,0.3,0.70105276149763,5.01797485734043e-05
70,1.78322833983177e-05,1.22511514995842e-07,5.83050140212525e-11,1.78322250933037e-05,5.29467075385136e-05,1.99650942516855,5,0.1,0.3,0.70105276149763,2.54364355690196e-05
85,1.36261176061936e-05,7.18030506603482e-08,1.46242229437617e-11,1.36261029819707e-05,4.18513495050034e-05,1.99746044997083,5,0.1,0.3,0.70105276149763,1.94366506410797e-05
100,1.1435360990452e-05,5.06327216932791e-08,4.67417689073157e-12,1.14353563162751e-05,3.5909480058658e-05,1.99793694253521,5,0.1,0.3,0.70105276149763,1.63116980896318e-05
1,0.635066789102226,0.100606514285133,0.00695275144601841,0.628114037656207,0.014917768759917,1.6026291522282,7,0.1,0.3,0.70105276149763,0.905875882644779
5,0.237173469688898,0.0838984024819416,0.00496930704838225,0.232204162640516,0.0996335452482964,1.33545998755161,7,0.1,0.3,0.70105276149763,0.338310442115988
9,0.166392509187284,0.114553824487425,0.00216976768643804,0.164222741500846,0.11850936287793,0.597742658597703,7,0.1,0.3,0.70105276149763,0.237346628279199
20,0.0629145636619167,0.0490731285680755,0.00022775588148599,0.0626868077804307,0.0637914810678527,0.46763030758559,7,0.1,0.3,0.70105276149763,0.0897429795833267
50,0.0129150894171224,0.00841713118799763,4.58430710087677e-06,0.0129105051100215,0.0163798756551129,0.799157292161241,7,0.1,0.3,0.70105276149763,0.0184224214302108
70,0.00821823944785974,0.00487700238804417,1.02849093916961e-06,0.00821721095692057,0.010992863501602,0.972570295713944,7,0.1,0.3,0.70105276149763,0.0117227117546809
85,0.00669585419273739,0.00377286335899956,4.42409286142849e-07,0.00669541178345125,0.00916676999334156,1.05382137412508,7,0.1,0.3,0.70105276149763,0.00955114159800656
100,0.00580144513585571,0.00302491484853423,2.20699746584848e-07,0.00580122443610913,0.00807062443268891,1.13656901002498,7,0.1,0.3,0.70105276149763,0.00827533311966752
1,0.671079007275404,0.101872067375385,0.00970848361062785,0.661370523664776,0.00970848361062785,1.6235355034969,10,0.1,0.3,0.70105276149763,0.957244652801603
5,0.446791822429671,0.103412470138076,0.00904120224312756,0.437750620186543,0.0452060112156378,1.48536819297206,10,0.1,0.3,0.70105276149763,0.637315544517944
9,0.303960909321491,0.0585186461559722,0.00747278272358961,0.296488126597902,0.0672550445123065,1.60245594249595,10,0.1,0.3,0.70105276149763,0.433577793306387
20,0.242125998998353,0.101446057916456,0.00425733836316077,0.237868660635192,0.0851467672632153,1.18329021430512,10,0.1,0.3,0.70105276149763,0.345374859491472
50,0.21532503659831,0.136402432448753,0.00191800864760664,0.213407027950703,0.095900432380332,0.776192527920451,10,0.1,0.3,0.70105276149763,0.307145265555077
70,0.208783949315948,0.141393261713968,0.00139983039762577,0.207384118918322,0.097988127833804,0.664959456166949,10,0.1,0.3,0.70105276149763,0.297814887527055
85,0.205652140415854,0.142395209875999,0.00116324122447434,0.20448889919138,0.0988755040803192,0.624610094855368,10,0.1,0.3,0.70105276149763,0.29334759337732
100,0.203361502854096,0.143272145478269,0.000994752751972113,0.202366750102124,0.0994752751972113,0.593934091924602,10,0.1,0.3,0.70105276149763,0.29008016803138
1,0.700187774925577,0.107139193859995,0.0140288103486865,0.686158964576891,0.00133462606078042,1.63207078936599,15,0.1,0.3,0.70105276149763,0.998766160523774
5,0.69703216828442,0.104845937036825,0.0131616405014241,0.683870527782996,0.00392457080779118,1.63479550705026,15,0.1,0.3,0.70105276149763,0.994264920653587
9,0.69493580198923,0.103822283494389,0.0127811674965923,0.682154634492637,0.00496936515754191,1.63562730521595,15,0.1,0.3,0.70105276149763,0.991274608924821
20,0.692021096179904,0.103202265143574,0.0123660104464588,0.679655085733445,0.00604765172672915,1.63473183325303,15,0.1,0.3,0.70105276149763,0.987116996303626
50,0.689607350631796,0.103130015469594,0.0120852030085277,0.677522147623268,0.00674208791667173,1.63286619274937,15,0.1,0.3,0.70105276149763,0.983673966505196
70,0.689028042943031,0.10315549153135,0.0120241029216075,0.677003940021423,0.00688963504103528,1.63229457942685,15,0.1,0.3,0.70105276149763,0.982847626862047
85,0.688757430040901,0.103172191355372,0.0119962870898926,0.676761142951008,0.00695639834757429,1.63201362675002,15,0.1,0.3,0.70105276149763,0.982461617538652
100,0.68856219284778,0.103186041523755,0.0119764946276216,0.676585698220158,0.00700375042170617,1.63180569373708,15,0.1,0.3,0.70105276149763,0.982183126098573
1,0.760710908538967,0.644801832829024,0.00350598289162687,0.75720492564734,0.0302591185447476,0.222487773937423,3,0.1,0.7,0.594717497477185,1.27911304403508
5,0.511815834087517,0.0312197591765843,0.00129026252381491,0.510525571563702,0.124743660917635,1.83046155621852,3,0.1,0.7,0.594717497477185,0.860603288550716
9,0.25067534462571,0.00948382105382567,0.000656563880296859,0.250018780745413,0.220124880561687,1.91582156634986,3,0.1,0.7,0.594717497477185,0.421503227480416
20,0.0126066838352893,0.00610054421839243,4.85014101808845e-05,0.0125581824251084,0.0558566930886972,1.09087138316509,3,0.1,0.7,0.594717497477185,0.0211977685014605
50,4.00535699112377e-09,8.49658147907443e-17,1.71178876157502e-13,4.00518581224761e-09,2.62643938796692e-08,1.99999999307306,3,0.1,0.7,0.594717497477185,6.73489010852153e-09
70,1.90922265114209e-11,8.92046375964788e-23,8.89837217255162e-17,1.90921375276992e-11,1.4892144740274e-10,1.99999999999889,3,0.1,0.7,0.594717497477185,3.21030179747711e-11
85,1.39422734419786e-12,8.04431546536019e-26,1.58804546828161e-18,1.3942257561524e-12,1.20772253312903e-11,1.99999999999999,3,0.1,0.7,0.594717497477185,2.34435231872651e-12
100,2.36905352152267e-13,6.21810497164537e-28,7.53082857496851e-20,2.36905276843981e-13,2.21561369626769e-12,2,3,0.1,0.7,0.594717497477185,3.98349389680359e-13
1,0.706671108342532,0.565746110868411,0.00413838451390524,0.702532723828627,0.0169444679636856,0.303716218155651,5,0.1,0.7,0.594717497477185,1.18824670762212
5,0.675451909441612,0.487000383281733,0.000552651366327402,0.674899258075285,0.035844269531147,0.433775406697052,5,0.1,0.7,0.594717497477185,1.1357525418487
9,0.430160333038241,0.0255086418352055,0.000811892307882955,0.429348440730358,0.100771872379455,1.83910554327123,5,0.1,0.7,0.594717497477185,0.723301962466209
20,0.152747897027431,0.0414973046109465,0.000415701778238102,0.152332195249193,0.27423313998109,1.44378763026171,5,0.1,0.7,0.594717497477185,0.256841101321878
50,0.00169282611850602,0.000409645246958736,1.53436330369763e-06,0.00169129175520232,0.00812622489341455,1.6980737215446,5,0.1,0.7,0.594717497477185,0.00284643738529142
70,0.000115153782555017,1.60906603592797e-06,2.91706640166931e-08,0.000115124611891,0.000650386604230306,1.99019809426967,5,0.1,0.7,0.594717497477185,0.000193627702301519
85,3.53726340192387e-05,8.77411885433015e-08,3.78014093217684e-09,3.53688538783065e-05,0.00021409910052071,1.99856528163789,5,0.1,0.7,0.594717497477185,5.94780449024802e-05
100,1.58212091196141e-05,1.08016266584235e-08,7.71829402684582e-10,1.58204372902114e-05,0.000100308458858797,1.9996467010624,5,0.1,0.7,0.594717497477185,2.66028983285817e-05
1,0.649300321821899,0.483289248354132,0.00455015952719879,0.6447501622947,0.0104464966313438,0.399479742026713,7,0.1,0.7,0.594717497477185,1.09177941556496
5,0.682626769722868,0.507883638908294,0.00130655633218058,0.681320213390688,0.0258999567256722,0.394712483246276,7,0.1,0.7,0.594717497477185,1.1478168586238
9,0.550320758385011,0.170802670553807,0.000799306797586714,0.549521451587425,0.0582171026266602,1.20811406328038,7,0.1,0.7,0.594717497477185,0.925348187533567
20,0.375097976063361,0.0421671282220424,0.000453459087316249,0.374644516976045,0.0999753154670828,1.68777362682081,7,0.1,0.7,0.594717497477185,0.630716226871652
50,0.166406058811035,0.0807080749324856,0.000184985155740789,0.166221073655294,0.296654044722605,0.988494111525208,7,0.1,0.7,0.594717497477185,0.279806899102408
70,0.138552830171594,0.0921197946908275,8.16763973425135e-05,0.138471153774252,0.304655871491474,0.636836021269438,7,0.1,0.7,0.594717497477185,0.232972513435944
85,0.119884159738209,0.0891489958994504,4.84879319505526e-05,0.119835671806258,0.291369639728013,0.51824421916269,7,0.1,0.7,0.594717497477185,0.201581692562876
100,0.105285920542316,0.0733030827739178,2.99730431985096e-05,0.105255947499118,0.27479636024495,0.578627576601738,7,0.1,0.7,0.594717497477185,0.177035182231805
1,0.608110325613842,0.433339412988714,0.00544067522784685,0.602669650385995,0.00544067522784685,0.456131734738558,10,0.1,0.7,0.594717497477185,1.02251964704834
5,0.625699674245411,0.429200918650479,0.00285379342990389,0.622845880815507,0.0142689671495195,0.499517933997982,10,0.1,0.7,0.594717497477185,1.05209562002069
9,0.608616885672326,0.389382682200855,0.00190106951865427,0.606715816153672,0.0171096256678884,0.581399332151888,10,0.1,0.7,0.594717497477185,1.02337141290462
20,0.540572961761835,0.224445823593589,0.00173128195746958,0.538841679804365,0.0346256391493916,1.00315601125787,10,0.1,0.7,0.594717497477185,0.908957553888975
50,0.46114942897665,0.142059069341025,0.00138015355581811,0.459769275420832,0.0690076777909054,1.26284124683185,10,0.1,0.7,0.594717497477185,0.775409216868284
70,0.451355545176027,0.137648309649688,0.00102606426473512,0.450329480911291,0.0718244985314587,1.2686701252807,10,0.1,0.7,0.594717497477185,0.758941088988797
85,0.447509357733327,0.133994498536735,0.000858940293364225,0.446650417439962,0.0730099249359591,1.27808125028081,10,0.1,0.7,0.594717497477185,0.75247383779976
100,0.444941999816731,0.137740036140145,0.000738271283018117,0.444203728533713,0.0738271283018117,1.25658843807337,10,0.1,0.7,0.594717497477185,0.74815690088856
1,0.594990210417519,0.433928557637367,0.00694070795682557,0.588049502460694,0.000564030783983866,0.429783871081465,15,0.1,0.7,0.594717497477185,1.00045855879723
5,0.595331978467371,0.43060231761159,0.00668701062905891,0.588644967838312,0.00164517887643158,0.43964479062071,15,0.1,0.7,0.594717497477185,1.00103323173236
9,0.595381097949149,0.429064209405939,0.00658173190441576,0.588799366044733,0.00208255795259056,0.443994526820058,15,0.1,0.7,0.594717497477185,1.00111582469791
20,0.595365012158749,0.427311196762306,0.00646938873751606,0.588895623421233,0.00254121569437707,0.448819089929866,15,0.1,0.7,0.594717497477185,1.00108877691393
50,0.595314213659038,0.426070535761693,0.00639396592952646,0.588920247729512,0.0028442319456214,0.452198798602011,15,0.1,0.7,0.594717497477185,1.00100336072906
70,0.595299092287982,0.425793716733926,0.00637752441103096,0.588921567876951,0.00290975343435529,0.452972310683912,15,0.1,0.7,0.594717497477185,1.00097793458788
85,0.59529174474031,0.425666816093298,0.0063700294171348,0.588921715323176,0.00293955844216143,0.453326111286252,15,0.1,0.7,0.594717497477185,1.00096557990233
100,0.595286342522079,0.425576176860843,0.00636469172707243,0.588921650795007,0.00296076038208462,0.453578519945326,15,0.1,0.7,0.594717497477185,1.00095649623108
1,0.599375617992042,0.448057732298667,0.00299503749650237,0.596380580495539,0.0282003570173648,0.492313598438845,3,0.1,1,0.767203186123448,0.781247561054313
5,0.442029101930481,0.071961939462846,0.00215107710203051,0.43987802482845,0.130430646148658,1.60451263437107,3,0.1,1,0.767203186123448,0.576156499250194
9,0.394951198109796,0.018327509389123,0.000487336851199008,0.394463861258597,0.127345977579586,1.86557758253535,3,0.1,1,0.767203186123448,0.514793480075885
20,0.184693368175386,0.00155179843878285,0.000199744881525797,0.18449362329386,0.256380362958566,1.98784752273817,3,0.1,1,0.767203186123448,0.2407359243496
50,0.13739391620551,3.73510123151895e-07,3.16813335154635e-07,0.137393599392175,0.0886824502861793,1.99999704208616,3,0.1,1,0.767203186123448,0.179084131414703
70,0.136060231459123,9.33877547991451e-11,2.4664424713524e-08,0.136060206794698,0.0895900835112282,1.99999999925931,3,0.1,1,0.767203186123448,0.177345759141868
85,0.135483171275511,7.25263155584689e-13,4.36608066883894e-09,0.13548316690943,0.0900046165023349,1.99999999999424,3,0.1,1,0.767203186123448,0.176593598314007
100,0.135077381977512,1.48967807493932e-14,8.96561975175938e-10,0.13507738108095,0.0901748188067727,1.99999999999988,3,0.1,1,0.767203186123448,0.176064678067926
1,0.651702883945246,0.528628747225638,0.00412708540523907,0.647575798540006,0.0141175704975837,0.374923045707723,5,0.1,1,0.767203186123448,0.84945278608421
5,0.415030633123425,0.146675339413955,0.00291668879005235,0.412113944333373,0.0955052683439793,1.22023181855458,5,0.1,1,0.767203186123448,0.540965731934075
9,0.411438060713545,0.0613953533653149,0.0012286892593729,0.410209371454172,0.104104951223705,1.63024852773909,5,0.1,1,0.767203186123448,0.536283044902973
20,0.319682047993959,0.0131750983120847,0.000151017601547505,0.319531030392411,0.12297296362049,1.90369582181498,5,0.1,1,0.767203186123448,0.416684984859434
50,0.201243256283961,0.00216046639910125,2.85869532870541e-05,0.201214669330674,0.143944703676215,1.98371677028149,5,0.1,1,0.767203186123448,0.262307638867886
70,0.189402633777822,0.00154384973135707,2.88114030324644e-06,0.189399752637519,0.0925802276349138,1.98833515373164,5,0.1,1,0.767203186123448,0.24687414912188
85,0.187470157818619,0.0004324077257166,7.34827684290788e-07,0.187469422990934,0.0838878925076408,1.99672417520635,5,0.1,1,0.767203186123448,0.244355291022545
100,0.18664419276935,0.00011697669982511,2.59891259241477e-07,0.186643932878091,0.0807263218560818,1.99911294472767,5,0.1,1,0.767203186123448,0.243278698714004
1,0.68237704429308,0.571591549369611,0.00495260542545909,0.677424438867621,0.00960371409665199,0.323937376785344,7,0.1,1,0.767203186123448,0.88943458087162
5,0.465633905578857,0.26596943517093,0.00166827079445864,0.463965634784398,0.0376508259855825,0.844667210469341,7,0.1,1,0.767203186123448,0.606923842341725
9,0.405363383489155,0.173131714580663,0.00187430363147876,0.403489079857676,0.0808565008525719,1.10488585832604,7,0.1,1,0.767203186123448,0.528365093916502
20,0.384809297036898,0.0818397364660166,0.000585328590250671,0.384223968446647,0.0953844645089474,1.4883150815377,7,0.1,1,0.767203186123448,0.501574164441725
50,0.315337495017854,0.0323336894700951,6.76113901405938e-05,0.315269883627714,0.122905332523152,1.77501324788865,7,0.1,1,0.767203186123448,0.411022139534121
70,0.281042308064585,0.0290318512529358,4.73742835104492e-05,0.280994933781075,0.18080095761723,1.79611347525362,7,0.1,1,0.767203186123448,0.366320569502123
85,0.271336905875433,0.0280562686232861,3.17212843272397e-05,0.271305184591106,0.193707323898882,1.80235970219495,7,0.1,1,0.767203186123448,0.353670202083563
100,0.266290301041307,0.0274227684993048,2.13074880403358e-05,0.266268993553266,0.196937527846574,1.80643600097202,7,0.1,1,0.767203186123448,0.347092277323336
1,0.71462678381163,0.615095575721245,0.00593912363104998,0.70868766018058,0.00593912363104998,0.278766593555391,10,0.1,1,0.767203186123448,0.931470041753245
5,0.586070024377353,0.448597931609013,0.00293451604287831,0.583135508334475,0.0146725802143915,0.471238283525772,10,0.1,1,0.767203186123448,0.763904575707863
9,0.523305777514187,0.36817478285282,0.00197825275736896,0.521327524756818,0.0178042748163207,0.599558847263026,10,0.1,1,0.767203186123448,0.682095417458268
20,0.454863636632348,0.302431784887028,0.00141675459265398,0.453446882039694,0.0283350918530795,0.714239969120839,10,0.1,1,0.767203186123448,0.592885489606345
50,0.418972342118036,0.271019434565002,0.000881964592662213,0.418090377525374,0.0440982296331106,0.769677308071732,10,0.1,1,0.767203186123448,0.546103496043904
70,0.413443568816115,0.262291603093139,0.000677074063771174,0.412766494752344,0.0473951844639821,0.789422462851946,10,0.1,1,0.767203186123448,0.538897095703131
85,0.411168544947931,0.259140164773576,0.000575037693401878,0.410593507254529,0.0488782039391597,0.796052427717617,10,0.1,1,0.767203186123448,0.535931748440069
100,0.409632336002173,0.25751411165874,0.000499290272895809,0.409133045729277,0.0499290272895809,0.79884903804054,10,0.1,1,0.767203186123448,0.533929398901455
1,0.759424526696527,0.672763414092772,0.00743711287808005,0.751987413818447,0.00107684457936177,0.228384980115153,15,0.1,1,0.767203186123448,0.989861017827331
5,0.742484741232055,0.65225275046639,0.0069556752464763,0.735529065985578,0.00316544219708744,0.243807394581445,15,0.1,1,0.767203186123448,0.967781097187185
9,0.734757218568052,0.642968619838739,0.00674936009810017,0.728007858469952,0.00400715310508623,0.250935548482555,15,0.1,1,0.767203186123448,0.957708768495423
20,0.726051565003071,0.632568513927885,0.0065263002460397,0.719525264757032,0.00487683435766044,0.259029196760749,15,0.1,1,0.767203186123448,0.946361509096034
50,0.719948872291344,0.625314775825561,0.00637556645929716,0.713573305832047,0.00543918448164464,0.264742918601051,15,0.1,1,0.767203186123448,0.938407041724016
70,0.718592218491027,0.623706198994046,0.00634266373132357,0.712249554759703,0.00555910870805562,0.266017765854224,15,0.1,1,0.767203186123448,0.936638730766951
85,0.717970746885596,0.622969795333179,0.00632766330993875,0.711643083575658,0.00561344050550555,0.266602341350486,15,0.1,1,0.767203186123448,0.935828682507675
100,0.717527010414241,0.6224441768088,0.00631698038120319,0.711210030033038,0.00565200314072659,0.267019957532195,15,0.1,1,0.767203186123448,0.935250300562211
1,0.961766739608629,0.939476595145295,0.0068090235777338,0.954957716030895,0.027178380306654,0.0366150500455394,3,0.1,1.3,1.06122535836793,0.906279455183529
5,0.579860773751692,0.390215108858876,0.000544257075897916,0.579316516675795,0.0527133687712315,0.608895034349708,3,0.1,1.3,1.06122535836793,0.546406820360445
9,0.435251884016623,0.030652073226467,0.000625458301427168,0.434626425715196,0.112351986058529,1.82321442634526,3,0.1,1.3,1.06122535836793,0.410140862715535
20,0.39064065549685,0.00683192751330253,6.5437244977198e-05,0.390575218251873,0.12853626132576,1.95761541360929,3,0.1,1.3,1.06122535836793,0.36810339332413
50,0.365582994809369,6.94153435274815e-05,4.77868031483525e-07,0.365582516941338,0.100988241801101,1.99956108632428,3,0.1,1.3,1.06122535836793,0.344491386232614
70,0.363704261455289,1.25832047736833e-05,6.20566588900487e-08,0.36370419939863,0.0988993138134883,1.99992031411414,3,0.1,1.3,1.06122535836793,0.342721042790228
85,0.36293182842649,2.22599050551562e-06,1.87814113326108e-08,0.362931809645079,0.0992923161649506,1.99998589427329,3,0.1,1.3,1.06122535836793,0.341993173801132
100,0.362395619306261,5.47411304853709e-07,5.92687847030233e-09,0.362395613379383,0.0999885202088463,1.99999652960528,3,0.1,1.3,1.06122535836793,0.341487900236002
1,0.990242934327131,0.975060473241659,0.00814306788058133,0.98209986644655,0.0191561125343493,0.0224647355780081,5,0.1,1.3,1.06122535836793,0.933112770552374
5,0.710553664032636,0.591367663016579,0.00164958859094592,0.70890407544169,0.0416412263787989,0.309533256466774,5,0.1,1.3,1.06122535836793,0.669559635406194
9,0.561854108676223,0.370576093077248,0.00042068467030091,0.561433424005922,0.0444581333708969,0.643682982060038,5,0.1,1.3,1.06122535836793,0.529439015234527
20,0.454280767869684,0.0847766595809366,4.93263833321366e-05,0.454231441486352,0.0885157551153157,1.54879536744007,5,0.1,1.3,1.06122535836793,0.42807191167042
50,0.424838004519393,0.00494767125990135,7.5273049704336e-06,0.424830477214423,0.0900677740089866,1.97000188274568,5,0.1,1.3,1.06122535836793,0.400327791990156
70,0.4223916411675,0.0038835907774374,2.22502300554871e-06,0.422389416144494,0.0882943656216958,1.97637455174006,5,0.1,1.3,1.06122535836793,0.398022566872226
85,0.42148192182075,0.00342243532860747,8.97026207243962e-07,0.421481024794543,0.0882642005865557,1.97915134439025,5,0.1,1.3,1.06122535836793,0.397165332035557
100,0.420887859792384,0.00312815856462114,3.84509054513388e-07,0.420887475283329,0.0885407840629634,1.98092697544043,5,0.1,1.3,1.06122535836793,0.396605543274686
1,1.00799125443151,0.997119796114727,0.0090749058433233,0.998916348588191,0.0146633811606325,0.015035938416361,7,0.1,1.3,1.06122535836793,0.949837135424015
5,0.806156232970233,0.727799549852748,0.00301452473989132,0.803141708230342,0.035651308880239,0.174477106407786,7,0.1,1.3,1.06122535836793,0.759646597787705
9,0.67541998699835,0.543795363029943,0.00125030497072501,0.674169682027625,0.0392756255620586,0.365271466441669,7,0.1,1.3,1.06122535836793,0.636452928374316
20,0.536599556835863,0.337369340592175,0.000223990913757705,0.536375565922106,0.0404586192128533,0.70883813255621,7,0.1,1.3,1.06122535836793,0.505641476246957
50,0.475650645408406,0.227093321270994,1.75662006760592e-05,0.47563307920773,0.0463093840648348,0.993185908184218,7,0.1,1.3,1.06122535836793,0.448208895177474
70,0.467530483969484,0.204315172828938,6.16332013219638e-06,0.467524320649352,0.0504201286238486,1.06637329155218,7,0.1,1.3,1.06122535836793,0.44055721085341
85,0.464403955566774,0.193660343135083,3.29226478441349e-06,0.464400663301989,0.0528355251528886,1.10257123328386,7,0.1,1.3,1.06122535836793,0.437611061500629
100,0.462382835609774,0.185977907923064,1.92485657868079e-06,0.462380910753196,0.0547462791158494,1.12944539017618,7,0.1,1.3,1.06122535836793,0.435706546176846
1,1.02677483278953,1.0194941041235,0.0101876871070532,1.01658714568248,0.0101876871070532,0.00946512500572248,10,0.1,1.3,1.06122535836793,0.967537031313143
5,0.913168129519982,0.874562778815246,0.00548870021645714,0.907679429303525,0.0274435010822857,0.0707176646609544,10,0.1,1.3,1.06122535836793,0.860484648542848
9,0.837902962692776,0.773057635882632,0.00361524098528505,0.834287721707491,0.0325371688675655,0.137148667056309,10,0.1,1.3,1.06122535836793,0.789561760926444
20,0.736606921805667,0.635241094674628,0.0017921383311906,0.734814783474477,0.0358427666238121,0.256268773815046,10,0.1,1.3,1.06122535836793,0.694109800522017
50,0.660679443096366,0.530567941533784,0.000733225859403353,0.659946217236963,0.0366612929701677,0.375214151114984,10,0.1,1.3,1.06122535836793,0.622562811835212
70,0.644134633952195,0.507544630138543,0.000524350896714226,0.643610283055481,0.0367045627699958,0.405442997111761,10,0.1,1.3,1.06122535836793,0.606972523670956
85,0.636679143755804,0.497129031815059,0.000431897550434601,0.636247246205369,0.0367112917869411,0.419689973700517,10,0.1,1.3,1.06122535836793,0.599947163658963
100,0.631415187841794,0.489766255501243,0.000367116491644259,0.63104807135015,0.0367116491644259,0.429986554434109,10,0.1,1.3,1.06122535836793,0.59498690156901
1,1.05487108980168,1.05223973358333,0.0120911508118507,1.04277993898983,0.00258517128365172,0.00392550813441033,15,0.1,1.3,1.06122535836793,0.994012328751718
5,1.0398300446876,1.0350467006462,0.011138932994479,1.02869111169312,0.00785951665767259,0.00625115902345852,15,0.1,1.3,1.06122535836793,0.979839047840671
9,1.03232021971715,1.02612331575056,0.0107113490761308,1.02160887064102,0.0100862629960161,0.00798718706834451,15,0.1,1.3,1.06122535836793,0.972762487795027
20,1.02336604511339,1.01559568000052,0.0102359745665982,1.01313007054679,0.0124445456149608,0.0102347074707526,15,0.1,1.3,1.06122535836793,0.964324907093477
50,1.01680807209152,1.00790355577959,0.00990748500888517,1.00690058708264,0.0139960140489593,0.0120030611511346,15,0.1,1.3,1.06122535836793,0.95814528372681
70,1.01531967583065,1.00613875070751,0.00983506250072198,1.00548461332992,0.0143290561525595,0.0124345312936612,15,0.1,1.3,1.06122535836793,0.9567427576289
85,1.01463408510266,1.00532232970708,0.00980196401319136,1.00483212108947,0.0144801570157774,0.0126374665949294,15,0.1,1.3,1.06122535836793,0.956096720740903
100,1.01414310578564,1.00473621580218,0.0097783617637923,1.00436474402185,0.0145874797923203,0.0127886094074142,15,0.1,1.3,1.06122535836793,0.955634067532376
1,0.887722516757076,0.869591056275599,0.0122001293323127,0.875522387424763,0.0336116449445017,0.0397775925925686,3,0.1,2,0.850508392998877,1.04375515170048
5,0.816430496033859,0.775668300110907,0.00323345513262754,0.813197040901232,0.0843205179818984,0.110253504252269,3,0.1,2,0.850508392998877,0.959932321367389
9,0.671451501393275,0.661774699453742,0.000873515201961063,0.670577986191314,0.0884590920022044,0.0397921290716463,3,0.1,2,0.850508392998877,0.789470752929021
20,0.540079951510203,0.476652829890849,4.08384632060591e-05,0.540039113046997,0.0829918782992513,0.211394135637631,3,0.1,2,0.850508392998877,0.63500837376324
50,0.522030941013575,0.448287155908372,1.69651524352765e-07,0.522030771362051,0.0812891374369396,0.251730201661251,3,0.1,2,0.850508392998877,0.613786936508532
70,0.520871586987166,0.446895137102984,1.27145807998876e-08,0.520871574272585,0.0810713407908753,0.252774349446831,3,0.1,2,0.850508392998877,0.612423805896356
85,0.520394732026919,0.446339362586069,2.49878462317142e-09,0.520394729528134,0.0809784825650149,0.253138137454529,3,0.1,2,0.850508392998877,0.611863135403069
100,0.520066054891632,0.445958777004021,5.97742389845098e-10,0.520066054293889,0.080914416459673,0.253379256678601,3,0.1,2,0.850508392998877,0.611476687558471
1,0.887675059745621,0.870180235238068,0.013154131127103,0.874520928618518,0.0250049820800891,0.0384986189239293,5,0.1,2,0.850508392998877,1.04369935329585
5,0.865086787277958,0.820991584234209,0.00489129532860424,0.860195491949354,0.0707896697530591,0.106743187372267,5,0.1,2,0.850508392998877,1.01714080001924
9,0.761364162705917,0.733358792777044,0.00204302782008434,0.759321134885833,0.0823783482214127,0.0913870798962857,5,0.1,2,0.850508392998877,0.895187124516622
20,0.608582799894875,0.586328348706465,0.000283971905767638,0.608298827989107,0.083706795911832,0.0772989367790332,5,0.1,2,0.850508392998877,0.715551786325145
50,0.550211994950004,0.482262694057116,8.97136848602849e-06,0.550203023581517,0.082031161437268,0.222626655602852,5,0.1,2,0.850508392998877,0.646921299635817
70,0.546342759755535,0.475745056422042,1.84819502179534e-06,0.546340911560514,0.0819261319876429,0.232341377059798,5,0.1,2,0.850508392998877,0.642371979221911
85,0.545216332011713,0.473949537602564,6.91595326323242e-07,0.545215640416386,0.0819020468796432,0.234866552120263,5,0.1,2,0.850508392998877,0.641047562257781
100,0.544585246444882,0.472983073997561,2.9266901346323e-07,0.544584953775868,0.0818910844185089,0.236154322039238,5,0.1,2,0.850508392998877,0.640305552452792
1,0.884130720946066,0.86911641894119,0.0139281157636745,0.870202605182392,0.0200060640539406,0.0329623882042224,7,0.1,2,0.850508392998877,1.03953203545545
5,0.895363669668918,0.850239577916371,0.00655257637118749,0.888811093297731,0.0598769931674369,0.101867729226577,7,0.1,2,0.850508392998877,1.05273936981607
9,0.827866580855759,0.78822105568861,0.00353151963593684,0.824335061219823,0.0735445193197479,0.105698697945552,7,0.1,2,0.850508392998877,0.973378496521024
20,0.696671152794533,0.685463999438846,0.00095533414220074,0.695715818652332,0.0811030458927142,0.0480564641354084,7,0.1,2,0.850508392998877,0.819123195643118
50,0.599136739812289,0.565263097279761,0.000105889438626385,0.599030850373663,0.0807399886027322,0.110286693248039,7,0.1,2,0.850508392998877,0.704445417287117
70,0.583904730983033,0.537755068762497,4.00764470898547e-05,0.583864654535943,0.0804648890472739,0.14777965774874,7,0.1,2,0.850508392998877,0.686536118619824
85,0.578248957479572,0.527412868347682,2.20957920314404e-05,0.57822686168754,0.0803638942751162,0.162558181529277,7,0.1,2,0.850508392998877,0.679886244791397
100,0.574741321496849,0.52107542020026,1.31848544073004e-05,0.574728136642442,0.0803051453663944,0.171741604674265,7,0.1,2,0.850508392998877,0.675762080924706
1,0.87831701063237,0.866334724759156,0.0148965349034036,0.863420475728967,0.0148965349034036,0.0260657110858347,10,0.1,2,0.850508392998877,1.03269646468207
5,0.91747512177681,0.876426943203517,0.00922659507332734,0.908248526703483,0.0461329753666367,0.0865175388876828,10,0.1,2,0.850508392998877,1.0787372932815
9,0.898141313972009,0.852540672279738,0.00655028531435516,0.891591028657654,0.0589525678291965,0.101129903983302,10,0.1,2,0.850508392998877,1.05600523329956
20,0.834780861497821,0.794840358693583,0.00353985902125481,0.831241002476566,0.0707971804250963,0.1038883550734,10,0.1,2,0.850508392998877,0.981508081953664
50,0.765726971577801,0.738316181251122,0.00152465873824589,0.764202312839555,0.0762329369122947,0.0868325066171049,10,0.1,2,0.850508392998877,0.900316772745607
70,0.748032445436891,0.725414050702522,0.00110000951228599,0.746932435924605,0.077000665860019,0.0774859621362106,10,0.1,2,0.850508392998877,0.879512126622692
85,0.739749378937088,0.719214682908614,0.000909333052705113,0.738840045884383,0.0772933094799346,0.0726568841882759,10,0.1,2,0.850508392998877,0.869773167468395
100,0.733757891820202,0.714640212256349,0.000774794711116512,0.732983097109085,0.0774794711116512,0.068785594159762,10,0.1,2,0.850508392998877,0.862728572534111
1,0.85987548523535,0.856096918840094,0.0167272572778151,0.843148227957535,0.00521787093123368,0.00929912006398714,15,0.1,2,0.850508392998877,1.01101352122281
5,0.883402200041266,0.870079312218401,0.015208385810662,0.868193814230604,0.0165630523129814,0.0286967397995432,15,0.1,2,0.850508392998877,1.03867546436127
9,0.893997114739873,0.875540722686366,0.0144954302965551,0.879501684443318,0.0216279165876057,0.0398614727664107,15,0.1,2,0.850508392998877,1.05113261914754
20,0.906903549741002,0.881550495447413,0.0136856650368483,0.893217884704154,0.0271338299189265,0.0526646697276496,15,0.1,2,0.850508392998877,1.06630758403603
50,0.914588343545675,0.885775155469002,0.0131188772623976,0.901469466283278,0.030808315218092,0.0596498385328967,15,0.1,2,0.850508392998877,1.07534311368857
70,0.916253427026454,0.886569109146969,0.0129933766344105,0.903260050392043,0.0315986727662913,0.0616817214965629,15,0.1,2,0.850508392998877,1.07730086448149
85,0.917025088898366,0.886907875269321,0.0129359880802729,0.904089100818093,0.0319571660495944,0.0626879927214011,15,0.1,2,0.850508392998877,1.07820815931628
100,0.917579863764039,0.887139969731764,0.0128950565623833,0.904684807201656,0.0322117361888579,0.0634299319649189,15,0.1,2,0.850508392998877,1.07886044549034
1,0.677264665772592,0.672145040159366,0.0132451822641755,0.664019483508417,0.0308258612513876,0.0137880431560707,3,0.1,3,0.646931596985075,1.04688759820803
5,0.751374612362879,0.69305550494426,0.00520906659936868,0.74616554576351,0.0901403674089142,0.144908860374527,3,0.1,3,0.646931596985075,1.16144367637096
9,0.702211985565106,0.625671820074228,0.00220428956294098,0.700007696002165,0.107380383565483,0.22125720588662,3,0.1,3,0.646931596985075,1.0854501292527
20,0.513172261694729,0.498818216836346,0.000230095022646992,0.512942166672082,0.103556814553358,0.0688995871482136,3,0.1,3,0.646931596985075,0.79324037361336
50,0.445957790356426,0.423478891299212,2.54657422786373e-06,0.445955243782198,0.0969033837435467,0.0959592674621637,3,0.1,3,0.646931596985075,0.689343034773294
70,0.443569846898279,0.420110199934144,2.80991023808335e-07,0.443569565907255,0.096314970453293,0.100006296181851,3,0.1,3,0.646931596985075,0.685651850930558
85,0.442862066424734,0.419254304092264,6.829800361033e-08,0.442861998126731,0.0960852810330814,0.100600456778385,3,0.1,3,0.646931596985075,0.684557793263808
100,0.442420529276796,0.418751990831149,1.93394327850438e-08,0.442420509937363,0.0959305709190696,0.100830757090281,3,0.1,3,0.646931596985075,0.683875283474525
1,0.675247460377805,0.667088160065081,0.0138491752254251,0.66139828515238,0.0233545087687438,0.0218102552817334,5,0.1,3,0.646931596985075,1.04376948586944
5,0.750494951015316,0.697159199335569,0.00642696572699024,0.744067985288326,0.0732660125847691,0.134536065129073,5,0.1,3,0.646931596985075,1.16008393238618
9,0.737769922590854,0.661393229629302,0.00332712763873695,0.734442794952117,0.0928013820632572,0.209011928162348,5,0.1,3,0.646931596985075,1.14041411183055
20,0.597442766666869,0.552629101319211,0.00072932912178398,0.596713437545085,0.102832528796325,0.176464466786625,5,0.1,3,0.646931596985075,0.923502221024848
50,0.481058676689953,0.472593710192785,3.83614488817454e-05,0.481020315241071,0.0992197158809208,0.0414022436669366,5,0.1,3,0.646931596985075,0.743600527369281
70,0.470290050996474,0.452568196449906,9.48661203301814e-06,0.470280564384441,0.098669676047816,0.0750280309333825,5,0.1,3,0.646931596985075,0.726954832919257
85,0.467377603217574,0.447367832358139,3.92733094325429e-06,0.46737367588663,0.0985247434185782,0.0838676491765158,5,0.1,3,0.646931596985075,0.722452892076558
100,0.465897000632557,0.444752150032585,1.80098156024493e-06,0.465895199650996,0.0984546054923801,0.0882739923746083,5,0.1,3,0.646931596985075,0.72016423807988
1,0.66999300894246,0.662715714086294,0.0143879714080703,0.65560503753439,0.0192755498555632,0.0199963259807665,7,0.1,3,0.646931596985075,1.03564737302191
5,0.740712602876179,0.694497379885388,0.00777607757547657,0.732936525300702,0.0619498771725665,0.113428892165127,7,0.1,3,0.646931596985075,1.14496278482633
9,0.755558440512016,0.68327668269881,0.00467431072182865,0.750884129790188,0.0806474416530938,0.183666078746639,7,0.1,3,0.646931596985075,1.16791086419829
20,0.675830613501576,0.606461592046555,0.00160505514914814,0.674225558352428,0.0966130254860981,0.217412342325707,7,0.1,3,0.646931596985075,1.04467089975382
50,0.547735991644605,0.526349871170455,0.000235104240416331,0.547500887404189,0.0985128226561722,0.101891260577842,7,0.1,3,0.646931596985075,0.846667552175909
70,0.520627902773232,0.511108829242161,9.68471753407364e-05,0.520531055597891,0.0978506734435596,0.0507911466778114,7,0.1,3,0.646931596985075,0.804764994011017
85,0.510024883400305,0.504191644568415,5.58441348714995e-05,0.509969039265434,0.0975366819363411,0.0300714437938902,7,0.1,3,0.646931596985075,0.788375286934813
100,0.503336547751861,0.499549713127096,3.45164376735114e-05,0.503302031314188,0.0973304542930843,0.0175770704577317,7,0.1,3,0.646931596985075,0.778036735410024
1,0.663343907514286,0.658556620251736,0.0150804729902772,0.648263434524009,0.0150804729902772,0.013852604439623,10,0.1,3,0.646931596985075,1.02536946812568
5,0.719558966516438,0.68645828177536,0.00985670890360379,0.709702257612834,0.0492835445180189,0.0826711319485152,10,0.1,3,0.646931596985075,1.11226437210647
9,0.747870856863973,0.691510279189096,0.00721443309881395,0.740656423765159,0.0649298978893255,0.139798062417364,10,0.1,3,0.646931596985075,1.15602771660761
20,0.755964470762153,0.675242570494845,0.00407796008483199,0.751886510677321,0.0815592016966397,0.205061306548052,10,0.1,3,0.646931596985075,1.1685384888993
50,0.706527084856888,0.631021100147023,0.00182585286624512,0.704701231990643,0.0912926433122561,0.21604400662413,10,0.1,3,0.646931596985075,1.09212023056154
70,0.687500439111577,0.615877932320962,0.00132692332665469,0.686173515784923,0.0928846328658285,0.213210831002273,10,0.1,3,0.646931596985075,1.06270963161417
85,0.67796404616354,0.609296173781858,0.00110011575789444,0.676863930405646,0.0935098394210278,0.211126396730688,10,0.1,3,0.646931596985075,1.0479686713759
100,0.67084537314596,0.604270843571021,0.000939126187334041,0.669906246958626,0.0939126187334041,0.207067624536224,10,0.1,3,0.646931596985075,1.03696492221485
1,0.653368918644363,0.652269633845841,0.016577554603905,0.636791364040458,0.00598996529617027,0.00378520223192284,15,0.1,3,0.646931596985075,1.00995054452324
5,0.668894925238,0.661141518533566,0.0149256476999554,0.653969277538044,0.019769663229476,0.0213174883577691,15,0.1,3,0.646931596985075,1.03395000082742
9,0.67876693980336,0.668016839983051,0.0141017033089119,0.664665236494448,0.0263655683593159,0.0284046785729659,15,0.1,3,0.646931596985075,1.04920975102569
20,0.687801109689073,0.672995151651224,0.0131148815642661,0.674686228124806,0.0338847865279662,0.0391079847785754,15,0.1,3,0.646931596985075,1.06317439570808
50,0.69853979882545,0.677731744521453,0.0123869834102628,0.686152815415187,0.039177667118508,0.0533277303332802,15,0.1,3,0.646931596985075,1.0797738154712
70,0.70040167790771,0.679046754904841,0.0122230370028702,0.68817864090484,0.0403393173061975,0.0545082385847453,15,0.1,3,0.646931596985075,1.08265183084552
85,0.701159797256974,0.67961538541772,0.0121477165018945,0.68901208075508,0.0408684387436876,0.0549542057400033,15,0.1,3,0.646931596985075,1.08382370025613
100,0.701670888752185,0.680000703196833,0.0120938474562073,0.689577041295977,0.0412450323352523,0.0552662699265743,15,0.1,3,0.646931596985075,1.08461372426732
1,0.591056077671341,0.590714164395777,0.0117803252359357,0.579275752435405,0.0244637381543354,0.00146906333032836,3,0.1,5,0.569018404246495,1.03872928056524
5,0.648885231347055,0.628392181977784,0.0059008925409799,0.642984338806075,0.0759759213197519,0.055986501489665,3,0.1,5,0.569018404246495,1.14035895237224
9,0.665936702514356,0.61597936077083,0.00326044116106273,0.662676261353293,0.098639769511816,0.136899476278621,3,0.1,5,0.569018404246495,1.17032541925635
20,0.571387680337049,0.499139618728538,0.000749700596142977,0.570637979740906,0.113424557713746,0.270272524792488,3,0.1,5,0.569018404246495,1.00416379518285
50,0.401137375679003,0.398748133057464,2.38256235121059e-05,0.401113550055491,0.102597069121913,0.0144128880803594,3,0.1,5,0.569018404246495,0.704963798508761
70,0.388607562319546,0.380466116231075,4.00740263219897e-06,0.388603554916914,0.100882337987926,0.0464488223911425,3,0.1,5,0.569018404246495,0.682943749129077
85,0.386047019210197,0.376399718533998,1.25157725747806e-06,0.386045767632939,0.100366772937072,0.0535425350664167,3,0.1,5,0.569018404246495,0.678443818915502
100,0.384907130994822,0.374807426402969,4.36240466978407e-07,0.384906694754355,0.100064899941207,0.0558531206027369,3,0.1,5,0.569018404246495,0.676440565230088
1,0.580168333806445,0.579257149255477,0.0121037777293598,0.568064556077085,0.0189393511607732,0.00384825639766174,5,0.1,5,0.569018404246495,1.01959502447854
5,0.640849676567983,0.611051750179752,0.00666917903650588,0.634180497531478,0.0624043212570338,0.0835999352522716,5,0.1,5,0.569018404246495,1.12623716875486
9,0.662120984972006,0.61375949804115,0.00405110430229072,0.658069880669716,0.0831652919626765,0.132539682336874,5,0.1,5,0.569018404246495,1.16361962992884
20,0.620743797101975,0.540811260194733,0.00130411061113311,0.619439686490841,0.103633273587897,0.267487469308817,5,0.1,5,0.569018404246495,1.090902846849
50,0.45878029541368,0.436262601726209,0.000129877352954889,0.458650418060725,0.104810111935133,0.128236131299446,5,0.1,5,0.569018404246495,0.806266180478302
70,0.42627270423199,0.419887596699376,3.98605000200138e-05,0.42623284373197,0.103212569446002,0.0424404474616268,5,0.1,5,0.569018404246495,0.749136936610106
85,0.416065318451723,0.413378474221802,1.86625111402297e-05,0.416046655940582,0.102616386739061,0.0147757212797119,5,0.1,5,0.569018404246495,0.731198350258432
100,0.410768880602634,0.408773681061635,9.47264759761299e-06,0.410759407955036,0.102283691181983,0.0163119095816829,5,0.1,5,0.569018404246495,0.721890324701504
1,0.576366186960961,0.575412060641976,0.0124383911270644,0.563927795833897,0.0159705729982063,0.00407480881928768,7,0.1,5,0.569018404246495,1.012913084462
5,0.620906718143243,0.602464855206656,0.00752946867390138,0.613377249469341,0.0540493158898699,0.0523189687308975,7,0.1,5,0.569018404246495,1.0911891663073
9,0.656299664480996,0.607575931618415,0.00503125926500179,0.651268405215994,0.0729220656824405,0.133704383045194,7,0.1,5,0.569018404246495,1.15338916910795
20,0.654230827991962,0.571762236782316,0.00210133958028259,0.652129488411679,0.0939581842391581,0.242565694092201,7,0.1,5,0.569018404246495,1.14975337020655
50,0.539418947904955,0.480187718547303,0.000433857668981269,0.538985090235974,0.103248673637104,0.245021523264424,7,0.1,5,0.569018404246495,0.947981548363562
70,0.497223568928706,0.455960388116364,0.000201697831335068,0.497021871097371,0.103172796286847,0.194203196135504,7,0.1,5,0.569018404246495,0.873826866087291
85,0.477947118044346,0.44666655320525,0.00012394560073693,0.477823172443609,0.10283653989994,0.158165180314718,7,0.1,5,0.569018404246495,0.839950192256528
100,0.464927586499394,0.440167808305818,8.05229380612731e-05,0.464847063561332,0.102517672503158,0.131429317672158,7,0.1,5,0.569018404246495,0.817069506064676
1,0.573847908817752,0.573360016079638,0.0128869436266492,0.560960965191103,0.0128869436266492,0.00252115651342483,10,0.1,5,0.569018404246495,1.00848743122404
5,0.614717418031244,0.598580154536036,0.0088763133620319,0.605841104669212,0.0443815668101595,0.0454616212518211,10,0.1,5,0.569018404246495,1.08031201353718
9,0.630021523714663,0.60244618162521,0.0067219207727285,0.623299602941935,0.0604972869545565,0.0778849487202847,10,0.1,5,0.569018404246495,1.1072076386509
20,0.660569668092424,0.597679235682825,0.00397660406260623,0.656593064029818,0.0795320812521246,0.180220870986326,10,0.1,5,0.569018404246495,1.16089332640684
50,0.650665562405091,0.563578614907535,0.00184608945722548,0.648819472947866,0.0923044728612742,0.258817759424178,10,0.1,5,0.569018404246495,1.14348772825145
70,0.636312493601876,0.550010314190813,0.00135597926119067,0.634956514340685,0.0949185482833467,0.267980955441818,10,0.1,5,0.569018404246495,1.11826346714478
85,0.627743814876724,0.541597107552531,0.00112994641257059,0.626613868464154,0.0960454450685005,0.269505121418613,10,0.1,5,0.569018404246495,1.10320476489332
100,0.620647946040968,0.536473764309994,0.000968060621263045,0.619679885419705,0.0968060621263045,0.272188319400071,10,0.1,5,0.569018404246495,1.09073439700574
1,0.570989407648414,0.570421270892163,0.0139341354049556,0.557055272243458,0.00572990716765414,0.00279381500716631,15,0.1,5,0.569018404246495,1.00346386582088
5,0.57702218202243,0.573478268065928,0.0124561121172288,0.564566069905201,0.0196122404881936,0.0135855166474322,15,0.1,5,0.569018404246495,1.01406593831799
9,0.593420638338101,0.585347137236401,0.011690856607542,0.581729781730559,0.0267804023178032,0.0223698741234592,15,0.1,5,0.569018404246495,1.04288478880383
20,0.595313485532957,0.587798993470678,0.010724616107957,0.584588869425,0.035281962454145,0.0225181763241001,15,0.1,5,0.569018404246495,1.04621130193721
50,0.606999520930415,0.588942302934243,0.0099737557191996,0.597025765211216,0.0416146003572894,0.0537926148182508,15,0.1,5,0.569018404246495,1.06674848546281
70,0.610594980725099,0.59218668848079,0.00980121500081924,0.60079376572428,0.0430642170510044,0.0510661040281552,15,0.1,5,0.569018404246495,1.07306719109316
85,0.611492665538587,0.593861189305161,0.00972180059723832,0.601770864941349,0.0437218786349664,0.0487708163917901,15,0.1,5,0.569018404246495,1.07464479351654
100,0.611928978925006,0.594846282851056,0.00966487288850821,0.602264106036498,0.0441895939351618,0.047354492428442,15,0.1,5,0.569018404246495,1.07541157607254
1,0.573380284898006,0.568929081747887,0.00877051111420029,0.564609773783806,0.0175148589023702,0.0158784863945918,3,0.1,10,0.540547178451355,1.06074050102475
5,0.611724699174458,0.610765911214998,0.00524657690731959,0.606478122267138,0.0550864444344905,0.00301367912224626,3,0.1,10,0.540547178451355,1.1316767963289
9,0.618014465932517,0.609385964553133,0.00344964969828875,0.614564816234228,0.0737064682892054,0.0239668862762064,3,0.1,10,0.540547178451355,1.14331272194058
20,0.608148056315412,0.562122642792089,0.00133011957028523,0.606817936745127,0.0956618828392559,0.139323809545035,3,0.1,10,0.540547178451355,1.12506008829374
50,0.451600928314426,0.412602886559972,0.000154006829834161,0.451446921484592,0.0997761469690975,0.209171007118108,3,0.1,10,0.540547178451355,0.835451457924992
70,0.389118556017623,0.378203691942439,4.24149807844292e-05,0.389076141036839,0.0957162176643146,0.081915541143438,3,0.1,10,0.540547178451355,0.719860488648616
85,0.368424319206733,0.364975882256176,1.77043767694886e-05,0.368406614829963,0.0938959222790435,0.0245995168490424,3,0.1,10,0.540547178451355,0.681576620679536
100,0.358498770360707,0.355538221979546,7.94896667975332e-06,0.358490821394027,0.0928412157686866,0.0292092086844127,3,0.1,10,0.540547178451355,0.663214580802717
1,0.554558836420624,0.549717690950401,0.00890395547492554,0.545654880945699,0.0133748818082426,0.0209463670655737,5,0.1,10,0.540547178451355,1.02592124892671
5,0.600310197210318,0.59700764114049,0.00561242838533241,0.594697768824986,0.045852619829021,0.00815870923252616,5,0.1,10,0.540547178451355,1.11056022700957
9,0.582755914697972,0.575321272680481,0.00387171331152963,0.578884201386442,0.0631429320398885,0.0234442808191578,5,0.1,10,0.540547178451355,1.0780852031594
20,0.609188412432607,0.564221893265745,0.00172545067399415,0.607462961758613,0.0848654199391168,0.134534935060125,5,0.1,10,0.540547178451355,1.12698472347577
50,0.510896162955768,0.455514406825425,0.000341729826797313,0.51055443312897,0.0972222106413203,0.241907199776993,5,0.1,10,0.540547178451355,0.945146294944067
70,0.452280718958737,0.416377609557367,0.000143581472759295,0.452137137485977,0.0971170020771882,0.196800467527619,5,0.1,10,0.540547178451355,0.836709055173504
85,0.42367098640393,0.401489925017367,8.01158525346606e-05,0.423590870551395,0.0964123434309984,0.143427094925098,5,0.1,10,0.540547178451355,0.783781699902179
100,0.404765497212542,0.392108374266255,4.69125909925159e-05,0.40471858462155,0.095734409989698,0.0945308205738173,5,0.1,10,0.540547178451355,0.748806974392463
1,0.550625480045343,0.543652542711035,0.00908725126672249,0.54153822877862,0.0113372340141765,0.0326738266720786,7,0.1,10,0.540547178451355,1.01864462899032
5,0.58524438529056,0.582351189937354,0.00606580102223164,0.579178584268328,0.0402545965557056,0.00748591393633262,7,0.1,10,0.540547178451355,1.08268881722269
9,0.573231700006474,0.566211556053496,0.0044096260046984,0.568822074001775,0.0562938938757517,0.0226426877353343,7,0.1,10,0.540547178451355,1.06046562235096
20,0.603717499597377,0.56894379960492,0.00226558402264304,0.601451915574734,0.0773035819521054,0.103850332668164,7,0.1,10,0.540547178451355,1.11686365901863
50,0.560848243357608,0.495636136645153,0.000663446471305517,0.560184796886303,0.0924224299687054,0.240620849095105,7,0.1,10,0.540547178451355,1.03755650887757
70,0.519482999391333,0.461556493619356,0.000363605783204782,0.519119393608129,0.0948237279236069,0.243167305874252,7,0.1,10,0.540547178451355,0.961031747274364
85,0.494468585403001,0.443412221284303,0.000246184743683858,0.494222400659317,0.0954910911795241,0.234117401183722,7,0.1,10,0.540547178451355,0.914755649672676
100,0.474472278432695,0.430423914307316,0.000173153185979667,0.474299125246716,0.0957347716545238,0.216602451342911,7,0.1,10,0.540547178451355,0.877762936053127
1,0.571029994436946,0.568890999742293,0.00935335779634255,0.561676636640604,0.00935335779634255,0.00599976623142767,10,0.1,10,0.540547178451355,1.05639251706562
5,0.577980959070713,0.57582096898901,0.00677977100660601,0.571201188064107,0.0338988550330301,0.00510409456385698,10,0.1,10,0.540547178451355,1.06925164372628
9,0.570047225079888,0.564670887190007,0.00532253738100993,0.564724687698878,0.0479028364290894,0.0168465875094098,10,0.1,10,0.540547178451355,1.05457441608159
20,0.58693256544049,0.568592301410948,0.00334285696462035,0.583589708475869,0.0668571392924071,0.0561803606414095,10,0.1,10,0.540547178451355,1.08581191214803
50,0.597556015411883,0.545784381332905,0.00164178867190373,0.595914226739979,0.0820894335951863,0.169363189828046,10,0.1,10,0.540547178451355,1.10546505325188
70,0.588465459055645,0.530036874936866,0.00122192082287601,0.587243538232769,0.085534457601321,0.188628719102574,10,0.1,10,0.540547178451355,1.08864773051184
85,0.58332919396597,0.52076169495419,0.00102443882082899,0.582304755145141,0.0870772997704646,0.206251864284047,10,0.1,10,0.540547178451355,1.07914575678146
100,0.578689286917285,0.513531629671035,0.000881559915053489,0.577807727002231,0.0881559915053489,0.221382194218336,10,0.1,10,0.540547178451355,1.07056203415066
1,0.551015806548124,0.537284808383098,0.00994076795388705,0.541075038594237,0.00455858020301331,0.0539184830896147,15,0.1,10,0.540547178451355,1.01936672415303
5,0.572635979647183,0.57061805815159,0.0088717213283089,0.563764258318874,0.01652479918943,0.00573341813208808,15,0.1,10,0.540547178451355,1.05936355321983
9,0.573954455332745,0.572916835033488,0.00825527266313687,0.565699182669608,0.0231898494471946,0.00305934384712616,15,0.1,10,0.540547178451355,1.06180270328503
20,0.573535666674306,0.571381469249285,0.00742705168126447,0.566108614993041,0.0319294572010375,0.00473479959736448,15,0.1,10,0.540547178451355,1.06102795378095
50,0.571149502896306,0.567551431444009,0.00673881697402082,0.564410685922285,0.0389657269724673,0.00994154375044692,15,0.1,10,0.540547178451355,1.05661360500045
70,0.570296040725259,0.566333192028869,0.00657183446128472,0.563724206263974,0.0406387622502598,0.0112848944795655,15,0.1,10,0.540547178451355,1.05503471937294
85,0.569861937025095,0.565725294419866,0.00649353529706628,0.563368401728028,0.0414185154032446,0.011928192841211,15,0.1,10,0.540547178451355,1.05423163738959
100,0.569535394365969,0.565271781138945,0.00643692363165439,0.563098470734314,0.0419803920518207,0.0123993425154282,15,0.1,10,0.540547178451355,1.05362754088859
