"t","selected_biomass","total_biomass","on_frac","schedule","boost_level"
20.2,0.0102595868812254,0.507671282797122,NA,"Constant",NA
20.4,0.0100926740652791,0.513418324841445,NA,"Constant",NA
20.6,0.0102790000076756,0.518687311194703,NA,"Constant",NA
20.8,0.0103294713780294,0.523564997762544,NA,"Constant",NA
21,0.0103131778790619,0.528433853656083,NA,"Constant",NA
21.2,0.0102921362771936,0.533433224943557,NA,"Constant",NA
21.4,0.0102778106154317,0.538525213061223,NA,"Constant",NA
21.6,0.0102677115317678,0.543608972341657,NA,"Constant",NA
21.8,0.0102595060795451,0.548597536879302,NA,"Constant",NA
22,0.010252413974632,0.55344675917205,NA,"Constant",NA
22.2,0.0102463465930639,0.55815061142989,NA,"Constant",NA
22.4,0.0102413379948293,0.562726643815746,NA,"Constant",NA
22.6,0.010237372422409,0.567204933293593,NA,"Constant",NA
22.8,0.0102343874984008,0.571622142527209,NA,"Constant",NA
23,0.0102323095339026,0.576017708488172,NA,"Constant",NA
23.2,0.0102310759524066,0.580428623554321,NA,"Constant",NA
23.4,0.0102306475857015,0.584880499355445,NA,"Constant",NA
23.6,0.010231017230559,0.589376505172604,NA,"Constant",NA
23.8,0.0102322080639717,0.593891599808167,NA,"Constant",NA
24,0.0102342526754216,0.598379765855831,NA,"Constant",NA
24.2,0.0102371613488969,0.602791571938062,NA,"Constant",NA
24.4,0.0102409035473983,0.607089922307112,NA,"Constant",NA
24.6,0.0102454135484174,0.611255814155931,NA,"Constant",NA
24.8,0.0102506084368451,0.615285791392747,NA,"Constant",NA
25,0.0102564029745624,0.619186679881904,NA,"Constant",NA
25.2,0.0102627163758431,0.622971241574664,NA,"Constant",NA
25.4,0.0102694735856383,0.626655687220227,NA,"Constant",NA
25.6,0.010276604427632,0.630258690242989,NA,"Constant",NA
25.8,0.0102840423523994,0.633801291910243,NA,"Constant",NA
26,0.010291723410383,0.637307155464144,NA,"Constant",NA
26.2,0.0102995858229058,0.6408026133274,NA,"Constant",NA
26.4,0.0103075707215507,0.644315715428228,NA,"Constant",NA
26.6,0.0103156249049279,0.647873128283046,NA,"Constant",NA
26.8,0.0103237061740613,0.651493863881815,NA,"Constant",NA
27,0.0103317897575416,0.655180666557258,NA,"Constant",NA
27.2,0.0103398704108644,0.658913690798102,NA,"Constant",NA
27.4,0.0103479535914539,0.662652923046274,NA,"Constant",NA
27.6,0.0103560370526108,0.66635034519204,NA,"Constant",NA
27.8,0.0103640952988612,0.669964241826734,NA,"Constant",NA
28,0.0103720776961584,0.673467192001427,NA,"Constant",NA
28.2,0.0103799178772595,0.676846209461462,NA,"Constant",NA
28.4,0.0103875448910717,0.680098786921488,NA,"Constant",NA
28.6,0.0103948903166403,0.683228606654646,NA,"Constant",NA
28.8,0.0104018912914295,0.68624252870455,NA,"Constant",NA
29,0.0104084914030122,0.68914894030667,NA,"Constant",NA
29.2,0.0104146408423468,0.691957048875267,NA,"Constant",NA
29.4,0.0104202963710893,0.694676722130956,NA,"Constant",NA
29.6,0.0104254212376269,0.697318627845777,NA,"Constant",NA
29.8,0.0104299850517592,0.699894550759904,NA,"Constant",NA
30,0.0104339636046685,0.702417836622407,NA,"Constant",NA
30.2,0.0104373386297127,0.70490393511658,NA,"Constant",NA
30.4,0.0104400975387887,0.707370976765825,NA,"Constant",NA
30.6,0.0104422332618064,0.709840187497021,NA,"Constant",NA
30.8,0.0104437444994177,0.712335652286974,NA,"Constant",NA
31,0.0104446369760766,0.714882458064039,NA,"Constant",NA
31.2,0.0104449264402403,0.717501859936776,NA,"Constant",NA
31.4,0.0104446434354946,0.720202898760845,NA,"Constant",NA
31.6,0.0104438372335676,0.722973286106788,NA,"Constant",NA
31.8,0.0104425731543986,0.7257767344196,NA,"Constant",NA
32,0.0104409198567996,0.728562202706017,NA,"Constant",NA
32.2,0.0104389331832539,0.731280380306774,NA,"Constant",NA
32.4,0.0104366484709852,0.733896143069185,NA,"Constant",NA
32.6,0.0104340846406444,0.736391331800387,NA,"Constant",NA
32.8,0.0104312530022481,0.738760855109499,NA,"Constant",NA
33,0.0104281637307691,0.741007333317561,NA,"Constant",NA
33.2,0.0104248284796203,0.74313708296093,NA,"Constant",NA
33.4,0.0104212606908585,0.745157859068953,NA,"Constant",NA
33.6,0.0104174751210452,0.747077842677216,NA,"Constant",NA
33.8,0.0104134872606997,0.748905315007548,NA,"Constant",NA
34,0.0104093128310453,0.75064865860994,NA,"Constant",NA
34.2,0.0104049673857808,0.752316503971251,NA,"Constant",NA
34.4,0.0104004660122638,0.753917949368278,NA,"Constant",NA
34.6,0.0103958231163696,0.755462839367319,NA,"Constant",NA
34.8,0.0103910522694107,0.756962115685531,NA,"Constant",NA
35,0.0103861660947943,0.75842826602791,NA,"Constant",NA
35.2,0.0103811761788586,0.759875893026061,NA,"Constant",NA
35.4,0.0103760930106264,0.761322391029436,NA,"Constant",NA
35.6,0.0103709260068043,0.762788608244796,NA,"Constant",NA
35.8,0.0103656837991069,0.764299092560208,NA,"Constant",NA
36,0.0103603751993636,0.765880950955334,NA,"Constant",NA
36.2,0.0103550115634714,0.76755958569688,NA,"Constant",NA
36.4,0.0103496111401955,0.769349645591385,NA,"Constant",NA
36.6,0.0103442041515423,0.771242908160148,NA,"Constant",NA
36.8,0.0103388335958604,0.77320172106396,NA,"Constant",NA
37,0.0103335463404032,0.775167927930333,NA,"Constant",NA
37.2,0.0103283780552061,0.777083980531598,NA,"Constant",NA
37.4,0.010323344257075,0.778910115433744,NA,"Constant",NA
37.6,0.0103184433120599,0.780627912052189,NA,"Constant",NA
37.8,0.0103136651237476,0.782234411608151,NA,"Constant",NA
38,0.0103089978091472,0.78373470236633,NA,"Constant",NA
38.2,0.0103044304787436,0.785136845855888,NA,"Constant",NA
38.4,0.0102999537267316,0.786449353416462,NA,"Constant",NA
38.6,0.0102955593867782,0.78768025276222,NA,"Constant",NA
38.8,0.010291240193357,0.788836908210383,NA,"Constant",NA
39,0.0102869894947883,0.789926123902708,NA,"Constant",NA
39.2,0.0102828010354926,0.790954320025973,NA,"Constant",NA
39.4,0.010278668808475,0.791927707573701,NA,"Constant",NA
39.6,0.0102745869731474,0.79285244652165,NA,"Constant",NA
39.8,0.0102705498264624,0.793734794856097,NA,"Constant",NA
40,0.0102665518115792,0.794581263322276,NA,"Constant",NA
40.2,0.01026258754855,0.795398793156607,NA,"Constant",NA
40.4,0.0102586518737218,0.796194975568313,NA,"Constant",NA
40.6,0.0102547398770836,0.796978333344686,NA,"Constant",NA
40.8,0.0102508469295486,0.797758685130195,NA,"Constant",NA
41,0.010246968696804,0.798547605964156,NA,"Constant",NA
41.2,0.0102431011472533,0.799358968726904,NA,"Constant",NA
41.4,0.0102392405883487,0.800209466237927,NA,"Constant",NA
41.6,0.010235383826907,0.801118806909148,NA,"Constant",NA
41.8,0.0102315286687486,0.802108863121447,NA,"Constant",NA
42,0.0102276751343938,0.803200476506542,NA,"Constant",NA
42.2,0.0102238277544862,0.804406540934483,NA,"Constant",NA
42.4,0.0102199985183906,0.805722100097755,NA,"Constant",NA
42.6,0.0102162081061286,0.807117334876999,NA,"Constant",NA
42.8,0.0102124819666123,0.808542058601749,NA,"Constant",NA
43,0.0102088414759901,0.809942236302285,NA,"Constant",NA
43.2,0.0102052963730555,0.811276802347179,NA,"Constant",NA
43.4,0.0102018439388784,0.812523970760532,NA,"Constant",NA
43.6,0.0101984734716089,0.813677679305242,NA,"Constant",NA
43.8,0.0101951712512939,0.814740857223307,NA,"Constant",NA
44,0.0101919234640936,0.815720098183202,NA,"Constant",NA
20.2,0.00990494892808779,0.508021915271949,4.79355524264218e-36,"Threshold (peaks)",3
20.4,0.0101213650931632,0.514010240725762,5.08030920649248e-17,"Threshold (peaks)",3
20.6,0.0102927212899101,0.519128241342694,0.0555956163174957,"Threshold (peaks)",3
20.8,0.0102898470046478,0.523988856633774,0.0318525696836906,"Threshold (peaks)",3
21,0.0102867102965449,0.528919387830041,0.017137461207912,"Threshold (peaks)",3
21.2,0.0102825173141157,0.533963691429843,0.00740659013193276,"Threshold (peaks)",3
21.4,0.0102766329237318,0.539074740911171,0.00226237265196886,"Threshold (peaks)",3
21.6,0.0102689927571258,0.544158018226521,0.000482711862989854,"Threshold (peaks)",3
21.8,0.0102608535460069,0.549135785403988,9.29685270006046e-05,"Threshold (peaks)",3
22,0.0102535381994897,0.553970900930927,2.11481352145962e-05,"Threshold (peaks)",3
22.2,0.0102474270396132,0.558660729399102,6.1382428456402e-06,"Threshold (peaks)",3
22.4,0.0102424585942804,0.563224204332504,2.24526560105769e-06,"Threshold (peaks)",3
22.6,0.0102385332990522,0.567692023745371,1.01436433187821e-06,"Threshold (peaks)",3
22.8,0.0102355749114763,0.572101149988251,5.57341166829414e-07,"Threshold (peaks)",3
23,0.0102335179822365,0.576491019206569,3.67532480222292e-07,"Threshold (peaks)",3
23.2,0.0102323069882509,0.58089812433421,2.87631727787863e-07,"Threshold (peaks)",3
23.4,0.0102319062140462,0.585346856950029,2.65218966101358e-07,"Threshold (peaks)",3
23.6,0.010232310403163,0.589838574183665,2.87830622051663e-07,"Threshold (peaks)",3
23.8,0.0102335435771753,0.594346571361655,3.69441591041777e-07,"Threshold (peaks)",3
24,0.0102356372428255,0.598824215262157,5.64417789426339e-07,"Threshold (peaks)",3
24.2,0.0102385988322736,0.603222704680825,1.02790982164886e-06,"Threshold (peaks)",3
24.4,0.0102423945765086,0.607506220635523,2.21635797678124e-06,"Threshold (peaks)",3
24.6,0.0102469558818813,0.611656979945228,5.57987721552503e-06,"Threshold (peaks)",3
24.8,0.0102521955221636,0.615672365818197,1.6115320927145e-05,"Threshold (peaks)",3
25,0.0102580147413265,0.619559674004391,5.23351090083996e-05,"Threshold (peaks)",3
25.2,0.010264280867856,0.623331888336867,0.00018603419243836,"Threshold (peaks)",3
25.4,0.0102707203018574,0.627005269587363,0.00068465120083679,"Threshold (peaks)",3
25.6,0.0102766477982114,0.630598370034482,0.00226917923658416,"Threshold (peaks)",3
25.8,0.0102810957086985,0.634132348915514,0.00556479932600819,"Threshold (peaks)",3
26,0.0102840802721197,0.637632024668281,0.0101349863519313,"Threshold (peaks)",3
26.2,0.0102862226871908,0.641124884277513,0.0155517990791739,"Threshold (peaks)",3
26.4,0.0102878628798371,0.64463955383864,0.0215436468833083,"Threshold (peaks)",3
26.6,0.0102891740119917,0.64820295874867,0.0279091604227559,"Threshold (peaks)",3
26.8,0.0102902574561443,0.651833906158623,0.0345168099119936,"Threshold (peaks)",3
27,0.0102911771493849,0.655534161981475,0.0412880779611213,"Threshold (peaks)",3
27.2,0.0102919756406033,0.659282121958949,0.0481821387099908,"Threshold (peaks)",3
27.4,0.0102926816630906,0.663035852838456,0.0551759578182906,"Threshold (peaks)",3
27.6,0.0102933141092481,0.66674613397332,0.0622426424986594,"Threshold (peaks)",3
27.8,0.0102938849814521,0.670371147520894,0.0693385674179849,"Threshold (peaks)",3
28,0.0102944019737307,0.673884172102822,0.0764036904905526,"Threshold (peaks)",3
28.2,0.0102948703925563,0.677273195765871,0.0833691731888684,"Threshold (peaks)",3
28.4,0.010295294277106,0.680536610769525,0.0901649149926283,"Threshold (peaks)",3
28.6,0.0102956769351343,0.683678820556094,0.0967241492789438,"Threshold (peaks)",3
28.8,0.0102960211767624,0.686707267932005,0.10298556831519,"Threshold (peaks)",3
29,0.0102963294242559,0.689630872513652,0.108894115751855,"Threshold (peaks)",3
29.2,0.0102966037769723,0.692459416148872,0.114401199687552,"Threshold (peaks)",3
29.4,0.0102968460597512,0.695203471401923,0.11946467831121,"Threshold (peaks)",3
29.6,0.0102970578631655,0.697874631397199,0.124048751013738,"Threshold (peaks)",3
29.8,0.010297240577521,0.700485926401468,0.128123790818333,"Threshold (peaks)",3
30,0.0102973954210147,0.703052377971924,0.131666123961159,"Threshold (peaks)",3
30.2,0.0102975234633969,0.705591641582072,0.134657781903518,"Threshold (peaks)",3
30.4,0.0102976256497153,0.70812459759288,0.137086330970538,"Threshold (peaks)",3
30.6,0.0102977028355817,0.71067550184091,0.138945059220858,"Threshold (peaks)",3
30.8,0.0102977558568515,0.713270824008405,0.14023408636522,"Threshold (peaks)",3
31,0.0102977856660097,0.715935308574272,0.140963177755365,"Threshold (peaks)",3
31.2,0.0102977935450852,0.718683970769477,0.141156417901036,"Threshold (peaks)",3
31.4,0.010297781302959,0.721511540945045,0.140856265876365,"Threshold (peaks)",3
31.6,0.010297751228467,0.724386295483861,0.140121165860095,"Threshold (peaks)",3
31.8,0.0102977056539292,0.727256445907895,0.139013326708252,"Threshold (peaks)",3
32,0.010297646383023,0.730067486851058,0.137583549603725,"Threshold (peaks)",3
32.2,0.0102975744304927,0.732778169145011,0.135864487576307,"Threshold (peaks)",3
32.4,0.0102974901713049,0.735365958661977,0.133874448191733,"Threshold (peaks)",3
32.6,0.0102973936393508,0.737823646044474,0.131624896665578,"Threshold (peaks)",3
32.8,0.0102972847497185,0.740153288492113,0.129125941777487,"Threshold (peaks)",3
33,0.0102971634011565,0.742361388711809,0.12638878725231,"Threshold (peaks)",3
33.2,0.0102970295020817,0.744456132789113,0.123426287927751,"Threshold (peaks)",3
33.4,0.0102968829626447,0.74644614887506,0.120252697745986,"Threshold (peaks)",3
33.6,0.0102967236751478,0.748340107884305,0.116883178559555,"Threshold (peaks)",3
33.8,0.0102965514919221,0.750146718170221,0.113333305325287,"Threshold (peaks)",3
34,0.0102963662037474,0.751874887590877,0.109618651475345,"Threshold (peaks)",3
34.2,0.0102961675192689,0.753533962487735,0.105754472906917,"Threshold (peaks)",3
34.4,0.010295955044581,0.755134023548647,0.101755480414819,"Threshold (peaks)",3
34.6,0.0102957282614924,0.756686251962344,0.0976356798925617,"Threshold (peaks)",3
34.8,0.0102954865026608,0.758203392658167,0.0934082598671829,"Threshold (peaks)",3
35,0.0102952289218326,0.759700337476593,0.0890855154089392,"Threshold (peaks)",3
35.2,0.010294954458426,0.761194814115337,0.0846788225934158,"Threshold (peaks)",3
35.4,0.0102946617994925,0.762708049423598,0.0801987383501733,"Threshold (peaks)",3
35.6,0.0102943493529762,0.764264980877447,0.0756554342300285,"Threshold (peaks)",3
35.8,0.0102940152707456,0.765892996639692,0.0710599077381078,"Threshold (peaks)",3
36,0.0102936575965862,0.76761741027133,0.0664266139343184,"Threshold (peaks)",3
36.2,0.0102932746149537,0.769452057263743,0.061777646412796,"Threshold (peaks)",3
36.4,0.0102928653121493,0.771387079375188,0.057146275294296,"Threshold (peaks)",3
36.6,0.0102924295133714,0.773383009842618,0.0525747615007317,"Threshold (peaks)",3
36.8,0.0102919672254802,0.775380827842945,0.0481040798612004,"Threshold (peaks)",3
37,0.0102914774550643,0.777323546055547,0.0437625172295132,"Threshold (peaks)",3
37.2,0.0102909573622518,0.779172777463177,0.039562530073299,"Threshold (peaks)",3
37.4,0.0102904020844871,0.780911425078715,0.0355058463670039,"Threshold (peaks)",3
37.6,0.0102898048235196,0.782537392712233,0.0315903139496262,"Threshold (peaks)",3
37.8,0.0102891567487555,0.78405619213824,0.027814511539768,"Threshold (peaks)",3
38,0.0102884465530834,0.785476032287717,0.0241801159234453,"Threshold (peaks)",3
38.2,0.0102876596285445,0.786805433083127,0.0206932455566805,"Threshold (peaks)",3
38.4,0.0102867768026977,0.788052369562375,0.0173656964813125,"Threshold (peaks)",3
38.6,0.0102857725187247,0.789224125597803,0.0142165687627477,"Threshold (peaks)",3
38.8,0.0102846123450844,0.790327406327427,0.0112745099288899,"Threshold (peaks)",3
39,0.0102832499135942,0.791368511979328,0.00858040013396596,"Threshold (peaks)",3
39.2,0.0102816241969962,0.792353505595145,0.00618922596785738,"Threshold (peaks)",3
39.4,0.0102796601957767,0.793288364770878,0.0041673775493278,"Threshold (peaks)",3
39.6,0.0102772798836576,0.79417913201186,0.00257810852796918,"Threshold (peaks)",3
39.8,0.0102744313353408,0.795032086887331,0.00145002360832743,"Threshold (peaks)",3
40,0.0102711292203308,0.79585395408632,0.000743689934780714,"Threshold (peaks)",3
40.2,0.0102674695636743,0.796652137798949,0.000354681916935743,"Threshold (peaks)",3
40.4,0.0102635883995021,0.797434977389914,0.000161706757199363,"Threshold (peaks)",3
40.6,0.0102595994568553,0.798212066779654,7.21269418587891e-05,"Threshold (peaks)",3
40.8,0.010255567477418,0.798994687080308,3.18905533219122e-05,"Threshold (peaks)",3
41,0.0102515193682216,0.799796341085915,1.40539656586145e-05,"Threshold (peaks)",3
41.2,0.0102474634956889,0.800633291705947,6.18370716350925e-06,"Threshold (peaks)",3
41.4,0.0102434015152266,0.801524839306571,2.71744071809554e-06,"Threshold (peaks)",3
41.6,0.0102393334432202,0.802492705764756,1.19271007811542e-06,"Threshold (peaks)",3
41.8,0.0102352602239983,0.803558323447096,5.2294598650972e-07,"Threshold (peaks)",3
42,0.0102311863609601,0.804736571186091,2.29256690133191e-07,"Threshold (peaks)",3
42.2,0.0102271231046416,0.80602611957318,1.0072089381491e-07,"Threshold (peaks)",3
42.4,0.0102230903479227,0.807401336107989,4.45244255454672e-08,"Threshold (peaks)",3
42.6,0.0102191137665195,0.80881451217539,1.99074420253455e-08,"Threshold (peaks)",3
42.8,0.0102152165129859,0.810210981780472,9.04495339460556e-09,"Threshold (peaks)",3
43,0.0102114109532075,0.811546856989063,4.18656694008291e-09,"Threshold (peaks)",3
43.2,0.0102076966707314,0.812797309764384,1.9739400977225e-09,"Threshold (peaks)",3
43.4,0.0102040644098891,0.813954203080997,9.462817255507e-10,"Threshold (peaks)",3
43.6,0.0102005012249034,0.815019459490672,4.60022870174235e-10,"Threshold (peaks)",3
43.8,0.0101969937666072,0.815999364786844,2.26171224384392e-10,"Threshold (peaks)",3
44,0.0101935296105104,0.816901268311588,1.12176526640668e-10,"Threshold (peaks)",3
20.2,0.0101612873912591,0.507576220133179,0.999999999999836,"Threshold (troughs)",3
20.4,0.00907167441022267,0.51328950569363,1,"Threshold (troughs)",3
20.6,0.0092327076471496,0.519352383833999,1,"Threshold (troughs)",3
20.8,0.00933304435083864,0.524831472153307,1,"Threshold (troughs)",3
21,0.00933209461279986,0.530279573686731,1,"Threshold (troughs)",3
21.2,0.00931342718029962,0.53592731365114,1,"Threshold (troughs)",3
21.4,0.00930018500908138,0.541677245923399,1,"Threshold (troughs)",3
21.6,0.00929189167644075,0.547357535076236,1,"Threshold (troughs)",3
21.8,0.00928593048567133,0.55287786570208,1,"Threshold (troughs)",3
22,0.00928108637652732,0.55823444109668,1,"Threshold (troughs)",3
22.2,0.0092770678454253,0.56346910708724,1,"Threshold (troughs)",3
22.4,0.00927387224150191,0.568641553131239,1,"Threshold (troughs)",3
22.6,0.00927150449872002,0.573814849688555,1,"Threshold (troughs)",3
22.8,0.00926994404105894,0.579039706441983,1,"Threshold (troughs)",3
23,0.00926919618877294,0.584330696237777,1,"Threshold (troughs)",3
23.2,0.0092693258214174,0.589648825247443,1,"Threshold (troughs)",3
23.4,0.00927042708447579,0.594915653870634,1,"Threshold (troughs)",3
23.6,0.00927255299280217,0.600053686883716,1,"Threshold (troughs)",3
23.8,0.00927567824593793,0.605016679208526,1,"Threshold (troughs)",3
24,0.00927972014211635,0.609792695408376,1,"Threshold (troughs)",3
24.2,0.00928457744448367,0.614392584526603,1,"Threshold (troughs)",3
24.4,0.00929015328499567,0.618838824651918,1,"Threshold (troughs)",3
24.6,0.00929636083818501,0.623159562576455,1,"Threshold (troughs)",3
24.8,0.00930312173062086,0.627386805516323,1,"Threshold (troughs)",3
25,0.00931036336052349,0.631556639308949,1,"Threshold (troughs)",3
25.2,0.00931801738728768,0.635709495744526,1,"Threshold (troughs)",3
25.4,0.0093260209817786,0.63988804535399,1,"Threshold (troughs)",3
25.6,0.00933432312885943,0.644129388805671,1,"Threshold (troughs)",3
25.8,0.00934289679826076,0.64844975371549,1,"Threshold (troughs)",3
26,0.00935174955379431,0.652828448633089,1,"Threshold (troughs)",3
26.2,0.00936091522490302,0.657207832344457,1,"Threshold (troughs)",3
26.4,0.00937042070904713,0.661516638578977,1,"Threshold (troughs)",3
26.6,0.00938025356066575,0.665698499794931,1,"Threshold (troughs)",3
26.8,0.00939035798174457,0.669724254645885,1,"Threshold (troughs)",3
27,0.00940065314713572,0.673587561175384,1,"Threshold (troughs)",3
27.2,0.009411051684985,0.677295218548228,1,"Threshold (troughs)",3
27.4,0.00942146855089075,0.680859752414125,1,"Threshold (troughs)",3
27.6,0.009431822957602,0.684295619350258,1,"Threshold (troughs)",3
27.8,0.00944203783537571,0.687617894355089,1,"Threshold (troughs)",3
28,0.00945203900591388,0.690842239433157,1,"Threshold (troughs)",3
28.2,0.00946175464859919,0.693985463559539,1,"Threshold (troughs)",3
28.4,0.00947111511214808,0.697066375323208,1,"Threshold (troughs)",3
28.6,0.00948005303573574,0.700106795787548,1,"Threshold (troughs)",3
28.8,0.00948850380335032,0.703132538334105,1,"Threshold (troughs)",3
29,0.00949640657595681,0.706173787806477,1,"Threshold (troughs)",3
29.2,0.00950370662370105,0.709263467789648,1,"Threshold (troughs)",3
29.4,0.00951036027697188,0.712431094789164,1,"Threshold (troughs)",3
29.6,0.00951634332984516,0.715690181758116,1,"Threshold (troughs)",3
29.8,0.00952165955245601,0.719023282554624,1,"Threshold (troughs)",3
30,0.00952633919924562,0.722378235350994,1,"Threshold (troughs)",3
30.2,0.00953042058729969,0.725685622162553,1,"Threshold (troughs)",3
30.4,0.00953392689573594,0.728885705571166,1,"Threshold (troughs)",3
30.6,0.00953685846697208,0.731943569968605,1,"Threshold (troughs)",3
30.8,0.00953920233083773,0.734847424746727,1,"Threshold (troughs)",3
31,0.00954094510498795,0.737599589864738,1,"Threshold (troughs)",3
31.2,0.00954208014853116,0.740208624335481,1,"Threshold (troughs)",3
31.4,0.00954260919471854,0.74268492851335,1,"Threshold (troughs)",3
31.6,0.00954254149085595,0.745038973294586,1,"Threshold (troughs)",3
31.8,0.00954189232694158,0.747280900597905,1,"Threshold (troughs)",3
32,0.00954068160171966,0.749420697009816,1,"Threshold (troughs)",3
32.2,0.00953893257265623,0.751468572637552,1,"Threshold (troughs)",3
32.4,0.00953667080284774,0.753435422700653,1,"Threshold (troughs)",3
32.6,0.00953392328226052,0.755333365541391,1,"Threshold (troughs)",3
32.8,0.00953071768723717,0.757176400193517,1,"Threshold (troughs)",3
33,0.00952708174260311,0.758981238136669,1,"Threshold (troughs)",3
33.2,0.00952304267225202,0.760768325015869,1,"Threshold (troughs)",3
33.4,0.00951862679406593,0.762562902082865,1,"Threshold (troughs)",3
33.6,0.00951385950393172,0.764395473111771,1,"Threshold (troughs)",3
33.8,0.00950876631300413,0.766299954749155,1,"Threshold (troughs)",3
34,0.00950337618274618,0.768306288110024,1,"Threshold (troughs)",3
34.2,0.00949772804253025,0.77042498802457,1,"Threshold (troughs)",3
34.4,0.00949187741080796,0.772629563567913,1,"Threshold (troughs)",3
34.6,0.00948589361304036,0.774855313294851,1,"Threshold (troughs)",3
34.8,0.00947984224719993,0.777024881720585,1,"Threshold (troughs)",3
35,0.00947376621840909,0.779080182252277,1,"Threshold (troughs)",3
35.2,0.00946768273110031,0.780994569452182,1,"Threshold (troughs)",3
35.4,0.00946159386690632,0.782765453265444,1,"Threshold (troughs)",3
35.6,0.00945549745445832,0.784402096236627,1,"Threshold (troughs)",3
35.8,0.00944939222279644,0.785917291274153,1,"Threshold (troughs)",3
36,0.00944327885240446,0.787323622101136,1,"Threshold (troughs)",3
36.2,0.00943715957314073,0.788632407030126,1,"Threshold (troughs)",3
36.4,0.00943103755096367,0.789853759850209,1,"Threshold (troughs)",3
36.6,0.00942491637812441,0.790996979076757,1,"Threshold (troughs)",3
36.8,0.00941879970119586,0.792070969969849,1,"Threshold (troughs)",3
37,0.00941269097278064,0.79308462928487,1,"Threshold (troughs)",3
37.2,0.00940659330349703,0.794047208047864,1,"Threshold (troughs)",3
37.4,0.00940050938569366,0.794968695657003,1,"Threshold (troughs)",3
37.6,0.0093944414598279,0.795860277717417,1,"Threshold (troughs)",3
37.8,0.00938839129853841,0.796734922948991,1,"Threshold (troughs)",3
38,0.00938236019178987,0.797608146213864,1,"Threshold (troughs)",3
38.2,0.00937634893488188,0.79849894447411,1,"Threshold (troughs)",3
38.4,0.00937035787049764,0.799430724240812,1,"Threshold (troughs)",3
38.6,0.00936438716538804,0.800431543149773,1,"Threshold (troughs)",3
38.8,0.00935843778230439,0.801531922439259,1,"Threshold (troughs)",3
39,0.00935251396943136,0.802757156839202,1,"Threshold (troughs)",3
39.2,0.00934662775454786,0.804112187155815,1,"Threshold (troughs)",3
39.4,0.00934080317204633,0.805565776869146,1,"Threshold (troughs)",3
39.6,0.00933507384019929,0.807051898150119,1,"Threshold (troughs)",3
39.8,0.00932947074526808,0.808496052945554,1,"Threshold (troughs)",3
40,0.0093240094201512,0.809845049826735,1,"Threshold (troughs)",3
40.2,0.00931868789290105,0.811076497652241,1,"Threshold (troughs)",3
40.4,0.00931349377030262,0.812190259658534,1,"Threshold (troughs)",3
40.6,0.0093084117477315,0.813196377549848,1,"Threshold (troughs)",3
40.8,0.00930342743254548,0.814107251191687,1,"Threshold (troughs)",3
41,0.00929852834028504,0.814934310031278,1,"Threshold (troughs)",3
41.2,0.00929370376367351,0.815687196414832,1,"Threshold (troughs)",3
41.4,0.00928894439050713,0.816373936081969,1,"Threshold (troughs)",3
41.6,0.00928424193990644,0.817001352533584,1,"Threshold (troughs)",3
41.8,0.00927958887783193,0.817575454680005,1,"Threshold (troughs)",3
42,0.00927497822227997,0.818101734677261,1,"Threshold (troughs)",3
42.2,0.00927040343097773,0.818585385028686,1,"Threshold (troughs)",3
42.4,0.00926585835426506,0.819031461426852,1,"Threshold (troughs)",3
42.6,0.00926133723257101,0.819445017178006,1,"Threshold (troughs)",3
42.8,0.00925683471989433,0.819831230624664,1,"Threshold (troughs)",3
43,0.00925234591873658,0.820195543518598,1,"Threshold (troughs)",3
43.2,0.00924786641574925,0.820543827006525,1,"Threshold (troughs)",3
43.4,0.00924339231023579,0.820882592719355,1,"Threshold (troughs)",3
43.6,0.00923892022984656,0.821219268617337,1,"Threshold (troughs)",3
43.8,0.00923444732999501,0.821562560570429,1,"Threshold (troughs)",3
44,0.00922997127689438,0.821922915284962,1,"Threshold (troughs)",3
20.2,0.00981845673249005,0.508415614937482,1.19424633379748e-43,"Threshold (peaks)",5
20.4,0.01015894015393,0.514366629692749,1.02124255090745e-13,"Threshold (peaks)",5
20.6,0.010287393146824,0.519394957048148,0.0196279200496796,"Threshold (peaks)",5
20.8,0.0102849380789834,0.524267779128111,0.0120337079856047,"Threshold (peaks)",5
21,0.0102822676541809,0.529215996303642,0.00704415906013196,"Threshold (peaks)",5
21.2,0.0102789023696512,0.534277709353596,0.00357683998144202,"Threshold (peaks)",5
21.4,0.0102744341709844,0.539397913778475,0.00145085494467826,"Threshold (peaks)",5
21.6,0.0102684624206951,0.544480923198865,0.000433597951839129,"Threshold (peaks)",5
21.8,0.0102613224571446,0.54945185422265,0.000102224288686501,"Threshold (peaks)",5
22,0.0102542378541464,0.554277559380244,2.43656277171262e-05,"Threshold (peaks)",5
22.2,0.0102481090918038,0.55895809765829,7.04698188293518e-06,"Threshold (peaks)",5
22.4,0.0102431289178117,0.563513421953565,2.57155604095669e-06,"Threshold (peaks)",5
22.6,0.0102392174167277,0.567974505036211,1.16502424971353e-06,"Threshold (peaks)",5
22.8,0.0102362780471546,0.572378384466656,6.42590094590197e-07,"Threshold (peaks)",5
23,0.0102342381415227,0.576764443910524,4.2521168809263e-07,"Threshold (peaks)",5
23.2,0.0102330432964772,0.581168863930173,3.33861179451127e-07,"Threshold (peaks)",5
23.4,0.0102326603095018,0.585615324568658,3.08956541244724e-07,"Threshold (peaks)",5
23.6,0.0102330857832711,0.590104151976203,3.36744842771993e-07,"Threshold (peaks)",5
23.8,0.0102343444689471,0.594607718027833,4.34462679709115e-07,"Threshold (peaks)",5
24,0.0102364671697602,0.599079068076816,6.67666921579891e-07,"Threshold (peaks)",5
24.2,0.0102394594203519,0.603469768821505,1.22351578317948e-06,"Threshold (peaks)",5
24.4,0.0102432849073537,0.607744712355637,2.65404975924396e-06,"Threshold (peaks)",5
24.6,0.0102478711588627,0.611886783167386,6.71562624993628e-06,"Threshold (peaks)",5
24.8,0.0102531208436611,0.615893816974846,1.94349265303827e-05,"Threshold (peaks)",5
25,0.010258900435945,0.619773351930083,6.26109713392964e-05,"Threshold (peaks)",5
25.2,0.0102649555326973,0.623538454804711,0.000213250967102815,"Threshold (peaks)",5
25.4,0.0102706833275055,0.627205360495897,0.000679549599935809,"Threshold (peaks)",5
25.6,0.0102751635240092,0.630792872624553,0.00168128555319947,"Threshold (peaks)",5
25.8,0.0102782345026739,0.634323071154899,0.00312596080768037,"Threshold (peaks)",5
26,0.0102804360234618,0.637820864375209,0.00487257484433067,"Threshold (peaks)",5
26.2,0.0102821154461978,0.6413133473885,0.00683189710730934,"Threshold (peaks)",5
26.4,0.0102834516205717,0.644829083804743,0.00893479130415825,"Threshold (peaks)",5
26.6,0.0102845491521779,0.648394906023984,0.0111328049075469,"Threshold (peaks)",5
26.8,0.0102854737578856,0.652029212356861,0.0133934689653114,"Threshold (peaks)",5
27,0.0102862694147512,0.655732930223864,0.0156972759436369,"Threshold (peaks)",5
27.2,0.010286966837724,0.659483392962708,0.018034437381573,"Threshold (peaks)",5
27.4,0.0102875874730629,0.663237866742704,0.0203993214326392,"Threshold (peaks)",5
27.6,0.010288145666237,0.666946960776814,0.0227839091679971,"Threshold (peaks)",5
27.8,0.0102886505887568,0.670569250500752,0.0251740254088076,"Threshold (peaks)",5
28,0.0102891081646335,0.674078624875952,0.0275498106817741,"Threshold (peaks)",5
28.2,0.0102895225667747,0.677463610651876,0.0298884363122394,"Threshold (peaks)",5
28.4,0.0102898970834791,0.68072296464694,0.0321666627028803,"Threshold (peaks)",5
28.6,0.0102902345128001,0.683861301936303,0.0343623735990735,"Threshold (peaks)",5
28.8,0.0102905373167459,0.686886181430058,0.0364552824432626,"Threshold (peaks)",5
29,0.0102908076823871,0.689806593253273,0.0384271978207509,"Threshold (peaks)",5
29.2,0.0102910475538799,0.692632377489678,0.0402620970753918,"Threshold (peaks)",5
29.4,0.0102912586569067,0.695374173389756,0.04194612335724,"Threshold (peaks)",5
29.6,0.0102914425208291,0.698043663163695,0.0434675494568093,"Threshold (peaks)",5
29.8,0.0102916004988366,0.700653999763673,0.044816720223719,"Threshold (peaks)",5
30,0.0102917337855723,0.703220370756951,0.0459859760471618,"Threshold (peaks)",5
30.2,0.0102918434329001,0.705760646377496,0.0469695673429213,"Threshold (peaks)",5
30.4,0.0102919303676425,0.708295961112446,0.0477635984388866,"Threshold (peaks)",5
30.6,0.0102919954214915,0.710850815429764,0.0483661004426621,"Threshold (peaks)",5
30.8,0.0102920393936078,0.713451783218336,0.0487774308227189,"Threshold (peaks)",5
31,0.0102920631741046,0.716123324105922,0.0490012624458155,"Threshold (peaks)",5
31.2,0.0102920679339158,0.718879485821398,0.0490461805706325,"Threshold (peaks)",5
31.4,0.0102920552926056,0.721713322533915,0.0489269708755193,"Threshold (peaks)",5
31.6,0.0102920272601674,0.72459132937085,0.0486636000353438,"Threshold (peaks)",5
31.8,0.010291985841368,0.72746080362956,0.0482769224451467,"Threshold (peaks)",5
32,0.0102919325466319,0.730267614350247,0.0477836634561675,"Threshold (peaks)",5
32.2,0.0102918681923853,0.732971687734079,0.0471944247425475,"Threshold (peaks)",5
32.4,0.0102917930489007,0.735551710889169,0.0465151381680775,"Threshold (peaks)",5
32.6,0.0102917071011025,0.738001337660444,0.0457495856043583,"Threshold (peaks)",5
32.8,0.0102916102357892,0.740323105685317,0.0449011694083937,"Threshold (peaks)",5
33,0.0102915023259543,0.742523742068948,0.0439736779316765,"Threshold (peaks)",5
33.2,0.0102913832514615,0.744611525264589,0.0429714443285432,"Threshold (peaks)",5
33.4,0.0102912528919199,0.746595122465288,0.0418992523904317,"Threshold (peaks)",5
33.6,0.0102911111101297,0.748483231144522,0.040762170226976,"Threshold (peaks)",5
33.8,0.0102909577335261,0.750284592834009,0.0395653858161982,"Threshold (peaks)",5
34,0.0102907925361149,0.752008164407194,0.038314070340937,"Threshold (peaks)",5
34.2,0.010290615221231,0.753663363161098,0.037013274477463,"Threshold (peaks)",5
34.4,0.0102904254043972,0.755260369185055,0.0356678537411653,"Threshold (peaks)",5
34.6,0.0102902225950175,0.756810500171946,0.0342824157734288,"Threshold (peaks)",5
34.8,0.0102900061754021,0.75832668599889,0.0328612827541738,"Threshold (peaks)",5
35,0.010289775375743,0.759824064564951,0.0314084656087441,"Threshold (peaks)",5
35.2,0.0102895292447577,0.761320678684147,0.0299276558212844,"Threshold (peaks)",5
35.4,0.0102892666196105,0.762838125104456,0.0284222627117004,"Threshold (peaks)",5
35.6,0.0102889861095129,0.764401688492775,0.0268955721440084,"Threshold (peaks)",5
35.8,0.0102886861309492,0.766038868134352,0.025351184809077,"Threshold (peaks)",5
36,0.0102883650652115,0.767774442968844,0.0237939518034997,"Threshold (peaks)",5
36.2,0.0102880216004001,0.769620603665148,0.0222314113495685,"Threshold (peaks)",5
36.4,0.0102876551509919,0.771564797246038,0.0206748862885853,"Threshold (peaks)",5
36.6,0.0102872659342537,0.773564979657573,0.0191384926187206,"Threshold (peaks)",5
36.8,0.0102868543200839,0.775561250550873,0.0176354901173044,"Threshold (peaks)",5
37,0.0102864197872658,0.77749777106574,0.0161745778597731,"Threshold (peaks)",5
37.2,0.0102859602657249,0.779338202700205,0.0147591250154836,"Threshold (peaks)",5
37.4,0.0102854720885552,0.781067200375006,0.0133890045569723,"Threshold (peaks)",5
37.6,0.0102849501588291,0.78268370253434,0.0120628136308687,"Threshold (peaks)",5
37.8,0.0102843879642406,0.784193673250873,0.0107792795915671,"Threshold (peaks)",5
38,0.010283777333583,0.785605450478317,0.00953791831061118,"Threshold (peaks)",5
38.2,0.0102831079365959,0.786927547539371,0.00833934360724363,"Threshold (peaks)",5
38.4,0.0102823665043278,0.788167895352594,0.00718550481434881,"Threshold (peaks)",5
38.6,0.0102815356911552,0.78933373761389,0.00607999867221968,"Threshold (peaks)",5
38.8,0.0102805924522083,0.790431757387234,0.00502854290389584,"Threshold (peaks)",5
39,0.0102795057992712,0.791468254277779,0.00403966620857862,"Threshold (peaks)",5
39.2,0.0102782339207182,0.792449311646845,0.00312559374157584,"Threshold (peaks)",5
39.4,0.0102767211911767,0.793380944774614,0.00230306426338203,"Threshold (peaks)",5
39.6,0.0102748971777528,0.794269241031101,0.00159318130018547,"Threshold (peaks)",5
39.8,0.0102726830202808,0.795120512133692,0.00101828120015337,"Threshold (peaks)",5
40,0.0102700135211377,0.795941483836662,0.000593438385524031,"Threshold (peaks)",5
40.2,0.0102668757508975,0.796739544764466,0.000314524276662532,"Threshold (peaks)",5
40.4,0.0102633376525978,0.797523055633229,0.000153705136908594,"Threshold (peaks)",5
40.6,0.0102595266131896,0.798301707685784,7.10713002900668e-05,"Threshold (peaks)",5
40.8,0.0102555681992366,0.799086948561217,3.18952130862388e-05,"Threshold (peaks)",5
41,0.0102515439755502,0.799892499900132,1.41241427322666e-05,"Threshold (peaks)",5
41.2,0.0102474921076151,0.800734885560815,6.21962478109919e-06,"Threshold (peaks)",5
41.4,0.0102434263713866,0.80163366669529,2.73114770210479e-06,"Threshold (peaks)",5
41.6,0.0102393512229609,0.802610690401111,1.19701036569693e-06,"Threshold (peaks)",5
41.8,0.0102352695708064,0.803687098272229,5.23936332166356e-07,"Threshold (peaks)",5
42,0.0102311872555245,0.804876683511154,2.29298207401703e-07,"Threshold (peaks)",5
42.2,0.0102271167373769,0.806176083576634,1.00591161387035e-07,"Threshold (peaks)",5
42.4,0.0102230788677918,0.807557291103349,4.44210788507951e-08,"Threshold (peaks)",5
42.6,0.0102190995579614,0.808971184639519,1.98502682287438e-08,"Threshold (peaks)",5
42.8,0.0102152012348169,0.810363478896531,9.01702395502994e-09,"Threshold (peaks)",5
43,0.0102113950162797,0.811691951578243,4.17308295440211e-09,"Threshold (peaks)",5
43.2,0.0102076794226838,0.812933580771772,1.9670603588873e-09,"Threshold (peaks)",5
43.4,0.0102040446472834,0.81408147399688,9.42503810047182e-10,"Threshold (peaks)",5
43.6,0.010200477603782,0.815138171085708,4.5782855987943e-10,"Threshold (peaks)",5
43.8,0.0101969649991339,0.816110162728478,2.24858023506128e-10,"Threshold (peaks)",5
44,0.0101934945248182,0.817004803698382,1.11382661533038e-10,"Threshold (peaks)",5
20.2,0.00995192934440813,0.507374367981783,1,"Threshold (troughs)",5
20.4,0.00745701788660142,0.513154616076129,1,"Threshold (troughs)",5
20.6,0.0076636293490471,0.520199753109744,1,"Threshold (troughs)",5
20.8,0.0078049843621186,0.526205354491164,1,"Threshold (troughs)",5
21,0.00781014272761415,0.532252102785442,1,"Threshold (troughs)",5
21.2,0.00779468267167494,0.538597116336498,1,"Threshold (troughs)",5
21.4,0.00778493447326522,0.544936215282004,1,"Threshold (troughs)",5
21.6,0.00778013634443967,0.551098094530769,1,"Threshold (troughs)",5
21.8,0.0077774017842415,0.557138902458788,1,"Threshold (troughs)",5
22,0.00777532188001869,0.563200243138106,1,"Threshold (troughs)",5
22.2,0.0077735780126892,0.569412943584365,1,"Threshold (troughs)",5
22.4,0.00777231871216553,0.575793858300894,1,"Threshold (troughs)",5
22.6,0.00777186977838676,0.582194386276237,1,"Threshold (troughs)",5
22.8,0.00777250422952303,0.588421483370481,1,"Threshold (troughs)",5
23,0.00777427293672112,0.594377439362436,1,"Threshold (troughs)",5
23.2,0.00777706462553015,0.600064826068479,1,"Threshold (troughs)",5
23.4,0.0077807366179971,0.605533997495258,1,"Threshold (troughs)",5
23.6,0.00778516837604513,0.610851288749235,1,"Threshold (troughs)",5
23.8,0.00779026051146089,0.616091452775059,1,"Threshold (troughs)",5
24,0.00779592646531927,0.621336675839819,1,"Threshold (troughs)",5
24.2,0.00780209780971215,0.626663017143697,1,"Threshold (troughs)",5
24.4,0.00780875298622863,0.632098477303876,1,"Threshold (troughs)",5
24.6,0.00781594943705242,0.637577202556408,1,"Threshold (troughs)",5
24.8,0.00782379242453566,0.642964174242804,1,"Threshold (troughs)",5
25,0.00783234003621312,0.648144861790426,1,"Threshold (troughs)",5
25.2,0.0078415580829897,0.653074869541415,1,"Threshold (troughs)",5
25.4,0.00785135798278612,0.657763285252053,1,"Threshold (troughs)",5
25.6,0.00786164426066055,0.662241119973336,1,"Threshold (troughs)",5
25.8,0.00787233292794341,0.666543828557734,1,"Threshold (troughs)",5
26,0.00788335133375834,0.67070663368522,1,"Threshold (troughs)",5
26.2,0.00789463346669906,0.674765734019099,1,"Threshold (troughs)",5
26.4,0.00790611553183485,0.678761467064503,1,"Threshold (troughs)",5
26.6,0.0079177326781699,0.68274150064151,1,"Threshold (troughs)",5
26.8,0.00792941787597968,0.686761250428726,1,"Threshold (troughs)",5
27,0.00794110602341166,0.690874737947957,1,"Threshold (troughs)",5
27.2,0.00795274778599288,0.695107011268732,1,"Threshold (troughs)",5
27.4,0.0079643283545031,0.699417711614843,1,"Threshold (troughs)",5
27.6,0.00797586343211913,0.703701908340834,1,"Threshold (troughs)",5
27.8,0.00798735613281218,0.707848654337234,1,"Threshold (troughs)",5
28,0.0079987584390031,0.71179538063542,1,"Threshold (troughs)",5
28.2,0.0080099777010792,0.71553079950241,1,"Threshold (troughs)",5
28.4,0.00802090560413046,0.71907059971798,1,"Threshold (troughs)",5
28.6,0.00803143773526228,0.722437764811432,1,"Threshold (troughs)",5
28.8,0.00804147988388884,0.725654204982839,1,"Threshold (troughs)",5
29,0.00805094859327759,0.728739096575764,1,"Threshold (troughs)",5
29.2,0.00805977060021299,0.731709722205705,1,"Threshold (troughs)",5
29.4,0.0080678824235584,0.734582936168505,1,"Threshold (troughs)",5
29.6,0.00807523017773339,0.737376741800275,1,"Threshold (troughs)",5
29.8,0.00808176945848445,0.740111993486677,1,"Threshold (troughs)",5
30,0.00808746515523821,0.742814327894001,1,"Threshold (troughs)",5
30.2,0.00809229117078464,0.745516142483491,1,"Threshold (troughs)",5
30.4,0.00809623040003211,0.748257365439546,1,"Threshold (troughs)",5
30.6,0.0080992761953067,0.751081138025737,1,"Threshold (troughs)",5
30.8,0.0081014376890967,0.754017398082516,1,"Threshold (troughs)",5
31,0.0081027495794069,0.757053097930143,1,"Threshold (troughs)",5
31.2,0.00810327692349888,0.760113816892915,1,"Threshold (troughs)",5
31.4,0.00810309877632378,0.763092525780185,1,"Threshold (troughs)",5
31.6,0.00810227830885346,0.765905815696597,1,"Threshold (troughs)",5
31.8,0.00810085033419027,0.76851986634861,1,"Threshold (troughs)",5
32,0.0080988324295788,0.770937581964968,1,"Threshold (troughs)",5
32.2,0.00809623977247897,0.773176950685159,1,"Threshold (troughs)",5
32.4,0.0080930920546569,0.77525806195759,1,"Threshold (troughs)",5
32.6,0.00808941422117745,0.777198636711731,1,"Threshold (troughs)",5
32.8,0.0080852350825329,0.779013669277986,1,"Threshold (troughs)",5
33,0.00808058573255361,0.780716348954436,1,"Threshold (troughs)",5
33.2,0.00807549827025152,0.782319149801931,1,"Threshold (troughs)",5
33.4,0.00807000486271464,0.783834828763716,1,"Threshold (troughs)",5
33.6,0.00806413708537158,0.785277384991465,1,"Threshold (troughs)",5
33.8,0.008057925459079,0.786663128964302,1,"Threshold (troughs)",5
34,0.00805139910850084,0.788012028421109,1,"Threshold (troughs)",5
34.2,0.00804458549092857,0.789349436482031,1,"Threshold (troughs)",5
34.4,0.00803751022192223,0.790707978571421,1,"Threshold (troughs)",5
34.6,0.00803019726449697,0.792128222579138,1,"Threshold (troughs)",5
34.8,0.0080226703658458,0.793653866137719,1,"Threshold (troughs)",5
35,0.00801495747693736,0.79531370342821,1,"Threshold (troughs)",5
35.2,0.00800709853931079,0.797089527910935,1,"Threshold (troughs)",5
35.4,0.00799914924908991,0.798898976048955,1,"Threshold (troughs)",5
35.6,0.0079911686296773,0.800631350753361,1,"Threshold (troughs)",5
35.8,0.00798319733491013,0.802208069139765,1,"Threshold (troughs)",5
36,0.00797525027556312,0.803604502834939,1,"Threshold (troughs)",5
36.2,0.00796732663385971,0.804831565070995,1,"Threshold (troughs)",5
36.4,0.00795942168274754,0.805912175249544,1,"Threshold (troughs)",5
36.6,0.00795153230368593,0.806868813298327,1,"Threshold (troughs)",5
36.8,0.00794365792745495,0.807719992142549,1,"Threshold (troughs)",5
37,0.00793579993840002,0.808480517256487,1,"Threshold (troughs)",5
37.2,0.0079279609097927,0.809162680648935,1,"Threshold (troughs)",5
37.4,0.00792014399985726,0.809777394625115,1,"Threshold (troughs)",5
37.6,0.00791235253404517,0.810335081712845,1,"Threshold (troughs)",5
37.8,0.00790458974437442,0.810846392500982,1,"Threshold (troughs)",5
38,0.00789685862652728,0.811322876992286,1,"Threshold (troughs)",5
38.2,0.00788916187348719,0.811777736574301,1,"Threshold (troughs)",5
38.4,0.00788150184983071,0.812226775731892,1,"Threshold (troughs)",5
38.6,0.00787388058382091,0.812689638898242,1,"Threshold (troughs)",5
38.8,0.00786629978369207,0.813191262050815,1,"Threshold (troughs)",5
39,0.00785876096520361,0.813762915769299,1,"Threshold (troughs)",5
39.2,0.00785126599235623,0.814440712511424,1,"Threshold (troughs)",5
39.4,0.00784381874047245,0.815256807560778,1,"Threshold (troughs)",5
39.6,0.00783642868444995,0.816218472794607,1,"Threshold (troughs)",5
39.8,0.00782911503971443,0.817283640998744,1,"Threshold (troughs)",5
40,0.00782190536609269,0.818363709478222,1,"Threshold (troughs)",5
40.2,0.00781482456241994,0.819366628852224,1,"Threshold (troughs)",5
40.4,0.00780788321362887,0.820238862978226,1,"Threshold (troughs)",5
40.6,0.00780107661550221,0.820969893720717,1,"Threshold (troughs)",5
40.8,0.00779439191623784,0.821573199402727,1,"Threshold (troughs)",5
41,0.00778781477129958,0.822068824059226,1,"Threshold (troughs)",5
41.2,0.00778133234703922,0.822475110617663,1,"Threshold (troughs)",5
41.4,0.00777493390498755,0.822806629957502,1,"Threshold (troughs)",5
41.6,0.00776861051944873,0.823074594317084,1,"Threshold (troughs)",5
41.8,0.00776235463840575,0.823287828535735,1,"Threshold (troughs)",5
42,0.0077561596966354,0.823453632200794,1,"Threshold (troughs)",5
42.2,0.00775001982948901,0.823578405906504,1,"Threshold (troughs)",5
42.4,0.00774392969054352,0.823668083282762,1,"Threshold (troughs)",5
42.6,0.00773788435612294,0.823728440005026,1,"Threshold (troughs)",5
42.8,0.00773187929100548,0.823765341666407,1,"Threshold (troughs)",5
43,0.0077259103505497,0.823784978556369,1,"Threshold (troughs)",5
43.2,0.00771997380024021,0.823794126332933,1,"Threshold (troughs)",5
43.4,0.00771406633992049,0.823800468194167,1,"Threshold (troughs)",5
43.6,0.00770818512504623,0.823813013984695,1,"Threshold (troughs)",5
43.8,0.00770232778167438,0.823842647913263,1,"Threshold (troughs)",5
44,0.00769649241774965,0.823902811143461,1,"Threshold (troughs)",5
20.2,0.00979748405239006,0.508589743227662,1.7115009532079e-45,"Threshold (peaks)",7
20.4,0.0101751559508273,0.514510582868343,2.72060912946267e-12,"Threshold (peaks)",7
20.6,0.0102849804108972,0.51950735419502,0.0121360096089634,"Threshold (peaks)",7
20.8,0.01028266071039,0.524385058902689,0.00762306479012456,"Threshold (peaks)",7
21,0.0102801622643342,0.52934085006467,0.00461111903075673,"Threshold (peaks)",7
21.2,0.010277097597313,0.53440972400143,0.00248494563705594,"Threshold (peaks)",7
21.4,0.0102731443066742,0.539533606241836,0.00111783143494939,"Threshold (peaks)",7
21.6,0.0102678812567421,0.544616561713552,0.000385494125453779,"Threshold (peaks)",7
21.8,0.0102613392021591,0.549584823474825,0.000102571334874011,"Threshold (peaks)",7
22,0.0102544973527658,0.5544066616014,2.56796832163252e-05,"Threshold (peaks)",7
22.2,0.0102484003184382,0.559083295991953,7.47489024256373e-06,"Threshold (peaks)",7
22.4,0.0102434142339064,0.563635207817289,2.72444584587515e-06,"Threshold (peaks)",7
22.6,0.0102395055231767,0.568093501956976,1.23498729280289e-06,"Threshold (peaks)",7
22.8,0.010236574008684,0.57249523178013,6.82263451477124e-07,"Threshold (peaks)",7
23,0.010234541900322,0.576879745114716,4.52177283752558e-07,"Threshold (peaks)",7
23.2,0.0102333542495319,0.581283081997743,3.5555101471275e-07,"Threshold (peaks)",7
23.4,0.0102329788768498,0.585728615860057,3.29535927102824e-07,"Threshold (peaks)",7
23.6,0.0102334133122632,0.59021623552067,3.59827332340184e-07,"Threshold (peaks)",7
23.8,0.0102346826594972,0.594717927985963,4.65246303163794e-07,"Threshold (peaks)",7
24,0.010236817345329,0.599186612598592,7.16710743603415e-07,"Threshold (peaks)",7
24.2,0.010239821865042,0.603574019320735,1.31665561204601e-06,"Threshold (peaks)",7
24.4,0.01024365818208,0.607845343191077,2.86235636237009e-06,"Threshold (peaks)",7
24.6,0.0102482501956771,0.611983749194545,7.25116127910856e-06,"Threshold (peaks)",7
24.8,0.0102534897393199,0.615987259985196,2.09417039170578e-05,"Threshold (peaks)",7
25,0.0102592068213466,0.619863506732306,6.66167077863846e-05,"Threshold (peaks)",7
25.2,0.0102650369767219,0.623625573706546,0.000216794992634095,"Threshold (peaks)",7
25.4,0.0102702089301465,0.627289731237679,0.00061736743959319,"Threshold (peaks)",7
25.6,0.0102739992828941,0.630875130741622,0.00132875804345202,"Threshold (peaks)",7
25.8,0.0102766369561549,0.634404079256471,0.00226421587977437,"Threshold (peaks)",7
26,0.0102785918223158,0.637901289032088,0.00335964835356741,"Threshold (peaks)",7
26.2,0.010280114918478,0.641393799991708,0.00456733893345591,"Threshold (peaks)",7
26.4,0.0102813453390825,0.644910196364603,0.00585152918476411,"Threshold (peaks)",7
26.6,0.0102823674317433,0.648477275188368,0.00718684417003022,"Threshold (peaks)",7
26.8,0.0102832357221133,0.652113244638137,0.0085559975526242,"Threshold (peaks)",7
27,0.010283987634044,0.655818648742269,0.00994857994102425,"Threshold (peaks)",7
27.2,0.010284649859848,0.659570344153551,0.0113594757523444,"Threshold (peaks)",7
27.4,0.010285241300086,0.663325246190043,0.0127857162238407,"Threshold (peaks)",7
27.6,0.0102857746702724,0.667033898454841,0.0142226736148948,"Threshold (peaks)",7
27.8,0.0102862580937042,0.670655059198406,0.01566190768999,"Threshold (peaks)",7
28,0.0102866968075199,0.674162891872007,0.0170915304823034,"Threshold (peaks)",7
28.2,0.0102870945155841,0.677546162576463,0.0184978731966451,"Threshold (peaks)",7
28.4,0.010287454170058,0.680803789084416,0.0198670288226305,"Threshold (peaks)",7
28.6,0.0102877783190512,0.683940479714704,0.0211857706277066,"Threshold (peaks)",7
28.8,0.0102880692347283,0.686963844723677,0.022441973858406,"Threshold (peaks)",7
29,0.0102883289583842,0.689882905776357,0.0236247743423228,"Threshold (peaks)",7
29.2,0.0102885593215053,0.692707529328462,0.0247246126778841,"Threshold (peaks)",7
29.4,0.0102887619621646,0.695448384916966,0.0257332324914136,"Threshold (peaks)",7
29.6,0.0102889383410643,0.698117195078282,0.0266436584543935,"Threshold (peaks)",7
29.8,0.0102890897569963,0.70072716806069,0.0274501610646221,"Threshold (peaks)",7
30,0.010289217360888,0.703293565949708,0.0281482098024511,"Threshold (peaks)",7
30.2,0.0102893221688771,0.705834354945134,0.0287344210255784,"Threshold (peaks)",7
30.4,0.0102894050780452,0.708370782288739,0.0292065245102937,"Threshold (peaks)",7
30.6,0.0102894668947636,0.710927455187191,0.0295634100497442,"Threshold (peaks)",7
30.8,0.0102895083956833,0.713530988197566,0.0298053750405895,"Threshold (peaks)",7
31,0.0102895304485538,0.716205703404666,0.0299347309681494,"Threshold (peaks)",7
31.2,0.0102895341966773,0.718965204711251,0.0299567704339564,"Threshold (peaks)",7
31.4,0.0102895212179256,0.721801795379693,0.0298805206280452,"Threshold (peaks)",7
31.6,0.0102894934596129,0.7246811933695,0.029718072175659,"Threshold (peaks)",7
31.8,0.0102894528488787,0.727550320282156,0.0294819497570417,"Threshold (peaks)",7
32,0.0102894008240823,0.7303552365302,0.0291821194240995,"Threshold (peaks)",7
32.2,0.0102893381533358,0.733056396086675,0.0288248602217701,"Threshold (peaks)",7
32.4,0.0102892650844434,0.735633019756586,0.0284136827734708,"Threshold (peaks)",7
32.6,0.0102891815965695,0.738079132726105,0.0279508431183218,"Threshold (peaks)",7
32.8,0.010289087578026,0.740397476849086,0.0274383884340298,"Threshold (peaks)",7
33,0.0102889829054024,0.742594873565786,0.0268786025905019,"Threshold (peaks)",7
33.2,0.0102888674625309,0.744679639750266,0.0262740945795599,"Threshold (peaks)",7
33.4,0.0102887411333975,0.746660458841587,0.0256277395091912,"Threshold (peaks)",7
33.6,0.010288603786309,0.748546039740048,0.0249425782774038,"Threshold (peaks)",7
33.8,0.0102884552562822,0.750345138671336,0.0242217191482425,"Threshold (peaks)",7
34,0.0102882953279911,0.752066734402561,0.0234682562493382,"Threshold (peaks)",7
34.2,0.0102881237195661,0.753720275998618,0.0226852078360984,"Threshold (peaks)",7
34.4,0.0102879400665529,0.755315988106464,0.0218754718593596,"Threshold (peaks)",7
34.6,0.0102877439048365,0.756865249664361,0.0210417945169551,"Threshold (peaks)",7
34.8,0.0102875346511264,0.758381073565994,0.0201867477084309,"Threshold (peaks)",7
35,0.0102873115797621,0.759878708091824,0.0193127134924667,"Threshold (peaks)",7
35.2,0.010287073795751,0.761376337034723,0.0184218793448689,"Threshold (peaks)",7
35.4,0.0102868202079173,0.762895721386047,0.0175162617416252,"Threshold (peaks)",7
35.6,0.0102865495168638,0.764462296441174,0.0165978054110745,"Threshold (peaks)",7
35.8,0.0102862602556626,0.766103599221854,0.0156686558334018,"Threshold (peaks)",7
36,0.0102859509522276,0.76784414732666,0.0147317361179846,"Threshold (peaks)",7
36.2,0.0102856204694532,0.769695370551169,0.0137916190206976,"Threshold (peaks)",7
36.4,0.0102852684071115,0.771643508613143,0.012855160396288,"Threshold (peaks)",7
36.6,0.0102848951499597,0.773645409130142,0.0119308333754706,"Threshold (peaks)",7
36.8,0.0102845012149143,0.775640846082813,0.0110264853714059,"Threshold (peaks)",7
37,0.0102840862577709,0.777574532693569,0.0101471488926032,"Threshold (peaks)",7
37.2,0.0102836484868577,0.779411038916514,0.00929465518767792,"Threshold (peaks)",7
37.4,0.0102831846625001,0.781135773556082,0.00846876709883629,"Threshold (peaks)",7
37.6,0.0102826902903075,0.782748111120135,0.00766849451960251,"Threshold (peaks)",7
37.8,0.0102821596703925,0.784254202233561,0.00689290677093622,"Threshold (peaks)",7
38,0.0102815857168628,0.785662435548352,0.00614149907919132,"Threshold (peaks)",7
38.2,0.0102809595603585,0.786981319100785,0.00541435031909362,"Threshold (peaks)",7
38.4,0.0102802699237107,0.788218763570772,0.0047122312415038,"Threshold (peaks)",7
38.6,0.0102795022106763,0.789381994510501,0.00403674467106544,"Threshold (peaks)",7
38.8,0.0102786372012287,0.790477684596717,0.00339054597464584,"Threshold (peaks)",7
39,0.0102776492134386,0.791512132112854,0.00277768005252008,"Threshold (peaks)",7
39.2,0.0102765036146978,0.792491428282264,0.00220405241221923,"Threshold (peaks)",7
39.4,0.0102751537945153,0.793421605296865,0.00167798314502667,"Threshold (peaks)",7
39.6,0.0102735385430794,0.794308775475997,0.00121057993901903,"Threshold (peaks)",7
39.8,0.0102715829444174,0.79515927955057,0.000815169466120035,"Threshold (peaks)",7
40,0.0102692095769224,0.795979867534822,0.000504358427780376,"Threshold (peaks)",7
40.2,0.0102663675729359,0.796777938824657,0.000283787587023349,"Threshold (peaks)",7
40.4,0.0102630721854148,0.797561858610645,0.00014566477666555,"Threshold (peaks)",7
40.6,0.0102594183138693,0.798341343688382,6.95303304649498e-05,"Threshold (peaks)",7
40.8,0.0102555394290843,0.799127907536835,3.17100109995794e-05,"Threshold (peaks)",7
41,0.0102515469933164,0.799935371460352,1.41327731172344e-05,"Threshold (peaks)",7
41.2,0.010247504843099,0.800780376899317,6.23567913386649e-06,"Threshold (peaks)",7
41.4,0.0102434402139017,0.801682596181872,2.73881113850527e-06,"Threshold (peaks)",7
41.6,0.0102393628919269,0.802663918929616,1.19984109762463e-06,"Threshold (peaks)",7
41.8,0.0102352777757378,0.803745331573884,5.24807235397225e-07,"Threshold (peaks)",7
42,0.0102311916923884,0.804940104364666,2.2950423607794e-07,"Threshold (peaks)",7
42.2,0.0102271178247074,0.806243931307295,1.00613303806277e-07,"Threshold (peaks)",7
42.4,0.0102230775426209,0.807627743429836,4.44091648202799e-08,"Threshold (peaks)",7
42.6,0.0102190968872411,0.809041834231126,1.98395398685279e-08,"Threshold (peaks)",7
42.8,0.0102151979547814,0.810432147735944,9.01103910116159e-09,"Threshold (peaks)",7
43,0.010211391302774,0.811757237352974,4.16994725911117e-09,"Threshold (peaks)",7
43.2,0.0102076749859386,0.812994887301624,1.9652945522942e-09,"Threshold (peaks)",7
43.4,0.0102040389630065,0.814138746750418,9.41419971800925e-10,"Threshold (peaks)",7
43.6,0.0102004700916047,0.815191618099879,4.57132903915775e-10,"Threshold (peaks)",7
43.8,0.0101969551056283,0.816160075755157,2.24408161044678e-10,"Threshold (peaks)",7
44,0.0101934817478248,0.817051473413837,1.11094960959265e-10,"Threshold (peaks)",7
20.2,0.00973996535302532,0.507170384051547,1,"Threshold (troughs)",7
20.4,0.00626646893000374,0.513113441251994,1,"Threshold (troughs)",7
20.6,0.00654496336908388,0.520594524303015,1,"Threshold (troughs)",7
20.8,0.00668659023236946,0.526640107858611,1,"Threshold (troughs)",7
21,0.00669046552853926,0.532834632539522,1,"Threshold (troughs)",7
21.2,0.00667822933301214,0.539291800661902,1,"Threshold (troughs)",7
21.4,0.00667159984752956,0.54560166614924,1,"Threshold (troughs)",7
21.6,0.00666920777559496,0.551798303812839,1,"Threshold (troughs)",7
21.8,0.00666824591495474,0.558147801745919,1,"Threshold (troughs)",7
22,0.00666747020130197,0.564833872965876,1,"Threshold (troughs)",7
22.2,0.00666698096615676,0.571679846490185,1,"Threshold (troughs)",7
22.4,0.00666734314470596,0.578324860127292,1,"Threshold (troughs)",7
22.6,0.00666876942661654,0.584622186342475,1,"Threshold (troughs)",7
22.8,0.00667112963592597,0.590629242470049,1,"Threshold (troughs)",7
23,0.00667424278615631,0.596469688339654,1,"Threshold (troughs)",7
23.2,0.00667796932171717,0.6022848267849,1,"Threshold (troughs)",7
23.4,0.00668220604935161,0.608215884508103,1,"Threshold (troughs)",7
23.6,0.00668691818674166,0.614325046651715,1,"Threshold (troughs)",7
23.8,0.00669220902835086,0.620483859450375,1,"Threshold (troughs)",7
24,0.0066982578659163,0.626453813017103,1,"Threshold (troughs)",7
24.2,0.00670513419829999,0.632096186981833,1,"Threshold (troughs)",7
24.4,0.00671276580678659,0.637410842364524,1,"Threshold (troughs)",7
24.6,0.00672103696848351,0.642457911164022,1,"Threshold (troughs)",7
24.8,0.00672984773520976,0.64730654908388,1,"Threshold (troughs)",7
25,0.00673911972706419,0.652024773411987,1,"Threshold (troughs)",7
25.2,0.00674878710497959,0.656685738103278,1,"Threshold (troughs)",7
25.4,0.0067587891767185,0.6613744909343,1,"Threshold (troughs)",7
25.6,0.00676907133256383,0.666178016934585,1,"Threshold (troughs)",7
25.8,0.0067796049647184,0.671132534774306,1,"Threshold (troughs)",7
26,0.00679041991259755,0.676150443642109,1,"Threshold (troughs)",7
26.2,0.00680158819468457,0.68105140702245,1,"Threshold (troughs)",7
26.4,0.00681314148818164,0.685699930560914,1,"Threshold (troughs)",7
26.6,0.00682503089263681,0.690065257589219,1,"Threshold (troughs)",7
26.8,0.00683716234102661,0.694178605924167,1,"Threshold (troughs)",7
27,0.00684943577993357,0.698085433681136,1,"Threshold (troughs)",7
27.2,0.00686175774900769,0.701826813792331,1,"Threshold (troughs)",7
27.4,0.00687404024479569,0.705437916763186,1,"Threshold (troughs)",7
27.6,0.00688619729931094,0.708951740890008,1,"Threshold (troughs)",7
27.8,0.00689814244383854,0.712403764179076,1,"Threshold (troughs)",7
28,0.00690978733211892,0.715836612536163,1,"Threshold (troughs)",7
28.2,0.00692104160011504,0.719303595394025,1,"Threshold (troughs)",7
28.4,0.00693181510814528,0.722865716574742,1,"Threshold (troughs)",7
28.6,0.00694202607276064,0.726568735260439,1,"Threshold (troughs)",7
28.8,0.0069516177420896,0.730393364592305,1,"Threshold (troughs)",7
29,0.00696056964044047,0.73422639984395,1,"Threshold (troughs)",7
29.2,0.00696887589456255,0.737921733487743,1,"Threshold (troughs)",7
29.4,0.00697650721155038,0.741391249080853,1,"Threshold (troughs)",7
29.6,0.00698340496553348,0.744621450500845,1,"Threshold (troughs)",7
29.8,0.00698950359876575,0.747636867672304,1,"Threshold (troughs)",7
30,0.00699474917103911,0.750469026466701,1,"Threshold (troughs)",7
30.2,0.00699910519328774,0.753144755937372,1,"Threshold (troughs)",7
30.4,0.00700255190018787,0.755685082720087,1,"Threshold (troughs)",7
30.6,0.00700508384986909,0.758107307930217,1,"Threshold (troughs)",7
30.8,0.00700670747054405,0.760427414893285,1,"Threshold (troughs)",7
31,0.00700743886139101,0.762662251572552,1,"Threshold (troughs)",7
31.2,0.00700730184243593,0.764831682335811,1,"Threshold (troughs)",7
31.4,0.00700632619703076,0.766961037452262,1,"Threshold (troughs)",7
31.6,0.00700454608901245,0.769083929224077,1,"Threshold (troughs)",7
31.8,0.00700199883554981,0.771244293135701,1,"Threshold (troughs)",7
32,0.00699872485005373,0.773492805204053,1,"Threshold (troughs)",7
32.2,0.00699477078807516,0.775866580778296,1,"Threshold (troughs)",7
32.4,0.00699019731377086,0.778346680588951,1,"Threshold (troughs)",7
32.6,0.00698508389501465,0.780831718510421,1,"Threshold (troughs)",7
32.8,0.006979514879662,0.78318695761972,1,"Threshold (troughs)",7
33,0.00697355426795464,0.785326146112981,1,"Threshold (troughs)",7
33.2,0.00696723832259988,0.787232960689601,1,"Threshold (troughs)",7
33.4,0.00696058786784764,0.788930187330422,1,"Threshold (troughs)",7
33.6,0.00695362084327584,0.79044950744312,1,"Threshold (troughs)",7
33.8,0.00694635720725909,0.791818731605542,1,"Threshold (troughs)",7
34,0.00693881918161947,0.793059832134594,1,"Threshold (troughs)",7
34.2,0.00693103022792182,0.794190562299889,1,"Threshold (troughs)",7
34.4,0.00692301405798599,0.795226542440532,1,"Threshold (troughs)",7
34.6,0.00691479392959422,0.796183048469356,1,"Threshold (troughs)",7
34.8,0.00690639220195771,0.797076574010604,1,"Threshold (troughs)",7
35,0.00689783008059479,0.797926451083802,1,"Threshold (troughs)",7
35.2,0.00688912748135661,0.798756825818281,1,"Threshold (troughs)",7
35.4,0.00688030296952997,0.799599110955353,1,"Threshold (troughs)",7
35.6,0.0068713738296072,0.800494222302512,1,"Threshold (troughs)",7
35.8,0.00686235664194266,0.801491175761217,1,"Threshold (troughs)",7
36,0.0068532694751274,0.802632902912239,1,"Threshold (troughs)",7
36.2,0.00684413708815009,0.80391979965154,1,"Threshold (troughs)",7
36.4,0.00683499632630142,0.80527343681914,1,"Threshold (troughs)",7
36.6,0.00682589100518204,0.806562785431427,1,"Threshold (troughs)",7
36.8,0.00681685439040752,0.807685950126753,1,"Threshold (troughs)",7
37,0.00680789855516145,0.808611498287594,1,"Threshold (troughs)",7
37.2,0.00679902035739429,0.80935644696709,1,"Threshold (troughs)",7
37.4,0.00679021211279813,0.809952604176938,1,"Threshold (troughs)",7
37.6,0.00678146737429729,0.810429273167379,1,"Threshold (troughs)",7
37.8,0.00677278219563822,0.810809194433816,1,"Threshold (troughs)",7
38,0.0067641546955754,0.811109625964898,1,"Threshold (troughs)",7
38.2,0.00675558436757449,0.811344374941874,1,"Threshold (troughs)",7
38.4,0.00674707150997253,0.811525517489865,1,"Threshold (troughs)",7
38.6,0.00673861682048747,0.811664686871109,1,"Threshold (troughs)",7
38.8,0.00673022114038549,0.811774112848568,1,"Threshold (troughs)",7
39,0.00672188531844543,0.81186763104912,1,"Threshold (troughs)",7
39.2,0.00671361015774174,0.811961857826739,1,"Threshold (troughs)",7
39.4,0.00670539641492932,0.812077666012721,1,"Threshold (troughs)",7
39.6,0.0066972448488328,0.812241876405214,1,"Threshold (troughs)",7
39.8,0.00668915638800965,0.8124883086879,1,"Threshold (troughs)",7
40,0.00668113267236092,0.81285524116009,1,"Threshold (troughs)",7
40.2,0.00667317754724447,0.813372944434979,1,"Threshold (troughs)",7
40.4,0.00666529998133065,0.814036804426506,1,"Threshold (troughs)",7
40.6,0.00665751658294283,0.814783092746645,1,"Threshold (troughs)",7
40.8,0.00664984838862282,0.815506828165234,1,"Threshold (troughs)",7
41,0.00664231085568602,0.816118981758094,1,"Threshold (troughs)",7
41.2,0.00663490648980936,0.816582366047499,1,"Threshold (troughs)",7
41.4,0.00662762676684063,0.816902151894092,1,"Threshold (troughs)",7
41.6,0.0066204585067985,0.817100989324136,1,"Threshold (troughs)",7
41.8,0.00661338848207239,0.81720275638782,1,"Threshold (troughs)",7
42,0.00660640515148546,0.817226856449786,1,"Threshold (troughs)",7
42.2,0.00659949885809643,0.817187840826587,1,"Threshold (troughs)",7
42.4,0.00659266154516939,0.817096621566387,1,"Threshold (troughs)",7
42.6,0.00658588639941756,0.816961756088471,1,"Threshold (troughs)",7
42.8,0.00657916754273073,0.816790419802847,1,"Threshold (troughs)",7
43,0.0065724998099555,0.816589077429586,1,"Threshold (troughs)",7
43.2,0.00656587861535293,0.816363952930918,1,"Threshold (troughs)",7
43.4,0.00655929988894639,0.816121393913828,1,"Threshold (troughs)",7
43.6,0.00655276005690997,0.815868205657006,1,"Threshold (troughs)",7
43.8,0.00654625604395054,0.815612013999147,1,"Threshold (troughs)",7
44,0.00653978528345167,0.815361707362028,1,"Threshold (troughs)",7
20.2,0.00979488546437949,0.50867799336076,1.01142625877435e-45,"Threshold (peaks)",9
20.4,0.0101832404769234,0.514577075855973,1.39759102416106e-11,"Threshold (peaks)",9
20.6,0.0102833851229889,0.519560536126601,0.00881638339474732,"Threshold (peaks)",9
20.8,0.0102811524817933,0.524440982524374,0.00562875726469467,"Threshold (peaks)",9
21,0.0102787593733212,0.52940053097873,0.00347514530263715,"Threshold (peaks)",9
21.2,0.0102758679834417,0.534472813532521,0.00193846917019074,"Threshold (peaks)",9
21.4,0.0102722038027423,0.539598463792849,0.000924230728840859,"Threshold (peaks)",9
21.6,0.0102673582511889,0.544681479989547,0.000346782324566652,"Threshold (peaks)",9
21.8,0.0102612240630844,0.549648572195073,0.000100208626878004,"Threshold (peaks)",9
22,0.010254591533852,0.554468596466121,2.61739304843296e-05,"Threshold (peaks)",9
22.2,0.0102485396864249,0.559143345173515,7.68876563487016e-06,"Threshold (peaks)",9
22.4,0.0102435526422955,0.56369361065991,2.80185517647555e-06,"Threshold (peaks)",9
22.6,0.0102396438460683,0.568150574863958,1.27005490182503e-06,"Threshold (peaks)",9
22.8,0.0102367160057504,0.572551289836615,7.02158435566086e-07,"Threshold (peaks)",9
23,0.0102346879937631,0.57693507775128,4.65748932501561e-07,"Threshold (peaks)",9
23.2,0.0102335039920981,0.581337906865226,3.66493137583501e-07,"Threshold (peaks)",9
23.4,0.0102331322799711,0.585783001556708,3.39929218272894e-07,"Threshold (peaks)",9
23.6,0.0102335709207074,0.590270040706505,3.71492085718077e-07,"Threshold (peaks)",9
23.8,0.0102348452142247,0.594770828563559,4.80809650381432e-07,"Threshold (peaks)",9
24,0.0102369853440571,0.599238227003364,7.41502705356498e-07,"Threshold (peaks)",9
24.2,0.0102399951070286,0.603624046648002,1.36364695528052e-06,"Threshold (peaks)",9
24.4,0.0102438350783541,0.607893628641438,2.96670716046298e-06,"Threshold (peaks)",9
24.6,0.0102484257025311,0.612030271865026,7.51339686342544e-06,"Threshold (peaks)",9
24.8,0.0102536480870041,0.61603208628173,2.16238055635732e-05,"Threshold (peaks)",9
25,0.0102592975722179,0.619906741474248,6.785167532507e-05,"Threshold (peaks)",9
25.2,0.0102649204124673,0.62366732382703,0.000211740645084507,"Threshold (peaks)",9
25.4,0.0102696823552552,0.627330174511213,0.000554982665942942,"Threshold (peaks)",9
25.6,0.0102730855716307,0.630914694932277,0.00110463458067796,"Threshold (peaks)",9
25.8,0.0102755008973794,0.634443202035512,0.00179990053769651,"Threshold (peaks)",9
26,0.0102773233883742,0.637940293994045,0.00260085301554096,"Threshold (peaks)",9
26.2,0.0102787606473519,0.641433002861703,0.00347603851053259,"Threshold (peaks)",9
26.4,0.0102799321507126,0.644949932706198,0.00440218310142605,"Threshold (peaks)",9
26.6,0.0102809118183341,0.648517867130109,0.00536255731178222,"Threshold (peaks)",9
26.8,0.0102817482723463,0.652154916107251,0.00634564094096107,"Threshold (peaks)",9
27,0.0102824754102268,0.655861419590643,0.00734449085119863,"Threshold (peaks)",9
27.2,0.0102831177261341,0.659613976806089,0.00835574709907424,"Threshold (peaks)",9
27.4,0.0102836927130437,0.663369310137313,0.00937745366753566,"Threshold (peaks)",9
27.6,0.0102842121759305,0.66707792237383,0.0104063827739578,"Threshold (peaks)",9
27.8,0.0102846836452662,0.670698665672802,0.0114365366382939,"Threshold (peaks)",9
28,0.0102851119629733,0.674205849041671,0.0124594392005027,"Threshold (peaks)",9
28.2,0.0102855005571925,0.677588367372942,0.0134653415808035,"Threshold (peaks)",9
28.4,0.0102858521779898,0.680845226346737,0.014444327136998,"Threshold (peaks)",9
28.6,0.0102861692199247,0.683981186301558,0.0153869668570483,"Threshold (peaks)",9
28.8,0.0102864538361091,0.687003887107589,0.0162846197962557,"Threshold (peaks)",9
29,0.0102867079745609,0.689922369403475,0.0171295461174458,"Threshold (peaks)",9
29.2,0.0102869333932207,0.692746515895071,0.0179149386801941,"Threshold (peaks)",9
29.4,0.0102871316718578,0.69548701464986,0.0186349218425566,"Threshold (peaks)",9
29.6,0.0102873042246741,0.698155612466533,0.0192845357040453,"Threshold (peaks)",9
29.8,0.0102874523131063,0.700765550419336,0.0198597107601044,"Threshold (peaks)",9
30,0.010287577057829,0.703332134449316,0.0203572341658126,"Threshold (peaks)",9
30.2,0.0102876794502791,0.70587338693124,0.0207747123103657,"Threshold (peaks)",9
30.4,0.0102877603672324,0.708410620867726,0.0211105471343281,"Threshold (peaks)",9
30.6,0.0102878205982568,0.710968505476668,0.02136397073594,"Threshold (peaks)",9
30.8,0.0102878609058447,0.713573678532529,0.0215352255838829,"Threshold (peaks)",9
31,0.0102878821448702,0.716250381373798,0.0216260032003939,"Threshold (peaks)",9
31.2,0.0102878854442245,0.719011959565346,0.0216401384945504,"Threshold (peaks)",9
31.4,0.0102878723610357,0.72185028203635,0.0215841397685447,"Threshold (peaks)",9
31.6,0.0102878448114107,0.724730621002568,0.0214666847363802,"Threshold (peaks)",9
31.8,0.0102878046834402,0.727599686762299,0.0212967208941993,"Threshold (peaks)",9
32,0.01028775337915,0.730403654001594,0.0210813356953717,"Threshold (peaks)",9
32.2,0.0102876916427183,0.73310328105159,0.0208249787279155,"Threshold (peaks)",9
32.4,0.0102876197117177,0.735678094015567,0.0205301364191371,"Threshold (peaks)",9
32.6,0.0102875375641098,0.738122329599297,0.0201984138302615,"Threshold (peaks)",9
32.8,0.0102874450911226,0.740438845696401,0.0198312747397123,"Threshold (peaks)",9
33,0.0102873421736565,0.742634517290288,0.0194303542801277,"Threshold (peaks)",9
33.2,0.0102872287003378,0.744717683082437,0.018997519303337,"Threshold (peaks)",9
33.4,0.0102871045604385,0.746697035808847,0.0185348251924295,"Threshold (peaks)",9
33.6,0.0102869696284185,0.748581291006159,0.0180444439543072,"Threshold (peaks)",9
33.8,0.0102868237468254,0.750379213493897,0.0175285939871159,"Threshold (peaks)",9
34,0.0102866667098002,0.752099794864669,0.0169894820365064,"Threshold (peaks)",9
34.2,0.0102864982474691,0.75375250281677,0.0164292592696924,"Threshold (peaks)",9
34.4,0.0102863180105462,0.755347588171683,0.0158499896566518,"Threshold (peaks)",9
34.6,0.0102861255539914,0.756896465898242,0.0152536275524793,"Threshold (peaks)",9
34.8,0.0102859203183789,0.758412197785474,0.0146420015695891,"Threshold (peaks)",9
35,0.0102857016078172,0.759910097164622,0.0140168034247419,"Threshold (peaks)",9
35.2,0.0102854685644473,0.761408430877072,0.0133795846058526,"Threshold (peaks)",9
35.4,0.0102852201435536,0.762929056427244,0.012731773724664,"Threshold (peaks)",9
35.6,0.0102849551041492,0.764497496831368,0.0120747491266803,"Threshold (peaks)",9
35.8,0.0102846720528783,0.766141308616537,0.011410037598113,"Threshold (peaks)",9
36,0.010284369609027,0.767884850323158,0.010739732991635,"Threshold (peaks)",9
36.2,0.010284046742973,0.769739098099874,0.0100671231366058,"Threshold (peaks)",9
36.4,0.0102837031668288,0.771689581496699,0.00939713133500709,"Threshold (peaks)",9
36.6,0.0102833393656204,0.773692507994244,0.00873581083420362,"Threshold (peaks)",9
36.8,0.0102829559437683,0.775687477014118,0.00808872113631302,"Threshold (peaks)",9
37,0.010282552662304,0.777619535306493,0.00745937924765282,"Threshold (peaks)",9
37.2,0.0102821278939304,0.779453784358666,0.00684901499076303,"Threshold (peaks)",9
37.4,0.0102816786489778,0.781176068739295,0.00625739318229551,"Threshold (peaks)",9
37.6,0.0102812007828407,0.782786013118908,0.00568374608233768,"Threshold (peaks)",9
37.8,0.0102806890637943,0.784289874523915,0.00512734094465645,"Threshold (peaks)",9
38,0.0102801370267436,0.785696070317095,0.00458773042544965,"Threshold (peaks)",9
38.2,0.0102795366316369,0.787013105440497,0.0040648543022632,"Threshold (peaks)",9
38.4,0.0102788777236715,0.788248879105938,0.00355910338702035,"Threshold (peaks)",9
38.6,0.0102781472462643,0.789410606713334,0.00307140121034818,"Threshold (peaks)",9
38.8,0.010277328114241,0.790504955304211,0.00260333574213866,"Threshold (peaks)",9
39,0.010276397616559,0.791538222788085,0.00215736634007021,"Threshold (peaks)",9
39.2,0.0102753252080987,0.792516505398299,0.0017371243290887,"Threshold (peaks)",9
39.4,0.0102740696630928,0.793445845846964,0.00134779790866652,"Threshold (peaks)",9
39.6,0.0102725760710158,0.794332372452859,0.000996495274934273,"Threshold (peaks)",9
39.8,0.0102707746608939,0.795182446248327,0.000692221061898648,"Threshold (peaks)",9
40,0.0102685866110699,0.796002837869106,0.000444631322969058,"Threshold (peaks)",9
40.2,0.0102659450957722,0.796800960964071,0.00026053337131069,"Threshold (peaks)",9
40.4,0.0102628332013365,0.797585186337832,0.000138786859324251,"Threshold (peaks)",9
40.6,0.0102593139681792,0.798365239990822,6.8077226318403e-05,"Threshold (peaks)",9
40.8,0.0102555121492139,0.799152666603211,3.15353956485072e-05,"Threshold (peaks)",9
41,0.0102515541379729,0.799961343813502,1.4153226852946e-05,"Threshold (peaks)",9
41.2,0.0102475239264114,0.800807982551959,6.2598131637111e-06,"Threshold (peaks)",9
41.4,0.010243461874571,0.801712318994629,2.75084600211258e-06,"Threshold (peaks)",9
41.6,0.0102393836332289,0.802696262799611,1.20488918884121e-06,"Threshold (peaks)",9
41.8,0.0102352962884887,0.803780699984983,5.26777572295466e-07,"Threshold (peaks)",9
42,0.0102312075822919,0.804978580071076,2.30243613968252e-07,"Threshold (peaks)",9
42.2,0.0102271312512164,0.806285030151463,1.0088712353564e-07,"Threshold (peaks)",9
42.4,0.0102230890316571,0.807670356123899,4.45125640371846e-08,"Threshold (peaks)",9
42.6,0.0102191070675123,0.809084521800967,1.98804654115722e-08,"Threshold (peaks)",9
42.8,0.0102152072679953,0.810473625221384,9.02804266026465e-09,"Threshold (peaks)",9
43,0.010211399863699,0.81179668724083,4.17717967791111e-09,"Threshold (peaks)",9
43.2,0.0102076826388036,0.813031967639762,1.96834135329713e-09,"Threshold (peaks)",9
43.4,0.010204045417095,0.814173431077007,9.4265068825416e-10,"Threshold (peaks)",9
43.6,0.0102004750246324,0.815224031141462,4.57589601638459e-10,"Threshold (peaks)",9
43.8,0.0101969582112487,0.816190389483872,2.24549278098101e-10,"Threshold (peaks)",9
44,0.0101934827493036,0.817079858283712,1.11117484469663e-10,"Threshold (peaks)",9
20.2,0.00952468894653225,0.506963630143128,1,"Threshold (troughs)",9
20.4,0.00537271154239113,0.513118641556177,1,"Threshold (troughs)",9
20.6,0.00570644664257437,0.520710743856198,1,"Threshold (troughs)",9
20.8,0.00583460768069032,0.526573736912499,1,"Threshold (troughs)",9
21,0.00583726674378212,0.532661022143736,1,"Threshold (troughs)",9
21.2,0.00582783674302135,0.538883898408868,1,"Threshold (troughs)",9
21.4,0.00582347914023847,0.544904862214754,1,"Threshold (troughs)",9
21.6,0.00582257231295939,0.55103793606911,1,"Threshold (troughs)",9
21.8,0.00582255401828972,0.55764012654766,1,"Threshold (troughs)",9
22,0.00582270337422289,0.564485162399189,1,"Threshold (troughs)",9
22.2,0.00582349187474731,0.571047320539484,1,"Threshold (troughs)",9
22.4,0.00582513383609513,0.577220489091328,1,"Threshold (troughs)",9
22.6,0.00582748535021874,0.583176400908168,1,"Threshold (troughs)",9
22.8,0.0058303689258244,0.589145512774319,1,"Threshold (troughs)",9
23,0.00583365477888262,0.595344420427987,1,"Threshold (troughs)",9
23.2,0.00583734559257382,0.601783480247177,1,"Threshold (troughs)",9
23.4,0.00584165806945163,0.608141258769081,1,"Threshold (troughs)",9
23.6,0.00584678885338503,0.614126692822512,1,"Threshold (troughs)",9
23.8,0.00585271256369396,0.619711984121023,1,"Threshold (troughs)",9
24,0.00585930073862778,0.624998080556643,1,"Threshold (troughs)",9
24.2,0.00586643916499671,0.630101916312705,1,"Threshold (troughs)",9
24.4,0.0058740422842234,0.635141289506038,1,"Threshold (troughs)",9
24.6,0.00588203939647405,0.640247264834978,1,"Threshold (troughs)",9
24.8,0.00589037554298893,0.645538396980985,1,"Threshold (troughs)",9
25,0.00589905070493907,0.650999542354594,1,"Threshold (troughs)",9
25.2,0.00590815418642041,0.656406123555629,1,"Threshold (troughs)",9
25.4,0.00591777931073002,0.661522577415597,1,"Threshold (troughs)",9
25.6,0.00592791974769408,0.666284346092858,1,"Threshold (troughs)",9
25.8,0.0059384967786361,0.670743406043345,1,"Threshold (troughs)",9
26,0.0059494225202401,0.674974929149871,1,"Threshold (troughs)",9
26.2,0.0059606215564066,0.679044822271545,1,"Threshold (troughs)",9
26.4,0.00597202820966207,0.683011619340804,1,"Threshold (troughs)",9
26.6,0.0059835798932817,0.686936912222314,1,"Threshold (troughs)",9
26.8,0.00599521184064024,0.690895213485935,1,"Threshold (troughs)",9
27,0.00600685520121268,0.694973231275913,1,"Threshold (troughs)",9
27.2,0.00601844443508764,0.699231728462889,1,"Threshold (troughs)",9
27.4,0.00602993897560676,0.703618724581288,1,"Threshold (troughs)",9
27.6,0.00604133170820941,0.707948826617566,1,"Threshold (troughs)",9
27.8,0.00605260496757208,0.71204554606937,1,"Threshold (troughs)",9
28,0.00606368651475058,0.715852919862499,1,"Threshold (troughs)",9
28.2,0.00607446345844837,0.719401243150158,1,"Threshold (troughs)",9
28.4,0.00608481554463634,0.722742091614929,1,"Threshold (troughs)",9
28.6,0.00609463163950842,0.725919922134405,1,"Threshold (troughs)",9
28.8,0.00610381310940462,0.728968894071272,1,"Threshold (troughs)",9
29,0.00611227361712148,0.731917218771769,1,"Threshold (troughs)",9
29.2,0.00611993878675983,0.734792280021043,1,"Threshold (troughs)",9
29.4,0.00612674618256641,0.737625462640652,1,"Threshold (troughs)",9
29.6,0.00613264541807675,0.740456928084441,1,"Threshold (troughs)",9
29.8,0.00613759836932039,0.743339119356707,1,"Threshold (troughs)",9
30,0.00614158034973757,0.746331895735605,1,"Threshold (troughs)",9
30.2,0.00614458489366717,0.749472203372679,1,"Threshold (troughs)",9
30.4,0.00614663349081589,0.752714797467218,1,"Threshold (troughs)",9
30.6,0.00614777803561165,0.755914886437887,1,"Threshold (troughs)",9
30.8,0.00614807842707545,0.758919643066707,1,"Threshold (troughs)",9
31,0.0061475755685712,0.761660409722688,1,"Threshold (troughs)",9
31.2,0.00614629129843385,0.764145649068621,1,"Threshold (troughs)",9
31.4,0.00614424385752904,0.766412531953592,1,"Threshold (troughs)",9
31.6,0.0061414575563462,0.768497707027281,1,"Threshold (troughs)",9
31.8,0.00613796422102147,0.770429836618259,1,"Threshold (troughs)",9
32,0.00613380134958476,0.772231084545014,1,"Threshold (troughs)",9
32.2,0.00612900988995254,0.773920397111251,1,"Threshold (troughs)",9
32.4,0.00612363244055453,0.775516539268925,1,"Threshold (troughs)",9
32.6,0.00611771193571303,0.777040852165681,1,"Threshold (troughs)",9
32.8,0.00611129072002576,0.778520205637675,1,"Threshold (troughs)",9
33,0.00610440991423451,0.779990476631578,1,"Threshold (troughs)",9
33.2,0.0060971090922906,0.781499670198119,1,"Threshold (troughs)",9
33.4,0.00608942672922992,0.783105402175915,1,"Threshold (troughs)",9
33.6,0.00608140290107898,0.784852381975009,1,"Threshold (troughs)",9
33.8,0.00607308568615901,0.786719465884034,1,"Threshold (troughs)",9
34,0.00606453555366373,0.788585472500493,1,"Threshold (troughs)",9
34.2,0.00605581423071487,0.790295986948949,1,"Threshold (troughs)",9
34.4,0.00604696451840999,0.791765764765444,1,"Threshold (troughs)",9
34.6,0.00603800603428306,0.792993350932321,1,"Threshold (troughs)",9
34.8,0.00602894660975953,0.794015726219809,1,"Threshold (troughs)",9
35,0.006019792485538,0.794873286932749,1,"Threshold (troughs)",9
35.2,0.0060105518687926,0.795598435802837,1,"Threshold (troughs)",9
35.4,0.00600123493566728,0.79621576606197,1,"Threshold (troughs)",9
35.6,0.00599185301785981,0.796745101856778,1,"Threshold (troughs)",9
35.8,0.00598241788122098,0.797204421562779,1,"Threshold (troughs)",9
36,0.0059729412248489,0.797612274231086,1,"Threshold (troughs)",9
36.2,0.00596343437232093,0.797990037672424,1,"Threshold (troughs)",9
36.4,0.00595390811305278,0.798364452700126,1,"Threshold (troughs)",9
36.6,0.00594437266640844,0.798770571316259,1,"Threshold (troughs)",9
36.8,0.00593483783355357,0.799253938189444,1,"Threshold (troughs)",9
37,0.00592531371671561,0.799866650710176,1,"Threshold (troughs)",9
37.2,0.00591581300014808,0.800644739517153,1,"Threshold (troughs)",9
37.4,0.00590635539332329,0.801561397546896,1,"Threshold (troughs)",9
37.6,0.00589696984528562,0.802502463865414,1,"Threshold (troughs)",9
37.8,0.00588768603120979,0.803328207490281,1,"Threshold (troughs)",9
38,0.00587852024365339,0.803960700881753,1,"Threshold (troughs)",9
38.2,0.00586947217809123,0.804396465633848,1,"Threshold (troughs)",9
38.4,0.00586053278064902,0.804667673341427,1,"Threshold (troughs)",9
38.6,0.00585169187019368,0.80481067780136,1,"Threshold (troughs)",9
38.8,0.00584294118820032,0.804854762939592,1,"Threshold (troughs)",9
39,0.00583427469619585,0.804821584323859,1,"Threshold (troughs)",9
39.2,0.00582568809785039,0.804727552875728,1,"Threshold (troughs)",9
39.4,0.00581717831543541,0.804586224915134,1,"Threshold (troughs)",9
39.6,0.00580874306570709,0.804410124036769,1,"Threshold (troughs)",9
39.8,0.00580038055943205,0.804212146830608,1,"Threshold (troughs)",9
40,0.00579208932469283,0.804006833496457,1,"Threshold (troughs)",9
40.2,0.00578386813352155,0.803811753370251,1,"Threshold (troughs)",9
40.4,0.00577571600657574,0.803649144408196,1,"Threshold (troughs)",9
40.6,0.0057676322957825,0.80354758833427,1,"Threshold (troughs)",9
40.8,0.0057596169211999,0.803542377404336,1,"Threshold (troughs)",9
41,0.00575167100909811,0.803670528882933,1,"Threshold (troughs)",9
41.2,0.00574379837510626,0.803953409216639,1,"Threshold (troughs)",9
41.4,0.00573600779662765,0.804367005010909,1,"Threshold (troughs)",9
41.6,0.0057283136393627,0.80482782053027,1,"Threshold (troughs)",9
41.8,0.00572073099673773,0.805229047957822,1,"Threshold (troughs)",9
42,0.005713267544067,0.805498280112763,1,"Threshold (troughs)",9
42.2,0.00570592021984522,0.805616804740872,1,"Threshold (troughs)",9
42.4,0.00569867867292369,0.805600077620653,1,"Threshold (troughs)",9
42.6,0.00569153026642758,0.805473852583946,1,"Threshold (troughs)",9
42.8,0.00568446302732464,0.805261779866789,1,"Threshold (troughs)",9
43,0.00567746662069107,0.804982135298375,1,"Threshold (troughs)",9
43.2,0.00567053242000925,0.804648387820166,1,"Threshold (troughs)",9
43.4,0.00566365329524605,0.80427064263093,1,"Threshold (troughs)",9
43.6,0.00565682334206933,0.803856922884369,1,"Threshold (troughs)",9
43.8,0.00565003763774441,0.803414098664358,1,"Threshold (troughs)",9
44,0.0056432920613222,0.802948531813921,1,"Threshold (troughs)",9
20.2,0.00977747085945182,0.508832093837687,2.97858005843532e-47,"Threshold (peaks)",15
20.4,0.0101972334273194,0.514704742491897,2.37413832644017e-10,"Threshold (peaks)",15
20.6,0.0102805126042481,0.519662857547172,0.00494831922390476,"Threshold (peaks)",15
20.8,0.0102783916758425,0.524547939202881,0.00322668671693552,"Threshold (peaks)",15
21,0.0102761605735456,0.529515003453881,0.00205650253203304,"Threshold (peaks)",15
21.2,0.0102735449089375,0.534594346542973,0.00121213898700761,"Threshold (peaks)",15
21.4,0.0102703399731779,0.539723845887298,0.000633952267141621,"Threshold (peaks)",15
21.6,0.0102661837208777,0.544807342602234,0.000273423217247321,"Threshold (peaks)",15
21.8,0.0102608181869126,0.549772557029682,9.23055481635798e-05,"Threshold (peaks)",15
22,0.0102546823403016,0.554589417377752,2.66594733246317e-05,"Threshold (peaks)",15
22.2,0.0102487884632641,0.559260731135743,8.08586568635012e-06,"Threshold (peaks)",15
22.4,0.0102438185293692,0.563807954885224,2.95678574793513e-06,"Threshold (peaks)",15
22.6,0.0102399099418884,0.568262485427531,1.34034023734564e-06,"Threshold (peaks)",15
22.8,0.0102369883331272,0.572661386882923,7.4195148780581e-07,"Threshold (peaks)",15
23,0.0102349684509235,0.57704392569163,4.92954639639381e-07,"Threshold (peaks)",15
23.2,0.0102337919569434,0.581445920573241,3.88490983141423e-07,"Threshold (peaks)",15
23.4,0.0102334276024794,0.585890293341758,3.60869690657285e-07,"Threshold (peaks)",15
23.6,0.0102338744753712,0.590376300882119,3.95034629818961e-07,"Threshold (peaks)",15
23.8,0.0102351582734918,0.594875383837304,5.12264580741755e-07,"Threshold (peaks)",15
24,0.0102373085646703,0.599340294774655,7.91638983829017e-07,"Threshold (peaks)",15
24.2,0.010240327314164,0.603723011977839,1.45849978448362e-06,"Threshold (peaks)",15
24.4,0.0102441710736699,0.607989173178962,3.17549967742255e-06,"Threshold (peaks)",15
24.6,0.0102487496449594,0.61212234655395,8.02257928279075e-06,"Threshold (peaks)",15
24.8,0.0102539114740252,0.616120814546281,2.28079405700336e-05,"Threshold (peaks)",15
25,0.0102593557456694,0.619992318667923,6.86553329826494e-05,"Threshold (peaks)",15
25.2,0.0102644489885178,0.623749981607266,0.000192472874242413,"Threshold (peaks)",15
25.4,0.0102684221864918,0.627410424106513,0.000430082473175404,"Threshold (peaks)",15
25.6,0.0102712393502858,0.630993411604869,0.000760442168503918,"Threshold (peaks)",15
25.8,0.0102733202418851,0.634521107049404,0.0011583111945761,"Threshold (peaks)",15
26,0.010274935379924,0.63801798278387,0.00160552915864185,"Threshold (peaks)",15
26.2,0.010276235256564,0.641511095684548,0.00208776233702623,"Threshold (peaks)",15
26.4,0.010277311000371,0.645029093550587,0.00259435620054374,"Threshold (peaks)",15
26.6,0.0102782209754104,0.648598724739339,0.0031174396425689,"Threshold (peaks)",15
26.8,0.0102790047773354,0.652237891987595,0.00365148630495429,"Threshold (peaks)",15
27,0.0102796908020102,0.655946520980367,0.00419316745755732,"Threshold (peaks)",15
27.2,0.0102803000553345,0.659700700147244,0.00474092360701884,"Threshold (peaks)",15
27.4,0.0102808477629336,0.663456779883026,0.005293840034767,"Threshold (peaks)",15
27.6,0.0102813442436026,0.667165197412282,0.00585023935199558,"Threshold (peaks)",15
27.8,0.010281796048369,0.670785002958415,0.00640691148106289,"Threshold (peaks)",15
28,0.0102822073578367,0.674290799210167,0.00695930053016202,"Threshold (peaks)",15
28.2,0.0102825811320604,0.67767173642138,0.0075021674423983,"Threshold (peaks)",15
28.4,0.0102829197725445,0.680926992396693,0.00803018709080017,"Threshold (peaks)",15
28.6,0.0102832254047122,0.684061428119328,0.00853829974590297,"Threshold (peaks)",15
28.8,0.0102834999697097,0.687082740022945,0.00902187164290308,"Threshold (peaks)",15
29,0.0102837452469834,0.690000004586066,0.0094767553755253,"Threshold (peaks)",15
29.2,0.0102839628596928,0.692823135136185,0.00989930680512557,"Threshold (peaks)",15
29.4,0.0102841542794072,0.695562854836862,0.0102863843836136,"Threshold (peaks)",15
29.6,0.010284320833117,0.698230956681681,0.0106353405563944,"Threshold (peaks)",15
29.8,0.0102844637116625,0.70084074443732,0.0109440078781672,"Threshold (peaks)",15
30,0.010284583978332,0.703407607892922,0.0112106805305483,"Threshold (peaks)",15
30.2,0.0102846825777817,0.705949676740656,0.0114340939344816,"Threshold (peaks)",15
30.4,0.010284760348673,0.708488389162983,0.0116134122118382,"Threshold (peaks)",15
30.6,0.0102848180497142,0.711048531101988,0.0117482481854987,"Threshold (peaks)",15
30.8,0.0102848564186202,0.713656780220418,0.0118387638844559,"Threshold (peaks)",15
31,0.0102848762898239,0.71633721508318,0.011885912323977,"Threshold (peaks)",15
31.2,0.0102848787719864,0.719102676590436,0.0118918147739544,"Threshold (peaks)",15
31.4,0.0102848653941287,0.721944197336392,0.0118600371631602,"Threshold (peaks)",15
31.6,0.0102848380280356,0.724826204678369,0.0117952931815315,"Threshold (peaks)",15
31.8,0.0102847985034691,0.727695023423546,0.0117024000923347,"Threshold (peaks)",15
32,0.0102847481665519,0.730497063090773,0.0115851411172292,"Threshold (peaks)",15
32.2,0.0102846877244941,0.733193669108979,0.0114458758071146,"Threshold (peaks)",15
32.4,0.0102846173999713,0.735764947594879,0.0112859218303439,"Threshold (peaks)",15
32.6,0.0102845371710364,0.738205533364951,0.0111061374314299,"Threshold (peaks)",15
32.8,0.0102844469361172,0.740518501024871,0.0109073127143071,"Threshold (peaks)",15
33,0.010284346585943,0.742710824736984,0.010690332234328,"Threshold (peaks)",15
33.2,0.0102842360200373,0.744790883238099,0.0104562046791455,"Threshold (peaks)",15
33.4,0.0102841151395791,0.74676738621792,0.0102060385866986,"Threshold (peaks)",15
33.6,0.0102839838325036,0.748649061521588,0.00994100340572945,"Threshold (peaks)",15
33.8,0.0102838419571937,0.750444690218751,0.00966229177641634,"Threshold (peaks)",15
34,0.0102836893268756,0.752163288323048,0.00937108847456116,"Threshold (peaks)",15
34.2,0.0102835256949683,0.753814359086192,0.00906854695363864,"Threshold (peaks)",15
34.4,0.010283350740739,0.755408203307458,0.00875577245859064,"Threshold (peaks)",15
34.6,0.0102831640541698,0.756956304768949,0.00843381001963363,"Threshold (peaks)",15
34.8,0.0102829651187871,0.758471818629184,0.00810363576481967,"Threshold (peaks)",15
35,0.0102827532914306,0.759970182343925,0.00776615088899627,"Threshold (peaks)",15
35.2,0.0102825277791878,0.761469820903052,0.00742217995336716,"Threshold (peaks)",15
35.4,0.0102822876178149,0.762992774694825,0.00707248080881638,"Threshold (peaks)",15
35.6,0.0102820316668336,0.764564730500542,0.00671778554166809,"Threshold (peaks)",15
35.8,0.01028175865909,0.76621327390648,0.00635891173913357,"Threshold (peaks)",15
36,0.0102814673705582,0.767962446090571,0.00599699463580569,"Threshold (peaks)",15
36.2,0.0102811569558078,0.769822343700526,0.00563382844293658,"Threshold (peaks)",15
36.4,0.0102808273179821,0.771777143670083,0.00527209206045472,"Threshold (peaks)",15
36.6,0.0102804791083295,0.773781862511089,0.00491504604955676,"Threshold (peaks)",15
36.8,0.0102801130696306,0.775775807647056,0.0045656377481032,"Threshold (peaks)",15
37,0.0102797291254433,0.777704682720405,0.00422568435491301,"Threshold (peaks)",15
37.2,0.0102793259054694,0.779534596274985,0.00389577337895998,"Threshold (peaks)",15
37.4,0.0102789008143779,0.781252205408445,0.00357571812281836,"Threshold (peaks)",15
37.6,0.0102784502592438,0.78285759575433,0.00326505254907725,"Threshold (peaks)",15
37.8,0.0102779697430404,0.784357217696267,0.00296332476211505,"Threshold (peaks)",15
38,0.0102774537678396,0.785759538884603,0.00267022166084482,"Threshold (peaks)",15
38.2,0.0102768955750165,0.787073056608381,0.00238561454935996,"Threshold (peaks)",15
38.4,0.0102762867295539,0.788305647525431,0.00210958278886714,"Threshold (peaks)",15
38.6,0.0102756165160121,0.78946450718093,0.00184244307114362,"Threshold (peaks)",15
38.8,0.0102748710771308,0.790556291136004,0.00158479951644899,"Threshold (peaks)",15
39,0.0102740321890908,0.791587295390025,0.00133762644698326,"Threshold (peaks)",15
39.2,0.0102730755340473,0.792563623957361,0.00110239491288306,"Threshold (peaks)",15
39.4,0.0102719683369546,0.79349133734578,0.000881250130965113,"Threshold (peaks)",15
39.6,0.0102706664040733,0.794376592295505,0.000677227249825378,"Threshold (peaks)",15
39.8,0.0102691112711027,0.79522578874504,0.00049442621975802,"Threshold (peaks)",15
40,0.0102672300181985,0.796045743343104,0.00033789969402611,"Threshold (peaks)",15
40.2,0.0102649438087811,0.796843913691514,0.000212745594085067,"Threshold (peaks)",15
40.4,0.0102621932894004,0.797628702029918,0.000121927243209368,"Threshold (peaks)",15
40.6,0.0102589780896076,0.798409859411916,6.36028498429211e-05,"Threshold (peaks)",15
40.8,0.0102553788226088,0.799198980139387,3.06957220111091e-05,"Threshold (peaks)",15
41,0.010251526035183,0.800010039584134,1.4072944502962e-05,"Threshold (peaks)",15
41.2,0.0102475385949388,0.8008598803083,6.27842743505416e-06,"Threshold (peaks)",15
41.4,0.0102434895864099,0.801768359676341,2.7663200891195e-06,"Threshold (peaks)",15
41.6,0.0102394127354025,0.80275741724811,1.21200800522159e-06,"Threshold (peaks)",15
41.8,0.0102353225584977,0.803847729161324,5.29586227624198e-07,"Threshold (peaks)",15
42,0.0102312296583159,0.805051607196455,2.31274795270354e-07,"Threshold (peaks)",15
42.2,0.0102271491767017,0.806363075477814,1.01253857165869e-07,"Threshold (peaks)",15
42.4,0.0102231036804597,0.807751249591948,4.46447498150167e-08,"Threshold (peaks)",15
42.6,0.0102191195679751,0.809165494481931,1.99308338130947e-08,"Threshold (peaks)",15
42.8,0.010215218418724,0.810552236735873,9.04844326472654e-09,"Threshold (peaks)",15
43,0.0102114098573414,0.811871405051453,4.18563835155338e-09,"Threshold (peaks)",15
43.2,0.0102076911670725,0.813102163647084,1.97174224010566e-09,"Threshold (peaks)",15
43.4,0.010204051924694,0.814239069417908,9.43893237504593e-10,"Threshold (peaks)",15
43.6,0.0102004789009618,0.81528535626193,4.5794879076939e-10,"Threshold (peaks)",15
43.8,0.0101969588775203,0.816247731340247,2.24579564535977e-10,"Threshold (peaks)",15
44,0.0101934796831475,0.817133541922122,1.11048540250319e-10,"Threshold (peaks)",15
20.2,0.00890275313556694,0.506367101953386,1,"Threshold (troughs)",15
20.4,0.00373019947446819,0.513188512307318,1,"Threshold (troughs)",15
20.6,0.00410305511001862,0.520320897504982,1,"Threshold (troughs)",15
20.8,0.00418995687441425,0.525269269425165,1,"Threshold (troughs)",15
21,0.00419226298080886,0.530415828055013,1,"Threshold (troughs)",15
21.2,0.00418798909027967,0.535304126537125,1,"Threshold (troughs)",15
21.4,0.00418706789395592,0.540328326732616,1,"Threshold (troughs)",15
21.6,0.00418805747353588,0.546107705987925,1,"Threshold (troughs)",15
21.8,0.00418972851386388,0.551814970793974,1,"Threshold (troughs)",15
22,0.00419181290829545,0.557027555300369,1,"Threshold (troughs)",15
22.2,0.00419405219790251,0.56222017763882,1,"Threshold (troughs)",15
22.4,0.00419631681916922,0.567930753299139,1,"Threshold (troughs)",15
22.6,0.00419873011002267,0.57396341933914,1,"Threshold (troughs)",15
22.8,0.00420165930637465,0.579559215126807,1,"Threshold (troughs)",15
23,0.0042051773135054,0.584651735205614,1,"Threshold (troughs)",15
23.2,0.0042091462887047,0.589553801638743,1,"Threshold (troughs)",15
23.4,0.00421344825958991,0.59461197199083,1,"Threshold (troughs)",15
23.6,0.00421801035376582,0.600098537212076,1,"Threshold (troughs)",15
23.8,0.00422288878600529,0.605768306102934,1,"Threshold (troughs)",15
24,0.00422825612946053,0.611051399581018,1,"Threshold (troughs)",15
24.2,0.00423415372339511,0.615835411459663,1,"Threshold (troughs)",15
24.4,0.0042405016383252,0.620305910680548,1,"Threshold (troughs)",15
24.6,0.00424721889135934,0.624664262081567,1,"Threshold (troughs)",15
24.8,0.00425424602976289,0.629107734692624,1,"Threshold (troughs)",15
25,0.00426153639598793,0.6338409603889,1,"Threshold (troughs)",15
25.2,0.00426907788165235,0.638884369379552,1,"Threshold (troughs)",15
25.4,0.00427693475359042,0.643866404013825,1,"Threshold (troughs)",15
25.6,0.00428517420939776,0.648445181324268,1,"Threshold (troughs)",15
25.8,0.00429377362256736,0.652618085372109,1,"Threshold (troughs)",15
26,0.00430266062125547,0.656520914650318,1,"Threshold (troughs)",15
26.2,0.00431176305050571,0.660279841714442,1,"Threshold (troughs)",15
26.4,0.00432101693696438,0.664002141502687,1,"Threshold (troughs)",15
26.6,0.00433036066294426,0.667804037108195,1,"Threshold (troughs)",15
26.8,0.00433973061306734,0.671820270480643,1,"Threshold (troughs)",15
27,0.00434906792415257,0.676117705746196,1,"Threshold (troughs)",15
27.2,0.00435834044985438,0.68051803092027,1,"Threshold (troughs)",15
27.4,0.00436753325634801,0.684697923162056,1,"Threshold (troughs)",15
27.6,0.00437659184717483,0.688514043364172,1,"Threshold (troughs)",15
27.8,0.00438541151431886,0.692015831281789,1,"Threshold (troughs)",15
28,0.00439387158291145,0.695298871994046,1,"Threshold (troughs)",15
28.2,0.00440185706133005,0.69844119704634,1,"Threshold (troughs)",15
28.4,0.0044092636648237,0.701502900266922,1,"Threshold (troughs)",15
28.6,0.00441599820775224,0.70454088865594,1,"Threshold (troughs)",15
28.8,0.00442197889874383,0.707623579422324,1,"Threshold (troughs)",15
29,0.00442713651368806,0.71083775673977,1,"Threshold (troughs)",15
29.2,0.00443141844901133,0.714259145323111,1,"Threshold (troughs)",15
29.4,0.00443479905301342,0.717849914741326,1,"Threshold (troughs)",15
29.6,0.00443728667981235,0.721396623386311,1,"Threshold (troughs)",15
29.8,0.00443890312972418,0.724676073439697,1,"Threshold (troughs)",15
30,0.00443965618297862,0.727620759065772,1,"Threshold (troughs)",15
30.2,0.00443954312848132,0.730275575884858,1,"Threshold (troughs)",15
30.4,0.00443856732633255,0.73270744581816,1,"Threshold (troughs)",15
30.6,0.00443674531574876,0.734970081188049,1,"Threshold (troughs)",15
30.8,0.00443410584564248,0.737103582055377,1,"Threshold (troughs)",15
31,0.00443068668632982,0.739142808720903,1,"Threshold (troughs)",15
31.2,0.00442653160185032,0.74112623251192,1,"Threshold (troughs)",15
31.4,0.00442168795203332,0.743104445560559,1,"Threshold (troughs)",15
31.6,0.00441620509595429,0.745146082920424,1,"Threshold (troughs)",15
31.8,0.00441013440666669,0.7473261791034,1,"Threshold (troughs)",15
32,0.00440353292968782,0.749663422446052,1,"Threshold (troughs)",15
32.2,0.00439646916913498,0.752031347901659,1,"Threshold (troughs)",15
32.4,0.00438901688779492,0.754211421231639,1,"Threshold (troughs)",15
32.6,0.00438123409119281,0.756072168187929,1,"Threshold (troughs)",15
32.8,0.00437315508724999,0.757615767632148,1,"Threshold (troughs)",15
33,0.00436480158323366,0.758902151650234,1,"Threshold (troughs)",15
33.2,0.00435619345205417,0.759991657730952,1,"Threshold (troughs)",15
33.4,0.00434735214302481,0.760930817051453,1,"Threshold (troughs)",15
33.6,0.0043383004038073,0.76175626614893,1,"Threshold (troughs)",15
33.8,0.00432906138164246,0.762502006810443,1,"Threshold (troughs)",15
34,0.00431965794222255,0.763206516609621,1,"Threshold (troughs)",15
34.2,0.00431011226731678,0.763919797170124,1,"Threshold (troughs)",15
34.4,0.00430044583262616,0.764708436519642,1,"Threshold (troughs)",15
34.6,0.00429068036970348,0.765645871093475,1,"Threshold (troughs)",15
34.8,0.00428084126926465,0.766758218702115,1,"Threshold (troughs)",15
35,0.00427096258958126,0.767940466362957,1,"Threshold (troughs)",15
35.2,0.00426108358070758,0.768988772549979,1,"Threshold (troughs)",15
35.4,0.00425123257439336,0.769764727304725,1,"Threshold (troughs)",15
35.6,0.0042414187129709,0.770258204259562,1,"Threshold (troughs)",15
35.8,0.0042316398893963,0.770523344019436,1,"Threshold (troughs)",15
36,0.0042218923610117,0.770619359837535,1,"Threshold (troughs)",15
36.2,0.00421217442959276,0.770592351024316,1,"Threshold (troughs)",15
36.4,0.00420248657835286,0.770477067907404,1,"Threshold (troughs)",15
36.6,0.00419283086818938,0.770302982906206,1,"Threshold (troughs)",15
36.8,0.00418321042150808,0.770100092640889,1,"Threshold (troughs)",15
37,0.00417362904364649,0.769904257930991,1,"Threshold (troughs)",15
37.2,0.00416409101758262,0.769762209754044,1,"Threshold (troughs)",15
37.4,0.00415460126137728,0.769733091126462,1,"Threshold (troughs)",15
37.6,0.00414516639306137,0.76987379174835,1,"Threshold (troughs)",15
37.8,0.00413579750658674,0.770188504933518,1,"Threshold (troughs)",15
38,0.00412651294552792,0.770571573802993,1,"Threshold (troughs)",15
38.2,0.00411733397443312,0.770851075947246,1,"Threshold (troughs)",15
38.4,0.00410827303085139,0.770914074796994,1,"Threshold (troughs)",15
38.6,0.00409932856701017,0.770748921007547,1,"Threshold (troughs)",15
38.8,0.00409049072620023,0.77039725623506,1,"Threshold (troughs)",15
39,0.00408174824512642,0.769907620161877,1,"Threshold (troughs)",15
39.2,0.00407309143468442,0.769318742666148,1,"Threshold (troughs)",15
39.4,0.0040645126213869,0.768659138420597,1,"Threshold (troughs)",15
39.6,0.0040560059149381,0.767951005725717,1,"Threshold (troughs)",15
39.8,0.00404756689589414,0.767214106873456,1,"Threshold (troughs)",15
40,0.0040391923019444,0.766468967079891,1,"Threshold (troughs)",15
40.2,0.00403087977272388,0.765739714891813,1,"Threshold (troughs)",15
40.4,0.00402262772407484,0.76505674698362,1,"Threshold (troughs)",15
40.6,0.00401443541984993,0.764458258728947,1,"Threshold (troughs)",15
40.8,0.00400630338924167,0.763986558549267,1,"Threshold (troughs)",15
41,0.00399823448856039,0.763670401623604,1,"Threshold (troughs)",15
41.2,0.00399023559056667,0.763489917762657,1,"Threshold (troughs)",15
41.4,0.00398231801927438,0.763355127701441,1,"Threshold (troughs)",15
41.6,0.00397449351926867,0.763145916457385,1,"Threshold (troughs)",15
41.8,0.0039667675546048,0.762782549318273,1,"Threshold (troughs)",15
42,0.00395913681162113,0.762248866960064,1,"Threshold (troughs)",15
42.2,0.00395159228732633,0.761567346630646,1,"Threshold (troughs)",15
42.4,0.00394412339073602,0.760770374860398,1,"Threshold (troughs)",15
42.6,0.00393672025153937,0.75988640729105,1,"Threshold (troughs)",15
42.8,0.00392937452666827,0.758937027338611,1,"Threshold (troughs)",15
43,0.00392207956156364,0.757938206142752,1,"Threshold (troughs)",15
43.2,0.00391483029061878,0.756902332417554,1,"Threshold (troughs)",15
43.4,0.00390762300909571,0.755839936178174,1,"Threshold (troughs)",15
43.6,0.00390045511279638,0.754760981931537,1,"Threshold (troughs)",15
43.8,0.00389332487551152,0.75367586814604,1,"Threshold (troughs)",15
44,0.00388623128955969,0.752596289876503,1,"Threshold (troughs)",15
20.2,0.00976524732558534,0.508906922034434,2.50861192506972e-48,"Threshold (peaks)",20
20.4,0.0102040179264147,0.514769904940706,9.37419691619705e-10,"Threshold (peaks)",20
20.6,0.0102790204828335,0.519715287446854,0.00366307071982535,"Threshold (peaks)",20
20.8,0.0102769420944415,0.524602633875058,0.00240813047737103,"Threshold (peaks)",20
21,0.0102747839251492,0.529573736094406,0.00155712974145571,"Threshold (peaks)",20
21.2,0.0102722943176799,0.534656932312735,0.000941304611947262,"Threshold (peaks)",20
21.4,0.0102692968409217,0.539788606179682,0.000513341992721855,"Threshold (peaks)",20
21.6,0.010265458744273,0.544872515282457,0.00023611229976091,"Threshold (peaks)",20
21.8,0.0102604871630375,0.549836936214312,8.63236830326195e-05,"Threshold (peaks)",20
22,0.0102546605513027,0.55465233190235,2.65421522882501e-05,"Threshold (peaks)",20
22.2,0.0102488967899703,0.55932197862543,8.26512620843471e-06,"Threshold (peaks)",20
22.4,0.0102439527088776,0.563867695548823,3.03819465649712e-06,"Threshold (peaks)",20
22.6,0.0102400463179699,0.56832102929218,1.37785626566733e-06,"Threshold (peaks)",20
22.8,0.0102371276948734,0.572719061673939,7.6317976718003e-07,"Threshold (peaks)",20
23,0.0102351121706692,0.577101026906985,5.07506271059569e-07,"Threshold (peaks)",20
23.2,0.0102339398566569,0.581502659845885,4.00297485143387e-07,"Threshold (peaks)",20
23.4,0.0102335794788316,0.585946718335437,3.72136195920381e-07,"Threshold (peaks)",20
23.6,0.0102340306224627,0.590432233607009,4.07720095313308e-07,"Threshold (peaks)",20
23.8,0.0102353191816915,0.59493045414806,5.29224359661997e-07,"Threshold (peaks)",20
24,0.0102374742729625,0.599394077546059,8.18643171772103e-07,"Threshold (peaks)",20
24.2,0.0102404964931088,0.603775174541387,1.5093116925917e-06,"Threshold (peaks)",20
24.4,0.0102443391263667,0.608039542587865,3.28537997440792e-06,"Threshold (peaks)",20
24.6,0.0102489030040154,0.612170893251054,8.27552898875526e-06,"Threshold (peaks)",20
24.8,0.0102540098959815,0.616167598588608,2.32668819984533e-05,"Threshold (peaks)",20
25,0.0102592905277672,0.620037437547774,6.77549979961616e-05,"Threshold (peaks)",20
25.2,0.0102640371392978,0.623793588221766,0.000177080356148024,"Threshold (peaks)",20
25.4,0.0102676222692647,0.627452876930259,0.000365812567311032,"Threshold (peaks)",20
25.6,0.0102701940849055,0.631035151234295,0.000615516180622601,"Threshold (peaks)",20
25.8,0.010272130081046,0.634562466296729,0.00091055345209152,"Threshold (peaks)",20
26,0.0102736524191123,0.638059268442768,0.00123877405598242,"Threshold (peaks)",20
26.2,0.0102748895321861,0.641552639901783,0.00159072147960747,"Threshold (peaks)",20
26.4,0.0102759208493858,0.645071253149647,0.00195928361912806,"Threshold (peaks)",20
26.6,0.0102767981261375,0.648641834318333,0.002339126675844,"Threshold (peaks)",20
26.8,0.0102775570310147,0.652282169844602,0.00272647002591048,"Threshold (peaks)",20
27,0.0102782235190042,0.655991958395943,0.00311904014699383,"Threshold (peaks)",20
27.2,0.0102788170220754,0.659747012649704,0.00351579204121106,"Threshold (peaks)",20
27.4,0.0102793517277155,0.663503486187848,0.00391610982673458,"Threshold (peaks)",20
27.6,0.0102798372658351,0.667211786487677,0.00431880013052033,"Threshold (peaks)",20
27.8,0.0102802797286299,0.670831074891177,0.00472154880214567,"Threshold (peaks)",20
28,0.0102806829836136,0.674336114282299,0.00512106661031884,"Threshold (peaks)",20
28.2,0.0102810497666068,0.67771619266696,0.00551357252149878,"Threshold (peaks)",20
28.4,0.0102813823099982,0.680970580026188,0.00589522539597225,"Threshold (peaks)",20
28.6,0.0102816826069664,0.684104190934791,0.00626237708627449,"Threshold (peaks)",20
28.8,0.0102819524932543,0.687124751818564,0.00661168783909431,"Threshold (peaks)",20
29,0.0102821936635578,0.69004135813791,0.00694016967686505,"Threshold (peaks)",20
29.2,0.0102824076725989,0.692863939483934,0.00724519854054956,"Threshold (peaks)",20
29.4,0.0102825959365273,0.695603237722317,0.00752451377062676,"Threshold (peaks)",20
29.6,0.010282759737344,0.69827107050174,0.00777621184500485,"Threshold (peaks)",20
29.8,0.0102829002292817,0.700880775056773,0.007998736255899,"Threshold (peaks)",20
30,0.0102830184457921,0.703447785910775,0.00819086403903314,"Threshold (peaks)",20
30.2,0.0102831153072223,0.705990289919744,0.00835169096185044,"Threshold (peaks)",20
30.4,0.0102831916325294,0.708529791700767,0.00848062255776932,"Threshold (peaks)",20
30.6,0.0102832481646783,0.711091138510965,0.00857738910878863,"Threshold (peaks)",20
30.8,0.010283285629134,0.713701027172691,0.00864211957934203,"Threshold (peaks)",20
31,0.0102833048509063,0.716383445750386,0.00867551836402076,"Threshold (peaks)",20
31.2,0.0102833069302418,0.719150961748125,0.0086791389729434,"Threshold (peaks)",20
31.4,0.0102832933847737,0.721994160493748,0.00865558002290136,"Threshold (peaks)",20
31.6,0.0102832660673875,0.724877024121484,0.00860826093227169,"Threshold (peaks)",20
31.8,0.0102832267818354,0.727745681671944,0.00854065987415469,"Threshold (peaks)",20
32,0.010283176848756,0.73054667522177,0.00845549608402285,"Threshold (peaks)",20
32.2,0.0102831169585174,0.73324166435363,0.00835445971425322,"Threshold (peaks)",20
32.4,0.0102830473273887,0.735811061320635,0.00823849444023353,"Threshold (peaks)",20
32.6,0.0102829679342325,0.738249709309213,0.0081082179330018,"Threshold (peaks)",20
32.8,0.0102828786817906,0.740560795580171,0.0079642016412036,"Threshold (peaks)",20
33,0.01028277946647,0.742751345494299,0.00780708602987337,"Threshold (peaks)",20
33.2,0.0102826701940728,0.744829758290873,0.007637600954151,"Threshold (peaks)",20
33.4,0.0102825507726055,0.746804752314257,0.00745654774064224,"Threshold (peaks)",20
33.6,0.0102824210976267,0.748685061804015,0.00726477098705957,"Threshold (peaks)",20
33.8,0.0102822810363015,0.750479476416624,0.00706313136248365,"Threshold (peaks)",20
34,0.01028213041221,0.752197025144127,0.00685248325740218,"Threshold (peaks)",20
34.2,0.0102819689911488,0.753847230166936,0.00663365791892073,"Threshold (peaks)",20
34.4,0.0102817964672837,0.755440418913851,0.00640745131102819,"Threshold (peaks)",20
34.6,0.0102816124485917,0.756988111848149,0.00617461547129618,"Threshold (peaks)",20
34.8,0.0102814164403858,0.758503513901975,0.00593585223932891,"Threshold (peaks)",20
35,0.0102812078259664,0.760002128661591,0.00569180889757186,"Threshold (peaks)",20
35.2,0.0102809858447235,0.761502465221255,0.00544307698974426,"Threshold (peaks)",20
35.4,0.0102807495721551,0.763026660768621,0.00519019972845673,"Threshold (peaks)",20
35.6,0.0102804979171666,0.764600487493014,0.00493370230689464,"Threshold (peaks)",20
35.8,0.0102802296744238,0.766251542271854,0.00467417393437387,"Threshold (peaks)",20
36,0.0102799436965087,0.768003690096211,0.0044124380858791,"Threshold (peaks)",20
36.2,0.0102796392276955,0.769866552088086,0.00414980032951266,"Threshold (peaks)",20
36.4,0.0102793162630578,0.771823586312046,0.00388820645045799,"Threshold (peaks)",20
36.6,0.010278975531542,0.773829190948479,0.0036300117182975,"Threshold (peaks)",20
36.8,0.0102786178376486,0.775822538909977,0.00337732720093549,"Threshold (peaks)",20
37,0.0102782431764636,0.777749693757278,0.00313143686007705,"Threshold (peaks)",20
37.2,0.0102778502930692,0.779577296371928,0.00289273799803847,"Threshold (peaks)",20
37.4,0.0102774367709637,0.781292426870546,0.0026610748802336,"Threshold (peaks)",20
37.6,0.0102769992673134,0.78289540819637,0.00243609337555622,"Threshold (peaks)",20
37.8,0.0102765336163902,0.784392789001019,0.00221744852936878,"Threshold (peaks)",20
38,0.0102760347531557,0.785793061630582,0.00200489109784837,"Threshold (peaks)",20
38.2,0.010275496487739,0.787104718588293,0.00179829754279526,"Threshold (peaks)",20
38.4,0.0102749111418366,0.788335624350241,0.0015976837940406,"Threshold (peaks)",20
38.6,0.0102742690215589,0.789492963824851,0.00140322191224966,"Threshold (peaks)",20
38.8,0.0102735576682736,0.790583386303364,0.00121526988785986,"Threshold (peaks)",20
39,0.0102727607948951,0.791613186421951,0.00103442237571999,"Threshold (peaks)",20
39.2,0.0102718567789982,0.79258847174885,0.000861589971453465,"Threshold (peaks)",20
39.4,0.0102708165664326,0.793515311431647,0.000698113732635924,"Threshold (peaks)",20
39.6,0.0102696009183614,0.794399876420404,0.000545913971456489,"Threshold (peaks)",20
39.8,0.010268157341521,0.795248586978052,0.000407641945911559,"Threshold (peaks)",20
40,0.0102664183146829,0.796068285935605,0.000286716608177699,"Threshold (peaks)",20
40.2,0.0102643053028475,0.79686646031534,0.000186956454227051,"Threshold (peaks)",20
40.4,0.0102617465744853,0.797651539447234,0.000111386983817859,"Threshold (peaks)",20
40.6,0.0102587130074118,0.798433295887387,6.02801793443276e-05,"Threshold (peaks)",20
40.8,0.0102552527026916,0.799223348999108,2.99220218904915e-05,"Threshold (peaks)",20
41,0.0102514829830452,0.800035719664357,1.39508380518961e-05,"Threshold (peaks)",20
41.2,0.0102475341490704,0.80088731745642,6.2727798169954e-06,"Threshold (peaks)",20
41.4,0.0102434990566877,0.801798063559931,2.7716281542368e-06,"Threshold (peaks)",20
41.6,0.0102394255553468,0.802789909418387,1.21515728095542e-06,"Threshold (peaks)",20
41.8,0.0102353348541996,0.803883409373933,5.30905961336095e-07,"Threshold (peaks)",20
42,0.0102312401549983,0.805090521069427,2.31766718904428e-07,"Threshold (peaks)",20
42.2,0.0102271576883598,0.806404669442596,1.01428461833099e-07,"Threshold (peaks)",20
42.4,0.0102231105743934,0.80779433780068,4.4707094078283e-08,"Threshold (peaks)",20
42.6,0.0102191253919733,0.809208588936344,1.99543441402926e-08,"Threshold (peaks)",20
42.8,0.010215223567502,0.810594043321432,9.05787866509947e-09,"Threshold (peaks)",20
43,0.0102114144178906,0.811911121707162,4.18950411507869e-09,"Threshold (peaks)",20
43.2,0.0102076949708032,0.813139468405071,1.97326097885005e-09,"Threshold (peaks)",20
43.4,0.0102040546783262,0.814273950565203,9.44419504102458e-10,"Threshold (peaks)",20
43.6,0.0102004802847305,0.815317947079867,4.58077082070047e-10,"Threshold (peaks)",20
43.8,0.0101969585893488,0.816278208237736,2.2456646473957e-10,"Threshold (peaks)",20
44,0.0101934774508841,0.81716207766717,1.10998373482017e-10,"Threshold (peaks)",20
20.2,0.0084074371245893,0.505893160275207,1,"Threshold (troughs)",20
20.4,0.00297636250217328,0.513213398959165,1,"Threshold (troughs)",20
20.6,0.0033116697178058,0.519758196838725,1,"Threshold (troughs)",20
20.8,0.00337826768322661,0.523957484169954,1,"Threshold (troughs)",20
21,0.00338098872879947,0.528197136126545,1,"Threshold (troughs)",20
21.2,0.00337871113376719,0.532045375392314,1,"Threshold (troughs)",20
21.4,0.00337888060190382,0.536450182030135,1,"Threshold (troughs)",20
21.6,0.00338053907991491,0.541351979768558,1,"Threshold (troughs)",20
21.8,0.00338282068416902,0.545692301905568,1,"Threshold (troughs)",20
22,0.00338512667694855,0.549975385515204,1,"Threshold (troughs)",20
22.2,0.00338721975999584,0.554970028077401,1,"Threshold (troughs)",20
22.4,0.00338932011093201,0.56014954998726,1,"Threshold (troughs)",20
22.6,0.00339179001128792,0.564703433065965,1,"Threshold (troughs)",20
22.8,0.00339460444485281,0.568945428505964,1,"Threshold (troughs)",20
23,0.0033976328874333,0.573449262663224,1,"Threshold (troughs)",20
23.2,0.00340080673189556,0.578568219073962,1,"Threshold (troughs)",20
23.4,0.00340424502778874,0.583676963141396,1,"Threshold (troughs)",20
23.6,0.00340810810336882,0.588190969251261,1,"Threshold (troughs)",20
23.8,0.00341236486402183,0.592310346351608,1,"Threshold (troughs)",20
24,0.00341693154334047,0.59639388311677,1,"Threshold (troughs)",20
24.2,0.00342174487794701,0.600801679178923,1,"Threshold (troughs)",20
24.4,0.00342677556335471,0.605703493124893,1,"Threshold (troughs)",20
24.6,0.00343209398915159,0.610590998627513,1,"Threshold (troughs)",20
24.8,0.00343779127435653,0.614969971488502,1,"Threshold (troughs)",20
25,0.0034438489455915,0.618920928656145,1,"Threshold (troughs)",20
25.2,0.00345020282166913,0.622683463875302,1,"Threshold (troughs)",20
25.4,0.00345679821453149,0.62647474052857,1,"Threshold (troughs)",20
25.6,0.00346359050204421,0.630524546833304,1,"Threshold (troughs)",20
25.8,0.00347054729733069,0.634988887919118,1,"Threshold (troughs)",20
26,0.00347768076082356,0.639600572289606,1,"Threshold (troughs)",20
26.2,0.00348503243300961,0.643876358802667,1,"Threshold (troughs)",20
26.4,0.00349258461987947,0.647709797907477,1,"Threshold (troughs)",20
26.6,0.00350026165870192,0.651247327867632,1,"Threshold (troughs)",20
26.8,0.0035079760712617,0.654645008983203,1,"Threshold (troughs)",20
27,0.00351564292077541,0.658031808696044,1,"Threshold (troughs)",20
27.2,0.00352317769653882,0.661544529051116,1,"Threshold (troughs)",20
27.4,0.00353049480564663,0.665336045669868,1,"Threshold (troughs)",20
27.6,0.0035375172191737,0.669439009603746,1,"Threshold (troughs)",20
27.8,0.0035441948262529,0.673569786179741,1,"Threshold (troughs)",20
28,0.00355048358467509,0.677383550407008,1,"Threshold (troughs)",20
28.2,0.00355630344360498,0.68081030182784,1,"Threshold (troughs)",20
28.4,0.00356154949110455,0.683949115083027,1,"Threshold (troughs)",20
28.6,0.00356612207177847,0.686908902518496,1,"Threshold (troughs)",20
28.8,0.00356993936107814,0.689772589751392,1,"Threshold (troughs)",20
29,0.00357293901867056,0.692612915582991,1,"Threshold (troughs)",20
29.2,0.00357507737459333,0.695514630937298,1,"Threshold (troughs)",20
29.4,0.00357632888955955,0.69858310148513,1,"Threshold (troughs)",20
29.6,0.00357668880633813,0.701889180947751,1,"Threshold (troughs)",20
29.8,0.00357618131697476,0.705319814863425,1,"Threshold (troughs)",20
30,0.00357485692630119,0.70858106705266,1,"Threshold (troughs)",20
30.2,0.00357276375131568,0.71147670634493,1,"Threshold (troughs)",20
30.4,0.00356993130787935,0.714009902640781,1,"Threshold (troughs)",20
30.6,0.00356638277825754,0.716263871005221,1,"Threshold (troughs)",20
30.8,0.00356214715259439,0.718317009733752,1,"Threshold (troughs)",20
31,0.00355726128522077,0.72022903016718,1,"Threshold (troughs)",20
31.2,0.00355176764092145,0.722052125695515,1,"Threshold (troughs)",20
31.4,0.00354571176300789,0.723845771226893,1,"Threshold (troughs)",20
31.6,0.00353914048934978,0.725689384292588,1,"Threshold (troughs)",20
31.8,0.00353210162477276,0.727676899458435,1,"Threshold (troughs)",20
32,0.0035246471193351,0.729845255984961,1,"Threshold (troughs)",20
32.2,0.00351683901912002,0.732050013787922,1,"Threshold (troughs)",20
32.4,0.00350874362556829,0.73402707828523,1,"Threshold (troughs)",20
32.6,0.00350041048408635,0.735633008534744,1,"Threshold (troughs)",20
32.8,0.00349186619002874,0.736890503475089,1,"Threshold (troughs)",20
33,0.00348312669251452,0.737880796493076,1,"Threshold (troughs)",20
33.2,0.00347420727110424,0.738677830699663,1,"Threshold (troughs)",20
33.4,0.00346512497066551,0.739338620408549,1,"Threshold (troughs)",20
33.6,0.00345589803189399,0.739912741379233,1,"Threshold (troughs)",20
33.8,0.00344654512307165,0.740454591919613,1,"Threshold (troughs)",20
34,0.00343708492166371,0.741034712381069,1,"Threshold (troughs)",20
34.2,0.00342753635152513,0.741741455297148,1,"Threshold (troughs)",20
34.4,0.00341792075238796,0.742639038710104,1,"Threshold (troughs)",20
34.6,0.0034082668836198,0.743657535199827,1,"Threshold (troughs)",20
34.8,0.00339861098727097,0.744568214722685,1,"Threshold (troughs)",20
35,0.00338898216255384,0.745179316988953,1,"Threshold (troughs)",20
35.2,0.00337939063107803,0.745462439579223,1,"Threshold (troughs)",20
35.4,0.00336983404849645,0.745482489866022,1,"Threshold (troughs)",20
35.6,0.00336030791207557,0.745314298090123,1,"Threshold (troughs)",20
35.8,0.00335080975969552,0.745016577341662,1,"Threshold (troughs)",20
36,0.00334133933763722,0.744635113385984,1,"Threshold (troughs)",20
36.2,0.00333189804091151,0.744212275131984,1,"Threshold (troughs)",20
36.4,0.00332248851690725,0.743796451134444,1,"Threshold (troughs)",20
36.6,0.00331311445517813,0.743449794275755,1,"Threshold (troughs)",20
36.8,0.003303780877699,0.743246325584322,1,"Threshold (troughs)",20
37,0.00329449587336594,0.743234898981905,1,"Threshold (troughs)",20
37.2,0.00328527403664547,0.743355489806585,1,"Threshold (troughs)",20
37.4,0.00327613611671315,0.743420523698082,1,"Threshold (troughs)",20
37.6,0.00326709851343728,0.743258373249,1,"Threshold (troughs)",20
37.8,0.00325816381286318,0.742824242889532,1,"Threshold (troughs)",20
38,0.00324932401651463,0.742161241916195,1,"Threshold (troughs)",20
38.2,0.00324056839317037,0.741331289060126,1,"Threshold (troughs)",20
38.4,0.0032318874994778,0.740385763533015,1,"Threshold (troughs)",20
38.6,0.00322327390619862,0.739363251736355,1,"Threshold (troughs)",20
38.8,0.00321472205822616,0.738295179192923,1,"Threshold (troughs)",20
39,0.00320622807298809,0.737211958251969,1,"Threshold (troughs)",20
39.2,0.0031977895031431,0.736148354398404,1,"Threshold (troughs)",20
39.4,0.00318940514936055,0.735147652701374,1,"Threshold (troughs)",20
39.6,0.00318107516632933,0.734261236241244,1,"Threshold (troughs)",20
39.8,0.00317280185650673,0.733532946845379,1,"Threshold (troughs)",20
40,0.0031645914025443,0.732956980288341,1,"Threshold (troughs)",20
40.2,0.00315645493419955,0.732439097036994,1,"Threshold (troughs)",20
40.4,0.00314840492900387,0.731835868014748,1,"Threshold (troughs)",20
40.6,0.00314044784244303,0.73104936118363,1,"Threshold (troughs)",20
40.8,0.00313258101695312,0.730062525439185,1,"Threshold (troughs)",20
41,0.00312479600212809,0.728906257235244,1,"Threshold (troughs)",20
41.2,0.00311708290172475,0.727621910307991,1,"Threshold (troughs)",20
41.4,0.00310943262213838,0.726244789017273,1,"Threshold (troughs)",20
41.6,0.00310183760454064,0.724801723377573,1,"Threshold (troughs)",20
41.8,0.0030942920109848,0.723313448495382,1,"Threshold (troughs)",20
42,0.0030867916626884,0.721797579442216,1,"Threshold (troughs)",20
42.2,0.00307933381184571,0.720271092284182,1,"Threshold (troughs)",20
42.4,0.0030719168664565,0.718752300134469,1,"Threshold (troughs)",20
42.6,0.00306454017905257,0.717262442663798,1,"Threshold (troughs)",20
42.8,0.00305720396036489,0.715826642382539,1,"Threshold (troughs)",20
43,0.00304990936106692,0.714473048088363,1,"Threshold (troughs)",20
43.2,0.00304265878690187,0.713227450323792,1,"Threshold (troughs)",20
43.4,0.00303545648138533,0.712100250904578,1,"Threshold (troughs)",20
43.6,0.00302830908793115,0.711068886958804,1,"Threshold (troughs)",20
43.8,0.00302122524798251,0.710072531172838,1,"Threshold (troughs)",20
44,0.00301421339878338,0.709034657988368,1,"Threshold (troughs)",20
20.2,0.00974654702513552,0.50900232267027,5.69485306470879e-50,"Threshold (peaks)",30
20.4,0.0102126899482719,0.514855410220259,5.4236919061102e-09,"Threshold (peaks)",30
20.6,0.0102770061104585,0.519784276178685,0.00243946194670307,"Threshold (peaks)",30
20.8,0.0102749730116022,0.524674563719272,0.00161778603316378,"Threshold (peaks)",30
21,0.0102729032481047,0.529651194064022,0.00106465251125397,"Threshold (peaks)",30
21.2,0.0102705674063482,0.534739706539275,0.000663800125100518,"Threshold (peaks)",30
21.4,0.0102678196139828,0.539874447921955,0.000380715712045778,"Threshold (peaks)",30
21.6,0.0102643665742364,0.544959065486552,0.000189289202703523,"Threshold (peaks)",30
21.8,0.0102599020359064,0.549922607659281,7.66823452223937e-05,"Threshold (peaks)",30
22,0.010254530985414,0.554736246688617,2.5855101407416e-05,"Threshold (peaks)",30
22.2,0.0102490014492517,0.559403817239639,8.44209145108024e-06,"Threshold (peaks)",30
22.4,0.0102441213219299,0.563947613687212,3.14368042789405e-06,"Threshold (peaks)",30
22.6,0.0102402244159073,0.568399424282704,1.4284352374339e-06,"Threshold (peaks)",30
22.8,0.0102373102771896,0.57279637519754,7.91913452982594e-07,"Threshold (peaks)",30
23,0.0102353007901074,0.577177656683568,5.27257802648458e-07,"Threshold (peaks)",30
23.2,0.010234134424366,0.581578884501762,4.16377621976476e-07,"Threshold (peaks)",30
23.4,0.0102337795650928,0.586022589869947,3.87517724348565e-07,"Threshold (peaks)",30
23.6,0.0102342363565985,0.590507496244275,4.25058084180369e-07,"Threshold (peaks)",30
23.8,0.010235530893001,0.595004592838318,5.52397167122594e-07,"Threshold (peaks)",30
24,0.0102376914403393,0.599466506235833,8.55432802083334e-07,"Threshold (peaks)",30
24.2,0.0102407160219896,0.603845436185228,1.57789383465859e-06,"Threshold (peaks)",30
24.4,0.0102445514651177,0.60810739873924,3.4296699499208e-06,"Threshold (peaks)",30
24.6,0.0102490807232457,0.612236299586149,8.57865103742521e-06,"Threshold (peaks)",30
24.8,0.0102540753024881,0.616230629792261,2.35769685934327e-05,"Threshold (peaks)",30
25,0.0102590597099749,0.620098227094636,6.46623367117135e-05,"Threshold (peaks)",30
25.2,0.0102632926275303,0.623852408965779,0.000152310840907509,"Threshold (peaks)",30
25.4,0.0102664136318614,0.627510279499999,0.000286445035434587,"Threshold (peaks)",30
25.6,0.0102687068827135,0.63109167437992,0.000455583958841816,"Threshold (peaks)",30
25.8,0.0102704725468299,0.634618527999166,0.00065118392953759,"Threshold (peaks)",30
26,0.0102718835024017,0.638115281494675,0.000866259221756811,"Threshold (peaks)",30
26.2,0.0102730441162262,0.641609059591988,0.00109541398764324,"Threshold (peaks)",30
26.4,0.0102740206375459,0.645128568510417,0.0013345065283219,"Threshold (peaks)",30
26.6,0.0102748572184674,0.648700500409284,0.00158036694511993,"Threshold (peaks)",30
26.8,0.0102755849297331,0.652342477325034,0.00183072206041084,"Threshold (peaks)",30
27,0.0102762268259939,0.656053882142718,0.00208420997398191,"Threshold (peaks)",30
27.2,0.0102768004443741,0.659810148046519,0.00234022202312518,"Threshold (peaks)",30
27.4,0.0102773187082757,0.663567161842625,0.00259839666053252,"Threshold (peaks)",30
27.6,0.0102777904010719,0.66727529582675,0.0028579795023635,"Threshold (peaks)",30
27.8,0.0102782210469937,0.670893868518709,0.00311748467366961,"Threshold (peaks)",30
28,0.0102786141233572,0.674397864933825,0.00337479747372654,"Threshold (peaks)",30
28.2,0.0102789720844183,0.67777676256722,0.00362748887026128,"Threshold (peaks)",30
28.4,0.0102792969484496,0.68102995755265,0.00387309322532838,"Threshold (peaks)",30
28.6,0.0102795905398028,0.684162437545047,0.00410927024566791,"Threshold (peaks)",30
28.8,0.010279854558611,0.687181969786842,0.00433387862013959,"Threshold (peaks)",30
29,0.0102800905897635,0.690097675592346,0.00454500367098415,"Threshold (peaks)",30
29.2,0.0102803000987587,0.69291950677821,0.00474096508230827,"Threshold (peaks)",30
29.4,0.0102804844291054,0.695658230834178,0.00492031653087467,"Threshold (peaks)",30
29.6,0.0102806448035761,0.698325699215426,0.00508184160921619,"Threshold (peaks)",30
29.8,0.0102807823280528,0.700935295037305,0.00522454723272829,"Threshold (peaks)",30
30,0.0102808979965054,0.703502514103558,0.00534765487368892,"Threshold (peaks)",30
30.2,0.0102809926971094,0.706045621466172,0.00545059096647985,"Threshold (peaks)",30
30.4,0.0102810672228057,0.708586212345766,0.00553298122995189,"Threshold (peaks)",30
30.6,0.0102811222959173,0.711149216923666,0.00559466078331191,"Threshold (peaks)",30
30.8,0.0102811586261277,0.713761355951758,0.00563572287125708,"Threshold (peaks)",30
31,0.010281177026805,0.716446489610804,0.00565663435448928,"Threshold (peaks)",30
31.2,0.0102811785884679,0.719216806639654,0.0056584126568227,"Threshold (peaks)",30
31.4,0.0102811648157127,0.72206227904656,0.0056427484427782,"Threshold (peaks)",30
31.6,0.0102811375388431,0.72494628568958,0.00561185269514184,"Threshold (peaks)",30
31.8,0.0102810985295768,0.727814698452339,0.00556796006711921,"Threshold (peaks)",30
32,0.0102810490767669,0.730614248623769,0.00551280691387342,"Threshold (peaks)",30
32.2,0.0102809898498189,0.733307026622037,0.00544746752119196,"Threshold (peaks)",30
32.4,0.0102809210573316,0.735873860042857,0.00537254165190253,"Threshold (peaks)",30
32.6,0.010280842679755,0.738309872907799,0.00528842456786465,"Threshold (peaks)",30
32.8,0.0102807546259578,0.740618403499088,0.00519548440276373,"Threshold (peaks)",30
33,0.010280656800278,0.742806545438963,0.00509413434004274,"Threshold (peaks)",30
33.2,0.0102805491172637,0.744882725134038,0.00498484479331113,"Threshold (peaks)",30
33.4,0.0102804314944026,0.746855672375447,0.00486813156058793,"Threshold (peaks)",30
33.6,0.0102803038377681,0.748734129986362,0.00474453763141352,"Threshold (peaks)",30
33.8,0.0102801660265232,0.750526899303259,0.00461461574013888,"Threshold (peaks)",30
34,0.0102800178982475,0.752243027046539,0.00447891406873113,"Threshold (peaks)",30
34.2,0.0102798592353035,0.753892061287327,0.0043379654734708,"Threshold (peaks)",30
34.4,0.0102796897516171,0.755484365900915,0.00419227973073982,"Threshold (peaks)",30
34.6,0.0102795090788425,0.757031511571832,0.00404233800623046,"Threshold (peaks)",30
34.8,0.0102793167507631,0.758546771382342,0.00388858882776168,"Threshold (peaks)",30
35,0.0102791121850545,0.760045739422337,0.00373144528340981,"Threshold (peaks)",30
35.2,0.0102788946628599,0.761547039715126,0.00357128430942387,"Threshold (peaks)",30
35.4,0.0102786633108379,0.763072941204624,0.00340845167571826,"Threshold (peaks)",30
35.6,0.010278417101278,0.764649330885977,0.00324328214255488,"Threshold (peaks)",30
35.8,0.0102781549080436,0.766303816375958,0.00307615369748067,"Threshold (peaks)",30
36,0.0102778756816987,0.76806001363317,0.00290759927637531,"Threshold (peaks)",30
36.2,0.0102775787807806,0.769926885469492,0.00273846713783927,"Threshold (peaks)",30
36.4,0.0102772643161138,0.771886908584652,0.00257001802394388,"Threshold (peaks)",30
36.6,0.0102769331118998,0.773893653260888,0.00240376637177009,"Threshold (peaks)",30
36.8,0.0102765860452531,0.775886131410532,0.00224105397145793,"Threshold (peaks)",30
37,0.0102762231949486,0.777810909546507,0.0020826818307297,"Threshold (peaks)",30
37.2,0.0102758434442027,0.779635352050049,0.001928882688259,"Threshold (peaks)",30
37.4,0.0102754445927987,0.781347107033834,0.00177953939552143,"Threshold (peaks)",30
37.6,0.0102750236004348,0.782946813228995,0.00163441046631813,"Threshold (peaks)",30
37.8,0.010274576700528,0.784441148696485,0.00149325982374174,"Threshold (peaks)",30
38,0.010274099346567,0.785838637386526,0.00135590960350642,"Threshold (peaks)",30
38.2,0.0102735860254957,0.787147764555893,0.00122225717005615,"Threshold (peaks)",30
38.4,0.0102730299533342,0.788376377898881,0.0010922815013856,"Threshold (peaks)",30
38.6,0.010272422635326,0.789531647780913,0.000966050623780135,"Threshold (peaks)",30
38.8,0.0102717532444358,0.790620214843458,0.000843736098896468,"Threshold (peaks)",30
39,0.0102710077424403,0.791648371609389,0.000725638937162686,"Threshold (peaks)",30
39.2,0.0102701676329843,0.792622230028129,0.00061223126282261,"Threshold (peaks)",30
39.4,0.0102692082036107,0.793547870322519,0.000504218312676411,"Threshold (peaks)",30
39.6,0.0102680961239244,0.794431481925983,0.000402623743691899,"Threshold (peaks)",30
39.8,0.0102667864506872,0.795279512074046,0.000308891673565628,"Threshold (peaks)",30
40,0.0102652197989324,0.796098839763525,0.000224966406772616,"Threshold (peaks)",30
40.2,0.0102633223672552,0.796896995980032,0.00015323036909005,"Threshold (peaks)",30
40.4,0.0102610150758874,0.797682456307108,9.60582709402278e-05,"Threshold (peaks)",30
40.6,0.0102582399044288,0.798465034614368,5.47754876167501e-05,"Threshold (peaks)",30
40.8,0.0102549996611257,0.799256389636681,2.84280191289113e-05,"Threshold (peaks)",30
41,0.0102513782212111,0.800070599135099,1.36581151302575e-05,"Threshold (peaks)",30
41.2,0.0102475070189524,0.800924657768101,6.23842615683755e-06,"Threshold (peaks)",30
41.4,0.0102435035489821,0.80183857142065,2.77414963350707e-06,"Threshold (peaks)",30
41.6,0.0102394396606282,0.802834303626441,1.21863176106095e-06,"Threshold (peaks)",30
41.8,0.0102353500671685,0.803932231058979,5.32543366555482e-07,"Threshold (peaks)",30
42,0.010231253624582,0.805143810117448,2.32399499714831e-07,"Threshold (peaks)",30
42.2,0.0102271687775494,0.806461632524845,1.01656392669563e-07,"Threshold (peaks)",30
42.4,0.0102231196224307,0.807853318912205,4.47890507921525e-08,"Threshold (peaks)",30
42.6,0.0102191330605303,0.809267538162589,1.99853428902226e-08,"Threshold (peaks)",30
42.8,0.0102152303455713,0.81065119721436,9.07031482867267e-09,"Threshold (peaks)",30
43,0.0102114203984458,0.811965399144115,4.19457896247143e-09,"Threshold (peaks)",30
43.2,0.0102076999150009,0.813190442898885,1.97523682742929e-09,"Threshold (peaks)",30
43.4,0.0102040581870807,0.81432161413948,9.45090512771592e-10,"Threshold (peaks)",30
43.6,0.0102004819270548,0.815362485294333,4.58229391094735e-10,"Threshold (peaks)",30
43.8,0.0101969579595555,0.816319862981673,2.24537838045076e-10,"Threshold (peaks)",30
44,0.0101934741841212,0.817201084736574,1.10924998734899e-10,"Threshold (peaks)",30
20.2,0.00744653509814023,0.504978250786011,1,"Threshold (troughs)",30
20.4,0.0021330478936347,0.513160677951724,1,"Threshold (troughs)",30
20.6,0.00237841860697057,0.51872552539816,1,"Threshold (troughs)",30
20.8,0.00242386183512596,0.521768439428531,1,"Threshold (troughs)",30
21,0.00242682843041736,0.524533644756383,1,"Threshold (troughs)",30
21.2,0.00242619418453863,0.526959371162574,1,"Threshold (troughs)",30
21.4,0.00242713590869614,0.530286098836015,1,"Threshold (troughs)",30
21.6,0.00242919277486783,0.533274289341086,1,"Threshold (troughs)",30
21.8,0.00243144868089647,0.536040497723205,1,"Threshold (troughs)",30
22,0.00243337389276715,0.539706190988945,1,"Threshold (troughs)",30
22.2,0.00243513486589568,0.54332454862354,1,"Threshold (troughs)",30
22.4,0.00243700357646286,0.546303209233888,1,"Threshold (troughs)",30
22.6,0.00243893344347045,0.549523986605126,1,"Threshold (troughs)",30
22.8,0.00244086421723171,0.553582606795653,1,"Threshold (troughs)",30
23,0.00244293288768941,0.557422855918593,1,"Threshold (troughs)",30
23.2,0.00244525116973553,0.560624226754872,1,"Threshold (troughs)",30
23.4,0.00244776150490645,0.563803945717219,1,"Threshold (troughs)",30
23.6,0.00245039912169707,0.567623091771428,1,"Threshold (troughs)",30
23.8,0.00245317675716211,0.571902893077147,1,"Threshold (troughs)",30
24,0.00245621223688683,0.57565277720048,1,"Threshold (troughs)",30
24.2,0.00245952311558205,0.578904712904185,1,"Threshold (troughs)",30
24.4,0.00246305274994798,0.582132139793778,1,"Threshold (troughs)",30
24.6,0.00246675214724884,0.585813290678072,1,"Threshold (troughs)",30
24.8,0.00247060454977683,0.590086776486864,1,"Threshold (troughs)",30
25,0.0024746738965175,0.594184167500506,1,"Threshold (troughs)",30
25.2,0.00247900532735309,0.597706264885336,1,"Threshold (troughs)",30
25.4,0.00248356032266415,0.600919530301591,1,"Threshold (troughs)",30
25.6,0.00248828402869605,0.604155250247542,1,"Threshold (troughs)",30
25.8,0.00249312880169503,0.607742491114086,1,"Threshold (troughs)",30
26,0.00249805997669657,0.611866995695041,1,"Threshold (troughs)",30
26.2,0.00250308723657717,0.616053524738978,1,"Threshold (troughs)",30
26.4,0.00250822712593073,0.619760956860769,1,"Threshold (troughs)",30
26.6,0.00251343021024495,0.623044838377449,1,"Threshold (troughs)",30
26.8,0.0025186108368971,0.62614836580667,1,"Threshold (troughs)",30
27,0.00252368088182931,0.62928646466916,1,"Threshold (troughs)",30
27.2,0.00252855398813656,0.632682101992147,1,"Threshold (troughs)",30
27.4,0.00253314856298202,0.636513214971669,1,"Threshold (troughs)",30
27.6,0.00253740743522913,0.640552722065611,1,"Threshold (troughs)",30
27.8,0.00254129455026159,0.644280331411356,1,"Threshold (troughs)",30
28,0.00254474487416501,0.647547209964004,1,"Threshold (troughs)",30
28.2,0.00254766494419173,0.650500407836111,1,"Threshold (troughs)",30
28.4,0.00254996585053554,0.653305970776598,1,"Threshold (troughs)",30
28.6,0.00255157720424095,0.656100859362827,1,"Threshold (troughs)",30
28.8,0.00255244852369014,0.659031938060653,1,"Threshold (troughs)",30
29,0.00255254992511832,0.662255374019193,1,"Threshold (troughs)",30
29.2,0.00255187976326263,0.665748391477067,1,"Threshold (troughs)",30
29.4,0.00255047092110729,0.669139072295549,1,"Threshold (troughs)",30
29.6,0.00254836366015853,0.672103167647464,1,"Threshold (troughs)",30
29.8,0.00254557961576589,0.674638309452786,1,"Threshold (troughs)",30
30,0.00254213379624048,0.676873896406153,1,"Threshold (troughs)",30
30.2,0.00253804922266764,0.678928744221994,1,"Threshold (troughs)",30
30.4,0.0025333588473409,0.680901278407519,1,"Threshold (troughs)",30
30.6,0.00252810257763662,0.682898900536953,1,"Threshold (troughs)",30
30.8,0.00252232497545996,0.685054198656305,1,"Threshold (troughs)",30
31,0.00251607700605239,0.687443541785575,1,"Threshold (troughs)",30
31.2,0.00250942254003979,0.689880851415228,1,"Threshold (troughs)",30
31.4,0.00250243117906863,0.692006130707815,1,"Threshold (troughs)",30
31.6,0.00249515313653122,0.693667422171737,1,"Threshold (troughs)",30
31.8,0.00248761556648836,0.694936061338257,1,"Threshold (troughs)",30
32,0.00247983774904049,0.695931809292205,1,"Threshold (troughs)",30
32.2,0.00247183983524911,0.696754267995347,1,"Threshold (troughs)",30
32.4,0.00246364366434901,0.697490609007117,1,"Threshold (troughs)",30
32.6,0.00245527178990517,0.698240418088639,1,"Threshold (troughs)",30
32.8,0.00244674740521869,0.699126764321844,1,"Threshold (troughs)",30
33,0.00243809705228269,0.700226096019381,1,"Threshold (troughs)",30
33.2,0.0024293566164078,0.701388458914439,1,"Threshold (troughs)",30
33.4,0.00242056715351497,0.702287120247858,1,"Threshold (troughs)",30
33.6,0.00241175505134398,0.702756779825672,1,"Threshold (troughs)",30
33.8,0.00240292691961719,0.702847349260464,1,"Threshold (troughs)",30
34,0.00239408192562172,0.702670074528638,1,"Threshold (troughs)",30
34.2,0.00238522030753866,0.702320743733419,1,"Threshold (troughs)",30
34.4,0.00237634463342421,0.701878273191681,1,"Threshold (troughs)",30
34.6,0.00236745911478265,0.701424069095061,1,"Threshold (troughs)",30
34.8,0.00235856941404831,0.701058620349849,1,"Threshold (troughs)",30
35,0.00234968369609084,0.700883300996537,1,"Threshold (troughs)",30
35.2,0.00234081635715856,0.700887311710641,1,"Threshold (troughs)",30
35.4,0.00233199060964885,0.700843737458482,1,"Threshold (troughs)",30
35.6,0.0023232279631201,0.700496563071026,1,"Threshold (troughs)",30
35.8,0.00231453452222807,0.699780679660627,1,"Threshold (troughs)",30
36,0.00230590403977709,0.698767484885308,1,"Threshold (troughs)",30
36.2,0.00229732779666041,0.697550549578631,1,"Threshold (troughs)",30
36.4,0.00228879893353017,0.696206211391631,1,"Threshold (troughs)",30
36.6,0.00228031269763218,0.694797841368729,1,"Threshold (troughs)",30
36.8,0.00227186619918528,0.693389938161955,1,"Threshold (troughs)",30
37,0.00226345848342357,0.692059423675661,1,"Threshold (troughs)",30
37.2,0.00225509108639814,0.690888195374499,1,"Threshold (troughs)",30
37.4,0.00224676999531494,0.68990257155507,1,"Threshold (troughs)",30
37.6,0.00223850808066267,0.68898215872468,1,"Threshold (troughs)",30
37.8,0.00223032115365283,0.687910500954804,1,"Threshold (troughs)",30
38,0.00222221724170972,0.686556744297481,1,"Threshold (troughs)",30
38.2,0.00221419298960759,0.684925595747522,1,"Threshold (troughs)",30
38.4,0.00220623939483342,0.683082389357946,1,"Threshold (troughs)",30
38.6,0.00219834708865335,0.681094657143739,1,"Threshold (troughs)",30
38.8,0.00219050804479194,0.679016914187442,1,"Threshold (troughs)",30
39,0.00218271591432366,0.676894494046172,1,"Threshold (troughs)",30
39.2,0.00217496622984954,0.674771094000686,1,"Threshold (troughs)",30
39.4,0.00216725648179117,0.672694940031905,1,"Threshold (troughs)",30
39.6,0.00215958616119986,0.670719535931954,1,"Threshold (troughs)",30
39.8,0.002151957223282,0.668889232884671,1,"Threshold (troughs)",30
40,0.00214437527173285,0.667199988463684,1,"Threshold (troughs)",30
40.2,0.00213685018675249,0.665563769114442,1,"Threshold (troughs)",30
40.4,0.00212939320253536,0.663844841919285,1,"Threshold (troughs)",30
40.6,0.00212201128428882,0.661948121072269,1,"Threshold (troughs)",30
40.8,0.00211470471518779,0.659855473872716,1,"Threshold (troughs)",30
41,0.00210746932953077,0.657597743993216,1,"Threshold (troughs)",30
41.2,0.00210029954605045,0.655219137164278,1,"Threshold (troughs)",30
41.4,0.00209319006957906,0.652759860597586,1,"Threshold (troughs)",30
41.6,0.0020861366550576,0.650252474654961,1,"Threshold (troughs)",30
41.8,0.00207913645292358,0.647723550226516,1,"Threshold (troughs)",30
42,0.00207218802924788,0.645196345048874,1,"Threshold (troughs)",30
42.2,0.00206529115375642,0.642693098200807,1,"Threshold (troughs)",30
42.4,0.0020584465500955,0.64023651891278,1,"Threshold (troughs)",30
42.6,0.00205165577835836,0.637849934032464,1,"Threshold (troughs)",30
42.8,0.00204492133682525,0.635554894830322,1,"Threshold (troughs)",30
43,0.00203824699118689,0.633364637035908,1,"Threshold (troughs)",30
43.2,0.00203163820381326,0.631273758633101,1,"Threshold (troughs)",30
43.4,0.00202510226729556,0.629250587465807,1,"Threshold (troughs)",30
43.6,0.00201864759926626,0.627242914962932,1,"Threshold (troughs)",30
43.8,0.00201228219874126,0.625198121117291,1,"Threshold (troughs)",30
44,0.00200601219593198,0.623082740579981,1,"Threshold (troughs)",30
