"t","selected_biomass","total_biomass","on_frac","schedule","boost_level"
20.2,0.125570309090141,0.809138346629297,NA,"Constant",NA
20.4,0.0871940979381246,0.769404323848664,NA,"Constant",NA
20.6,0.0634396627999327,0.743952454006009,NA,"Constant",NA
20.8,0.049000131269176,0.727478277267607,NA,"Constant",NA
21,0.0402863480588241,0.716507080778283,NA,"Constant",NA
21.2,0.0350621619204548,0.708877405318297,NA,"Constant",NA
21.4,0.0319799744074715,0.70327647734238,NA,"Constant",NA
21.6,0.0302285349343173,0.698849072627651,NA,"Constant",NA
21.8,0.0293177136910351,0.695039399413896,NA,"Constant",NA
22,0.0289518986716217,0.691518019857577,NA,"Constant",NA
22.2,0.028955777723876,0.688047590585624,NA,"Constant",NA
22.4,0.0292304725905144,0.684448551049129,NA,"Constant",NA
22.6,0.0297254177822968,0.680625482212571,NA,"Constant",NA
22.8,0.0304211134335922,0.676496927647955,NA,"Constant",NA
23,0.0313213281343602,0.671965667925402,NA,"Constant",NA
23.2,0.0324480782080848,0.666970336271948,NA,"Constant",NA
23.4,0.0338365419171229,0.661448527238488,NA,"Constant",NA
23.6,0.0355361518993374,0.655291665162741,NA,"Constant",NA
23.8,0.0376167959948914,0.648396007439063,NA,"Constant",NA
24,0.0401699720043587,0.640651835070592,NA,"Constant",NA
24.2,0.0433085739552806,0.631883578834728,NA,"Constant",NA
24.4,0.0471790283594542,0.621884956624858,NA,"Constant",NA
24.6,0.0519781042889278,0.61042659758262,NA,"Constant",NA
24.8,0.0579520481699521,0.59718979495396,NA,"Constant",NA
25,0.0653839832562595,0.581784526684271,NA,"Constant",NA
25.2,0.0746001529745822,0.563776555977324,NA,"Constant",NA
25.4,0.0859737339956462,0.542648786953196,NA,"Constant",NA
25.6,0.0998381581024076,0.517864817184899,NA,"Constant",NA
25.8,0.11625394266441,0.489020188708532,NA,"Constant",NA
26,0.134622461197902,0.456072061321907,NA,"Constant",NA
26.2,0.153162660205482,0.419916584165709,NA,"Constant",NA
26.4,0.168194309726472,0.383332014637908,NA,"Constant",NA
26.6,0.173985489135597,0.352041605666478,NA,"Constant",NA
26.8,0.165823132660992,0.334768775838165,NA,"Constant",NA
27,0.145322381229809,0.339466563218384,NA,"Constant",NA
27.2,0.12003090966336,0.36610576845339,NA,"Constant",NA
27.4,0.0967628666951262,0.405481937986939,NA,"Constant",NA
27.6,0.0784968332374628,0.447578983336555,NA,"Constant",NA
27.8,0.0654137318466201,0.487058423489368,NA,"Constant",NA
28,0.0564833451952461,0.522141003611914,NA,"Constant",NA
28.2,0.0505055629306443,0.552537260297776,NA,"Constant",NA
28.4,0.0465054097464117,0.578495080293683,NA,"Constant",NA
28.6,0.0437876493883265,0.600451258805879,NA,"Constant",NA
28.8,0.0418867114950914,0.618892041490618,NA,"Constant",NA
29,0.0405016671339762,0.634292253943407,NA,"Constant",NA
29.2,0.0394420067492738,0.647088432440408,NA,"Constant",NA
29.4,0.0385884675761863,0.657668522109257,NA,"Constant",NA
29.6,0.0378666814050939,0.666370115779105,NA,"Constant",NA
29.8,0.0372301692772505,0.67348302107946,NA,"Constant",NA
30,0.0366496498303982,0.679253826132182,NA,"Constant",NA
30.2,0.0361064316486483,0.683891030790342,NA,"Constant",NA
30.4,0.0355883809864108,0.687570203804817,NA,"Constant",NA
30.6,0.0350874879800587,0.690439434917419,NA,"Constant",NA
30.8,0.0345984227105795,0.692622623732538,NA,"Constant",NA
31,0.0341177101928045,0.694222723549547,NA,"Constant",NA
31.2,0.0336432718451843,0.695328686675556,NA,"Constant",NA
31.4,0.0331742052345537,0.696013490353941,NA,"Constant",NA
31.6,0.0327107355978075,0.696335020274674,NA,"Constant",NA
31.8,0.0322542032364059,0.696348181220139,NA,"Constant",NA
32,0.0318070845414087,0.696095009975335,NA,"Constant",NA
32.2,0.0313730687750428,0.69560327502059,NA,"Constant",NA
32.4,0.0309570161031323,0.694906342869404,NA,"Constant",NA
32.6,0.0305648592966872,0.694025759946877,NA,"Constant",NA
32.8,0.0302035418200217,0.69296591746896,NA,"Constant",NA
33,0.0298807947058523,0.691742794112545,NA,"Constant",NA
33.2,0.0296049151602259,0.690363109712785,NA,"Constant",NA
33.4,0.0293846814682619,0.6888115703655,NA,"Constant",NA
33.6,0.0292291039529711,0.687087581500806,NA,"Constant",NA
33.8,0.029147369693304,0.685187186287733,NA,"Constant",NA
34,0.0291492328116284,0.68307947099388,NA,"Constant",NA
34.2,0.0292450446869877,0.680747429332743,NA,"Constant",NA
34.4,0.0294458524418454,0.678178759745171,NA,"Constant",NA
34.6,0.0297646415671332,0.675330153683741,NA,"Constant",NA
34.8,0.0302172302630663,0.672166138936472,NA,"Constant",NA
35,0.0308221786944355,0.66866301788714,NA,"Constant",NA
35.2,0.0316025590340398,0.664762850954483,NA,"Constant",NA
35.4,0.0325890247549912,0.660403298312366,NA,"Constant",NA
35.6,0.0338203370488158,0.655536048480877,NA,"Constant",NA
35.8,0.0353444306181996,0.650074757637171,NA,"Constant",NA
36,0.0372248328751997,0.643909463920999,NA,"Constant",NA
36.2,0.0395462728730841,0.636936848234335,NA,"Constant",NA
36.4,0.042414805983737,0.629007212862499,NA,"Constant",NA
36.6,0.0459635909772548,0.619919214994291,NA,"Constant",NA
36.8,0.0503695070479168,0.609455222753604,NA,"Constant",NA
37,0.0558618679746048,0.597332318611858,NA,"Constant",NA
37.2,0.062711451910903,0.583181661898671,NA,"Constant",NA
37.4,0.0712243801850475,0.566589666953635,NA,"Constant",NA
37.6,0.0817508361151089,0.547074681703072,NA,"Constant",NA
37.8,0.094640402923291,0.524104453173854,NA,"Constant",NA
38,0.110063401172644,0.497230543254242,NA,"Constant",NA
38.2,0.127676624363802,0.466270959769331,NA,"Constant",NA
38.4,0.146155201417357,0.431741396034984,NA,"Constant",NA
38.6,0.162577005609033,0.395670862898217,NA,"Constant",NA
38.8,0.171925538002588,0.362616727545559,NA,"Constant",NA
39,0.168799346673825,0.340225029085398,NA,"Constant",NA
39.2,0.152320934085413,0.337080891006914,NA,"Constant",NA
39.4,0.128351184275606,0.356395300913697,NA,"Constant",NA
39.6,0.104322677923896,0.391815177892786,NA,"Constant",NA
39.8,0.0844558100982447,0.433037747187631,NA,"Constant",NA
40,0.0697599559965279,0.473163782686137,NA,"Constant",NA
40.2,0.0595380074271213,0.509428528653646,NA,"Constant",NA
40.4,0.0526245455953084,0.541136431145828,NA,"Constant",NA
40.6,0.0479779215227347,0.568373266756342,NA,"Constant",NA
40.8,0.0448236875225907,0.591509287361806,NA,"Constant",NA
41,0.042630723101204,0.611006087627041,NA,"Constant",NA
41.2,0.0410501770954955,0.627333946642688,NA,"Constant",NA
41.4,0.0398585868169718,0.640934842077602,NA,"Constant",NA
41.6,0.0389147991706894,0.652206892935637,NA,"Constant",NA
41.8,0.0381301889232664,0.661499711711264,NA,"Constant",NA
42,0.0374490860409662,0.669115379321846,NA,"Constant",NA
42.2,0.0368363043653787,0.675312144657228,NA,"Constant",NA
42.4,0.036269352142781,0.680309171570608,NA,"Constant",NA
42.6,0.0357336337143559,0.684291671108272,NA,"Constant",NA
42.8,0.0352195268547259,0.687415960654995,NA,"Constant",NA
43,0.0347206304152023,0.689812820404378,NA,"Constant",NA
43.2,0.0342327395760487,0.691592096158036,NA,"Constant",NA
43.4,0.03375326142747,0.692847848321578,NA,"Constant",NA
43.6,0.0332809258108976,0.693656132330161,NA,"Constant",NA
43.8,0.032815679867986,0.694080438820269,NA,"Constant",NA
44,0.0323586401575491,0.694178878926219,NA,"Constant",NA
20.2,0.103350080245029,0.787003335332573,0.999999999908746,"Threshold (peaks)",3
20.4,0.0605797937537127,0.742873024163129,0.99970829963655,"Threshold (peaks)",3
20.6,0.0397712387132503,0.720121030443758,0.701084815539434,"Threshold (peaks)",3
20.8,0.0325941732194301,0.710610775326478,0.159642110220981,"Threshold (peaks)",3
21,0.0299006569675833,0.705428468514373,0.068872099070852,"Threshold (peaks)",3
21.2,0.0286237499364406,0.701573961069572,0.0451609436789046,"Threshold (peaks)",3
21.4,0.0280168855794301,0.698302201156511,0.0368330871505706,"Threshold (peaks)",3
21.6,0.0277845408553814,0.695254465316548,0.0340528363429496,"Threshold (peaks)",3
21.8,0.0277862521905221,0.692223404959385,0.0340725547217881,"Threshold (peaks)",3
22,0.0279521062797969,0.689107201780929,0.0360366961723346,"Threshold (peaks)",3
22.2,0.0282493708967246,0.685810122374305,0.039832854972244,"Threshold (peaks)",3
22.4,0.0286668839657221,0.68224382247381,0.0458167977168498,"Threshold (peaks)",3
22.6,0.0292047981459134,0.678365077076423,0.0547935541762381,"Threshold (peaks)",3
22.8,0.0298683302954548,0.674110910191458,0.0681496574325953,"Threshold (peaks)",3
23,0.030665649176235,0.669384673468302,0.0881649087603158,"Threshold (peaks)",3
23.2,0.0316037718649139,0.664106393305557,0.118394169774162,"Threshold (peaks)",3
23.4,0.0326818087602951,0.658164413234363,0.163802423134001,"Threshold (peaks)",3
23.6,0.0338911246230295,0.651377083347449,0.230283822448593,"Threshold (peaks)",3
23.8,0.0352251939688361,0.643547729906928,0.323107639661301,"Threshold (peaks)",3
24,0.0366952589966089,0.634453200923781,0.444055382292729,"Threshold (peaks)",3
24.2,0.0383580236621394,0.62381447059533,0.588452107442842,"Threshold (peaks)",3
24.4,0.0403613264961067,0.611368087575972,0.742521186386459,"Threshold (peaks)",3
24.6,0.0430036001415347,0.596897173982546,0.879151683571179,"Threshold (peaks)",3
24.8,0.046772841987929,0.580204392189149,0.964578957286793,"Threshold (peaks)",3
25,0.0522306725421629,0.561041590677833,0.994598610010494,"Threshold (peaks)",3
25.2,0.0597766668409494,0.538876002687526,0.999613596450609,"Threshold (peaks)",3
25.4,0.0696823365046156,0.512856879450457,0.99998795855249,"Threshold (peaks)",3
25.6,0.0822166713202606,0.482100353817775,0.999999850592412,"Threshold (peaks)",3
25.8,0.0974198379492186,0.445961892623594,0.999999999271941,"Threshold (peaks)",3
26,0.114470660100021,0.404548357568146,0.999999999998142,"Threshold (peaks)",3
26.2,0.130538948187418,0.360065501849201,0.999999999999993,"Threshold (peaks)",3
26.4,0.139055719797175,0.319236333099945,1,"Threshold (peaks)",3
26.6,0.131568421687527,0.295606985433077,0.999999999999995,"Threshold (peaks)",3
26.8,0.108588748581009,0.304395876159609,0.999999999985428,"Threshold (peaks)",3
27,0.0822776872576554,0.345135948270062,0.999999853750996,"Threshold (peaks)",3
27.2,0.061633390547572,0.399234213708653,0.999798285308203,"Threshold (peaks)",3
27.4,0.0482132015225031,0.45197798038453,0.978306074813911,"Threshold (peaks)",3
27.6,0.0409039821670406,0.499049220754511,0.777152428459974,"Threshold (peaks)",3
27.8,0.0379871973080046,0.539914582443667,0.556682571129947,"Threshold (peaks)",3
28,0.0368638093686249,0.57392629897873,0.458670979887543,"Threshold (peaks)",3
28.2,0.0362896460144073,0.601636263650716,0.409323556499201,"Threshold (peaks)",3
28.4,0.0358995262549425,0.624125355010545,0.376746709009967,"Threshold (peaks)",3
28.6,0.035584534077963,0.642406483256125,0.351218342330841,"Threshold (peaks)",3
28.8,0.0353065417485782,0.657305663280679,0.329369238787344,"Threshold (peaks)",3
29,0.035049107767985,0.669474915998188,0.309770808498359,"Threshold (peaks)",3
29.2,0.0348036443926667,0.67942693924098,0.291698170814728,"Threshold (peaks)",3
29.4,0.0345649526337427,0.687566678576832,0.274733221517249,"Threshold (peaks)",3
29.6,0.0343295026321926,0.694216131502504,0.25861259808053,"Threshold (peaks)",3
29.8,0.0340946541659795,0.699633031208786,0.243159569792804,"Threshold (peaks)",3
30,0.0338582612377639,0.704024877284562,0.228250230649344,"Threshold (peaks)",3
30.2,0.0336184570970337,0.707560627233604,0.213795714723821,"Threshold (peaks)",3
30.4,0.0333735388643716,0.710377419563368,0.199732910883078,"Threshold (peaks)",3
30.6,0.0331219174114194,0.712586701861306,0.186020132470444,"Threshold (peaks)",3
30.8,0.0328620933511743,0.714284137827504,0.172634566538247,"Threshold (peaks)",3
31,0.0325926783374204,0.715545420764747,0.159571892056761,"Threshold (peaks)",3
31.2,0.0323124617566238,0.716432041983744,0.146847095021854,"Threshold (peaks)",3
31.4,0.0320204593203552,0.717004397860995,0.134492885346727,"Threshold (peaks)",3
31.6,0.031716027904408,0.717304113925004,0.122559316568505,"Threshold (peaks)",3
31.8,0.0313990258139295,0.717364700000814,0.111112613732137,"Threshold (peaks)",3
32,0.0310698970467615,0.717228940785254,0.100228783989451,"Threshold (peaks)",3
32.2,0.0307298235560296,0.71691814777521,0.0899883919389984,"Threshold (peaks)",3
32.4,0.0303808937027444,0.716446890144257,0.0804706329658965,"Threshold (peaks)",3
32.6,0.0300260974876402,0.715847228876616,0.0717430873514459,"Threshold (peaks)",3
32.8,0.0296693395811242,0.715127947522243,0.0638552465122283,"Threshold (peaks)",3
33,0.0293154403604378,0.714287176366716,0.0568352305114235,"Threshold (peaks)",3
33.2,0.0289699089534272,0.713347469588887,0.0506861148634583,"Threshold (peaks)",3
33.4,0.0286387261982701,0.712310716503313,0.0453876382036499,"Threshold (peaks)",3
33.6,0.0283281682175024,0.71115997262747,0.0409017375469987,"Threshold (peaks)",3
33.8,0.0280444709277446,0.709907023590956,0.0371773343956214,"Threshold (peaks)",3
34,0.02779363257241,0.708551868573428,0.0341577193578588,"Threshold (peaks)",3
34.2,0.0275813636458625,0.70706620606686,0.0317884630787357,"Threshold (peaks)",3
34.4,0.0274128688172378,0.705449466071072,0.0300217079001385,"Threshold (peaks)",3
34.6,0.0272928930019091,0.703703230242589,0.0288220852586843,"Threshold (peaks)",3
34.8,0.0272260890768863,0.701793878704134,0.0281744152312865,"Threshold (peaks)",3
35,0.0272169582095159,0.699707270734604,0.0280869957192624,"Threshold (peaks)",3
35.2,0.0272698834459757,0.697446110264758,0.0285973907050389,"Threshold (peaks)",3
35.4,0.0273899211064466,0.694976477166571,0.0297885739679631,"Threshold (peaks)",3
35.6,0.0275830182778671,0.692268985988028,0.0318063019442448,"Threshold (peaks)",3
35.8,0.0278555206818906,0.689321192900957,0.0348799905494085,"Threshold (peaks)",3
36,0.0282149046846391,0.686098322466828,0.0393737845354472,"Threshold (peaks)",3
36.2,0.0286706271069481,0.682551000911156,0.0458741379538463,"Threshold (peaks)",3
36.4,0.0292327703513246,0.678657425414038,0.0553031028909999,"Threshold (peaks)",3
36.6,0.0299109939256761,0.674369070421442,0.0691046036187189,"Threshold (peaks)",3
36.8,0.030715237266974,0.669599428393693,0.0895709684520149,"Threshold (peaks)",3
37,0.0316532072766167,0.664273612480465,0.120213111660493,"Threshold (peaks)",3
37.2,0.0327248526234669,0.658285121678115,0.165877560677582,"Threshold (peaks)",3
37.4,0.0339232046571635,0.651457584074368,0.232281155160902,"Threshold (peaks)",3
37.6,0.0352441069293216,0.643597842241252,0.324557887002418,"Threshold (peaks)",3
37.8,0.0367010490022692,0.634486665477731,0.444555998577596,"Threshold (peaks)",3
38,0.0383515581182883,0.62384755108948,0.587903664358172,"Threshold (peaks)",3
38.2,0.0403420107419868,0.611415825949116,0.741225852904471,"Threshold (peaks)",3
38.4,0.0429673697544095,0.596972241887919,0.877797199290784,"Threshold (peaks)",3
38.6,0.046712002873065,0.580317017898766,0.963843777238703,"Threshold (peaks)",3
38.8,0.0521378498493432,0.561201766826795,0.994421143693635,"Threshold (peaks)",3
39,0.0596481765872765,0.539097654577737,0.999595819739355,"Threshold (peaks)",3
39.2,0.0695157509732603,0.513155901072711,0.999987235203349,"Threshold (peaks)",3
39.4,0.0820102810946243,0.482490078040187,0.999999839393932,"Threshold (peaks)",3
39.6,0.0971780440061006,0.446449349708151,0.999999999207608,"Threshold (peaks)",3
39.8,0.114214483239922,0.405123232493932,0.999999999997968,"Threshold (peaks)",3
40,0.13032657167561,0.36067514541786,0.999999999999993,"Threshold (peaks)",3
40.2,0.139003188466116,0.319745468442895,1,"Threshold (peaks)",3
40.4,0.131768302970034,0.295784312055042,0.999999999999996,"Threshold (peaks)",3
40.6,0.108943037338445,0.30407484247252,0.999999999987128,"Threshold (peaks)",3
40.8,0.0826094962532252,0.344460484894727,0.999999869794587,"Threshold (peaks)",3
41,0.0618716174056338,0.398477580594225,0.999814427636105,"Threshold (peaks)",3
41.2,0.0483607285101769,0.45126915582302,0.979375861096331,"Threshold (peaks)",3
41.4,0.0409736654583989,0.498409253044902,0.781350039634063,"Threshold (peaks)",3
41.6,0.0380134269568294,0.539357458710572,0.55894822725077,"Threshold (peaks)",3
41.8,0.0368757731478125,0.573457263781344,0.459711411958723,"Threshold (peaks)",3
42,0.0362967715647462,0.60124402745453,0.409927006167878,"Threshold (peaks)",3
42.2,0.0359045912965911,0.623796141138493,0.377163290633937,"Threshold (peaks)",3
42.4,0.0355884899936382,0.642128299695531,0.351534075659994,"Threshold (peaks)",3
42.6,0.0353097958394318,0.657068818930487,0.329620999979268,"Threshold (peaks)",3
42.8,0.0350518744714338,0.669271704553722,0.309978006059758,"Threshold (peaks)",3
43,0.0348060543570333,0.679251231448931,0.291872571110531,"Threshold (peaks)",3
43.2,0.0345670935130886,0.687413576002987,0.274882632556541,"Threshold (peaks)",3
43.4,0.034331437507608,0.69408169572982,0.258742533366377,"Threshold (peaks)",3
43.6,0.0340964311395035,0.699514077136974,0.243274109020234,"Threshold (peaks)",3
43.8,0.0338599188930731,0.703918819808961,0.228352503100337,"Threshold (peaks)",3
44,0.0336200277915617,0.707465350410372,0.213888185115095,"Threshold (peaks)",3
20.2,0.125570309090141,0.809138346629297,3.80926944821784e-14,"Threshold (troughs)",3
20.4,0.0871940978980367,0.76940432380859,2.61438839757057e-08,"Threshold (troughs)",3
20.6,0.0634394725156945,0.743952263816518,0.000107175802366823,"Threshold (troughs)",3
20.8,0.0489641291939037,0.727442293578345,0.0167616114073626,"Threshold (troughs)",3
21,0.039386314341944,0.715607220953204,0.32790606087513,"Threshold (troughs)",3
21.2,0.0306803668813105,0.704489175794087,0.911419867461914,"Threshold (troughs)",3
21.4,0.0249642768044672,0.696206217681345,0.987039889215228,"Threshold (troughs)",3
21.6,0.0221418691083062,0.690600384941545,0.995136992383611,"Threshold (troughs)",3
21.8,0.0209021846653052,0.686298660936901,0.99684420126739,"Threshold (troughs)",3
22,0.0204896150570017,0.682514358080987,0.997267581745869,"Threshold (troughs)",3
22.2,0.0205212076241912,0.678802617278916,0.997237267733689,"Threshold (troughs)",3
22.4,0.0208132313352471,0.674901078847026,0.996940695701047,"Threshold (troughs)",3
22.6,0.0212850414393794,0.670687530449543,0.996393048576384,"Threshold (troughs)",3
22.8,0.0219090313743936,0.666072202704964,0.995516070990435,"Threshold (troughs)",3
23,0.0226886226364161,0.66095814516678,0.994116799147472,"Threshold (troughs)",3
23.2,0.0236480859823552,0.655286577686683,0.991786720665419,"Threshold (troughs)",3
23.4,0.0248255261654961,0.648989062306769,0.987646968294144,"Threshold (troughs)",3
23.6,0.0262752932712573,0.641950533798694,0.979642227378862,"Threshold (troughs)",3
23.8,0.0280836027635618,0.634071355472167,0.962329015342233,"Threshold (troughs)",3
24,0.0303998476137394,0.625270148479937,0.919036851991813,"Threshold (troughs)",3
24.2,0.0335542307909253,0.615551839149075,0.789960502265417,"Threshold (troughs)",3
24.4,0.0385734328072695,0.605570039171188,0.393408982893836,"Threshold (troughs)",3
24.6,0.0467410335651186,0.596209318461664,0.0358036015619176,"Threshold (troughs)",3
24.8,0.0559590970876234,0.584873588564473,0.00146951346215515,"Threshold (troughs)",3
25,0.0656984342660581,0.570319564569254,4.85918174712848e-05,"Threshold (troughs)",3
25.2,0.0766789682044201,0.552386278679071,1.03892866748516e-06,"Threshold (troughs)",3
25.4,0.0895863034108135,0.530772996990695,1.13121825630503e-08,"Threshold (troughs)",3
25.6,0.104881258072504,0.505107381903386,5.33802263822403e-11,"Threshold (troughs)",3
25.8,0.122530813977401,0.475151672755076,1.10435786828526e-13,"Threshold (troughs)",3
26,0.141575725086461,0.44117092828115,1.40159860932869e-16,"Threshold (troughs)",3
26.2,0.159546977370954,0.404704200889829,2.59076005406573e-19,"Threshold (troughs)",3
26.4,0.171780993888845,0.369621418651534,3.57100566220553e-21,"Threshold (troughs)",3
26.6,0.17229995006594,0.343026839335382,2.97758367738462e-21,"Threshold (troughs)",3
26.8,0.158460517094633,0.334095909370281,3.79021490046259e-19,"Threshold (troughs)",3
27,0.134974206613399,0.348340997289908,1.41458731776608e-15,"Threshold (troughs)",3
27.2,0.109926636916585,0.381459579078071,9.12101444686485e-12,"Threshold (troughs)",3
27.4,0.0885854283979249,0.422817780891853,1.60607797835587e-08,"Threshold (troughs)",3
27.6,0.0725589078516839,0.464154941703792,4.39736475203528e-06,"Threshold (troughs)",3
27.8,0.0613526377834354,0.501876436538368,0.000222549881328569,"Threshold (troughs)",3
28,0.053772343850795,0.534974944287769,0.00315512723629921,"Threshold (troughs)",3
28.2,0.0486385518036072,0.563391631971058,0.0187479444118196,"Threshold (troughs)",3
28.4,0.0449694812934435,0.587350316610614,0.0645939319974793,"Threshold (troughs)",3
28.6,0.0419853049616679,0.607128356971131,0.164129105611616,"Threshold (troughs)",3
28.8,0.0390414298005458,0.622950836172019,0.35505448215125,"Threshold (troughs)",3
29,0.0356719824783596,0.635050399116793,0.641772190433962,"Threshold (troughs)",3
29.2,0.03225911977019,0.644365812661833,0.855477790004126,"Threshold (troughs)",3
29.4,0.0296980226583824,0.652245116543856,0.935541671090011,"Threshold (troughs)",3
29.6,0.0280586854492041,0.659139737312805,0.962644072041396,"Threshold (troughs)",3
29.8,0.0270145334932196,0.665041438753466,0.973784711031028,"Threshold (troughs)",3
30,0.0262975815190237,0.669943543539258,0.97948598149339,"Threshold (troughs)",3
30.2,0.0257502449672553,0.673903303480597,0.983003298801402,"Threshold (troughs)",3
30.4,0.0252888123113498,0.677015514029643,0.985502621667053,"Threshold (troughs)",3
30.6,0.0248706216837006,0.679386956465384,0.987452805853891,"Threshold (troughs)",3
30.8,0.024474462350806,0.681120335283469,0.989060377603596,"Threshold (troughs)",3
31,0.0240901571609899,0.682310213637461,0.990424684251257,"Threshold (troughs)",3
31.2,0.0237132955567514,0.683040640180639,0.991598598370922,"Threshold (troughs)",3
31.4,0.0233426836098706,0.683378947166043,0.992613634980529,"Threshold (troughs)",3
31.6,0.0229791259859011,0.683385108423584,0.993490884548606,"Threshold (troughs)",3
31.8,0.0226248232170858,0.683111133568412,0.994246037069128,"Threshold (troughs)",3
32,0.0222831243645412,0.682589728494997,0.994891646157537,"Threshold (troughs)",3
32.2,0.0219583526583067,0.681852904966573,0.995438308239679,"Threshold (troughs)",3
32.4,0.0216556081598199,0.680928511868328,0.995895297168761,"Threshold (troughs)",3
32.6,0.0213806649270472,0.679821772350692,0.996270676518813,"Threshold (troughs)",3
32.8,0.0211397533485384,0.678542569430023,0.996571362611892,"Threshold (troughs)",3
33,0.0209393288371793,0.677100394431912,0.996803015690233,"Threshold (troughs)",3
33.2,0.0207861137019974,0.675478709954558,0.996969523006541,"Threshold (troughs)",3
33.4,0.0206869287350487,0.67366879788132,0.997072673499588,"Threshold (troughs)",3
33.6,0.0206485147250669,0.671666383174514,0.997111676224097,"Threshold (troughs)",3
33.8,0.0206781177143899,0.669438379349899,0.997081665710059,"Threshold (troughs)",3
34,0.0207838051295714,0.666959703643549,0.996971964581708,"Threshold (troughs)",3
34.2,0.0209741981700761,0.664214794992763,0.996763865045889,"Threshold (troughs)",3
34.4,0.0212595838797672,0.661156367724576,0.996424947454411,"Threshold (troughs)",3
34.6,0.021653441757114,0.657740911589968,0.995898397295232,"Threshold (troughs)",3
34.8,0.022172163286018,0.653937483660374,0.995085381846692,"Threshold (troughs)",3
35,0.0228360834327505,0.649679216243385,0.993806941532141,"Threshold (troughs)",3
35.2,0.0236734825946833,0.64489336621372,0.991713956142406,"Threshold (troughs)",3
35.4,0.0247226332058609,0.639518463784654,0.98807894288663,"Threshold (troughs)",3
35.6,0.0260336364716041,0.63345198038164,0.981263201683362,"Threshold (troughs)",3
35.8,0.0276804258637411,0.626576258555249,0.967126301918475,"Threshold (troughs)",3
36,0.029788716566593,0.618799759327557,0.933599707841215,"Threshold (troughs)",3
36.2,0.0326152189034192,0.610078965157739,0.839366665815603,"Threshold (troughs)",3
36.4,0.0369003784836365,0.600785450902593,0.538147686579136,"Threshold (troughs)",3
36.6,0.0442290623816975,0.592112236845575,0.0821437295729865,"Threshold (troughs)",3
36.8,0.0532845968625702,0.582293778983606,0.00374060436003926,"Threshold (troughs)",3
37,0.0627547098675625,0.569368714738174,0.000136215875700641,"Threshold (troughs)",3
37.2,0.0732453842640752,0.553116066816026,3.45771075522549e-06,"Threshold (troughs)",3
37.4,0.0854587262871119,0.53329842570909,4.80062533919856e-08,"Threshold (troughs)",3
37.6,0.0999133005121987,0.509564531007286,3.04048522106604e-10,"Threshold (troughs)",3
37.8,0.116723932187244,0.481644183905294,8.43843495276013e-13,"Threshold (troughs)",3
38,0.135214885628173,0.449641526856571,1.30024614778161e-15,"Threshold (troughs)",3
38.2,0.153408212234169,0.414673274588644,2.22358871036014e-18,"Threshold (troughs)",3
38.4,0.167391619111139,0.379820678600591,1.66095558932919e-20,"Threshold (troughs)",3
38.6,0.171545149917287,0.35107392934647,3.87846052269617e-21,"Threshold (troughs)",3
38.8,0.161984494121645,0.33696594109644,1.10334727528098e-19,"Threshold (troughs)",3
39,0.141217920441239,0.344382010633503,1.58869725496877e-16,"Threshold (troughs)",3
39.2,0.116662553956572,0.372083913574469,8.62177622910209e-13,"Threshold (troughs)",3
39.4,0.0944441021411191,0.410950462129916,2.06413294653896e-09,"Threshold (troughs)",3
39.6,0.077100998644608,0.451889339751493,8.96190605408546e-07,"Threshold (troughs)",3
39.8,0.0646717692387373,0.490152436251132,6.9613996409223e-05,"Threshold (troughs)",3
40,0.0561418771440119,0.524136028456492,0.00137852499193854,"Threshold (troughs)",3
40.2,0.0503493943889596,0.55355268384463,0.0103858443788428,"Threshold (troughs)",3
40.4,0.0462891096247792,0.578550537914681,0.0416869788462801,"Threshold (troughs)",3
40.6,0.043150704140847,0.599387129057093,0.115481187052523,"Threshold (troughs)",3
40.8,0.04027469080245,0.616300960657443,0.263321723147362,"Threshold (troughs)",3
41,0.0370961023208907,0.629456363534618,0.52107416406214,"Threshold (troughs)",3
41.2,0.0335615718115809,0.639383726732586,0.789533633274359,"Threshold (troughs)",3
41.4,0.030575626936176,0.647458031368791,0.914336774569967,"Threshold (troughs)",3
41.6,0.0285816258025802,0.654517092776852,0.95547091554621,"Threshold (troughs)",3
41.8,0.0273228663644476,0.660637778912413,0.970882646268918,"Threshold (troughs)",3
42,0.0264874994683952,0.665783765134902,0.978106127888629,"Threshold (troughs)",3
42.2,0.0258761515913611,0.669981950790193,0.982250717644432,"Threshold (troughs)",3
42.4,0.025379780622127,0.673310792545224,0.985040370783053,"Threshold (troughs)",3
42.6,0.0249420896634348,0.675870089531233,0.98713890636668,"Threshold (troughs)",3
42.8,0.0245348495756803,0.677762109548029,0.988829183352976,"Threshold (troughs)",3
43,0.0241443334905464,0.679083973254662,0.990243074581297,"Threshold (troughs)",3
43.2,0.0237643621845665,0.679920015937387,0.991448299307914,"Threshold (troughs)",3
43.4,0.0233928781063827,0.680341905268235,0.992483635690327,"Threshold (troughs)",3
43.6,0.0230302662202226,0.680414875347043,0.993374042171564,"Threshold (troughs)",3
43.8,0.0226785686533174,0.680187737420106,0.994137355312754,"Threshold (troughs)",3
44,0.0223411281885104,0.679697978955062,0.994787367761557,"Threshold (troughs)",3
20.2,0.070227391427119,0.754015220058653,0.999990050900869,"Threshold (peaks)",5
20.4,0.0344074601979982,0.716687511973914,0.263881324400542,"Threshold (peaks)",5
20.6,0.0294190420539984,0.709372233423173,0.0588116143764725,"Threshold (peaks)",5
20.8,0.0279038682865349,0.705320797123461,0.0354544560729863,"Threshold (peaks)",5
21,0.027284594513143,0.702107777063504,0.0287408514462595,"Threshold (peaks)",5
21.2,0.0270342273746946,0.69919581471399,0.0263919239796094,"Threshold (peaks)",5
21.4,0.0269731482486681,0.696387153244833,0.0258478443530054,"Threshold (peaks)",5
21.6,0.0270289096288745,0.693543156946396,0.0263441151623156,"Threshold (peaks)",5
21.8,0.02717261776121,0.690573089513178,0.0276662095064899,"Threshold (peaks)",5
22,0.027394830505504,0.687438113267003,0.029838302283975,"Threshold (peaks)",5
22.2,0.0276956760698898,0.684073832618083,0.0330439137059835,"Threshold (peaks)",5
22.4,0.0280803853932456,0.680409608274595,0.0376301608427648,"Threshold (peaks)",5
22.6,0.0285548505750256,0.676407063688718,0.0441318484235337,"Threshold (peaks)",5
22.8,0.0291228859141134,0.671995491712489,0.0533267486890183,"Threshold (peaks)",5
23,0.0297862553016824,0.667068258262012,0.0663468806370883,"Threshold (peaks)",5
23.2,0.030542177561007,0.661531861576527,0.084750186800721,"Threshold (peaks)",5
23.4,0.0313796491796554,0.65525379469147,0.110444192143344,"Threshold (peaks)",5
23.6,0.0322835351597029,0.648035639562125,0.145582524075895,"Threshold (peaks)",5
23.8,0.0332431092975614,0.639666434579883,0.192532147443801,"Threshold (peaks)",5
24,0.0342557389939162,0.629889025853947,0.253690822453842,"Threshold (peaks)",5
24.2,0.0353324284605704,0.618353098825696,0.331374730710251,"Threshold (peaks)",5
24.4,0.0365109637336115,0.604652042374077,0.428185429791695,"Threshold (peaks)",5
24.6,0.0378699537051681,0.588283961343112,0.54652779071028,"Threshold (peaks)",5
24.8,0.0395564931289006,0.568592888336454,0.685090677835791,"Threshold (peaks)",5
25,0.0418801288427942,0.544871208851015,0.83075517735291,"Threshold (peaks)",5
25.2,0.0455501016074801,0.516536184825294,0.946656782949688,"Threshold (peaks)",5
25.4,0.0518333208476477,0.48321763343863,0.993797203365076,"Threshold (peaks)",5
25.6,0.0616738062237837,0.444088892943897,0.999801119566783,"Threshold (peaks)",5
25.8,0.0749068204958836,0.397684694057699,0.999998067559064,"Threshold (peaks)",5
26,0.0901823644915966,0.343976742461744,0.999999990818933,"Threshold (peaks)",5
26.2,0.102082362114107,0.288456668765185,0.999999999857749,"Threshold (peaks)",5
26.4,0.097444343962216,0.250360693627087,0.999999999278163,"Threshold (peaks)",5
26.6,0.072529274204736,0.261926803355496,0.999995556764137,"Threshold (peaks)",5
26.8,0.0481680815829287,0.324879291737007,0.977968184944086,"Threshold (peaks)",5
27,0.0376387812494571,0.402433583007451,0.526399441967127,"Threshold (peaks)",5
27.2,0.0356391469825199,0.470760450184042,0.355588564139405,"Threshold (peaks)",5
27.4,0.0348631690282428,0.524555633575773,0.296023618529994,"Threshold (peaks)",5
27.6,0.0344325013319088,0.56653732112335,0.265588255794404,"Threshold (peaks)",5
27.8,0.0341522694490662,0.599508231874176,0.246891927040972,"Threshold (peaks)",5
28,0.0339432278238873,0.62566652425819,0.233533925316214,"Threshold (peaks)",5
28.2,0.0337699877884355,0.646626445829034,0.222850667028993,"Threshold (peaks)",5
28.4,0.0336158762910824,0.663563905486039,0.213643839965411,"Threshold (peaks)",5
28.6,0.0334724333319208,0.677344914910402,0.205326116162145,"Threshold (peaks)",5
28.8,0.0333349597048055,0.68861733728432,0.197582206360075,"Threshold (peaks)",5
29,0.0332005778448277,0.697873498286271,0.190227234072534,"Threshold (peaks)",5
29.2,0.0330673390931909,0.705492900031155,0.183143460331485,"Threshold (peaks)",5
29.4,0.0329337835260336,0.711771852290373,0.176249947229983,"Threshold (peaks)",5
29.6,0.0327987089907163,0.716943746732504,0.169487156213656,"Threshold (peaks)",5
29.8,0.0326610419241327,0.721195133064619,0.162808745963461,"Threshold (peaks)",5
30,0.032519760296061,0.724676549849396,0.156177064146661,"Threshold (peaks)",5
30.2,0.0323738559661981,0.727507014948151,0.149561165078224,"Threshold (peaks)",5
30.4,0.032222302398331,0.729788605061042,0.1429354457937,"Threshold (peaks)",5
30.6,0.0320640388249897,0.731603851601366,0.136279295935436,"Threshold (peaks)",5
30.8,0.031897990644174,0.733015034307852,0.129578349064142,"Threshold (peaks)",5
31,0.0317230537882372,0.73408719894025,0.122824152276781,"Threshold (peaks)",5
31.2,0.0315381211099156,0.734867168706491,0.116015467146033,"Threshold (peaks)",5
31.4,0.0313421565980863,0.735387216281879,0.10916083427336,"Threshold (peaks)",5
31.6,0.031134197425378,0.735696071793443,0.10227784523126,"Threshold (peaks)",5
31.8,0.0309134351239475,0.735820603648152,0.0953945807083282,"Threshold (peaks)",5
32,0.0306793519847119,0.735774575931546,0.088551443148468,"Threshold (peaks)",5
32.2,0.0304317413346444,0.735597936245565,0.0817981096532821,"Threshold (peaks)",5
32.4,0.0301708111393317,0.735306756916381,0.0751921436959633,"Threshold (peaks)",5
32.6,0.029897345494673,0.734899510074509,0.0687977689326468,"Threshold (peaks)",5
32.8,0.0296126902895303,0.734407918802366,0.0626795732103142,"Threshold (peaks)",5
33,0.0293187720001343,0.733843536009814,0.0568978048088555,"Threshold (peaks)",5
33.2,0.0290181829462282,0.733190587581474,0.0515057512371635,"Threshold (peaks)",5
33.4,0.0287140602033655,0.732469706089588,0.0465444921504687,"Threshold (peaks)",5
33.6,0.0284099336602846,0.731693079100531,0.0420398881885302,"Threshold (peaks)",5
33.8,0.028109675163909,0.730834452961547,0.0380033791967401,"Threshold (peaks)",5
34,0.0278173014421412,0.729899934638969,0.0344322295370785,"Threshold (peaks)",5
34.2,0.0275367471332117,0.72890565220016,0.0313110774919229,"Threshold (peaks)",5
34.4,0.0272717906737995,0.727822730602643,0.0286159505006532,"Threshold (peaks)",5
34.6,0.0270259195478072,0.726640989239262,0.0263172700708524,"Threshold (peaks)",5
34.8,0.0268022108683397,0.725379752049363,0.0243825824125825,"Threshold (peaks)",5
35,0.0266034120548538,0.724016947184537,0.0227802070098272,"Threshold (peaks)",5
35.2,0.0264319401333393,0.722527734878526,0.0214810727993205,"Threshold (peaks)",5
35.4,0.026289849463943,0.720929265556517,0.0204596824200556,"Threshold (peaks)",5
35.6,0.0261790963243393,0.719212732578461,0.0196966749945036,"Threshold (peaks)",5
35.8,0.0261016841113799,0.717344002962236,0.0191799892077863,"Threshold (peaks)",5
36,0.0260595225394311,0.715330351669176,0.0189041966150827,"Threshold (peaks)",5
36.2,0.0260547064662611,0.71317602728749,0.0188729416819919,"Threshold (peaks)",5
36.4,0.0260899178961714,0.710844722133645,0.019102628136118,"Threshold (peaks)",5
36.6,0.0261681313253252,0.708327269735434,0.0196226685697487,"Threshold (peaks)",5
36.8,0.0262925506420692,0.705633485994131,0.0204786485901514,"Threshold (peaks)",5
37,0.0264673400535469,0.702729805212872,0.0217432011775275,"Threshold (peaks)",5
37.2,0.0266975157233153,0.699586704924287,0.0235254689958601,"Threshold (peaks)",5
37.4,0.0269880994694035,0.696206570974001,0.0259800087541123,"Threshold (peaks)",5
37.6,0.0273446594520576,0.692556356910528,0.0293338782168295,"Threshold (peaks)",5
37.8,0.0277738635195925,0.688581567179234,0.0339300581406125,"Threshold (peaks)",5
38,0.0282816210685155,0.684258098895237,0.0402670519504112,"Threshold (peaks)",5
38.2,0.028871656273843,0.679536776083753,0.0490558936725896,"Threshold (peaks)",5
38.4,0.0295462746793207,0.674321236943582,0.0613269462002897,"Threshold (peaks)",5
38.6,0.0303044963548444,0.668525616125851,0.0785130665555949,"Threshold (peaks)",5
38.8,0.0311380340860984,0.66204017050266,0.102401274221844,"Threshold (peaks)",5
39,0.0320339551242175,0.654682126374003,0.135043980974502,"Threshold (peaks)",5
39.2,0.0329825905373154,0.646247881291069,0.178745197298975,"Threshold (peaks)",5
39.4,0.0339809845372405,0.636504414445855,0.235908969976321,"Threshold (peaks)",5
39.6,0.0350368921397039,0.625124384101621,0.308856897538515,"Threshold (peaks)",5
39.8,0.0361809800156298,0.611714888009557,0.40015565291985,"Threshold (peaks)",5
40,0.0374800979226284,0.595808313783648,0.512528920086597,"Threshold (peaks)",5
40.2,0.0390575853389305,0.576782354151098,0.646239983444404,"Threshold (peaks)",5
40.4,0.0411629285152355,0.553922106282031,0.79246196012733,"Threshold (peaks)",5
40.6,0.0443681360460416,0.526587661961254,0.921454332007781,"Threshold (peaks)",5
40.8,0.0498249317180113,0.494363080734853,0.987546328059859,"Threshold (peaks)",5
41,0.0587152413977903,0.456627313991933,0.999439733404343,"Threshold (peaks)",5
41.2,0.0711714929355939,0.411926169776892,0.999992851757607,"Threshold (peaks)",5
41.4,0.086306736485793,0.359496036829655,0.99999996432809,"Threshold (peaks)",5
41.6,0.100330285020056,0.302655776209413,0.999999999737261,"Threshold (peaks)",5
41.8,0.101681092908482,0.25608849935317,0.999999999836287,"Threshold (peaks)",5
42,0.0803897712505771,0.251453258786009,0.999999716716934,"Threshold (peaks)",5
42.2,0.0535975705666513,0.304618021135612,0.996646400695918,"Threshold (peaks)",5
42.4,0.0388808178152791,0.382121183491413,0.631963450338221,"Threshold (peaks)",5
42.6,0.0359337085754194,0.454714001501397,0.379561588605968,"Threshold (peaks)",5
42.8,0.0350043848261605,0.512364407569371,0.306432153461828,"Threshold (peaks)",5
43,0.0345200618693555,0.557301293820953,0.271611961128967,"Threshold (peaks)",5
43.2,0.0342188306222153,0.592483417853003,0.251251494529548,"Threshold (peaks)",5
43.4,0.0340020685902918,0.620303016605213,0.237242483861008,"Threshold (peaks)",5
43.6,0.033826639962917,0.642529103231744,0.226305470939986,"Threshold (peaks)",5
43.8,0.033672723197948,0.660447153803615,0.217007352956223,"Threshold (peaks)",5
44,0.0335305652062419,0.674999127013893,0.208667709977629,"Threshold (peaks)",5
20.2,0.125570309090141,0.809138346629297,3.80926944821803e-14,"Threshold (troughs)",5
20.4,0.0871940978178617,0.769404323728445,2.61438847097419e-08,"Threshold (troughs)",5
20.6,0.0634390919104555,0.743951883400781,0.000107190086769752,"Threshold (troughs)",5
20.8,0.0488907849799758,0.727368986546369,0.0171902078806672,"Threshold (troughs)",5
21,0.0366664559972241,0.712888057402369,0.558433279623206,"Threshold (troughs)",5
21.2,0.0207680532531168,0.694554340894463,0.996988571702616,"Threshold (troughs)",5
21.4,0.0147944432414501,0.685889303696755,0.999627255589824,"Threshold (troughs)",5
21.6,0.0129944827234322,0.681115954969743,0.999801511211246,"Threshold (troughs)",5
21.8,0.0125893080388305,0.67740970761724,0.999827763368396,"Threshold (troughs)",5
22,0.0126541019472827,0.673813000203342,0.99982381126906,"Threshold (troughs)",5
22.2,0.0128934771623439,0.669965909634254,0.999808408018139,"Threshold (troughs)",5
22.4,0.0132217848426416,0.665707181346995,0.999785069242195,"Threshold (troughs)",5
22.6,0.0136232402086525,0.660984108201444,0.99975263361587,"Threshold (troughs)",5
22.8,0.0141050757619925,0.655741217006571,0.999707179195878,"Threshold (troughs)",5
23,0.0146856016603319,0.649896690118493,0.999641190619855,"Threshold (troughs)",5
23.2,0.0153918522660326,0.643392277520611,0.999540556930996,"Threshold (troughs)",5
23.4,0.0162561451486713,0.63613836831793,0.999378259699145,"Threshold (troughs)",5
23.6,0.0173180325975725,0.627987121626275,0.999098456180413,"Threshold (troughs)",5
23.8,0.0186339839899141,0.61878575934866,0.998571444930656,"Threshold (troughs)",5
24,0.020282523432908,0.608330139493238,0.997458241845412,"Threshold (troughs)",5
24.2,0.022365841269143,0.596324470556837,0.994742298194977,"Threshold (troughs)",5
24.4,0.0250365343586169,0.582434474083467,0.986712173728824,"Threshold (troughs)",5
24.6,0.0286043366874203,0.566309559306983,0.955131308054972,"Threshold (troughs)",5
24.8,0.0342884441473887,0.54828239593221,0.744134624286195,"Threshold (troughs)",5
25,0.0512265974156637,0.536692529802224,0.00765993585858932,"Threshold (troughs)",5
25.2,0.0722013086115974,0.524295596399984,4.98400516699165e-06,"Threshold (troughs)",5
25.4,0.0917873589878802,0.504894564666,5.23352312731439e-09,"Threshold (troughs)",5
25.6,0.111777796600344,0.479447199080224,4.76985910705035e-12,"Threshold (troughs)",5
25.8,0.132526009881243,0.448734125135087,3.33402623898114e-15,"Threshold (troughs)",5
26,0.152547915071183,0.414197537775583,3.00534684177013e-18,"Threshold (troughs)",5
26.2,0.168023434641747,0.379121757183176,1.33127261900776e-20,"Threshold (troughs)",5
26.4,0.173052792660485,0.349775269047572,2.28752734155128e-21,"Threshold (troughs)",5
26.6,0.163415819977558,0.335183179143843,6.68383873365777e-20,"Threshold (troughs)",5
26.8,0.141870243610348,0.342748416809975,1.26424480071054e-16,"Threshold (troughs)",5
27,0.116536444120586,0.371238464853099,9.01107142185389e-13,"Threshold (troughs)",5
27.2,0.0938921586767383,0.411040018086594,2.50427012053157e-09,"Threshold (troughs)",5
27.4,0.0764251884675737,0.452728027172009,1.1354874118787e-06,"Threshold (troughs)",5
27.6,0.0640380814537386,0.491521417434917,8.69090137040437e-05,"Threshold (troughs)",5
27.8,0.0556072486147981,0.525850669132558,0.00166188711679747,"Threshold (troughs)",5
28,0.0498383582708307,0.555391465528987,0.0123959777088689,"Threshold (troughs)",5
28.2,0.0454236262562618,0.58004965946006,0.0556245628200161,"Threshold (troughs)",5
28.4,0.0404301265561891,0.598994994769701,0.252899543955478,"Threshold (troughs)",5
28.6,0.0292258693309486,0.607497233577048,0.944823020837425,"Threshold (troughs)",5
28.8,0.0212419318403421,0.615636308435251,0.996446900665046,"Threshold (troughs)",5
29,0.0184980810880221,0.626022602415149,0.998637750244986,"Threshold (troughs)",5
29.2,0.0175085472619433,0.635720230320131,0.999036315975159,"Threshold (troughs)",5
29.4,0.0170417208046591,0.643914140759116,0.99918153619034,"Threshold (troughs)",5
29.6,0.0167242459733991,0.650562192004284,0.999267592062301,"Threshold (troughs)",5
29.8,0.0164485675960886,0.655833515905942,0.999334948652184,"Threshold (troughs)",5
30,0.0161844622116148,0.659932548419509,0.999393663573815,"Threshold (troughs)",5
30.2,0.0159235989060676,0.663049989484969,0.999446570003891,"Threshold (troughs)",5
30.4,0.0156638731737239,0.665351295586226,0.999494661198686,"Threshold (troughs)",5
30.6,0.0154050962965796,0.666974963044772,0.999538422082392,"Threshold (troughs)",5
30.8,0.0151478430462312,0.668037428974868,0.999578170079701,"Threshold (troughs)",5
31,0.0148931718284948,0.6686349416007,0.999614147966314,"Threshold (troughs)",5
31.2,0.01464261140732,0.668842290246931,0.999646550109396,"Threshold (troughs)",5
31.4,0.0143981834918802,0.668724209217127,0.999675536311904,"Threshold (troughs)",5
31.6,0.0141624194941501,0.668331610686178,0.999701241277368,"Threshold (troughs)",5
31.8,0.0139383980963108,0.667696612602728,0.999723777145522,"Threshold (troughs)",5
32,0.0137296708366243,0.666851946044822,0.999743242385731,"Threshold (troughs)",5
32.2,0.0135401876115209,0.665817386747567,0.999759722819058,"Threshold (troughs)",5
32.4,0.0133742661782081,0.664594502136386,0.999773283096551,"Threshold (troughs)",5
32.6,0.0132363447677114,0.663193910976689,0.999783970793602,"Threshold (troughs)",5
32.8,0.0131309206440747,0.661611531791416,0.999791799284936,"Threshold (troughs)",5
33,0.0130627432224533,0.659825670805377,0.9997967102693,"Threshold (troughs)",5
33.2,0.0130365262577134,0.657830300576437,0.999798567759165,"Threshold (troughs)",5
33.4,0.0130569706899386,0.655602764323508,0.999797120721907,"Threshold (troughs)",5
33.6,0.0131296076399615,0.653102808213936,0.999791894974874,"Threshold (troughs)",5
33.8,0.0132607324692461,0.650309893086709,0.99978211831691,"Threshold (troughs)",5
34,0.0134572015146859,0.647184253061534,0.999766603468206,"Threshold (troughs)",5
34.2,0.0137281134264201,0.643665782462988,0.999743382345964,"Threshold (troughs)",5
34.4,0.014085644892123,0.639713501800863,0.999709164373125,"Threshold (troughs)",5
34.6,0.0145442462772747,0.635261573891128,0.999658513941929,"Threshold (troughs)",5
34.8,0.01512295026271,0.630216052619377,0.999581829782628,"Threshold (troughs)",5
35,0.0158489241712011,0.624493593604382,0.999460847242204,"Threshold (troughs)",5
35.2,0.0167568999664779,0.617972651032073,0.999259174987743,"Threshold (troughs)",5
35.4,0.0178911496933468,0.610486691166266,0.998898299441388,"Threshold (troughs)",5
35.6,0.0193154325655644,0.601856332040766,0.998187118680937,"Threshold (troughs)",5
35.8,0.0211198002199537,0.591833199017248,0.996595155277677,"Threshold (troughs)",5
36,0.0234256425989426,0.58009296241126,0.992397556323522,"Threshold (troughs)",5
36.2,0.0264291631448401,0.566277637650179,0.978539358942394,"Threshold (troughs)",5
36.4,0.0306198437603364,0.550114895771199,0.913116147676481,"Threshold (troughs)",5
36.6,0.0393794089837874,0.534052813492079,0.328439216986615,"Threshold (troughs)",5
36.8,0.0606634475244468,0.525608372300167,0.000283281337596586,"Threshold (troughs)",5
37,0.080730347209105,0.510928232365504,2.51433651666245e-07,"Threshold (troughs)",5
37.2,0.100232399822448,0.489731885857793,2.71901744174634e-10,"Threshold (troughs)",5
37.4,0.120353964839987,0.462905721091726,2.36690377234511e-13,"Threshold (troughs)",5
37.6,0.140624537623295,0.431475829408431,1.95563159141107e-16,"Threshold (troughs)",5
37.8,0.158566874390191,0.397627214777046,3.65164253443786e-19,"Threshold (troughs)",5
38,0.169423899173463,0.36584417502519,8.15219100070734e-21,"Threshold (troughs)",5
38.2,0.167813399533937,0.343548562084747,1.43288270185558e-20,"Threshold (troughs)",5
38.4,0.152561448584066,0.339222364265021,2.99113715158593e-18,"Threshold (troughs)",5
38.6,0.129267898072089,0.35656690698342,1.04348434778318e-14,"Threshold (troughs)",5
38.8,0.105462501623405,0.390201750604655,4.35492558748456e-11,"Threshold (troughs)",5
39,0.0855661035362628,0.430351400575241,4.62346010537139e-08,"Threshold (troughs)",5
39.2,0.0707328309610279,0.469982178449793,8.33515351516068e-06,"Threshold (troughs)",5
39.4,0.0603522379815491,0.506048212366611,0.000315889194097406,"Threshold (troughs)",5
39.6,0.0532587081358147,0.537650545730856,0.00377454253308742,"Threshold (troughs)",5
39.8,0.0482435498564275,0.564625741482018,0.0214695112617837,"Threshold (troughs)",5
40,0.0440128993900127,0.586793617787798,0.0880346585437452,"Threshold (troughs)",5
40.2,0.0378108011828934,0.60237210906396,0.458610842631858,"Threshold (troughs)",5
40.4,0.0257811516211455,0.608272902636903,0.982821516392427,"Threshold (troughs)",5
40.6,0.0200268008807938,0.617153461452073,0.997675461839933,"Threshold (troughs)",5
40.8,0.0180625193835845,0.627107256053849,0.998830239088817,"Threshold (troughs)",5
41,0.0172982714716031,0.636034000724596,0.999104667957656,"Threshold (troughs)",5
41.2,0.0168876328743489,0.64345705514088,0.999224497218386,"Threshold (troughs)",5
41.4,0.0165788973101776,0.649423961336994,0.999303913574433,"Threshold (troughs)",5
41.6,0.0162999872013737,0.654115008065043,0.999368646410358,"Threshold (troughs)",5
41.8,0.0160305963016135,0.65772491301359,0.999425451829388,"Threshold (troughs)",5
42,0.0157651294599991,0.66043013269447,0.999476430301648,"Threshold (troughs)",5
42.2,0.0155023050922352,0.662382355078819,0.999522446216367,"Threshold (troughs)",5
42.4,0.0152422975895208,0.663710043247801,0.999563989907891,"Threshold (troughs)",5
42.6,0.0149859889422633,0.664517827278884,0.999601405274719,"Threshold (troughs)",5
42.8,0.0147348069601947,0.664891525369742,0.999634956539104,"Threshold (troughs)",5
43,0.0144906995142418,0.664903818706958,0.999664855606947,"Threshold (troughs)",5
43.2,0.014256172615204,0.664607014045862,0.99969127279018,"Threshold (troughs)",5
43.4,0.0140343042974892,0.66404318260384,0.999714345143569,"Threshold (troughs)",5
43.6,0.0138286827774252,0.663249127639878,0.999734186006016,"Threshold (troughs)",5
43.8,0.0136433987175118,0.662240042844924,0.999750881620696,"Threshold (troughs)",5
44,0.0134829237622241,0.661028372741085,0.999764492086774,"Threshold (troughs)",5
20.2,0.0480127469097415,0.731897277496072,0.976765137424331,"Threshold (peaks)",7
20.4,0.02967808511027,0.711861590252033,0.0640385682813134,"Threshold (peaks)",7
20.6,0.0275100026316942,0.707227620427846,0.031028251268986,"Threshold (peaks)",7
20.8,0.026838061114982,0.703972549900926,0.0246830204144351,"Threshold (peaks)",7
21,0.026594928746644,0.701103013811742,0.0227141669022339,"Threshold (peaks)",7
21.2,0.0265264831083368,0.698340626240315,0.0221881355411941,"Threshold (peaks)",7
21.4,0.0265516560095344,0.695584430215,0.0223802004002549,"Threshold (peaks)",7
21.6,0.0266433138587802,0.692741484715658,0.0230933547396047,"Threshold (peaks)",7
21.8,0.0267951271576019,0.689745869602988,0.0243236416242902,"Threshold (peaks)",7
22,0.0270087845353889,0.68657047814224,0.0261639436657589,"Threshold (peaks)",7
22.2,0.0272893565892326,0.683154758870098,0.0287874401497021,"Threshold (peaks)",7
22.4,0.0276434332434509,0.679429697070427,0.0324643159977584,"Threshold (peaks)",7
22.6,0.0280761028189587,0.675355353766038,0.0375758870650204,"Threshold (peaks)",7
22.8,0.0285892850859732,0.67085613437075,0.0446433428717417,"Threshold (peaks)",7
23,0.0291826123453686,0.665821695214208,0.0543925603747336,"Threshold (peaks)",7
23.2,0.029851743885878,0.660155176113701,0.0677817138784498,"Threshold (peaks)",7
23.4,0.030585875074068,0.653719430280628,0.0859447391540103,"Threshold (peaks)",7
23.6,0.0313723131691628,0.646314279641918,0.11019204760195,"Threshold (peaks)",7
23.8,0.0322028985610004,0.63772720902868,0.14210503079756,"Threshold (peaks)",7
24,0.033073941598287,0.627691491463611,0.183489616635829,"Threshold (peaks)",7
24.2,0.0339884044501375,0.61583865821714,0.236377669420523,"Threshold (peaks)",7
24.4,0.0349646602013813,0.601730125902519,0.303483549717244,"Threshold (peaks)",7
24.6,0.0360410796350696,0.584799465615442,0.388455569068437,"Threshold (peaks)",7
24.8,0.0372800855237324,0.564266000573814,0.495020942712704,"Threshold (peaks)",7
25,0.0387982372204959,0.539158580375713,0.625211965549788,"Threshold (peaks)",7
25.2,0.0408677934100828,0.508302589376709,0.774949916707817,"Threshold (peaks)",7
25.4,0.0442174038300064,0.47043277924341,0.917547921221878,"Threshold (peaks)",7
25.6,0.0506070985474869,0.424813624498519,0.990501878396411,"Threshold (peaks)",7
25.8,0.0616332546965966,0.370823030948732,0.999798275713508,"Threshold (peaks)",7
26,0.0754741993088937,0.308084873938587,0.999998415780496,"Threshold (peaks)",7
26.2,0.0832766730652944,0.245762979799877,0.999999896923412,"Threshold (peaks)",7
26.4,0.067767240404959,0.219820535570622,0.999976453020829,"Threshold (peaks)",7
26.6,0.0423529033668582,0.271117714157527,0.852777224615653,"Threshold (peaks)",7
26.8,0.036280790467794,0.367279901826324,0.408573977334,"Threshold (peaks)",7
27,0.0346196143826633,0.44730066115165,0.278563797989415,"Threshold (peaks)",7
27.2,0.0338154556803548,0.508312819278757,0.225620432326164,"Threshold (peaks)",7
27.4,0.0333978001932694,0.555198548289913,0.201094399782754,"Threshold (peaks)",7
27.6,0.0331478306519981,0.591594180137973,0.187398102374391,"Threshold (peaks)",7
27.8,0.0329714656647124,0.620218367354443,0.17817401887656,"Threshold (peaks)",7
28,0.0328295057983936,0.643018291798213,0.17101066036438,"Threshold (peaks)",7
28.2,0.0327050105006414,0.661377159180183,0.164918370086435,"Threshold (peaks)",7
28.4,0.0325899394745213,0.676291103799459,0.159443306070402,"Threshold (peaks)",7
28.6,0.0324800333224921,0.688491793434683,0.154352400262426,"Threshold (peaks)",7
28.8,0.0323727757015739,0.698527096287707,0.149513054264819,"Threshold (peaks)",7
29,0.0322665129542096,0.706814234218511,0.144842602753623,"Threshold (peaks)",7
29.2,0.0321600384967718,0.713675685875664,0.140285037459632,"Threshold (peaks)",7
29.4,0.0320523801654162,0.719364026426426,0.135799435457848,"Threshold (peaks)",7
29.6,0.0319426860329499,0.724078044976246,0.131353966622308,"Threshold (peaks)",7
29.8,0.0318301558192351,0.727978405498057,0.126922533340004,"Threshold (peaks)",7
30,0.031713999678936,0.731194213653724,0.122482955482243,"Threshold (peaks)",7
30.2,0.031593423214852,0.733826823540188,0.118016427142239,"Threshold (peaks)",7
30.4,0.0314675988727959,0.735967835062307,0.113506621504835,"Threshold (peaks)",7
30.6,0.0313356664353317,0.737686324340651,0.108940011360972,"Threshold (peaks)",7
30.8,0.0311967513326949,0.739036718106319,0.104306784282806,"Threshold (peaks)",7
31,0.0310499374258528,0.740081090156151,0.0996001882590765,"Threshold (peaks)",7
31.2,0.0308943112019785,0.74085527519516,0.0948182241669455,"Threshold (peaks)",7
31.4,0.0307290102261702,0.741390203212888,0.0899650703777264,"Threshold (peaks)",7
31.6,0.0305532053126677,0.741735012288128,0.0850502218256135,"Threshold (peaks)",7
31.8,0.0303661966333588,0.741906372061173,0.0800906148753414,"Threshold (peaks)",7
32,0.0301675015354227,0.741920203349967,0.0751115883487667,"Threshold (peaks)",7
32.2,0.0299568439815628,0.741819124394246,0.0701446715339443,"Threshold (peaks)",7
32.4,0.0297342731462245,0.741609169735945,0.0652281082899725,"Threshold (peaks)",7
32.6,0.0295002718904562,0.741291761443513,0.060406093066659,"Threshold (peaks)",7
32.8,0.0292557105533714,0.740903738275279,0.0557243135628807,"Threshold (peaks)",7
33,0.0290019036947693,0.740446914471173,0.0512279572185524,"Threshold (peaks)",7
33.2,0.0287406812843619,0.739906944487183,0.0469599617602216,"Threshold (peaks)",7
33.4,0.0284742617875417,0.739312132988536,0.0429565375567055,"Threshold (peaks)",7
33.6,0.0282051745970331,0.738666453216428,0.0392451063245934,"Threshold (peaks)",7
33.8,0.0279362558471015,0.737941981913518,0.0358443707636269,"Threshold (peaks)",7
34,0.0276704762125633,0.737154311810253,0.0327631016577371,"Threshold (peaks)",7
34.2,0.0274107794104874,0.736314949186106,0.0300004079168762,"Threshold (peaks)",7
34.4,0.0271600516988409,0.735390048602442,0.0275480768440229,"Threshold (peaks)",7
34.6,0.0269210063535775,0.734378887425181,0.0253920276068609,"Threshold (peaks)",7
34.8,0.0266960773028495,0.733301434264742,0.0235139001767789,"Threshold (peaks)",7
35,0.0264874588286173,0.73212884956413,0.0218935673463458,"Threshold (peaks)",7
35.2,0.0262970854675316,0.730843366475904,0.0205105283271949,"Threshold (peaks)",7
35.4,0.0261266167858516,0.72946797788718,0.0193449341673436,"Threshold (peaks)",7
35.6,0.0259775941915559,0.727988167047384,0.0183793540174457,"Threshold (peaks)",7
35.8,0.025851484277618,0.726373116379899,0.0175993052131118,"Threshold (peaks)",7
36,0.025749628699497,0.724639257104805,0.0169930958107494,"Threshold (peaks)",7
36.2,0.025673477471315,0.722789247559533,0.0165533208566386,"Threshold (peaks)",7
36.4,0.0256247451557445,0.720787354436614,0.016277782318359,"Threshold (peaks)",7
36.6,0.0256052029329787,0.718634621329214,0.0161685596258229,"Threshold (peaks)",7
36.8,0.0256168171879531,0.716345413444359,0.0162333852125035,"Threshold (peaks)",7
37,0.0256621648632397,0.713887685428515,0.0164889520662058,"Threshold (peaks)",7
37.2,0.0257441723877146,0.711242843482818,0.0169612071934951,"Threshold (peaks)",7
37.4,0.0258658393276527,0.708425300214436,0.0176864317879536,"Threshold (peaks)",7
37.6,0.0260308722310684,0.705410652645684,0.0187190088629229,"Threshold (peaks)",7
37.8,0.0262437878852462,0.702160684042105,0.0201388986081845,"Threshold (peaks)",7
38,0.0265089537060706,0.698675478206911,0.0220553416557605,"Threshold (peaks)",7
38.2,0.0268307558618964,0.694933124017648,0.0246215084576994,"Threshold (peaks)",7
38.4,0.027214412851298,0.690874556872527,0.028062673280721,"Threshold (peaks)",7
38.6,0.0276645317620475,0.68646810227231,0.0326971971059019,"Threshold (peaks)",7
38.8,0.0281833226089696,0.681675165511072,0.0389575873084659,"Threshold (peaks)",7
39,0.0287714883213168,0.676401979105061,0.047445161582339,"Threshold (peaks)",7
39.2,0.0294278357671169,0.670555685893843,0.0589823052336493,"Threshold (peaks)",7
39.4,0.0301458052983369,0.664039107472178,0.0745854656205758,"Threshold (peaks)",7
39.6,0.0309146961965703,0.65668440999194,0.0954326968370292,"Threshold (peaks)",7
39.8,0.0317263201077554,0.648288817714282,0.122947441372098,"Threshold (peaks)",7
40,0.0325767197359675,0.638632026060106,0.158823837289739,"Threshold (peaks)",7
40.2,0.0334654438427054,0.627401680474332,0.204927023792199,"Threshold (peaks)",7
40.4,0.0344025508807925,0.614196711066072,0.263547506658122,"Threshold (peaks)",7
40.6,0.0354160576850798,0.598537412135424,0.337895326726028,"Threshold (peaks)",7
40.8,0.0365534375260774,0.57976308222509,0.431831058837846,"Threshold (peaks)",7
41,0.0378937196130035,0.557000233767679,0.548589630358388,"Threshold (peaks)",7
41.2,0.0396022402244641,0.529189912571103,0.68853663732482,"Threshold (peaks)",7
41.4,0.042094550146331,0.49506314206617,0.841052187231037,"Threshold (peaks)",7
41.6,0.0464985178491898,0.453473025641625,0.961146140968327,"Threshold (peaks)",7
41.8,0.0549180469584236,0.403902851524353,0.997885424180104,"Threshold (peaks)",7
42,0.0677896558337569,0.345307830442629,0.999976637130613,"Threshold (peaks)",7
42.2,0.0811073910066736,0.279534198059824,0.999999779666821,"Threshold (peaks)",7
42.4,0.0805567545236375,0.225430828918348,0.999999732807285,"Threshold (peaks)",7
42.6,0.0556066691185137,0.230878095049177,0.998337776153096,"Threshold (peaks)",7
42.8,0.0380870911605576,0.312422818358318,0.565297761756323,"Threshold (peaks)",7
43,0.035369830575989,0.40551669549266,0.33428317387174,"Threshold (peaks)",7
43.2,0.0341772877314078,0.476872863284114,0.24852457004326,"Threshold (peaks)",7
43.4,0.0335930729505583,0.531360620664392,0.212305328609401,"Threshold (peaks)",7
43.6,0.0332755254313768,0.573354112141699,0.194303119555373,"Threshold (peaks)",7
43.8,0.0330724780468135,0.606112336274491,0.183412841790582,"Threshold (peaks)",7
44,0.0329200622117746,0.632011425355582,0.175553397003316,"Threshold (peaks)",7
20.2,0.12557030909014,0.809138346629297,3.80926944821829e-14,"Threshold (troughs)",7
20.4,0.0871940977376869,0.769404323648299,2.61438854437761e-08,"Threshold (troughs)",7
20.6,0.0634387112561882,0.743951502936026,0.000107204374916737,"Threshold (troughs)",7
20.8,0.0488155801545024,0.727293819462663,0.0176408551269247,"Threshold (troughs)",7
21,0.0319607258400805,0.708183868634993,0.867923534330524,"Threshold (troughs)",7
21.2,0.0137436658260384,0.687492621356089,0.999741981264906,"Threshold (troughs)",7
21.4,0.00973017603874743,0.680681437904789,0.999936709923778,"Threshold (troughs)",7
21.6,0.00903428940350379,0.67689138665339,0.999950397204705,"Threshold (troughs)",7
21.8,0.0090516557063624,0.673466247922184,0.999950094637878,"Threshold (troughs)",7
22,0.00922938682107466,0.669814022265123,0.999946889983375,"Threshold (troughs)",7
22.2,0.0094594038908696,0.665761349143474,0.999942435181169,"Threshold (troughs)",7
22.4,0.00972910565840317,0.661223726651878,0.999936733641505,"Threshold (troughs)",7
22.6,0.0100469977471914,0.656176232899165,0.999929284127704,"Threshold (troughs)",7
22.8,0.0104261060648569,0.650568604947626,0.999919244884149,"Threshold (troughs)",7
23,0.0108836232785762,0.644317393327249,0.99990521351087,"Threshold (troughs)",7
23.2,0.0114425761213239,0.637357396452085,0.999884721828429,"Threshold (troughs)",7
23.4,0.0121297577955985,0.629582636010086,0.999853362530315,"Threshold (troughs)",7
23.6,0.0129778910913966,0.620826711992943,0.999802660916456,"Threshold (troughs)",7
23.8,0.0140348051871204,0.610911812845111,0.999714295047247,"Threshold (troughs)",7
24,0.0153675901568095,0.599589136257875,0.99954444225189,"Threshold (troughs)",7
24.2,0.0170612978919736,0.586503116372614,0.99917591035167,"Threshold (troughs)",7
24.4,0.0192338067595287,0.571223272391966,0.998238115944274,"Threshold (troughs)",7
24.6,0.0220732474403987,0.553167065362894,0.995251913451238,"Threshold (troughs)",7
24.8,0.0258981678734802,0.531581915122063,0.982115799317158,"Threshold (troughs)",7
25,0.0316670549358402,0.50605958023586,0.879273065239343,"Threshold (troughs)",7
25.2,0.0537991501632393,0.489647193390272,0.0031257395306975,"Threshold (troughs)",7
25.4,0.0860286642019547,0.477298298379523,3.93203691258576e-08,"Threshold (troughs)",7
25.6,0.11370528401913,0.454923875912126,2.42861957378166e-12,"Threshold (troughs)",7
25.8,0.138647805359731,0.425418728649414,3.90771257252845e-16,"Threshold (troughs)",7
26,0.159410455951557,0.392174602281903,2.71763010729654e-19,"Threshold (troughs)",7
26.2,0.17134781318987,0.360665808571807,4.15596378932725e-21,"Threshold (troughs)",7
26.4,0.16897372307988,0.339332298092759,9.54421784633376e-21,"Threshold (troughs)",7
26.6,0.15181234194737,0.337341967378077,3.88835418435519e-18,"Threshold (troughs)",7
26.8,0.126864275697277,0.35788975123275,2.42128552389429e-14,"Threshold (troughs)",7
27,0.102381518636084,0.394205392439286,1.2810280733118e-10,"Threshold (troughs)",7
27.2,0.0825903116467805,0.435878053591293,1.31083120842706e-07,"Threshold (troughs)",7
27.4,0.0682202296056055,0.476184896772977,2.00929112124162e-05,"Threshold (troughs)",7
27.6,0.0583681316807332,0.512470892309026,0.000632636444988621,"Threshold (troughs)",7
27.8,0.0516799360702852,0.543977658638586,0.0065428470250707,"Threshold (troughs)",7
28,0.0466216366588506,0.570354509705361,0.0372753753713538,"Threshold (troughs)",7
28.2,0.0399616023534255,0.589542058676496,0.28513455791048,"Threshold (troughs)",7
28.4,0.0210018250640581,0.591811927013052,0.996732507068142,"Threshold (troughs)",7
28.6,0.0145191761414033,0.602572218275246,0.999661497852485,"Threshold (troughs)",7
28.8,0.0131407536212202,0.615186021126214,0.999791081271366,"Threshold (troughs)",7
29,0.0127480699363494,0.626142307513799,0.999817918052089,"Threshold (troughs)",7
29.2,0.0125192041363622,0.635059099407229,0.999831939583668,"Threshold (troughs)",7
29.4,0.0123131781868368,0.642157007631148,0.999843636055712,"Threshold (troughs)",7
29.6,0.0121094415103318,0.647724009898449,0.99985440194827,"Threshold (troughs)",7
29.8,0.0119058313497269,0.652020897353254,0.999864420687553,"Threshold (troughs)",7
30,0.0117025124718843,0.655269754823981,0.999873737237789,"Threshold (troughs)",7
30.2,0.0114999072827864,0.657656367371289,0.999882384273121,"Threshold (troughs)",7
30.4,0.0112985478342734,0.659333515760938,0.999890391384783,"Threshold (troughs)",7
30.6,0.0110991271027833,0.660427100054586,0.999897784072902,"Threshold (troughs)",7
30.8,0.0109025587898,0.661040662752423,0.99990458294429,"Threshold (troughs)",7
31,0.010710055990792,0.661254293788387,0.999910802740439,"Threshold (troughs)",7
31.2,0.010523186051404,0.66113495239768,0.999916452501775,"Threshold (troughs)",7
31.4,0.0103438974934099,0.660736424748582,0.999921536410367,"Threshold (troughs)",7
31.6,0.0101745620084641,0.660092284553436,0.999926053710927,"Threshold (troughs)",7
31.8,0.010017912735112,0.659234474777998,0.999930000690239,"Threshold (troughs)",7
32,0.00987698346184986,0.658183446221084,0.999933371246178,"Threshold (troughs)",7
32.2,0.00975511428213999,0.656940096623995,0.999936154812922,"Threshold (troughs)",7
32.4,0.00965572711902707,0.655513020316889,0.999938338568572,"Threshold (troughs)",7
32.6,0.00958225967656719,0.653896636083517,0.999939904655531,"Threshold (troughs)",7
32.8,0.00953840848967115,0.652067426781371,0.999940820400084,"Threshold (troughs)",7
33,0.009527867896042,0.650016703597735,0.999941038431155,"Threshold (troughs)",7
33.2,0.00955428777902311,0.647717694701134,0.999940490415602,"Threshold (troughs)",7
33.4,0.00962211029338943,0.645127675494988,0.999939060171356,"Threshold (troughs)",7
33.6,0.00973651621961671,0.642222423237297,0.999936569254216,"Threshold (troughs)",7
33.8,0.00990312757346285,0.638954311598061,0.999932758466742,"Threshold (troughs)",7
34,0.0101296054586572,0.635259255430418,0.999927208683765,"Threshold (troughs)",7
34.2,0.010426412539607,0.631089403156571,0.999919236217301,"Threshold (troughs)",7
34.4,0.0108059200712694,0.626364168017409,0.999907757750938,"Threshold (troughs)",7
34.6,0.0112846897252493,0.620980277253038,0.999890921971159,"Threshold (troughs)",7
34.8,0.0118867958598744,0.614838153350289,0.999865321346704,"Threshold (troughs)",7
35,0.0126429187745567,0.6077862552313,0.999824499802444,"Threshold (troughs)",7
35.2,0.013592551088332,0.599631837384387,0.999755277213804,"Threshold (troughs)",7
35.4,0.0147938604657815,0.590151939124907,0.999627331625,"Threshold (troughs)",7
35.6,0.0163282390734898,0.579026619018076,0.999362373035742,"Threshold (troughs)",7
35.8,0.0183009467811107,0.565844367290088,0.998728505134622,"Threshold (troughs)",7
36,0.0208652205470492,0.550083956385888,0.996884662108728,"Threshold (troughs)",7
36.2,0.024275845053266,0.531045454702669,0.98978791230871,"Threshold (troughs)",7
36.4,0.0290810615855788,0.508020889143556,0.94740783734099,"Threshold (troughs)",7
36.6,0.0408553887501555,0.485065893472751,0.225808598370798,"Threshold (troughs)",7
36.8,0.0746252256467311,0.477359455930157,2.13271635184314e-06,"Threshold (troughs)",7
37,0.103461653101451,0.459491124264913,8.77574669968863e-11,"Threshold (troughs)",7
37.2,0.128997573317815,0.433582670658525,1.14709360701773e-14,"Threshold (troughs)",7
37.4,0.150983449274184,0.402792849633574,5.19792175948217e-18,"Threshold (troughs)",7
37.6,0.165950443895341,0.371724420816274,2.75132722445937e-20,"Threshold (troughs)",7
37.8,0.168623743256566,0.347577730883191,1.07886666879265e-20,"Threshold (troughs)",7
38,0.156570201988576,0.339202437195253,7.34778539850306e-19,"Threshold (troughs)",7
38.2,0.134318359220054,0.352057831025018,1.77981850667463e-15,"Threshold (troughs)",7
38.4,0.109951423451578,0.382815763511068,9.04218587331619e-12,"Threshold (troughs)",7
38.6,0.0889459687793632,0.422107590342143,1.41557560794593e-08,"Threshold (troughs)",7
38.8,0.0730538974670481,0.462090953155193,3.69752600468374e-06,"Threshold (troughs)",7
39,0.0618744667121196,0.498988341166126,0.000185387324801547,"Threshold (troughs)",7
39.2,0.0542418702315706,0.531527299944355,0.00267803196516361,"Threshold (troughs)",7
39.4,0.0488120301528963,0.559316219793757,0.017662412067574,"Threshold (troughs)",7
39.6,0.0437672086688659,0.581659369695996,0.0951915500659146,"Threshold (troughs)",7
39.8,0.029409731278149,0.589865655371519,0.941368608140231,"Threshold (troughs)",7
40,0.0163959606555248,0.595295938101008,0.999347080542955,"Threshold (troughs)",7
40.2,0.0135517553407878,0.60739330763502,0.999758747730628,"Threshold (troughs)",7
40.4,0.0128802532665445,0.618856944063685,0.999809293045936,"Threshold (troughs)",7
40.6,0.012597822191723,0.628387914593087,0.999827249149841,"Threshold (troughs)",7
40.8,0.0123766322328129,0.636034538603302,0.999840123130512,"Threshold (troughs)",7
41,0.0121644330573308,0.642062815685352,0.999851571314411,"Threshold (troughs)",7
41.2,0.0119543102095455,0.646738940138057,0.999862099630316,"Threshold (troughs)",7
41.4,0.0117457649775036,0.650294989543209,0.999871810457004,"Threshold (troughs)",7
41.6,0.0115391010327881,0.652926574187354,0.999880759014545,"Threshold (troughs)",7
41.8,0.0113348115976634,0.654796566394972,0.999888990707476,"Threshold (troughs)",7
42,0.0111335779362009,0.656039870824093,0.999896543552337,"Threshold (troughs)",7
42.2,0.0109363334015535,0.656764771994123,0.999903447793608,"Threshold (troughs)",7
42.4,0.0107443283536543,0.657059605707873,0.999909725845467,"Threshold (troughs)",7
42.6,0.01055917626033,0.65699697535227,0.999915392933447,"Threshold (troughs)",7
42.8,0.010382915209427,0.656628262877781,0.999920457031047,"Threshold (troughs)",7
43,0.0102180102950272,0.655996194269112,0.999924920077142,"Threshold (troughs)",7
43.2,0.0100673142383653,0.655133978337294,0.999928779247053,"Threshold (troughs)",7
43.4,0.00993408269834772,0.654053764896903,0.999932025633925,"Threshold (troughs)",7
43.6,0.00982182480740608,0.652768874586109,0.999934645827233,"Threshold (troughs)",7
43.8,0.00973418299077055,0.651283362551989,0.999936621057873,"Threshold (troughs)",7
44,0.00967510407273183,0.649579731157284,0.999937918756748,"Threshold (troughs)",7
20.2,0.035972117104828,0.719924876174486,0.382734181570375,"Threshold (peaks)",9
20.4,0.0279298559199286,0.710031527890864,0.0357669959526187,"Threshold (peaks)",9
20.6,0.0266513187044312,0.706230252477727,0.0231566807251246,"Threshold (peaks)",9
20.8,0.0263017901203691,0.703276374155283,0.0205436532991988,"Threshold (peaks)",9
21,0.0262000869635899,0.700530573618738,0.0198391115070343,"Threshold (peaks)",9
21.2,0.0261949142462863,0.697812846042701,0.0198039174907381,"Threshold (peaks)",9
21.4,0.0262459235725425,0.695062589740521,0.0201536625378309,"Threshold (peaks)",9
21.6,0.0263444643372335,0.69220562881528,0.0208465198756004,"Threshold (peaks)",9
21.8,0.0264927468330957,0.689185798237171,0.0219332579054135,"Threshold (peaks)",9
22,0.0266961130238728,0.685979876188449,0.0235141874038799,"Threshold (peaks)",9
22.2,0.0269607995776313,0.682527781620251,0.025739179451998,"Threshold (peaks)",9
22.4,0.0272932305681681,0.678760467104913,0.0288253944022972,"Threshold (peaks)",9
22.6,0.0276976358578502,0.674636644988764,0.0330658495677012,"Threshold (peaks)",9
22.8,0.0281749314634053,0.67007794688329,0.038847718156911,"Threshold (peaks)",9
23,0.0287240373195205,0.664972413849984,0.0466997916753358,"Threshold (peaks)",9
23.2,0.0293405513237108,0.659222024615662,0.0573084577498,"Threshold (peaks)",9
23.4,0.0300147061020485,0.652687770644464,0.0714778766067187,"Threshold (peaks)",9
23.6,0.0307358341172046,0.645169066166867,0.090160908760588,"Threshold (peaks)",9
23.8,0.031497465493732,0.636452614559071,0.114563307969359,"Threshold (peaks)",9
24,0.0322957684611218,0.626266347003377,0.146116215816473,"Threshold (peaks)",9
24.2,0.033130843095894,0.614232872683742,0.186493882683896,"Threshold (peaks)",9
24.4,0.0340142424710221,0.599899239770778,0.238014812796757,"Threshold (peaks)",9
24.6,0.0349710749416733,0.58267132564088,0.303958606354868,"Threshold (peaks)",9
24.8,0.036038499994868,0.561720700303819,0.38824098725423,"Threshold (peaks)",9
25,0.0372797715675393,0.53598627540347,0.494993459091472,"Threshold (peaks)",9
25.2,0.0388329958998675,0.504085635182604,0.628059819411619,"Threshold (peaks)",9
25.4,0.0410458099000047,0.464209205622341,0.785635594488117,"Threshold (peaks)",9
25.6,0.044944033042199,0.414452791490876,0.934865508365899,"Threshold (peaks)",9
25.8,0.0530248116760596,0.354092698530334,0.99590459299929,"Threshold (peaks)",9
26,0.0652167763489797,0.284123589902374,0.999942480746145,"Threshold (peaks)",9
26.2,0.0691414712619671,0.217691254126179,0.999985447545257,"Threshold (peaks)",9
26.4,0.0476613512178512,0.207884774306463,0.973802279032603,"Threshold (peaks)",9
26.6,0.0367620141394991,0.295346864205541,0.449833816169389,"Threshold (peaks)",9
26.8,0.0345995510155834,0.394225571835736,0.277153997427907,"Threshold (peaks)",9
27,0.0334108784015463,0.468757107293473,0.201831193761345,"Threshold (peaks)",9
27.2,0.0328366150949968,0.525153724276111,0.171363894443761,"Threshold (peaks)",9
27.4,0.0325301460574292,0.568461101754655,0.156656972225593,"Threshold (peaks)",9
27.6,0.0323378963525516,0.602166875182413,0.147966508778102,"Threshold (peaks)",9
27.8,0.032195350139078,0.628775102158449,0.141783074435566,"Threshold (peaks)",9
28,0.0320762759843292,0.650051190871567,0.136784502299687,"Threshold (peaks)",9
28.2,0.0319692339253045,0.667245775262891,0.132418384449228,"Threshold (peaks)",9
28.4,0.0318686334133592,0.68126184941509,0.128423219062218,"Threshold (peaks)",9
28.6,0.0317714117561483,0.692765395289496,0.124660348628379,"Threshold (peaks)",9
28.8,0.0316756993134059,0.702257137046963,0.121048647644515,"Threshold (peaks)",9
29,0.0315802277332403,0.710119872013653,0.117536285118587,"Threshold (peaks)",9
29.2,0.0314840431739472,0.71665005352048,0.114087368263595,"Threshold (peaks)",9
29.4,0.0313863560714304,0.722080594539321,0.110675155413762,"Threshold (peaks)",9
29.6,0.0312864563866442,0.726596805551201,0.107278402816547,"Threshold (peaks)",9
29.8,0.0311836693834814,0.730344354180746,0.103879550896892,"Threshold (peaks)",9
30,0.0310773206110784,0.733445369795343,0.100463475064319,"Threshold (peaks)",9
30.2,0.0309667172510045,0.735997732365809,0.0970169552197934,"Threshold (peaks)",9
30.4,0.0308511527508463,0.738076245769288,0.0935289597087106,"Threshold (peaks)",9
30.6,0.0307298795155926,0.739756256964618,0.0899899967334895,"Threshold (peaks)",9
30.8,0.0306021232910212,0.741090489681787,0.0863927916295552,"Threshold (peaks)",9
31,0.0304671135273237,0.742118940276588,0.0827333035798517,"Threshold (peaks)",9
31.2,0.0303240544882216,0.742897332612324,0.0790100255598757,"Threshold (peaks)",9
31.4,0.0301721827367741,0.743452828076522,0.0752255514637628,"Threshold (peaks)",9
31.6,0.0300108282250021,0.743806585239147,0.0713877997118744,"Threshold (peaks)",9
31.8,0.0298393928689296,0.744005599348952,0.0675089233611268,"Threshold (peaks)",9
32,0.0296574474284843,0.74406283089399,0.0636067504419383,"Threshold (peaks)",9
32.2,0.029464826406656,0.743985013439968,0.0597054107163582,"Threshold (peaks)",9
32.4,0.0292615998754319,0.743813487229129,0.0558329348636555,"Threshold (peaks)",9
32.6,0.0290481616293016,0.743554572573402,0.0520210473314977,"Threshold (peaks)",9
32.8,0.0288253277526774,0.743199917382544,0.0483045691075965,"Threshold (peaks)",9
33,0.0285942605122136,0.742783424632478,0.044717714163712,"Threshold (peaks)",9
33.2,0.0283564678920112,0.742311059950272,0.0412922828376106,"Threshold (peaks)",9
33.4,0.0281138568538129,0.741759665600278,0.0380569526482509,"Threshold (peaks)",9
33.6,0.027868599518851,0.741151376044518,0.0350345019073701,"Threshold (peaks)",9
33.8,0.0276230177658757,0.740497522405957,0.0322405006310469,"Threshold (peaks)",9
34,0.0273795820860419,0.73976549589649,0.0296841104930335,"Threshold (peaks)",9
34.2,0.0271407846109174,0.738961294495736,0.0273678996382258,"Threshold (peaks)",9
34.4,0.0269089941118419,0.738104478141001,0.0252881330576186,"Threshold (peaks)",9
34.6,0.0266864549479017,0.737163309200979,0.023436652905219,"Threshold (peaks)",9
34.8,0.026475237523074,0.736125664233484,0.0218021054850915,"Threshold (peaks)",9
35,0.0262771653151219,0.735016333175772,0.0203708511393653,"Threshold (peaks)",9
35.2,0.0260938778915765,0.733815546502426,0.019128630284183,"Threshold (peaks)",9
35.4,0.0259268522205379,0.732495639160323,0.0180614930663537,"Threshold (peaks)",9
35.6,0.0257773809409052,0.731078076855325,0.0171562038467469,"Threshold (peaks)",9
35.8,0.0256467161333206,0.729561296563538,0.0164014460990839,"Threshold (peaks)",9
36,0.0255361439219877,0.727909801728595,0.0157883286574821,"Threshold (peaks)",9
36.2,0.0254468961510736,0.726131973491374,0.0153099495099551,"Threshold (peaks)",9
36.4,0.0253803112023801,0.72424220029755,0.0149623674681096,"Threshold (peaks)",9
36.6,0.0253380400323757,0.722207410709756,0.0147457514270692,"Threshold (peaks)",9
36.8,0.0253218466446693,0.720017118463698,0.0146635902730521,"Threshold (peaks)",9
37,0.0253335988553232,0.717691683931635,0.0147231729948024,"Threshold (peaks)",9
37.2,0.0253756980900881,0.715208212015896,0.0149385763363265,"Threshold (peaks)",9
37.4,0.025450963290703,0.712537690543733,0.015331436245006,"Threshold (peaks)",9
37.6,0.0255621971621339,0.709693059515154,0.0159307301223739,"Threshold (peaks)",9
37.8,0.0257126536386918,0.706662128973934,0.0167781482894493,"Threshold (peaks)",9
38,0.0259064052971453,0.703401242776771,0.0179349389872772,"Threshold (peaks)",9
38.2,0.0261474449530323,0.699902973532505,0.0194837906301053,"Threshold (peaks)",9
38.4,0.0264394453565703,0.696156716909441,0.0215363878491213,"Threshold (peaks)",9
38.6,0.0267867186962996,0.692104829936463,0.0242538584189199,"Threshold (peaks)",9
38.8,0.0271933780331691,0.687705815759047,0.0278624543510248,"Threshold (peaks)",9
39,0.0276613066298229,0.682929559137325,0.0326614945345204,"Threshold (peaks)",9
39.2,0.0281907414093302,0.677691477039141,0.0390549733588722,"Threshold (peaks)",9
39.4,0.0287809689735958,0.671892481747119,0.0475954345825561,"Threshold (peaks)",9
39.6,0.0294274295719668,0.6654434863087,0.058974410541139,"Threshold (peaks)",9
39.8,0.0301213543360372,0.658195079926221,0.073996604437853,"Threshold (peaks)",9
40,0.0308554407530042,0.649947180788711,0.0936563476475215,"Threshold (peaks)",9
40.2,0.0316260183915132,0.640488985405121,0.119209748766388,"Threshold (peaks)",9
40.4,0.0324305436653568,0.629531518395135,0.152103755730862,"Threshold (peaks)",9
40.6,0.0332717335435135,0.61668290403569,0.194095322773902,"Threshold (peaks)",9
40.8,0.0341647519497938,0.60147582307613,0.247705607847705,"Threshold (peaks)",9
41,0.0351367865143639,0.58327741564922,0.316373881987068,"Threshold (peaks)",9
41.2,0.036227141076275,0.561214645739511,0.404042017644905,"Threshold (peaks)",9
41.4,0.0375070178251865,0.534179732356242,0.514883939029579,"Threshold (peaks)",9
41.6,0.0391369801050339,0.500710813032492,0.652570111900234,"Threshold (peaks)",9
41.8,0.0415320257990078,0.458913334916037,0.812918325722255,"Threshold (peaks)",9
42,0.045942066284926,0.406923223598586,0.953178214458844,"Threshold (peaks)",9
42.2,0.0550365031824338,0.344222875945396,0.997971173492366,"Threshold (peaks)",9
42.4,0.0674529546412062,0.27217924654442,0.999973713495752,"Threshold (peaks)",9
42.6,0.0679151841118134,0.208765131161279,0.999977641875001,"Threshold (peaks)",9
42.8,0.0436489844454295,0.214389881482303,0.901182290253904,"Threshold (peaks)",9
43,0.0362707414706906,0.312999526770313,0.407723893226551,"Threshold (peaks)",9
43.2,0.0343075177993521,0.408838223024122,0.25713920797937,"Threshold (peaks)",9
43.4,0.033268206539412,0.48019298641487,0.193902193194742,"Threshold (peaks)",9
43.6,0.0327660339598163,0.534253995627492,0.167882569245619,"Threshold (peaks)",9
43.8,0.032494631983169,0.575822052784324,0.155020884516568,"Threshold (peaks)",9
44,0.0323205035571749,0.608232994134215,0.147200266466849,"Threshold (peaks)",9
20.2,0.12557030909014,0.809138346629297,3.80926944821844e-14,"Threshold (troughs)",9
20.4,0.0871940976575119,0.769404323568154,2.61438861778112e-08,"Threshold (troughs)",9
20.6,0.06343833055288,0.74395112242224,0.000107218666809248,"Threshold (troughs)",9
20.8,0.048738420256297,0.727216697882578,0.0181152726359754,"Threshold (troughs)",9
21,0.0259894873424607,0.702215396749361,0.981545353701645,"Threshold (troughs)",9
21.2,0.00942571884730851,0.683130490501982,0.999943110204421,"Threshold (troughs)",9
21.4,0.00715763023891827,0.677988398289099,0.999974290076035,"Threshold (troughs)",9
21.6,0.00699466062225072,0.674653892613161,0.999975716245828,"Threshold (troughs)",9
21.8,0.00711750402089167,0.671242358557729,0.99997464881491,"Threshold (troughs)",9
22,0.00728695129671234,0.667472183902707,0.99997309900489,"Threshold (troughs)",9
22.2,0.00747933449279252,0.663255845322144,0.999971224257238,"Threshold (troughs)",9
22.4,0.00770053861176908,0.658530685637776,0.999968906626837,"Threshold (troughs)",9
22.6,0.00796135753136079,0.653276274855472,0.999965933010819,"Threshold (troughs)",9
22.8,0.00827331716656398,0.647439952720279,0.999962000568858,"Threshold (troughs)",9
23,0.00865096560375613,0.640934755670556,0.999956627921543,"Threshold (troughs)",9
23.2,0.00911388406956176,0.633689327500682,0.999948995221263,"Threshold (troughs)",9
23.4,0.00968481425205218,0.625585825421991,0.999937707306887,"Threshold (troughs)",9
23.6,0.0103917726879955,0.616444966332688,0.999920209938765,"Threshold (troughs)",9
23.8,0.0112765626647142,0.606070948945745,0.999891231937024,"Threshold (troughs)",9
24,0.0123983727040667,0.594183851658744,0.999838901479694,"Threshold (troughs)",9
24.2,0.013832345315135,0.580388546249888,0.999733844945785,"Threshold (troughs)",9
24.4,0.0156834355749794,0.564196713556092,0.999491189193054,"Threshold (troughs)",9
24.6,0.0181178831798951,0.544925314044959,0.99880736573939,"Threshold (troughs)",9
24.8,0.0213868363977969,0.521632524380785,0.996262638108737,"Threshold (troughs)",9
25,0.0259043941995308,0.49314503557509,0.982077461366475,"Threshold (troughs)",9
25.2,0.0335856382930169,0.459232327070419,0.788129744803587,"Threshold (troughs)",9
25.4,0.0727736905663897,0.447323343544286,4.07874861430709e-06,"Threshold (troughs)",9
25.6,0.111696221380388,0.430586916567852,4.90808520274192e-12,"Threshold (troughs)",9
25.8,0.142152498032008,0.403796379473391,1.14525951031557e-16,"Threshold (troughs)",9
26,0.163558357244805,0.373178063115035,6.35840045688306e-20,"Threshold (troughs)",9
26.2,0.171352030922085,0.346855754435002,4.14982986711768e-21,"Threshold (troughs)",9
26.4,0.162144153867121,0.334971700179803,1.04335002760543e-19,"Threshold (troughs)",9
26.6,0.139890142256966,0.345090847082382,2.52917650880264e-16,"Threshold (troughs)",9
26.8,0.113891203525862,0.375345721860943,2.27553502123275e-12,"Threshold (troughs)",9
27,0.0911069895008463,0.415856415049179,6.64155235356424e-09,"Threshold (troughs)",9
27.2,0.0739027350984289,0.457638922428714,2.74671979529011e-06,"Threshold (troughs)",9
27.4,0.0619330459884547,0.496333434016463,0.000181623699406466,"Threshold (troughs)",9
27.6,0.0538827784144211,0.53045580547272,0.00303580019181529,"Threshold (troughs)",9
27.8,0.0480744871700997,0.559368446194997,0.0227491981338763,"Threshold (troughs)",9
28,0.040705948868707,0.580501221897729,0.235088426231412,"Threshold (troughs)",9
28.2,0.016416364137168,0.579576103812679,0.999342401695534,"Threshold (troughs)",9
28.4,0.011002247056592,0.593057723970102,0.999901193425492,"Threshold (troughs)",9
28.6,0.0102863221658991,0.607627799562376,0.999923102470787,"Threshold (troughs)",9
28.8,0.0101008122041812,0.619791307560232,0.999927938913523,"Threshold (troughs)",9
29,0.00994827377607155,0.629541787306571,0.999931687009204,"Threshold (troughs)",9
29.2,0.00979027332457171,0.637253197323352,0.999935363912712,"Threshold (troughs)",9
29.4,0.00962845299796974,0.643279639865131,0.999938924671199,"Threshold (troughs)",9
29.6,0.00946480858684683,0.647921619040626,0.999942326131935,"Threshold (troughs)",9
29.8,0.00930040608241377,0.651429749102066,0.999945552621646,"Threshold (troughs)",9
30,0.00913597787299276,0.65401135376452,0.999948599081531,"Threshold (troughs)",9
30.2,0.00897216513421532,0.655836330687449,0.999951464633655,"Threshold (troughs)",9
30.4,0.00880962861725004,0.657041971240978,0.999954149955306,"Threshold (troughs)",9
30.6,0.00864912664265719,0.657741051611581,0.99995665584263,"Threshold (troughs)",9
30.8,0.00849159163500576,0.658023501228094,0.999958982184698,"Threshold (troughs)",9
31,0.00833821184546325,0.657958158388781,0.999961127151804,"Threshold (troughs)",9
31.2,0.00819046527713089,0.657604582554105,0.999963087211037,"Threshold (troughs)",9
31.4,0.00805015549542695,0.657004268000131,0.999964857041942,"Threshold (troughs)",9
31.6,0.00791942020364637,0.656184411086805,0.999966429652269,"Threshold (troughs)",9
31.8,0.00780063317626653,0.655172903697589,0.999967797435861,"Threshold (troughs)",9
32,0.00769640928874694,0.653976581027546,0.999968951555908,"Threshold (troughs)",9
32.2,0.00760954819821031,0.652594776951008,0.999969881746092,"Threshold (troughs)",9
32.4,0.00754278952950386,0.651032488560051,0.999970577677121,"Threshold (troughs)",9
32.6,0.00749896197047762,0.649268947078137,0.999971025794011,"Threshold (troughs)",9
32.8,0.00748110621916185,0.647283799924313,0.999971206398382,"Threshold (troughs)",9
33,0.0074921087057739,0.645063579193188,0.999971095245835,"Threshold (troughs)",9
33.2,0.00753510477148472,0.642565257334998,0.999970656748327,"Threshold (troughs)",9
33.4,0.00761413851492691,0.639752653796247,0.999969833293541,"Threshold (troughs)",9
33.6,0.00773364397727867,0.63659358908234,0.999968544066205,"Threshold (troughs)",9
33.8,0.00789888876747676,0.633021876411779,0.999966670148649,"Threshold (troughs)",9
34,0.00811762947376978,0.628979505285361,0.999964016792432,"Threshold (troughs)",9
34.2,0.00839968002597693,0.624403098953073,0.999960281346677,"Threshold (troughs)",9
34.4,0.00875691014037146,0.619186857993958,0.999954988620333,"Threshold (troughs)",9
34.6,0.00920671971219815,0.6132251658935,0.999947309873185,"Threshold (troughs)",9
34.8,0.0097732405082457,0.606385338233324,0.999935748280711,"Threshold (troughs)",9
35,0.0104863297167133,0.598472633948701,0.999917523819518,"Threshold (troughs)",9
35.2,0.0113879222590735,0.589264734486539,0.999886906959895,"Threshold (troughs)",9
35.4,0.012540643545762,0.578461464497475,0.999830673261364,"Threshold (troughs)",9
35.6,0.0140274903632483,0.565646803516592,0.999715025765463,"Threshold (troughs)",9
35.8,0.0159603007510128,0.550297222116459,0.999439415011271,"Threshold (troughs)",9
36,0.0185134263944098,0.531689643919386,0.99863042009727,"Threshold (troughs)",9
36.2,0.0219573685620369,0.508844443582222,0.995439872870642,"Threshold (troughs)",9
36.4,0.0267678135056223,0.480566417462216,0.97590232669065,"Threshold (troughs)",9
36.6,0.0361944973653155,0.447912825166413,0.598707579255618,"Threshold (troughs)",9
36.8,0.0795790901101683,0.440343021118262,3.76283135995007e-07,"Threshold (troughs)",9
37,0.116627270970732,0.422885143708004,8.72896667621178e-13,"Threshold (troughs)",9
37.2,0.145080019141587,0.396587671791693,4.10833242457004e-17,"Threshold (troughs)",9
37.4,0.163627222727796,0.368007646341852,6.20689390317828e-20,"Threshold (troughs)",9
37.6,0.167892454507793,0.345561250006697,1.39375806823009e-20,"Threshold (troughs)",9
37.8,0.156042544723598,0.338791926969922,8.83906547771583e-19,"Threshold (troughs)",9
38,0.133359360581365,0.353211629439891,2.49015903303344e-15,"Threshold (troughs)",9
38.2,0.108570036095536,0.385099229450349,1.46677902336111e-11,"Threshold (troughs)",9
38.4,0.0874081679967838,0.424938374725248,2.42556433378286e-08,"Threshold (troughs)",9
38.6,0.0715801541472077,0.465119007501819,6.19508925049438e-06,"Threshold (troughs)",9
38.8,0.0605680881664878,0.50208835266237,0.000292898211113031,"Threshold (troughs)",9
39,0.053089330462227,0.534608929785191,0.00400427898244359,"Threshold (troughs)",9
39.2,0.0475012821515293,0.562035767520252,0.0276663885285372,"Threshold (troughs)",9
39.4,0.0391245107052808,0.580826105032099,0.348420575973039,"Threshold (troughs)",9
39.6,0.0153235951798677,0.579310409418187,0.9995514040051,"Threshold (troughs)",9
39.8,0.0108630633540289,0.592852678438165,0.999905893454278,"Threshold (troughs)",9
40,0.0102546905551201,0.606816233740278,0.999923949514263,"Threshold (troughs)",9
40.2,0.0100693071598763,0.618399823702949,0.999928729527689,"Threshold (troughs)",9
40.4,0.00990882562023413,0.627667644958169,0.999932624166769,"Threshold (troughs)",9
40.6,0.00974423313458773,0.634981202535602,0.999936397617158,"Threshold (troughs)",9
40.8,0.00957727888215946,0.640677413592226,0.999940009378727,"Threshold (troughs)",9
41,0.00940966509466136,0.645042745534812,0.999943429118988,"Threshold (troughs)",9
41.2,0.00924232498774498,0.648316918018579,0.999946648816064,"Threshold (troughs)",9
41.4,0.00907595675794371,0.650698124609148,0.999949668148847,"Threshold (troughs)",9
41.6,0.0089112310220923,0.652348733871192,0.999952489296422,"Threshold (troughs)",9
41.8,0.0087488841995685,0.653401886274842,0.999955114947514,"Threshold (troughs)",9
42,0.0085898009001902,0.653963487378218,0.999957547011436,"Threshold (troughs)",9
42.2,0.00843509226733244,0.654118153336923,0.999959785743228,"Threshold (troughs)",9
42.4,0.00828614641927021,0.653935985602065,0.999961829470428,"Threshold (troughs)",9
42.6,0.00814468899519146,0.653465842901495,0.999963674204757,"Threshold (troughs)",9
42.8,0.00801278943614366,0.652746316377138,0.999965313888541,"Threshold (troughs)",9
43,0.00789281373737387,0.651809054696685,0.999966740978068,"Threshold (troughs)",9
43.2,0.00778745102996452,0.650663629185748,0.999967945745311,"Threshold (troughs)",9
43.4,0.00769958894109294,0.649319263036103,0.999968916965475,"Threshold (troughs)",9
43.6,0.00763216587296024,0.647779006297895,0.999969642252542,"Threshold (troughs)",9
43.8,0.00758836011104896,0.64602235179226,0.999970104387805,"Threshold (troughs)",9
44,0.00757147986268492,0.644037655257995,0.99997028058483,"Threshold (troughs)",9
20.2,0.0289501608923964,0.712988920244324,0.0503543866718848,"Threshold (peaks)",15
20.4,0.0258423439628868,0.70780588296811,0.0175440487500649,"Threshold (peaks)",15
20.6,0.0254643955593298,0.704841944256025,0.015402610171634,"Threshold (peaks)",15
20.8,0.0254474319930526,0.702192477053251,0.0153127786714637,"Threshold (peaks)",15
21,0.0254786870979798,0.699552449106238,0.0154786942636601,"Threshold (peaks)",15
21.2,0.0255239416244162,0.696854955864169,0.0157220648873436,"Threshold (peaks)",15
21.4,0.0255890333286147,0.694085407632964,0.0160787319302532,"Threshold (peaks)",15
21.6,0.0256842281100043,0.691188984733978,0.0166147209559783,"Threshold (peaks)",15
21.8,0.0258190044567751,0.688118570681284,0.017403724998145,"Threshold (peaks)",15
22,0.0260008337445981,0.684853364531532,0.0185267593153931,"Threshold (peaks)",15
22.2,0.0262358354103553,0.68133211433469,0.0200840165402035,"Threshold (peaks)",15
22.4,0.0265293199215091,0.677484910928201,0.0222096991382321,"Threshold (peaks)",15
22.6,0.0268841028428169,0.673268279006658,0.0250741634261993,"Threshold (peaks)",15
22.8,0.0273000707495901,0.668600059997546,0.0288925278001021,"Threshold (peaks)",15
23,0.0277759737454191,0.663366754740256,0.0339542896178672,"Threshold (peaks)",15
23.2,0.0283083769913986,0.657469495370134,0.0406307156756206,"Threshold (peaks)",15
23.4,0.0288899506238724,0.650766986604672,0.049355621019459,"Threshold (peaks)",15
23.6,0.0295134151768874,0.643058139581178,0.0606678582894029,"Threshold (peaks)",15
23.8,0.030174818843795,0.634127984942864,0.0752897969677146,"Threshold (peaks)",15
24,0.0308705972423511,0.62369581533628,0.0941078641075603,"Threshold (peaks)",15
24.2,0.0315983146799722,0.611371426688775,0.118194843337418,"Threshold (peaks)",15
24.4,0.0323630720810969,0.596682406621731,0.149081464229534,"Threshold (peaks)",15
24.6,0.0331778739959879,0.578997901829913,0.18900551052799,"Threshold (peaks)",15
24.8,0.0340589641800301,0.557431504946404,0.240866840729722,"Threshold (peaks)",15
25,0.0350305924487757,0.530825307127395,0.308386170167259,"Threshold (peaks)",15
25.2,0.0361436416481619,0.497601359097577,0.39702122522355,"Threshold (peaks)",15
25.4,0.0375069874486041,0.45550057004397,0.514881281964588,"Threshold (peaks)",15
25.6,0.0393713928629204,0.401353377361701,0.670941310967723,"Threshold (peaks)",15
25.8,0.042428575350299,0.331298789851365,0.856073227407849,"Threshold (peaks)",15
26,0.0477257521614536,0.24586470715897,0.974371525640094,"Threshold (peaks)",15
26.2,0.0439558343352885,0.176355582443628,0.910347685839256,"Threshold (peaks)",15
26.4,0.03595987556023,0.220036569861344,0.38172191484168,"Threshold (peaks)",15
26.6,0.0338506170835719,0.330885213249081,0.227779026294125,"Threshold (peaks)",15
26.8,0.0323514618856454,0.422623388121374,0.148566425878844,"Threshold (peaks)",15
27,0.031578743355165,0.490202319908399,0.117482379354992,"Threshold (peaks)",15
27.2,0.0311944965600734,0.541543423641644,0.104233036817367,"Threshold (peaks)",15
27.4,0.0309776834786816,0.581160817705117,0.0973539046939497,"Threshold (peaks)",15
27.6,0.0308312665375829,0.612170175861749,0.0929402096427947,"Threshold (peaks)",15
27.8,0.0307162536451097,0.636783785953147,0.0895999980033321,"Threshold (peaks)",15
28,0.0306167542339545,0.656558592104413,0.0867980555244936,"Threshold (peaks)",15
28.2,0.0305254970563339,0.672604446992704,0.0842981806986191,"Threshold (peaks)",15
28.4,0.030438716230683,0.685729318950803,0.0819817512341246,"Threshold (peaks)",15
28.6,0.0303542335746779,0.69653367757787,0.0797824996557026,"Threshold (peaks)",15
28.8,0.0302706570144078,0.705471875088197,0.0776599814544846,"Threshold (peaks)",15
29,0.0301870080085031,0.712893170534638,0.0755875192280227,"Threshold (peaks)",15
29.2,0.0301025321317022,0.719069346065053,0.0735462196539591,"Threshold (peaks)",15
29.4,0.0300165961786591,0.724213878914582,0.0715218180874286,"Threshold (peaks)",15
29.6,0.029928625001194,0.728498751240611,0.0695028487286041,"Threshold (peaks)",15
29.8,0.0298380681448014,0.732059055608018,0.0674797254100431,"Threshold (peaks)",15
30,0.0297443780643794,0.735004946805508,0.0654442057474499,"Threshold (peaks)",15
30.2,0.0296469840972192,0.737432568269921,0.0633888564393951,"Threshold (peaks)",15
30.4,0.0295453028385616,0.739409725572512,0.0613073575658889,"Threshold (peaks)",15
30.6,0.0294387268661731,0.741001389236758,0.0591943512052154,"Threshold (peaks)",15
30.8,0.0293266098734588,0.742268392023517,0.0570452698067905,"Threshold (peaks)",15
31,0.0292083154795605,0.743241663151816,0.0548573828882367,"Threshold (peaks)",15
31.2,0.0290832065305436,0.743966945853587,0.0526296020099923,"Threshold (peaks)",15
31.4,0.0289506497426472,0.744487578433129,0.0503625735127348,"Threshold (peaks)",15
31.6,0.0288101079319545,0.744812860522856,0.0480601368012557,"Threshold (peaks)",15
31.8,0.0286611384590762,0.74497817996439,0.0457289164741324,"Threshold (peaks)",15
32,0.0285034113184851,0.74501904012657,0.0433781640064066,"Threshold (peaks)",15
32.2,0.0283368350285443,0.744930350458141,0.0410209653711743,"Threshold (peaks)",15
32.4,0.0281615594673609,0.744736846046517,0.038673246645585,"Threshold (peaks)",15
32.6,0.0279779642057786,0.744471452775815,0.0363525839543415,"Threshold (peaks)",15
32.8,0.0277867715642485,0.744118989045028,0.0340785412382648,"Threshold (peaks)",15
33,0.0275890312085763,0.743689169641176,0.031871209915505,"Threshold (peaks)",15
33.2,0.027386027606625,0.743214149150725,0.0297491930313222,"Threshold (peaks)",15
33.4,0.0271793228811911,0.742674474653353,0.0277294450895838,"Threshold (peaks)",15
33.6,0.0269707211921861,0.742061286950422,0.0258264517222404,"Threshold (peaks)",15
33.8,0.0267621105290344,0.741404730133757,0.0240507510915637,"Threshold (peaks)",15
34,0.0265554320812149,0.740689853001128,0.0224091509426216,"Threshold (peaks)",15
34.2,0.026352660546998,0.739890408160467,0.0209051881067598,"Threshold (peaks)",15
34.4,0.0261556682388954,0.739030235920386,0.0195388819140105,"Threshold (peaks)",15
34.6,0.025966186554937,0.738107371241993,0.0183074186543081,"Threshold (peaks)",15
34.8,0.0257858340607763,0.737085304741358,0.0172061902398213,"Threshold (peaks)",15
35,0.0256160556850932,0.735975311518936,0.0162291270239783,"Threshold (peaks)",15
35.2,0.0254581366785691,0.734791262641058,0.0153694056930243,"Threshold (peaks)",15
35.4,0.0253132837482837,0.733497597350522,0.0146203267568892,"Threshold (peaks)",15
35.6,0.0251825928802207,0.732088131385109,0.0139754184601558,"Threshold (peaks)",15
35.8,0.0250670930175055,0.730587074394959,0.0134288689978321,"Threshold (peaks)",15
36,0.0249678999590712,0.728970762076626,0.0129763515647728,"Threshold (peaks)",15
36.2,0.0248861640106945,0.727215713797987,0.0126148086549492,"Threshold (peaks)",15
36.4,0.0248230276579764,0.725344959907395,0.0123423613510519,"Threshold (peaks)",15
36.6,0.0247798737538531,0.723352257022605,0.012159494101184,"Threshold (peaks)",15
36.8,0.0247583412020045,0.721202909575843,0.0120692519736855,"Threshold (peaks)",15
37,0.0247600660134709,0.718906840764371,0.0120764561558549,"Threshold (peaks)",15
37.2,0.02478691214005,0.716472282835864,0.0121891359938083,"Threshold (peaks)",15
37.4,0.0248412736065648,0.713862095310875,0.0124204941166826,"Threshold (peaks)",15
37.6,0.0249256379592781,0.711065459991187,0.012788155120964,"Threshold (peaks)",15
37.8,0.0250424438145258,0.708094521439973,0.0133149867624844,"Threshold (peaks)",15
38,0.0251947511656268,0.704915403336849,0.0140342123352952,"Threshold (peaks)",15
38.2,0.0253860188897382,0.701493621955899,0.0149918552847889,"Threshold (peaks)",15
38.4,0.0256191525023071,0.697830000130534,0.0162464507280597,"Threshold (peaks)",15
38.6,0.0258970181098455,0.693890865478719,0.0178771299456372,"Threshold (peaks)",15
38.8,0.0262230405247255,0.68961489758475,0.0199960230772928,"Threshold (peaks)",15
39,0.0265995296610334,0.684972077534097,0.022749960452477,"Threshold (peaks)",15
39.2,0.027026762315325,0.679911763353678,0.0263248337832352,"Threshold (peaks)",15
39.4,0.0275046627595694,0.674332477864129,0.0309720783947516,"Threshold (peaks)",15
39.6,0.0280322344165511,0.668143577969448,0.037024250596226,"Threshold (peaks)",15
39.8,0.0286048597629795,0.661239113589507,0.0448765427705072,"Threshold (peaks)",15
40,0.0292166129844306,0.653441204158645,0.0550082344975558,"Threshold (peaks)",15
40.2,0.0298644840036957,0.644546874703036,0.0680641689405343,"Threshold (peaks)",15
40.4,0.0305462391625044,0.634320744912127,0.0848605800029451,"Threshold (peaks)",15
40.6,0.0312588795218441,0.622419489983612,0.106357032803951,"Threshold (peaks)",15
40.8,0.0320046218902016,0.608409679499949,0.133848594059919,"Threshold (peaks)",15
41,0.0327941646508778,0.591749795318092,0.169263266734981,"Threshold (peaks)",15
41.2,0.0336422916627386,0.571670144169672,0.215202040796464,"Threshold (peaks)",15
41.4,0.0345676776547258,0.547138814914929,0.274923408307565,"Threshold (peaks)",15
41.6,0.0356065263222841,0.516797595576858,0.352975251354808,"Threshold (peaks)",15
41.8,0.0368366040221612,0.478713953323537,0.456306417483999,"Threshold (peaks)",15
42,0.0384278923489212,0.430124548727493,0.594364479785335,"Threshold (peaks)",15
42.2,0.0408155746924037,0.367259528798164,0.771744650126061,"Threshold (peaks)",15
42.4,0.0452178348478504,0.287005002834348,0.940466233066241,"Threshold (peaks)",15
42.6,0.04890323963765,0.200227102596836,0.982883324112181,"Threshold (peaks)",15
42.8,0.0380953081272173,0.18115842303122,0.566004741500733,"Threshold (peaks)",15
43,0.0346474678719357,0.278952143095667,0.280528270768413,"Threshold (peaks)",15
43.2,0.0329163053390075,0.38466174106581,0.175363060952941,"Threshold (peaks)",15
43.4,0.0318473630617829,0.462443509264053,0.127591781392492,"Threshold (peaks)",15
43.6,0.0313328456513173,0.520684864266693,0.108844158601187,"Threshold (peaks)",15
43.8,0.0310642881548516,0.565307649622998,0.100051785809969,"Threshold (peaks)",15
44,0.0308989650698945,0.599988045028887,0.0949581947120167,"Threshold (peaks)",15
20.2,0.12557030909014,0.809138346629297,3.80926944821889e-14,"Threshold (troughs)",15
20.4,0.0871940974169873,0.769404323327716,2.6143888379916e-08,"Threshold (troughs)",15
20.6,0.063437188148586,0.743949980586571,0.000107261564974478,"Threshold (troughs)",15
20.8,0.0484941518056397,0.726972548021695,0.0197012112207176,"Threshold (troughs)",15
21,0.0121832786597112,0.688417436908507,0.999850588650413,"Threshold (troughs)",15
21.2,0.00432661274842322,0.677906244297514,0.999990460042385,"Threshold (troughs)",15
21.4,0.00415960362074111,0.674746251679131,0.999991001984458,"Threshold (troughs)",15
21.6,0.00425905856259992,0.671550197473035,0.999990683078878,"Threshold (troughs)",15
21.8,0.00436231943082472,0.6679663477371,0.999990340004581,"Threshold (troughs)",15
22,0.00447281488117361,0.6639576670649,0.999989958890744,"Threshold (troughs)",15
22.2,0.00459611655747242,0.659471090599493,0.999989515828894,"Threshold (troughs)",15
22.4,0.00473880548106481,0.654450340282868,0.999988978644323,"Threshold (troughs)",15
22.6,0.00490835446952713,0.648874194002751,0.999988304442002,"Threshold (troughs)",15
22.8,0.00511231388996788,0.642683277418802,0.999987438538345,"Threshold (troughs)",15
23,0.00536050631472898,0.635783511400662,0.999986297918099,"Threshold (troughs)",15
23.2,0.00566640193716162,0.628091729591923,0.999984748636282,"Threshold (troughs)",15
23.4,0.00604560307785372,0.619469100797001,0.999982582759172,"Threshold (troughs)",15
23.6,0.00651779727982919,0.609713872302589,0.999979450906647,"Threshold (troughs)",15
23.8,0.00711338975845161,0.598597167377872,0.999974685313378,"Threshold (troughs)",15
24,0.00787589220102779,0.585782929206189,0.999966937475539,"Threshold (troughs)",15
24.2,0.00886110812022506,0.570804570678641,0.999953315923528,"Threshold (troughs)",15
24.4,0.0101499444558647,0.553066450279019,0.999926688408672,"Threshold (troughs)",15
24.6,0.0118746911727109,0.531706372965902,0.999865890962636,"Threshold (troughs)",15
24.8,0.0142356235095762,0.505499134992266,0.999693485789103,"Threshold (troughs)",15
25,0.0175276049056513,0.472730314768784,0.999029869229276,"Threshold (troughs)",15
25.2,0.0222603359855385,0.430946668757476,0.994932044566887,"Threshold (troughs)",15
25.4,0.0298846660804155,0.377273903149729,0.931486149974489,"Threshold (troughs)",15
25.6,0.086619481463457,0.356204718785011,3.19714165151125e-08,"Threshold (troughs)",15
25.8,0.143540568878754,0.344682009211683,7.04362414766367e-17,"Threshold (troughs)",15
26,0.165872635435027,0.327609583943724,2.82732616423187e-20,"Threshold (troughs)",15
26.2,0.159617263145507,0.323956177447028,2.5277704313691e-19,"Threshold (troughs)",15
26.4,0.135982665349123,0.34415791579212,9.93701966877558e-16,"Threshold (troughs)",15
26.6,0.108664295687063,0.38326887452643,1.41915234179024e-11,"Threshold (troughs)",15
26.8,0.0856120147265565,0.428743706285879,4.54971940261956e-08,"Threshold (troughs)",15
27,0.0688122389401831,0.472553242376962,1.63308010895293e-05,"Threshold (troughs)",15
27.2,0.0574437138745026,0.511987731145411,0.000874261306032128,"Threshold (troughs)",15
27.4,0.049555018252246,0.545958043486649,0.0136713673176869,"Threshold (troughs)",15
27.6,0.0319649114032829,0.562686681916731,0.867755420594166,"Threshold (troughs)",15
27.8,0.00696023170574367,0.565881091572647,0.999976007264929,"Threshold (troughs)",15
28,0.00613525273874538,0.587883450892507,0.999982027285453,"Threshold (troughs)",15
28.2,0.0061547009368004,0.606302416248782,0.99998190446431,"Threshold (troughs)",15
28.4,0.00612927463563808,0.620988376444418,0.999982064871181,"Threshold (troughs)",15
28.6,0.00607734466449809,0.632608450031033,0.999982388077747,"Threshold (troughs)",15
28.8,0.00601114772061632,0.641733005452051,0.999982791649997,"Threshold (troughs)",15
29,0.00593549703478378,0.648834083239074,0.999983241546867,"Threshold (troughs)",15
29.2,0.00585324721154988,0.654299422410644,0.999983717353478,"Threshold (troughs)",15
29.4,0.00576637664443249,0.658444438000096,0.999984205229853,"Threshold (troughs)",15
29.6,0.00567627745007575,0.661523567524515,0.99998469580136,"Threshold (troughs)",15
29.8,0.00558392247413169,0.663740872287721,0.999985182845791,"Threshold (troughs)",15
30,0.00548999813936931,0.665260969842463,0.9999856622724,"Threshold (troughs)",15
30.2,0.00539502284656424,0.66621471731582,0.999986131291899,"Threshold (troughs)",15
30.4,0.00529945174414399,0.666706310094901,0.999986587767614,"Threshold (troughs)",15
30.6,0.00520375551179906,0.666823485936925,0.999987029787403,"Threshold (troughs)",15
30.8,0.00510850423487255,0.666631363812485,0.999987455285418,"Threshold (troughs)",15
31,0.00501442214443631,0.666183270633033,0.999987861856021,"Threshold (troughs)",15
31.2,0.00492240448143456,0.665527596795596,0.999988246756114,"Threshold (troughs)",15
31.4,0.00483355789391958,0.664689642626321,0.999988606806313,"Threshold (troughs)",15
31.6,0.00474915378029087,0.663695165929336,0.999988938631928,"Threshold (troughs)",15
31.8,0.00467057860166702,0.662566017474143,0.999989238849639,"Threshold (troughs)",15
32,0.00459935218615946,0.661298539229314,0.999989503942709,"Threshold (troughs)",15
32.2,0.00453696113366492,0.659900455576429,0.99998973078104,"Threshold (troughs)",15
32.4,0.00448480353048659,0.658371277124067,0.99998991664648,"Threshold (troughs)",15
32.6,0.00444433638625636,0.65668594081797,0.99999005853191,"Threshold (troughs)",15
32.8,0.00441685512121023,0.654839647911654,0.999990153746405,"Threshold (troughs)",15
33,0.00440346919005067,0.652814139337544,0.999990199793902,"Threshold (troughs)",15
33.2,0.00440554965176495,0.650570022986528,0.99999019265129,"Threshold (troughs)",15
33.4,0.00442451414080121,0.64809340287688,0.999990127302191,"Threshold (troughs)",15
33.6,0.00446169445050944,0.645351089121,0.999989997917441,"Threshold (troughs)",15
33.8,0.00451916299347447,0.642291547223457,0.999989794587268,"Threshold (troughs)",15
34,0.00459964086940591,0.638888550230204,0.999989502881567,"Threshold (troughs)",15
34.2,0.00470601449143814,0.635088626780707,0.999989104479438,"Threshold (troughs)",15
34.4,0.0048426056525207,0.630819801524905,0.999988570650517,"Threshold (troughs)",15
34.6,0.00501567250139978,0.626027871980488,0.999987856540029,"Threshold (troughs)",15
34.8,0.0052323895961364,0.620618494697127,0.999986899076396,"Threshold (troughs)",15
35,0.00550256831970905,0.614472672517459,0.999985599019563,"Threshold (troughs)",15
35.2,0.00584109088284719,0.607468614365977,0.999983786521364,"Threshold (troughs)",15
35.4,0.00626672346245971,0.599418110261046,0.999981180489809,"Threshold (troughs)",15
35.6,0.00680382269755173,0.590085440471825,0.999977286057905,"Threshold (troughs)",15
35.8,0.00749011030667568,0.579180189930821,0.999971115466489,"Threshold (troughs)",15
36,0.00837932936502161,0.566278391784339,0.999960563391081,"Threshold (troughs)",15
36.2,0.00954178383368518,0.550828253652638,0.999940750411174,"Threshold (troughs)",15
36.4,0.0110844384698869,0.532082000687372,0.999898308454549,"Threshold (troughs)",15
36.6,0.0131806158511484,0.508960921588577,0.999788145042271,"Threshold (troughs)",15
36.8,0.0160879312742884,0.479958412764851,0.999413806095821,"Threshold (troughs)",15
37,0.02020896059223,0.442927321278583,0.997522724326723,"Threshold (troughs)",15
37.2,0.0263738533491706,0.394979218093366,0.978942364375071,"Threshold (troughs)",15
37.4,0.0545664192321912,0.351579275677275,0.00239100781195652,"Threshold (troughs)",15
37.6,0.125516602366003,0.348774998214588,3.88159121165694e-14,"Threshold (troughs)",15
37.8,0.159357214147025,0.333120625397385,2.76877547411583e-19,"Threshold (troughs)",15
38,0.162350490383011,0.32439503180364,9.70619249573155e-20,"Threshold (troughs)",15
38.2,0.143790445907064,0.336698392369579,6.45346694106262e-17,"Threshold (troughs)",15
38.4,0.117264285311071,0.3702597765071,6.98362872587988e-13,"Threshold (troughs)",15
38.6,0.0928285675896394,0.413997518538536,3.63445841430368e-09,"Threshold (troughs)",15
38.8,0.0741627227018972,0.458114632118531,2.50768907955408e-06,"Threshold (troughs)",15
39,0.0611907189524869,0.498570651232922,0.000235530688224783,"Threshold (troughs)",15
39.2,0.052429251586499,0.534117099882002,0.00504036317559298,"Threshold (troughs)",15
39.4,0.0444507320231656,0.562574802602694,0.0764775704204697,"Threshold (troughs)",15
39.6,0.0099001440919651,0.558012039356483,0.99993282867903,"Threshold (troughs)",15
39.8,0.00617587625242303,0.578725558128587,0.999981769781286,"Threshold (troughs)",15
40,0.006143339817633,0.598453263771873,0.999981976314724,"Threshold (troughs)",15
40.2,0.00612979672751723,0.614312785843004,0.999982061591802,"Threshold (troughs)",15
40.4,0.00608208009286538,0.62690730581395,0.999982358847888,"Threshold (troughs)",15
40.6,0.00601793894075143,0.636832478108115,0.999982750676383,"Threshold (troughs)",15
40.8,0.00594351819306461,0.644585197717275,0.999983194407688,"Threshold (troughs)",15
41,0.00586195160223039,0.650577093227205,0.999983667645447,"Threshold (troughs)",15
41.2,0.00577538063952252,0.65514546397642,0.999984155348899,"Threshold (troughs)",15
41.4,0.00568534657563758,0.658563822878335,0.999984647119476,"Threshold (troughs)",15
41.6,0.00559295127439347,0.66105263834061,0.999985135923052,"Threshold (troughs)",15
41.8,0.00549898252736669,0.662789564068273,0.999985617091575,"Threshold (troughs)",15
42,0.00540403111281342,0.663915636215323,0.999986087472685,"Threshold (troughs)",15
42.2,0.00530859356837868,0.664544810136925,0.999986544761356,"Threshold (troughs)",15
42.4,0.00521315890730865,0.664770442973763,0.999986987006534,"Threshold (troughs)",15
42.6,0.00511829907963314,0.664662149334729,0.999987412182555,"Threshold (troughs)",15
42.8,0.00502472051465378,0.664280414539482,0.999987818002239,"Threshold (troughs)",15
43,0.00493330088452489,0.66367367603934,0.999988201822345,"Threshold (troughs)",15
43.2,0.0048451287004624,0.662870047144649,0.999988560547709,"Threshold (troughs)",15
43.4,0.00476145294561569,0.661901698704293,0.999988890887415,"Threshold (troughs)",15
43.6,0.00468367475055065,0.660786075477331,0.999989189384177,"Threshold (troughs)",15
43.8,0.00461333021409275,0.659523336916213,0.999989452438931,"Threshold (troughs)",15
44,0.00455191465666957,0.658126517025652,0.999989676864468,"Threshold (troughs)",15
20.2,0.0271563023985689,0.711215208526633,0.0275129249713623,"Threshold (peaks)",20
20.4,0.0250428289132608,0.706948452521848,0.0133167586170243,"Threshold (peaks)",20
20.6,0.0249378930168644,0.704236464614722,0.0128424489128336,"Threshold (peaks)",20
20.8,0.0250133164356264,0.701667739598608,0.013181642450382,"Threshold (peaks)",20
21,0.0250741564780088,0.699044625278298,0.0134616797629024,"Threshold (peaks)",20
21.2,0.0251265322003259,0.696339470256268,0.0137074516223539,"Threshold (peaks)",20
21.4,0.0251904272360114,0.693551839598593,0.0140132752048281,"Threshold (peaks)",20
21.6,0.0252805743425285,0.690631590924846,0.014456219083885,"Threshold (peaks)",20
21.8,0.025407422316794,0.687533350340204,0.0151029430796277,"Threshold (peaks)",20
22,0.0255782154316679,0.684236233199891,0.0160189090644995,"Threshold (peaks)",20
22.2,0.0257985023454212,0.680677996754814,0.0172813704643579,"Threshold (peaks)",20
22.4,0.0260729690446109,0.67678826063936,0.018991729539372,"Threshold (peaks)",20
22.6,0.0264039249605706,0.672522714238187,0.0212758199682482,"Threshold (peaks)",20
22.8,0.0267910867125685,0.667797806012949,0.0242900849044662,"Threshold (peaks)",20
23,0.0272334741430013,0.662499712834531,0.0282453135356338,"Threshold (peaks)",20
23.2,0.0277283744133916,0.656529428001004,0.0334117510448089,"Threshold (peaks)",20
23.4,0.0282696832320298,0.649744650526168,0.0401058020161113,"Threshold (peaks)",20
23.6,0.0288515719927996,0.641943915608387,0.0487288290052774,"Threshold (peaks)",20
23.8,0.0294711206121852,0.632911187748007,0.0598292756157088,"Threshold (peaks)",20
24,0.0301250672062435,0.62236159433125,0.0740857465452832,"Threshold (peaks)",20
24.2,0.0308104570955599,0.609899281027818,0.0923276901634351,"Threshold (peaks)",20
24.4,0.0315306976346542,0.595043514262346,0.115749123420262,"Threshold (peaks)",20
24.6,0.0322956046954662,0.577147811314349,0.146109060655734,"Threshold (peaks)",20
24.8,0.0331163393087582,0.555302336577802,0.185724534198906,"Threshold (peaks)",20
25,0.0340087135532752,0.528312599478247,0.23766383595227,"Threshold (peaks)",20
25.2,0.0350071254191939,0.494533318354672,0.306636165919203,"Threshold (peaks)",20
25.4,0.0361822491171442,0.451575411356217,0.400262334969748,"Threshold (peaks)",20
25.6,0.0376768574160139,0.395976159845245,0.529722437518752,"Threshold (peaks)",20
25.8,0.0397932488191662,0.323105437743146,0.702697591795427,"Threshold (peaks)",20
26,0.0424733307142018,0.232400858689272,0.857993575689496,"Threshold (peaks)",20
26.2,0.0391035244169005,0.168558705113241,0.649909113931821,"Threshold (peaks)",20
26.4,0.0344520569176769,0.228740549923765,0.266926155456757,"Threshold (peaks)",20
26.6,0.0327022780904296,0.341014858942007,0.164786631559404,"Threshold (peaks)",20
26.8,0.031378797164903,0.43008739247527,0.110414881799316,"Threshold (peaks)",20
27,0.0307105220194265,0.495772511053197,0.0894364035701054,"Threshold (peaks)",20
27.2,0.030375097936665,0.545757076679324,0.0803205773417293,"Threshold (peaks)",20
27.4,0.0301818274177451,0.58437407350032,0.0754608506218686,"Threshold (peaks)",20
27.6,0.0300481336071621,0.61464106153294,0.0722587041413509,"Threshold (peaks)",20
27.8,0.0299413813933277,0.638695304646821,0.0697923090189861,"Threshold (peaks)",20
28,0.0298481802972761,0.658040893135124,0.067702902000189,"Threshold (peaks)",20
28.2,0.0297623051221248,0.673751848926395,0.0658292216304302,"Threshold (peaks)",20
28.4,0.0296804777443447,0.686611564313736,0.064088807478819,"Threshold (peaks)",20
28.6,0.0296007713186351,0.697203219808856,0.0624347974419316,"Threshold (peaks)",20
28.8,0.0295219349420304,0.705968692489188,0.060838106667069,"Threshold (peaks)",20
29,0.0294430759445746,0.713248072268633,0.0592792256988303,"Threshold (peaks)",20
29.2,0.0293634966933601,0.719306246716125,0.0577441068852345,"Threshold (peaks)",20
29.4,0.0292826051647464,0.724351462444764,0.0562219759595703,"Threshold (peaks)",20
29.6,0.0291998590566299,0.728551825080026,0.0547040430924632,"Threshold (peaks)",20
29.8,0.0291147370337422,0.732039181724693,0.0531828695499598,"Threshold (peaks)",20
30,0.0290267189187905,0.734921476938516,0.0516519803832033,"Threshold (peaks)",20
30.2,0.0289352618307162,0.737293097030395,0.0501054738166313,"Threshold (peaks)",20
30.4,0.0288398120305173,0.739220114984665,0.0485382840489217,"Threshold (peaks)",20
30.6,0.0287397928955677,0.740766891173213,0.0469460401669851,"Threshold (peaks)",20
30.8,0.0286345928241276,0.741993264503767,0.0453249635722237,"Threshold (peaks)",20
31,0.0285236137034959,0.742929265372868,0.0436726914262981,"Threshold (peaks)",20
31.2,0.0284062584096503,0.743620868562163,0.0419880859923134,"Threshold (peaks)",20
31.4,0.0282819390760283,0.744110680650761,0.0402713559086916,"Threshold (peaks)",20
31.6,0.0281501666096463,0.744407548928929,0.0385251915534584,"Threshold (peaks)",20
31.8,0.0280105453427297,0.744547516266928,0.0367543994635582,"Threshold (peaks)",20
32,0.0278627940174584,0.744565429795861,0.0349658353662415,"Threshold (peaks)",20
32.2,0.0277068659989898,0.744455825974685,0.0331693515617196,"Threshold (peaks)",20
32.4,0.0275429444061674,0.744244289889793,0.031376969535189,"Threshold (peaks)",20
32.6,0.027371431782195,0.743963097195729,0.0296020117904205,"Threshold (peaks)",20
32.8,0.0271930565379497,0.743596448442801,0.0278594050049277,"Threshold (peaks)",20
33,0.0270088471514666,0.74315496576364,0.0261645023772785,"Threshold (peaks)",20
33.2,0.0268200419629114,0.742670246279775,0.024531565087919,"Threshold (peaks)",20
33.4,0.0266281309026374,0.74212178587181,0.0229737072036401,"Threshold (peaks)",20
33.6,0.026434812390459,0.741501585107085,0.0215022254967384,"Threshold (peaks)",20
33.8,0.0262418420398227,0.740839583117427,0.0201254562716029,"Threshold (peaks)",20
34,0.0260510114359434,0.740119365186242,0.0188489963588789,"Threshold (peaks)",20
34.2,0.0258641272461853,0.739315331134778,0.0176760182714816,"Threshold (peaks)",20
34.4,0.0256828840985362,0.738451753851787,0.0166070326771903,"Threshold (peaks)",20
34.6,0.0255088414718336,0.737525042151406,0.0156404432849164,"Threshold (peaks)",20
34.8,0.0253434525954387,0.73649883846515,0.0147733143898367,"Threshold (peaks)",20
35,0.0251880061014963,0.735385556669186,0.0140015651508991,"Threshold (peaks)",20
35.2,0.0250436524729479,0.734197713063219,0.0133205486284342,"Threshold (peaks)",20
35.4,0.0249114829989821,0.732899107469585,0.0127257260861272,"Threshold (peaks)",20
35.6,0.0247924896145645,0.731485099277883,0.0122126759886866,"Threshold (peaks)",20
35.8,0.0246876159074891,0.729979284938149,0.0117774750358441,"Threshold (peaks)",20
36,0.024597907849151,0.728356506060752,0.0114173934191374,"Threshold (peaks)",20
36.2,0.0245244439337288,0.726594619715723,0.0111306366518733,"Threshold (peaks)",20
36.4,0.0244682969979,0.724717049642328,0.0109162860549628,"Threshold (peaks)",20
36.6,0.0244307863302336,0.722715541232432,0.0107753625287115,"Threshold (peaks)",20
36.8,0.0244134677424363,0.720555862905354,0.0107109071026302,"Threshold (peaks)",20
37,0.0244178702337308,0.718249196583232,0.0107272558252221,"Threshold (peaks)",20
37.2,0.0244457472745855,0.715801866565258,0.0108313521615399,"Threshold (peaks)",20
37.4,0.0244993528108361,0.713175902319277,0.0110343374044686,"Threshold (peaks)",20
37.6,0.0245809743960104,0.71036204959437,0.0113506549971449,"Threshold (peaks)",20
37.8,0.0246928285953341,0.707371195394693,0.0117987399661722,"Threshold (peaks)",20
38,0.0248377340151665,0.704167339100097,0.0124052987977996,"Threshold (peaks)",20
38.2,0.0250188211272462,0.700717083982431,0.0132067414006069,"Threshold (peaks)",20
38.4,0.025238614547328,0.697020815153492,0.0142483562118338,"Threshold (peaks)",20
38.6,0.0254996422974585,0.693041819561018,0.0155909230876062,"Threshold (peaks)",20
38.8,0.0258049830241335,0.688718735617096,0.0173199548788325,"Threshold (peaks)",20
39,0.0261565922494445,0.684021781626059,0.019545081786137,"Threshold (peaks)",20
39.2,0.0265546419574176,0.678897058423815,0.0224030901631772,"Threshold (peaks)",20
39.4,0.0269993170913486,0.673241874027425,0.0260796008931755,"Threshold (peaks)",20
39.6,0.0274901088634912,0.666966390756589,0.0308194777969832,"Threshold (peaks)",20
39.8,0.0280232593094984,0.659961792847761,0.0369123538124081,"Threshold (peaks)",20
40,0.0285941681885811,0.652047520771451,0.0447163330609013,"Threshold (peaks)",20
40.2,0.0292009467208188,0.643020026767885,0.0547237429876552,"Threshold (peaks)",20
40.4,0.0298417321946854,0.632638294762073,0.0675605125431924,"Threshold (peaks)",20
40.6,0.0305133267688188,0.62055001813511,0.0839697740815859,"Threshold (peaks)",20
40.8,0.0312169930610653,0.606312916885661,0.104970902914318,"Threshold (peaks)",20
41,0.0319610747197511,0.589367741858574,0.132090471545808,"Threshold (peaks)",20
41.2,0.0327562374967219,0.568916095786439,0.167403858958235,"Threshold (peaks)",20
41.4,0.033614781976554,0.543888401203386,0.213579465687516,"Threshold (peaks)",20
41.6,0.0345616993180515,0.512860916961689,0.274506270633839,"Threshold (peaks)",20
41.8,0.0356504054667859,0.473780581768474,0.356492517298346,"Threshold (peaks)",20
42,0.0369876082715837,0.423649208437928,0.469452953885825,"Threshold (peaks)",20
42.2,0.0388003327525428,0.358154756900415,0.625383905018381,"Threshold (peaks)",20
42.4,0.0414806767400932,0.273004597216179,0.810168167204707,"Threshold (peaks)",20
42.6,0.0419626178220144,0.18338543254553,0.834778018351462,"Threshold (peaks)",20
42.8,0.0357245789325419,0.186929821158014,0.362473302285626,"Threshold (peaks)",20
43,0.0333702009044962,0.293702227502214,0.199546134723262,"Threshold (peaks)",20
43.2,0.0318274258716609,0.396204986611769,0.12681663257113,"Threshold (peaks)",20
43.4,0.0309228338990658,0.470905819111909,0.0956789879789119,"Threshold (peaks)",20
43.6,0.0304863654083485,0.527064524181849,0.0832463765941961,"Threshold (peaks)",20
43.8,0.0302539109556454,0.570169328696619,0.0772409625751034,"Threshold (peaks)",20
44,0.0301061442782492,0.603731403601569,0.0736324563192728,"Threshold (peaks)",20
20.2,0.12557030909014,0.809138346629296,3.80926944821925e-14,"Threshold (troughs)",20
20.4,0.08719409721655,0.769404323127352,2.61438902150042e-08,"Threshold (troughs)",20
20.6,0.0634362358075235,0.743949028719432,0.000107297339234395,"Threshold (troughs)",20
20.8,0.0482741121764064,0.72675261167176,0.021245810061801,"Threshold (troughs)",20
21,0.00641362880673431,0.6826465954318,0.999980186997285,"Threshold (troughs)",20
21.2,0.00306865292758007,0.676569044947382,0.999993859151222,"Threshold (troughs)",20
21.4,0.00314171029938676,0.67360317332737,0.999993700016373,"Threshold (troughs)",20
21.6,0.00322127761880964,0.67033188771317,0.999993522006469,"Threshold (troughs)",20
21.8,0.00329955361622064,0.666654944207268,0.999993341978322,"Threshold (troughs)",20
22,0.00338409852289115,0.662542785358678,0.999993141907926,"Threshold (troughs)",20
22.2,0.00347888077662456,0.657943273102559,0.999992910454838,"Threshold (troughs)",20
22.4,0.00358903983048444,0.652800822604381,0.999992631619774,"Threshold (troughs)",20
22.6,0.00372038416934531,0.647093099518384,0.999992284791567,"Threshold (troughs)",20
22.8,0.00387875963607928,0.640757333663268,0.999991844805094,"Threshold (troughs)",20
23,0.00407191684156012,0.633695998951778,0.999991274088073,"Threshold (troughs)",20
23.2,0.00431053627440823,0.625820222850541,0.999990513599773,"Threshold (troughs)",20
23.4,0.00460697534079387,0.616981583026908,0.999989475885506,"Threshold (troughs)",20
23.6,0.00497705252229212,0.606968094674234,0.999988019666329,"Threshold (troughs)",20
23.8,0.00544553074104503,0.595535097747494,0.999985883809794,"Threshold (troughs)",20
24,0.006047922249615,0.582320184306044,0.999982568608103,"Threshold (troughs)",20
24.2,0.00683008520655853,0.566822875326072,0.999977076199872,"Threshold (troughs)",20
24.4,0.00785991889114999,0.548394590983131,0.999967121896697,"Threshold (troughs)",20
24.6,0.00925027363475476,0.52608386867278,0.999946500110637,"Threshold (troughs)",20
24.8,0.0111748728016703,0.498522079293193,0.999895036736341,"Threshold (troughs)",20
25,0.0138983751453547,0.463741497393181,0.999727620572829,"Threshold (troughs)",20
25.2,0.0178846897774911,0.418804105165573,0.998900786178304,"Threshold (troughs)",20
25.4,0.0240469285166879,0.359370768804934,0.990567190445979,"Threshold (troughs)",20
25.6,0.0437022873546658,0.290256544113843,0.097167823943094,"Threshold (troughs)",20
25.8,0.135351953484513,0.298873849367026,1.23930818136249e-15,"Threshold (troughs)",20
26,0.158155845925798,0.299696769655522,4.21696894822106e-19,"Threshold (troughs)",20
26.2,0.142145729805915,0.320950996479651,1.14797721175727e-16,"Threshold (troughs)",20
26.4,0.114746142618277,0.366162952386732,1.68677935713414e-12,"Threshold (troughs)",20
26.6,0.0898898846445845,0.418975065865825,1.01712798271568e-08,"Threshold (troughs)",20
26.8,0.0714743589372271,0.468176856076886,6.42891313022486e-06,"Threshold (troughs)",20
27,0.0590212780667884,0.511336128949942,0.000503355960024276,"Threshold (troughs)",20
27.2,0.0504788146492261,0.548046044720711,0.00993021294714454,"Threshold (troughs)",20
27.4,0.0246521918961481,0.55907407891884,0.988366035887304,"Threshold (troughs)",20
27.6,0.00468465507629557,0.569522112071337,0.999989185672255,"Threshold (troughs)",20
27.8,0.00462731771707294,0.594201444518656,0.999989400647259,"Threshold (troughs)",20
28,0.00468047184774177,0.61418252485395,0.999989201502825,"Threshold (troughs)",20
28.2,0.00468726981243647,0.630086599220282,0.999989175765538,"Threshold (troughs)",20
28.4,0.00467368997241443,0.642664813870038,0.999989227118218,"Threshold (troughs)",20
28.6,0.00464577494750084,0.652549382271487,0.999989331916087,"Threshold (troughs)",20
28.8,0.00460645724929036,0.660264834344658,0.999989477794728,"Threshold (troughs)",20
29,0.0045580226773997,0.666240082095226,0.999989654759984,"Threshold (troughs)",20
29.2,0.00450239437257179,0.670821622459552,0.99998985433992,"Threshold (troughs)",20
29.4,0.00444116670114887,0.67428671328069,0.999990069560742,"Threshold (troughs)",20
29.6,0.00437563110013678,0.676855176782418,0.999990294868268,"Threshold (troughs)",20
29.8,0.00430681033565205,0.678702877642879,0.999990525969438,"Threshold (troughs)",20
30,0.0042355044908227,0.679968431315461,0.999990759612575,"Threshold (troughs)",20
30.2,0.00416234555720983,0.680759673118277,0.999990993340414,"Threshold (troughs)",20
30.4,0.00408784243163277,0.681168705974825,0.99999122528779,"Threshold (troughs)",20
30.6,0.00401244517407598,0.681263399811894,0.999991453938238,"Threshold (troughs)",20
30.8,0.00393659980264781,0.681097669318827,0.999991677936632,"Threshold (troughs)",20
31,0.00386077637702388,0.680725574352489,0.999991896001636,"Threshold (troughs)",20
31.2,0.00378552859477009,0.680175697319355,0.999992106761677,"Threshold (troughs)",20
31.4,0.00371149907066921,0.679476968998973,0.999992308759981,"Threshold (troughs)",20
31.6,0.00363940854066588,0.678661924113387,0.999992500498353,"Threshold (troughs)",20
31.8,0.00357008224805739,0.677732897275217,0.999992680374778,"Threshold (troughs)",20
32,0.00350436600890959,0.676704856357351,0.999992846899579,"Threshold (troughs)",20
32.2,0.00344309658567293,0.67559284055742,0.999992998741768,"Threshold (troughs)",20
32.4,0.00338713274410538,0.674379642894151,0.999993134616936,"Threshold (troughs)",20
32.6,0.00333720002904174,0.673070485436112,0.99999325362152,"Threshold (troughs)",20
32.8,0.00329390295029281,0.671666176954283,0.999993355140281,"Threshold (troughs)",20
33,0.00325786300014511,0.670136396425506,0.999993438477235,"Threshold (troughs)",20
33.2,0.0032295217335126,0.668480482377909,0.999993503277366,"Threshold (troughs)",20
33.4,0.00320918894639983,0.666689899128388,0.999993549372106,"Threshold (troughs)",20
33.6,0.00319735433171554,0.664726967596389,0.999993576050636,"Threshold (troughs)",20
33.8,0.00319444142224993,0.662587695980184,0.999993582600209,"Threshold (troughs)",20
34,0.00320078431650822,0.660256968490329,0.999993568329867,"Threshold (troughs)",20
34.2,0.00321714557191939,0.657691502041384,0.999993531373392,"Threshold (troughs)",20
34.4,0.00324445644898314,0.654882257262313,0.999993469210449,"Threshold (troughs)",20
34.6,0.00328358061042144,0.651804965542361,0.999993379116714,"Threshold (troughs)",20
34.8,0.00333608462130895,0.648406712709137,0.999993256256182,"Threshold (troughs)",20
35,0.00340414686104727,0.644665878085151,0.99999309358955,"Threshold (troughs)",20
35.2,0.00348996313617827,0.640539306565222,0.999992882887252,"Threshold (troughs)",20
35.4,0.00359678861230474,0.635952872779474,0.999992611598126,"Threshold (troughs)",20
35.6,0.00372947507417191,0.630855762953624,0.999992260190661,"Threshold (troughs)",20
35.8,0.00389344470186842,0.625163694493547,0.999991802758379,"Threshold (troughs)",20
36,0.00409584213878489,0.618754532100501,0.999991200671657,"Threshold (troughs)",20
36.2,0.0043477537701886,0.611510485615438,0.999990389152369,"Threshold (troughs)",20
36.4,0.00466329216371492,0.603253131858346,0.99998926627318,"Threshold (troughs)",20
36.6,0.00506019419095039,0.593743953126181,0.99998766572749,"Threshold (troughs)",20
36.8,0.00556596966658784,0.582700505028282,0.999985275707035,"Threshold (troughs)",20
37,0.00622102831132496,0.569708434672707,0.999981479240143,"Threshold (troughs)",20
37.2,0.00707809490730961,0.554213286436643,0.999974996270184,"Threshold (troughs)",20
37.4,0.00821595511645857,0.535476977450515,0.999962756250844,"Threshold (troughs)",20
37.6,0.00976572712275723,0.512418401454586,0.999935917102917,"Threshold (troughs)",20
37.8,0.011929063402979,0.483495011768138,0.999863313304942,"Threshold (troughs)",20
38,0.0150211329757936,0.446454856532545,0.999596471364037,"Threshold (troughs)",20
38.2,0.0196103170679127,0.39795050327927,0.997990297032302,"Threshold (troughs)",20
38.4,0.0268926950397792,0.333299070362504,0.974852176663572,"Threshold (troughs)",20
38.6,0.0809462171292176,0.293859277081128,2.33126890387471e-07,"Threshold (troughs)",20
38.8,0.147973952073782,0.297879635338329,1.49119890973218e-17,"Threshold (troughs)",20
39,0.153771465648957,0.304793674330762,1.95798015319896e-18,"Threshold (troughs)",20
39.2,0.131875240384098,0.33606182120123,4.18738303123598e-15,"Threshold (troughs)",20
39.4,0.104954127937802,0.385749949718782,5.20352734843756e-11,"Threshold (troughs)",20
39.6,0.0825741861037921,0.437607645879211,1.31825449252518e-07,"Threshold (troughs)",20
39.8,0.0665947272899207,0.484404083472529,3.55021112413244e-05,"Threshold (troughs)",20
40,0.055905202497222,0.525065257133348,0.00149746983961397,"Threshold (troughs)",20
40.2,0.0478472415621863,0.5587916590535,0.0245872314822311,"Threshold (troughs)",20
40.4,0.00977914957310537,0.554914677507066,0.999935615194466,"Threshold (troughs)",20
40.6,0.00457348916222665,0.577863572501932,0.999989598576,"Threshold (troughs)",20
40.8,0.00465392204604894,0.600787590966,0.99998930143625,"Threshold (troughs)",20
41,0.00468126183779002,0.619177980388625,0.999989198515046,"Threshold (troughs)",20
41.2,0.0046769665938627,0.633799471584972,0.999989214749894,"Threshold (troughs)",20
41.4,0.00465624784596025,0.645347850356974,0.999989292719026,"Threshold (troughs)",20
41.6,0.00462305136532982,0.65440770353497,0.999989416471221,"Threshold (troughs)",20
41.8,0.00457971276470381,0.661463521595592,0.999989575881968,"Threshold (troughs)",20
42,0.0045281887535169,0.666910998435721,0.999989762279672,"Threshold (troughs)",20
42.2,0.00447016357994019,0.671069546439956,0.99998996820918,"Threshold (troughs)",20
42.4,0.00440705201266848,0.674194189458328,0.999990187490168,"Threshold (troughs)",20
42.6,0.00434001203707125,0.67648841119195,0.999990415172852,"Threshold (troughs)",20
42.8,0.00426997242105018,0.678114518943115,0.999990647402146,"Threshold (troughs)",20
43,0.00419767669357762,0.679198311368903,0.999990881212158,"Threshold (troughs)",20
43.2,0.00412372415525003,0.679843830384949,0.999991114334049,"Threshold (troughs)",20
43.4,0.00404862098849935,0.680133663909216,0.999991344984376,"Threshold (troughs)",20
43.6,0.0039728429334027,0.680127674352182,0.999991571639822,"Threshold (troughs)",20
43.8,0.00389686527638458,0.679885180468336,0.999991792933402,"Threshold (troughs)",20
44,0.00382121541513961,0.679446433869424,0.999992007499367,"Threshold (troughs)",20
20.2,0.0253691282907374,0.709440726216521,0.014904758311326,"Threshold (peaks)",30
20.4,0.0241182810977147,0.705961665181357,0.00966917089979915,"Threshold (peaks)",30
20.6,0.0242607439110426,0.703475495487245,0.0101587725909192,"Threshold (peaks)",30
20.8,0.0244066690727628,0.700963059875653,0.0106857085392334,"Threshold (peaks)",30
21,0.0244826452269494,0.698338494038507,0.0109706714295982,"Threshold (peaks)",30
21.2,0.0245345549839496,0.695612941296197,0.0111696771503876,"Threshold (peaks)",30
21.4,0.0245935127025233,0.692797175580353,0.0114000340097979,"Threshold (peaks)",30
21.6,0.0246763166625094,0.689843411684592,0.0117315101895601,"Threshold (peaks)",30
21.8,0.0247930117593668,0.686706810801007,0.0122148820225642,"Threshold (peaks)",30
22,0.0249499414748693,0.683365803792564,0.0128960491773992,"Threshold (peaks)",30
22.2,0.0251518066043907,0.679756858677211,0.0138276288134435,"Threshold (peaks)",30
22.4,0.0254026074696632,0.675809146899818,0.0150778826743491,"Threshold (peaks)",30
22.6,0.0257042311532932,0.671477563847806,0.0167295607218513,"Threshold (peaks)",30
22.8,0.0260564256140244,0.666677117770705,0.0188840926368217,"Threshold (peaks)",30
23,0.0264587350225187,0.661293807810612,0.021679196572973,"Threshold (peaks)",30
23.2,0.0269094201140085,0.655228501806148,0.0252918104822802,"Threshold (peaks)",30
23.4,0.027403833880503,0.648337506050743,0.0299297084893426,"Threshold (peaks)",30
23.6,0.0279377699234953,0.640418643050109,0.0358626994345349,"Threshold (peaks)",30
23.8,0.0285094719638963,0.631254224953181,0.0434663215459265,"Threshold (peaks)",30
24,0.0291161885398059,0.620553907540038,0.0532084709411225,"Threshold (peaks)",30
24.2,0.0297547459232753,0.607914763579777,0.0656666181444479,"Threshold (peaks)",30
24.4,0.0304272286408784,0.592845731129893,0.0816794949589321,"Threshold (peaks)",30
24.6,0.031140836753198,0.574680911443515,0.102491522053535,"Threshold (peaks)",30
24.8,0.0319026886594174,0.552481893189746,0.12976402233971,"Threshold (peaks)",30
25,0.0327222404380163,0.525010245828388,0.165751029689607,"Threshold (peaks)",30
25.2,0.0336222673795859,0.490542008531127,0.214020085145494,"Threshold (peaks)",30
25.4,0.0346488234066224,0.446545361035531,0.280624090387913,"Threshold (peaks)",30
25.6,0.0358834502881204,0.389269312724893,0.375425726834521,"Threshold (peaks)",30
25.8,0.037443791916702,0.313512581027719,0.509351919910054,"Threshold (peaks)",30
26,0.0388760640517531,0.219154247249332,0.631576171289951,"Threshold (peaks)",30
26.2,0.0361653516055845,0.16490927092843,0.398842690832386,"Threshold (peaks)",30
26.4,0.0328229324779921,0.238834432207881,0.170684571351605,"Threshold (peaks)",30
26.6,0.031302054776421,0.351282942464893,0.107802664218966,"Threshold (peaks)",30
26.8,0.0301494222092057,0.43757436540413,0.0746729379205019,"Threshold (peaks)",30
27,0.0295812301905852,0.501315516119336,0.0620354178713671,"Threshold (peaks)",30
27.2,0.0292939542390003,0.549861679084808,0.0564332327548168,"Threshold (peaks)",30
27.4,0.0291248971287871,0.587397917838516,0.0533623157902381,"Threshold (peaks)",30
27.6,0.0290052111119283,0.616851078979081,0.0512842810045886,"Threshold (peaks)",30
27.8,0.0289081218637698,0.64028405009124,0.0496550495584515,"Threshold (peaks)",30
28,0.028822547877811,0.659147212608392,0.0482598360400912,"Threshold (peaks)",30
28.2,0.0287432567695806,0.674477562911374,0.0470003433676535,"Threshold (peaks)",30
28.4,0.0286674507334175,0.687032802678204,0.0458254755028344,"Threshold (peaks)",30
28.6,0.0285934612587881,0.697377904019837,0.0447057591884187,"Threshold (peaks)",30
28.8,0.0285201897900803,0.705941541265138,0.0436226407586982,"Threshold (peaks)",30
29,0.0284468415067712,0.713054072563452,0.0425634983476095,"Threshold (peaks)",30
29.2,0.0283727873575023,0.718972996924274,0.0415191167893183,"Threshold (peaks)",30
29.4,0.0282974877979812,0.723901017340769,0.0404823328736245,"Threshold (peaks)",30
29.6,0.0282204443226959,0.728002067961387,0.0394472256571479,"Threshold (peaks)",30
29.8,0.0281411758658843,0.731404299644642,0.0384087372277625,"Threshold (peaks)",30
30,0.0280592004504736,0.734213618563831,0.0373624139744405,"Threshold (peaks)",30
30.2,0.0279740147602573,0.736522178746214,0.0363041645660218,"Threshold (peaks)",30
30.4,0.0278851078776371,0.738393940621276,0.0352304710003144,"Threshold (peaks)",30
30.6,0.0277919471114488,0.739893360320748,0.0341382521992917,"Threshold (peaks)",30
30.8,0.027693971878952,0.741078275080888,0.0330248501613238,"Threshold (peaks)",30
31,0.0275906410304413,0.741977691884115,0.0318886092374133,"Threshold (peaks)",30
31.2,0.0274814165353151,0.742638929362709,0.0307286844301451,"Threshold (peaks)",30
31.4,0.0273657803667224,0.743102278178538,0.0295452138895939,"Threshold (peaks)",30
31.6,0.0272433187713247,0.743376167561146,0.0283400936091191,"Threshold (peaks)",30
31.8,0.0271137097337447,0.74349877778093,0.0271166417572196,"Threshold (peaks)",30
32,0.0269767527006586,0.743502261756286,0.0258796466519175,"Threshold (peaks)",30
32.2,0.0268324789801692,0.74338061233174,0.0246360040411964,"Threshold (peaks)",30
32.4,0.0266811327745731,0.74316218843512,0.0233940334867405,"Threshold (peaks)",30
32.6,0.0265231679878316,0.742876410907754,0.0221629620910346,"Threshold (peaks)",30
32.8,0.026359344111385,0.742506043146126,0.0209531484442554,"Threshold (peaks)",30
33,0.0261906805771324,0.74206501055832,0.0197751580773076,"Threshold (peaks)",30
33.2,0.0260183747479902,0.741582520087793,0.0186387870471225,"Threshold (peaks)",30
33.4,0.0258438426673257,0.741035234485918,0.0175530972601948,"Threshold (peaks)",30
33.6,0.0256686587761977,0.740418681467488,0.0165258723108602,"Threshold (peaks)",30
33.8,0.025494417609609,0.739761827646566,0.0155628667409112,"Threshold (peaks)",30
34,0.0253227284657727,0.73904405305766,0.0146680527771298,"Threshold (peaks)",30
34.2,0.0251551859699655,0.738242784984001,0.0138437758865384,"Threshold (peaks)",30
34.4,0.0249932563900676,0.737383539678316,0.0130905751646794,"Threshold (peaks)",30
34.6,0.0248382800635816,0.736457848176482,0.0124076417629199,"Threshold (peaks)",30
34.8,0.0246914951326359,0.735430798799418,0.0117932965555349,"Threshold (peaks)",30
35,0.0245539827554005,0.734318312508661,0.0112450714759193,"Threshold (peaks)",30
35.2,0.024426716795537,0.733128654080934,0.0107601823456829,"Threshold (peaks)",30
35.4,0.0243106332423285,0.731824547261153,0.0103359646251439,"Threshold (peaks)",30
35.6,0.0242065777212036,0.730406147345147,0.00996979352849575,"Threshold (peaks)",30
35.8,0.0241153776105164,0.728894855755898,0.00965943936939747,"Threshold (peaks)",30
36,0.0240379820216136,0.727261803830539,0.00940358022810721,"Threshold (peaks)",30
36.2,0.0239753594616766,0.725489208024663,0.00920148118485746,"Threshold (peaks)",30
36.4,0.0239284834932021,0.723601181239625,0.00905302206830342,"Threshold (peaks)",30
36.6,0.0238985918131027,0.721584162784699,0.00895959507405609,"Threshold (peaks)",30
36.8,0.023887118199117,0.719406069115318,0.00892398838622713,"Threshold (peaks)",30
37,0.0238954402391152,0.717081355482464,0.00894980062287092,"Threshold (peaks)",30
37.2,0.0239251842922739,0.714611212650455,0.00904266314442735,"Threshold (peaks)",30
37.4,0.0239784324392196,0.711956549758793,0.00921129730972432,"Threshold (peaks)",30
37.6,0.0240572060432501,0.709112597485629,0.00946649860795934,"Threshold (peaks)",30
37.8,0.0241634718796442,0.706086848846493,0.00982189290260708,"Threshold (peaks)",30
38,0.0242998070680231,0.702838974053215,0.0102972552642138,"Threshold (peaks)",30
38.2,0.0244689557839377,0.699339394199874,0.0109187772604192,"Threshold (peaks)",30
38.4,0.0246730218052216,0.695587452854593,0.0117181402629293,"Threshold (peaks)",30
38.6,0.0249142668385814,0.691539884654883,0.0127379801211661,"Threshold (peaks)",30
38.8,0.0251954750582655,0.687136843518232,0.014037720546653,"Threshold (peaks)",30
39,0.025518244991813,0.68234945788218,0.0156912234769129,"Threshold (peaks)",30
39.2,0.0258828018243429,0.677116421982437,0.0177899300619576,"Threshold (peaks)",30
39.4,0.0262898406852781,0.671333412119506,0.020459620809201,"Threshold (peaks)",30
39.6,0.0267393933785948,0.664912265519959,0.0238647247884916,"Threshold (peaks)",30
39.8,0.0272285971937091,0.657736394260627,0.0281984743207425,"Threshold (peaks)",30
40,0.0277544334808072,0.649619077439106,0.0337077280300202,"Threshold (peaks)",30
40.2,0.0283162758306068,0.640355054401339,0.0407386758737135,"Threshold (peaks)",30
40.4,0.028912578198509,0.629690207452122,0.0497287442042606,"Threshold (peaks)",30
40.6,0.0295402089575732,0.617254624536505,0.0612047798178416,"Threshold (peaks)",30
40.8,0.0302001273452377,0.60259007375898,0.0759091687083078,"Threshold (peaks)",30
41,0.0308989210472029,0.585102949124169,0.0949568698118095,"Threshold (peaks)",30
41.2,0.0316437480769319,0.563942860329877,0.119863210411576,"Threshold (peaks)",30
41.4,0.0324421300782835,0.537976240555833,0.152627781603187,"Threshold (peaks)",30
41.6,0.033311721814096,0.505667512707117,0.196295191959248,"Threshold (peaks)",30
41.8,0.034290623998983,0.46476971428773,0.256010747150398,"Threshold (peaks)",30
42,0.0354482718570214,0.411945569934323,0.340423776501286,"Threshold (peaks)",30
42.2,0.0369013175096695,0.342273987321899,0.461934046126516,"Threshold (peaks)",30
42.4,0.0386202739229492,0.251360636415317,0.610498591641238,"Threshold (peaks)",30
42.6,0.0377352015840014,0.167741954518196,0.534809060145872,"Threshold (peaks)",30
42.8,0.033446790068161,0.202280791049484,0.203864733312467,"Threshold (peaks)",30
43,0.0317684997778156,0.316096358938026,0.124549115271968,"Threshold (peaks)",30
43.2,0.030430379978317,0.412816739687104,0.0817623103251436,"Threshold (peaks)",30
43.4,0.0297134599829289,0.483138684768353,0.0647851011311431,"Threshold (peaks)",30
43.6,0.0293653575806074,0.536253343605921,0.0577795743346017,"Threshold (peaks)",30
43.8,0.0291740344296356,0.577108704784192,0.0542382628056682,"Threshold (peaks)",30
44,0.0290469478745315,0.608999303199078,0.0520000900840838,"Threshold (peaks)",30
20.2,0.125570309090139,0.809138346629296,3.80926944822006e-14,"Threshold (troughs)",30
20.4,0.0871940968156756,0.769404322726622,2.61438938851791e-08,"Threshold (troughs)",30
20.6,0.0634343302041694,0.743947124064109,0.000107368958183461,"Threshold (troughs)",30
20.8,0.0477787697480555,0.726257489422334,0.0251689009713367,"Threshold (troughs)",30
21,0.00240139815346958,0.678614392121641,0.999995138748564,"Threshold (troughs)",30
21.2,0.0020456532585689,0.675438633998838,0.999995708154239,"Threshold (troughs)",30
21.4,0.00211441143529419,0.672418036923354,0.999995603558533,"Threshold (troughs)",30
21.6,0.00216597503630454,0.66905394953943,0.999995523450187,"Threshold (troughs)",30
21.8,0.00221877268589831,0.665274057765575,0.999995439911944,"Threshold (troughs)",30
22,0.00227626762089628,0.661049094851752,0.999995347167382,"Threshold (troughs)",30
22.2,0.0023410545020506,0.656328181824629,0.999995240398038,"Threshold (troughs)",30
22.4,0.00241673527851147,0.651056254062641,0.999995112568849,"Threshold (troughs)",30
22.6,0.00250731207725735,0.645209381321459,0.99999495505831,"Threshold (troughs)",30
22.8,0.00261681376615556,0.638720732790197,0.99999475784492,"Threshold (troughs)",30
23,0.00275070196612409,0.631488742825384,0.999994506205256,"Threshold (troughs)",30
23.2,0.00291652161255261,0.623417865652431,0.999994177743644,"Threshold (troughs)",30
23.4,0.0031230013157275,0.614348794919812,0.999993741157214,"Threshold (troughs)",30
23.6,0.00338152183827839,0.604057934194185,0.999993148093412,"Threshold (troughs)",30
23.8,0.00371013070113281,0.592282205671189,0.999992312444668,"Threshold (troughs)",30
24,0.00413472957427779,0.578628811604332,0.99999108002268,"Threshold (troughs)",30
24.2,0.00468909594555169,0.562557851263308,0.9999891688413,"Threshold (troughs)",30
24.4,0.00542451960071984,0.543357399032623,0.999985987293615,"Threshold (troughs)",30
24.6,0.00642774167398142,0.519967792591019,0.999980088836338,"Threshold (troughs)",30
24.8,0.00783530064025003,0.490841392173192,0.999967404116365,"Threshold (troughs)",30
25,0.00986582617174109,0.45368328883627,0.999933631053644,"Threshold (troughs)",30
25.2,0.0129260737038253,0.404915545509057,0.999806208872476,"Threshold (troughs)",30
25.4,0.0178111570989399,0.338784019942386,0.998928700402843,"Threshold (troughs)",30
25.6,0.0254468789977596,0.247543641299574,0.984690141048349,"Threshold (troughs)",30
25.8,0.0265608233930319,0.147697841598609,0.977549451298911,"Threshold (troughs)",30
26,0.00877672787325865,0.167029905896575,0.999954675167145,"Threshold (troughs)",30
26.2,0.00626096280447698,0.294231384650224,0.999981218416282,"Threshold (troughs)",30
26.4,0.00481922728861921,0.396928030377109,0.999988663839021,"Threshold (troughs)",30
26.6,0.00427237105806356,0.466637332061897,0.999990639542855,"Threshold (troughs)",30
26.8,0.00407738395504643,0.516784262636031,0.999991257366039,"Threshold (troughs)",30
27,0.00397675761738434,0.554178560695858,0.99999156007758,"Threshold (troughs)",30
27.2,0.00390644656337962,0.582802758181875,0.999991765350165,"Threshold (troughs)",30
27.4,0.00384751448711669,0.605161398768997,0.999991933550894,"Threshold (troughs)",30
27.6,0.00379350101275637,0.622898604074666,0.99999208469401,"Threshold (troughs)",30
27.8,0.00374180160635654,0.637138539363026,0.999992226708484,"Threshold (troughs)",30
28,0.00369119838777752,0.648676724386538,0.999992363243992,"Threshold (troughs)",30
28.2,0.00364103609349946,0.658091827607556,0.999992496222762,"Threshold (troughs)",30
28.4,0.00359090927074294,0.665814130199765,0.999992626794402,"Threshold (troughs)",30
28.6,0.00354053093739769,0.672169737828234,0.999992755732089,"Threshold (troughs)",30
28.8,0.00348967338117597,0.677409553449072,0.999992883609386,"Threshold (troughs)",30
29,0.00343814123183982,0.681728581376077,0.999993010880664,"Threshold (troughs)",30
29.2,0.00338575695018949,0.685283953109671,0.999993137923818,"Threshold (troughs)",30
29.4,0.00333236166787097,0.688196824416634,0.99999326504258,"Threshold (troughs)",30
29.6,0.00327781374867405,0.690569945572654,0.999993392474127,"Threshold (troughs)",30
29.8,0.00322199517674785,0.692489070230797,0.999993520378457,"Threshold (troughs)",30
30,0.00316483218265027,0.694015582064045,0.999993648797794,"Threshold (troughs)",30
30.2,0.003106293329394,0.695218553186609,0.999993777670737,"Threshold (troughs)",30
30.4,0.00304642083154138,0.696143101157171,0.99999390677511,"Threshold (troughs)",30
30.6,0.00298534606970308,0.696826275561159,0.999994035712399,"Threshold (troughs)",30
30.8,0.00292328470429002,0.697321632237929,0.999994163938001,"Threshold (troughs)",30
31,0.0028605723296623,0.697645853997833,0.99999429070865,"Threshold (troughs)",30
31.2,0.00279764006255754,0.697827196555444,0.999994415155684,"Threshold (troughs)",30
31.4,0.00273499473736327,0.697904414062827,0.99999453634114,"Threshold (troughs)",30
31.6,0.0026732229929627,0.697872493851944,0.99999465326158,"Threshold (troughs)",30
31.8,0.00261291456922644,0.697753329375913,0.999994764998023,"Threshold (troughs)",30
32,0.0025546404226871,0.69756960841418,0.999994870746691,"Threshold (troughs)",30
32.2,0.00249893904830266,0.697299583558444,0.999994969829252,"Threshold (troughs)",30
32.4,0.0024462264200337,0.696958835099877,0.999995061832077,"Threshold (troughs)",30
32.6,0.00239682248866308,0.696557445103923,0.999995146531806,"Threshold (troughs)",30
32.8,0.00235096407580775,0.696063350073008,0.999995223852325,"Threshold (troughs)",30
33,0.00230872836469014,0.695488551943452,0.999995293974586,"Threshold (troughs)",30
33.2,0.0022701216917186,0.694837583755694,0.999995357170696,"Threshold (troughs)",30
33.4,0.00223512453423475,0.694074681964674,0.999995413724667,"Threshold (troughs)",30
33.6,0.00220359935771323,0.693211345154387,0.999995464078067,"Threshold (troughs)",30
33.8,0.00217540770772794,0.692252323665043,0.99999550863859,"Threshold (troughs)",30
34,0.00215047683266656,0.691161931654228,0.999995547680166,"Threshold (troughs)",30
34.2,0.00212865635351714,0.689951712728825,0.99999558157228,"Threshold (troughs)",30
34.4,0.00210983084234049,0.688628723957549,0.999995610605156,"Threshold (troughs)",30
34.6,0.00209402466674837,0.687157952184883,0.999995634834204,"Threshold (troughs)",30
34.8,0.00208119929141526,0.685549266768468,0.999995654395707,"Threshold (troughs)",30
35,0.00207133616351179,0.683811297140563,0.999995669379485,"Threshold (troughs)",30
35.2,0.00206461793278841,0.681908601258859,0.999995679556036,"Threshold (troughs)",30
35.4,0.00206118163928777,0.679846851803474,0.99999568475197,"Threshold (troughs)",30
35.6,0.00206113357733704,0.677634061239626,0.999995684824599,"Threshold (troughs)",30
35.8,0.00206484650020416,0.675232532211534,0.999995679210203,"Threshold (troughs)",30
36,0.00207271012117333,0.672641054864095,0.99999566729531,"Threshold (troughs)",30
36.2,0.00208501571505906,0.669863743155471,0.999995648584005,"Threshold (troughs)",30
36.4,0.00210239302301301,0.666857845874169,0.999995622023184,"Threshold (troughs)",30
36.6,0.00212564777610683,0.663611841653458,0.999995586224996,"Threshold (troughs)",30
36.8,0.00215543697240611,0.660120722825817,0.999995539939759,"Threshold (troughs)",30
37,0.00219282650514829,0.656331494980439,0.999995481157898,"Threshold (troughs)",30
37.2,0.00223939294626678,0.652216258441659,0.999995406864143,"Threshold (troughs)",30
37.4,0.0022966330592951,0.647751200495962,0.999995313865642,"Threshold (troughs)",30
37.6,0.00236652607980614,0.642862174973433,0.999995197752757,"Threshold (troughs)",30
37.8,0.0024522224850217,0.637491736659926,0.99999505145215,"Threshold (troughs)",30
38,0.00255729484262213,0.631576737765411,0.999994865976545,"Threshold (troughs)",30
38.2,0.00268599573985245,0.62499671422993,0.999994629292533,"Threshold (troughs)",30
38.4,0.00284506053158667,0.617632633583804,0.999994321638018,"Threshold (troughs)",30
38.6,0.0030435715255745,0.609333131802401,0.999993912851914,"Threshold (troughs)",30
38.8,0.00329237918978361,0.599866945863975,0.999993358685083,"Threshold (troughs)",30
39,0.00360762493363404,0.588966747713419,0.999992583507484,"Threshold (troughs)",30
39.2,0.00401441925289505,0.576262294112397,0.999991448028269,"Threshold (troughs)",30
39.4,0.00454616435706162,0.56122432261712,0.999989697631223,"Threshold (troughs)",30
39.6,0.00524982520817042,0.543167345091782,0.999986818840608,"Threshold (troughs)",30
39.8,0.00620437921021888,0.521097124809603,0.999981586907574,"Threshold (troughs)",30
40,0.00753823776235762,0.49355064591863,0.999970624537559,"Threshold (troughs)",30
40.2,0.0094535861776236,0.458376472843624,0.999942552333349,"Threshold (troughs)",30
40.4,0.0123137093465917,0.412249442554311,0.999843606972495,"Threshold (troughs)",30
40.6,0.0168306533232572,0.34986831883977,0.999239806491974,"Threshold (troughs)",30
40.8,0.0240022175986505,0.263562836567896,0.990712373155378,"Threshold (troughs)",30
41,0.028398230490761,0.161295348727441,0.958124854331778,"Threshold (troughs)",30
41.2,0.0103941535333091,0.15302905322693,0.999920143390835,"Threshold (troughs)",30
41.4,0.00655887567350702,0.273992135324678,0.999979153169684,"Threshold (troughs)",30
41.6,0.0050029828937521,0.382727693616139,0.999987910382996,"Threshold (troughs)",30
41.8,0.00433129407944703,0.456434250555239,0.999990444390167,"Threshold (troughs)",30
42,0.00410181746045055,0.509105808547079,0.999991182239777,"Threshold (troughs)",30
42.2,0.00398939333166929,0.548211649791968,0.999991522648945,"Threshold (troughs)",30
42.4,0.00391401270903762,0.578040731247018,0.999991743502757,"Threshold (troughs)",30
42.6,0.00385240057775377,0.601275847409741,0.99999191973687,"Threshold (troughs)",30
42.8,0.00379674248786334,0.619668124708892,0.999992075703969,"Threshold (troughs)",30
43,0.00374393056290611,0.634408334397075,0.999992220911015,"Threshold (troughs)",30
43.2,0.00369252661205468,0.646335310987777,0.999992359691066,"Threshold (troughs)",30
43.4,0.00364176590052235,0.656057004231911,0.999992494304763,"Threshold (troughs)",30
43.6,0.00359118298957744,0.664024148927154,0.999992626087618,"Threshold (troughs)",30
43.8,0.00354045551058254,0.670577484056114,0.999992755923435,"Threshold (troughs)",30
44,0.00348933372080949,0.67597850090014,0.999992884455802,"Threshold (troughs)",30
