"t","selected_biomass","total_biomass","on_frac","schedule","boost_level"
20.2,0.00775121135646681,0.490972080366462,NA,"Constant",NA
20.4,0.00707951432309613,0.485094370608956,NA,"Constant",NA
20.6,0.00693595607192062,0.478978351177653,NA,"Constant",NA
20.8,0.00689942252859695,0.472098268675213,NA,"Constant",NA
21,0.00687008177096509,0.464632890803581,NA,"Constant",NA
21.2,0.0068325219797681,0.456920678653114,NA,"Constant",NA
21.4,0.00678766833500265,0.449215350736867,NA,"Constant",NA
21.6,0.00673845598603498,0.441677813199066,NA,"Constant",NA
21.8,0.00668760220617253,0.434429949403671,NA,"Constant",NA
22,0.00663712309393626,0.427536819152495,NA,"Constant",NA
22.2,0.00658820458712709,0.420990979869922,NA,"Constant",NA
22.4,0.00654136500303309,0.414774666304503,NA,"Constant",NA
22.6,0.00649676451693072,0.40888572722271,NA,"Constant",NA
22.8,0.00645455100593563,0.403304120952802,NA,"Constant",NA
23,0.00641513337843551,0.39799423741226,NA,"Constant",NA
23.2,0.00637929970735484,0.392932824709537,NA,"Constant",NA
23.4,0.00634818646687934,0.38810798491966,NA,"Constant",NA
23.6,0.00632311942881304,0.38350656787003,NA,"Constant",NA
23.8,0.00630536661723517,0.379115750932058,NA,"Constant",NA
24,0.00629591347696519,0.374930163275249,NA,"Constant",NA
24.2,0.00629535008179331,0.370952850185595,NA,"Constant",NA
24.4,0.00630385408063298,0.367192307205171,NA,"Constant",NA
24.6,0.00632120960918159,0.36366018611779,NA,"Constant",NA
24.8,0.00634684014035912,0.360370137931739,NA,"Constant",NA
25,0.00637986104664817,0.357336643501521,NA,"Constant",NA
25.2,0.00641914892389942,0.354573452377699,NA,"Constant",NA
25.4,0.00646341609375548,0.352091954072029,NA,"Constant",NA
25.6,0.00651128517362235,0.34989984653624,NA,"Constant",NA
25.8,0.00656136512814155,0.348000268693879,NA,"Constant",NA
26,0.00661232742326525,0.346391413317717,NA,"Constant",NA
26.2,0.00666297435426136,0.3450665684794,NA,"Constant",NA
26.4,0.00671228881338392,0.344014511293949,NA,"Constant",NA
26.6,0.00675945757380104,0.343220165821928,NA,"Constant",NA
26.8,0.00680386658917674,0.34266542702321,NA,"Constant",NA
27,0.00684507396048725,0.342330047132821,NA,"Constant",NA
27.2,0.00688277147017195,0.342192486164401,NA,"Constant",NA
27.4,0.00691674708365762,0.342230647962936,NA,"Constant",NA
27.6,0.00694685818478619,0.342422455278534,NA,"Constant",NA
27.8,0.00697301984070961,0.34274625471825,NA,"Constant",NA
28,0.0069952064060056,0.34318107589688,NA,"Constant",NA
28.2,0.00701346047997343,0.343706790620383,NA,"Constant",NA
28.4,0.00702790179957253,0.344304223535229,NA,"Constant",NA
28.6,0.00703872997220873,0.344955256531257,NA,"Constant",NA
28.8,0.00704621797952425,0.345642950612814,NA,"Constant",NA
29,0.00705069675000874,0.346351688084739,NA,"Constant",NA
29.2,0.00705253367919366,0.347067321122607,NA,"Constant",NA
29.4,0.00705210919414881,0.347777303954121,NA,"Constant",NA
29.6,0.0070497953135659,0.348470785690652,NA,"Constant",NA
29.8,0.00704593904951558,0.34913864744897,NA,"Constant",NA
30,0.00704085198848023,0.349773477531961,NA,"Constant",NA
30.2,0.00703480596959875,0.350369488722873,NA,"Constant",NA
30.4,0.00702803375478463,0.350922389660423,NA,"Constant",NA
30.6,0.00702073306340571,0.351429226537866,NA,"Constant",NA
30.8,0.0070130722750476,0.35188821195203,NA,"Constant",NA
31,0.00700519635748006,0.352298555410464,NA,"Constant",NA
31.2,0.00699723200366723,0.352660305972705,NA,"Constant",NA
31.4,0.00698929143111259,0.352974212946092,NA,"Constant",NA
31.6,0.00698147471491924,0.353241606420848,NA,"Constant",NA
31.8,0.00697387083760406,0.353464296300459,NA,"Constant",NA
32,0.00696655782322099,0.35364448659576,NA,"Constant",NA
32.2,0.00695960238673849,0.35378470105304,NA,"Constant",NA
32.4,0.00695305949596602,0.353887716437125,NA,"Constant",NA
32.6,0.0069469721461273,0.353956500656802,NA,"Constant",NA
32.8,0.00694137152145293,0.353994154058886,NA,"Constant",NA
33,0.00693627759423449,0.354003853335809,NA,"Constant",NA
33.2,0.00693170011135754,0.353988798382461,NA,"Constant",NA
33.4,0.00692763985308321,0.353952162990916,NA,"Constant",NA
33.6,0.00692409002112833,0.353897050467344,NA,"Constant",NA
33.8,0.00692103761808024,0.353826455143858,NA,"Constant",NA
34,0.00691846470866287,0.35374323043292,NA,"Constant",NA
34.2,0.00691634949447306,0.353650063642077,NA,"Constant",NA
34.4,0.00691466717724052,0.353549457333968,NA,"Constant",NA
34.6,0.0069133906232641,0.353443716658753,NA,"Constant",NA
34.8,0.00691249086821213,0.353334941850202,NA,"Constant",NA
35,0.00691193751481179,0.353225024977029,NA,"Constant",NA
35.2,0.00691169907670389,0.353115650065224,NA,"Constant",NA
35.4,0.00691174331254986,0.353008295823629,NA,"Constant",NA
35.6,0.00691203757914747,0.3529042403736,NA,"Constant",NA
35.8,0.00691254921490615,0.352804567564061,NA,"Constant",NA
36,0.00691324594912571,0.352710174612335,NA,"Constant",NA
36.2,0.00691409632068262,0.352621780927166,NA,"Constant",NA
36.4,0.00691507008327267,0.352539938034245,NA,"Constant",NA
36.6,0.00691613857337969,0.352465040538778,NA,"Constant",NA
36.8,0.00691727502073856,0.352397338035313,NA,"Constant",NA
37,0.00691845478770972,0.352336947827998,NA,"Constant",NA
37.2,0.00691965553192702,0.352283868271273,NA,"Constant",NA
37.4,0.00692085729420203,0.352237992496038,NA,"Constant",NA
37.6,0.00692204251974006,0.352199122259434,NA,"Constant",NA
37.8,0.00692319602455571,0.352166981651941,NA,"Constant",NA
38,0.00692430492042227,0.352141230413168,NA,"Constant",NA
38.2,0.00692535851105733,0.352121476642953,NA,"Constant",NA
38.4,0.00692634817014248,0.352107288740737,NA,"Constant",NA
38.6,0.00692726720892525,0.352098206456177,NA,"Constant",NA
38.8,0.00692811073824415,0.352093750981419,NA,"Constant",NA
39,0.00692887552738257,0.352093434055513,NA,"Constant",NA
39.2,0.00692955986050315,0.352096766081785,NA,"Constant",NA
39.4,0.00693016339062501,0.35210326327927,NA,"Constant",NA
39.6,0.00693068699107553,0.35211245390072,NA,"Constant",NA
39.8,0.00693113260484841,0.352123883554866,NA,"Constant",NA
40,0.00693150309305085,0.352137119671939,NA,"Constant",NA
40.2,0.00693180208436228,0.352151755151636,NA,"Constant",NA
40.4,0.0069320338279568,0.352167411233373,NA,"Constant",NA
40.6,0.0069322030525475,0.352183739630908,NA,"Constant",NA
40.8,0.0069323148340747,0.352200423977335,NA,"Constant",NA
41,0.00693237447412947,0.35221718063162,NA,"Constant",NA
41.2,0.00693238739058154,0.352233758903436,NA,"Constant",NA
41.4,0.00693235902118131,0.352249940758118,NA,"Constant",NA
41.6,0.0069322947402405,0.352265540067244,NA,"Constant",NA
41.8,0.00693219978794679,0.352280401472106,NA,"Constant",NA
42,0.00693207921148245,0.352294398926971,NA,"Constant",NA
42.2,0.00693193781690552,0.352307433986597,NA,"Constant",NA
42.4,0.00693178013069454,0.352319433898355,NA,"Constant",NA
42.6,0.00693161036991539,0.352330349554027,NA,"Constant",NA
42.8,0.00693143242009297,0.352340153350414,NA,"Constant",NA
43,0.0069312498200152,0.352348837001858,NA,"Constant",NA
43.2,0.00693106575282696,0.35235640934198,NA,"Constant",NA
43.4,0.0069308830428639,0.352362894146659,NA,"Constant",NA
43.6,0.00693070415772309,0.352368328005585,NA,"Constant",NA
43.8,0.00693053121507192,0.352372758265624,NA,"Constant",NA
44,0.00693036599367349,0.352376241065603,NA,"Constant",NA
20.2,0.00690989045711935,0.490141985064905,8.85126377634375e-10,"Threshold (peaks)",3
20.4,0.00687513431598284,0.484795235613842,1.55573284747446e-25,"Threshold (peaks)",3
20.6,0.00691312468336749,0.4785480782822,2.58875174705715e-08,"Threshold (peaks)",3
20.8,0.00691194231391352,0.471365051295481,7.53561230934067e-09,"Threshold (peaks)",3
21,0.00688351418485076,0.463669359204435,9.78490151494897e-22,"Threshold (peaks)",3
21.2,0.00684159444745118,0.455853007921648,9.73206570290174e-41,"Threshold (peaks)",3
21.4,0.00679271299933984,0.448143704246526,6.76219685495116e-63,"Threshold (peaks)",3
21.6,0.00674047276531453,0.440665443322115,1.41065937017195e-86,"Threshold (peaks)",3
21.8,0.00668749960984389,0.433511673124493,1.36937017422964e-110,"Threshold (peaks)",3
22,0.00663556865337307,0.426722261128033,3.94504281115787e-134,"Threshold (peaks)",3
22.2,0.0065855834605148,0.420273660817408,8.6617064951341e-157,"Threshold (peaks)",3
22.4,0.00653783621581437,0.414144786728983,1.96618457576562e-178,"Threshold (peaks)",3
22.6,0.00649238704518812,0.408331256851494,4.91325670477934e-199,"Threshold (peaks)",3
22.8,0.00644941900414023,0.40280969103362,1.63613306897555e-218,"Threshold (peaks)",3
23,0.00640946106743954,0.397545532190411,1.26112386890985e-236,"Threshold (peaks)",3
23.2,0.00637343570486818,0.392518742015176,5.89312069205181e-253,"Threshold (peaks)",3
23.4,0.00634257048829602,0.387719327133366,6.01234175659876e-267,"Threshold (peaks)",3
23.6,0.00631820374726316,0.383135668989395,5.41404410170282e-278,"Threshold (peaks)",3
23.8,0.00630153324693405,0.378757339915833,1.50220954450407e-285,"Threshold (peaks)",3
24,0.00629341840642388,0.3745816872885,3.14954113058273e-289,"Threshold (peaks)",3
24.2,0.00629430580331227,0.37061406483591,7.95256340223251e-289,"Threshold (peaks)",3
24.4,0.00630424076024046,0.366864711343728,2.53544960887435e-284,"Threshold (peaks)",3
24.6,0.00632290109784472,0.363346495941925,7.29198682224215e-276,"Threshold (peaks)",3
24.8,0.00634963598251179,0.360073747754997,9.59080035239296e-264,"Threshold (peaks)",3
25,0.00638351896692046,0.357061074860765,2.19341276881807e-248,"Threshold (peaks)",3
25.2,0.00642341389558231,0.354321863841798,2.66452315257909e-230,"Threshold (peaks)",3
25.4,0.00646804424135738,0.351866777951267,4.53626477873054e-210,"Threshold (peaks)",3
25.6,0.00651606241861069,0.349702580915424,2.65150328772192e-188,"Threshold (peaks)",3
25.8,0.00656612048922243,0.347831420194583,1.30309520414058e-165,"Threshold (peaks)",3
26,0.00661694007823643,0.346250565298536,1.41794327543872e-142,"Threshold (peaks)",3
26.2,0.00666737339089504,0.344952539012256,1.03095867484133e-119,"Threshold (peaks)",3
26.4,0.00671644556050363,0.343925561952644,1.81056093872783e-97,"Threshold (peaks)",3
26.6,0.00676337208218959,0.343154223582455,3.38653797668264e-76,"Threshold (peaks)",3
26.8,0.00680755141683032,0.342620286338528,3.60072582964169e-56,"Threshold (peaks)",3
27,0.0068485391743904,0.342303527334925,1.36858580125118e-37,"Threshold (peaks)",3
27.2,0.00688601433471739,0.342182530325555,1.33009424066384e-20,"Threshold (peaks)",3
27.4,0.00691974743277418,0.342235360814847,2.60131334044813e-05,"Threshold (peaks)",3
27.6,0.00692676454231765,0.342417388284578,0.0379557248478992,"Threshold (peaks)",3
27.8,0.00692718795836628,0.342723886916586,0.0578292676260176,"Threshold (peaks)",3
28,0.00692745683191518,0.343127334651641,0.0751566643396885,"Threshold (peaks)",3
28.2,0.00692763830502553,0.343595531742622,0.0894284578390748,"Threshold (peaks)",3
28.4,0.00692776249213081,0.344105749502609,0.100560627794599,"Threshold (peaks)",3
28.6,0.00692784514434242,0.344643857790528,0.108636873524489,"Threshold (peaks)",3
28.8,0.00692789553522127,0.345200816050982,0.11383586461723,"Threshold (peaks)",3
29,0.00692791954878179,0.345769795129901,0.116388891552648,"Threshold (peaks)",3
29.2,0.00692792106255874,0.346344530126784,0.116551484720342,"Threshold (peaks)",3
29.4,0.00692790269538267,0.346918658979682,0.114591955045511,"Threshold (peaks)",3
29.6,0.00692786632059844,0.347485667140744,0.110795815097726,"Threshold (peaks)",3
29.8,0.00692781348641254,0.348039117477667,0.105478237381828,"Threshold (peaks)",3
30,0.00692774575702962,0.348572953294216,0.0989917031919025,"Threshold (peaks)",3
30.2,0.006927664925858,0.349081767776944,0.091717061752141,"Threshold (peaks)",3
30.4,0.00692757305295873,0.349561006837101,0.0840352431348241,"Threshold (peaks)",3
30.6,0.00692747232776216,0.35000710582892,0.0762886488117385,"Threshold (peaks)",3
30.8,0.00692736481649486,0.350417564570571,0.0687473499354221,"Threshold (peaks)",3
31,0.00692725218706224,0.350790958985337,0.0615920734473688,"Threshold (peaks)",3
31.2,0.00692713549935126,0.351126886405927,0.0549171661029426,"Threshold (peaks)",3
31.4,0.00692701511325721,0.351425848763283,0.0487486001982338,"Threshold (peaks)",3
31.6,0.00692689071895209,0.351689088704332,0.0430684627694223,"Threshold (peaks)",3
31.8,0.00692676145489367,0.351918401671613,0.0378382279069306,"Threshold (peaks)",3
32,0.00692662606215299,0.352115948650093,0.033016261671224,"Threshold (peaks)",3
32.2,0.00692648302911952,0.352284089962094,0.0285682532202403,"Threshold (peaks)",3
32.4,0.00692633069886634,0.352425252729932,0.024471443557326,"Threshold (peaks)",3
32.6,0.00692616733112139,0.35254183633082,0.0207144695621912,"Threshold (peaks)",3
32.8,0.00692599112541393,0.352636153423691,0.0172947051700553,"Threshold (peaks)",3
33,0.00692580022123775,0.352710399876029,0.0142146041937928,"Threshold (peaks)",3
33.2,0.00692559269898726,0.352766645169287,0.0114780524689902,"Threshold (peaks)",3
33.4,0.00692536661826033,0.352806835077046,0.00908728548037021,"Threshold (peaks)",3
33.6,0.00692512015527658,0.352832799868694,0.00704056989685937,"Threshold (peaks)",3
33.8,0.00692485194431463,0.352846263324964,0.00533057659513006,"Threshold (peaks)",3
34,0.00692456178100049,0.3528488499537,0.00394318877589342,"Threshold (peaks)",3
34.2,0.00692425185179749,0.352842089609884,0.00285646715290489,"Threshold (peaks)",3
34.4,0.00692392846338612,0.352827419963589,0.00203981962661296,"Threshold (peaks)",3
34.6,0.00692360367363687,0.35280618766717,0.00145418049774845,"Threshold (peaks)",3
34.8,0.00692329545792137,0.352779648695717,0.0010545736325673,"Threshold (peaks)",3
35,0.0069230250849703,0.352748967903261,0.000795478800433991,"Threshold (peaks)",3
35.2,0.0069228121085123,0.352715218086692,0.000637022195807999,"Threshold (peaks)",3
35.4,0.0069226694836341,0.352679379062806,0.000548959768654739,"Threshold (peaks)",3
35.6,0.00692260127035046,0.352642336389727,0.00051125268526686,"Threshold (peaks)",3
35.8,0.00692260330281129,0.352604878561572,0.000512337861930382,"Threshold (peaks)",3
36,0.00692266553451462,0.35256769246106,0.000546702865052988,"Threshold (peaks)",3
36.2,0.00692277468166064,0.352531358778045,0.000612631681593995,"Threshold (peaks)",3
36.4,0.00692291649729768,0.352496350006558,0.000710301104398085,"Threshold (peaks)",3
36.6,0.00692307755220334,0.352463032900112,0.000840219446117041,"Threshold (peaks)",3
36.8,0.00692324651211847,0.352431675726838,0.001002103156571,"Threshold (peaks)",3
37,0.00692341482312386,0.352402459359131,0.00119433118818088,"Threshold (peaks)",3
37.2,0.00692357675309182,0.352375490638988,0.00141394542000648,"Threshold (peaks)",3
37.4,0.00692372893261014,0.352350816457231,0.00165695383968165,"Threshold (peaks)",3
37.6,0.00692386968750543,0.352328437215286,0.00191867398962694,"Threshold (peaks)",3
37.8,0.00692399841921523,0.352308318628009,0.00219399618359287,"Threshold (peaks)",3
38,0.00692411514970306,0.35229040121115,0.00247757452868462,"Threshold (peaks)",3
38.2,0.00692422023481799,0.352274607268834,0.0027639961196411,"Threshold (peaks)",3
38.4,0.00692431420334847,0.352260845627229,0.0030479650284933,"Threshold (peaks)",3
38.6,0.00692439767488291,0.352249014632543,0.00332450820360255,"Threshold (peaks)",3
38.8,0.00692447132069001,0.352239004019871,0.00358918581584492,"Threshold (peaks)",3
39,0.00692453584457999,0.35223069620821,0.00383827641279989,"Threshold (peaks)",3
39.2,0.00692459197076375,0.352223967448616,0.00406890796592695,"Threshold (peaks)",3
39.4,0.00692464043252671,0.352218689098268,0.00427911604707482,"Threshold (peaks)",3
39.6,0.00692468195967114,0.352214729146658,0.00446782482634821,"Threshold (peaks)",3
39.8,0.00692471726493104,0.352211954000053,0.00463476046679422,"Threshold (peaks)",3
40,0.00692474703057346,0.352210230445197,0.00478031639199154,"Threshold (peaks)",3
40.2,0.00692477189663068,0.352209427664898,0.00490539428163984,"Threshold (peaks)",3
40.4,0.0069247924519729,0.352209419163724,0.00501124371002204,"Threshold (peaks)",3
40.6,0.00692480922894931,0.352210084475243,0.00509931847741338,"Threshold (peaks)",3
40.8,0.00692482270176488,0.352211310554509,0.00517116083280254,"Threshold (peaks)",3
41,0.00692483328824728,0.352212992801445,0.00522831781263977,"Threshold (peaks)",3
41.2,0.00692484135428036,0.352215035703572,0.00527228818439332,"Threshold (peaks)",3
41.4,0.00692484721997828,0.35221735312323,0.00530449469094056,"Threshold (peaks)",3
41.6,0.00692485116664656,0.352219868280737,0.00532627452652269,"Threshold (peaks)",3
41.8,0.00692485344368762,0.352222513499223,0.00533888090173993,"Threshold (peaks)",3
42,0.00692485427480953,0.35222522978001,0.00534348962849049,"Threshold (peaks)",3
42.2,0.00692485386313362,0.352227966271789,0.00534120631405787,"Threshold (peaks)",3
42.4,0.00692485239502764,0.352230679685602,0.00533307152651288,"Threshold (peaks)",3
42.6,0.00692485004268462,0.352233333693927,0.00532006285802692,"Threshold (peaks)",3
42.8,0.00692484696560984,0.352235898338718,0.00530309399184917,"Threshold (peaks)",3
43,0.0069248433112633,0.352238349461669,0.00528301161696993,"Threshold (peaks)",3
43.2,0.00692483921513811,0.352240668161482,0.00526059136292217,"Threshold (peaks)",3
43.4,0.00692483480054558,0.352242840277522,0.00523653392861838,"Threshold (peaks)",3
43.6,0.00692483017833659,0.352244855896723,0.0052114623578673,"Threshold (peaks)",3
43.8,0.00692482544672988,0.352246708880301,0.00518592107756761,"Threshold (peaks)",3
44,0.00692482069135283,0.352248396407875,0.00516037695157302,"Threshold (peaks)",3
20.2,0.00775121135646681,0.490972080366462,0,"Threshold (troughs)",3
20.4,0.00707951432309613,0.485094370608956,1.45195172502758e-68,"Threshold (troughs)",3
20.6,0.00693592387971067,0.478978318984022,0.00178314085394165,"Threshold (troughs)",3
20.8,0.00615107338661287,0.471354715768453,1,"Threshold (troughs)",3
21,0.00594441991238515,0.463624705763564,1,"Threshold (troughs)",3
21.2,0.00589307504587144,0.455511009064583,1,"Threshold (troughs)",3
21.4,0.0058621880145839,0.447081682627857,1,"Threshold (troughs)",3
21.6,0.00582768262668963,0.438558981397189,1,"Threshold (troughs)",3
21.8,0.00578871640792761,0.430188985371033,1,"Threshold (troughs)",3
22,0.00574737927492165,0.422137361797691,1,"Threshold (troughs)",3
22.2,0.00570531351104844,0.414459865492775,1,"Threshold (troughs)",3
22.4,0.0056634870760769,0.407189951807969,1,"Threshold (troughs)",3
22.6,0.00562238270469803,0.400347629858592,1,"Threshold (troughs)",3
22.8,0.00558231805315528,0.393900328395106,1,"Threshold (troughs)",3
23,0.00554375537458547,0.387811074587475,1,"Threshold (troughs)",3
23.2,0.00550751221708987,0.382059792238136,1,"Threshold (troughs)",3
23.4,0.00547488346334093,0.376613993974581,1,"Threshold (troughs)",3
23.6,0.00544754215766032,0.371437261939178,1,"Threshold (troughs)",3
23.8,0.00542721170221186,0.366508523654184,1,"Threshold (troughs)",3
24,0.00541536563064966,0.361816341721692,1,"Threshold (troughs)",3
24.2,0.0054130820843999,0.357353209027979,1,"Threshold (troughs)",3
24.4,0.00542095856546262,0.353119773738689,1,"Threshold (troughs)",3
24.6,0.00543905118368879,0.349126786977598,1,"Threshold (troughs)",3
24.8,0.00546689552167675,0.345391773413798,1,"Threshold (troughs)",3
25,0.00550360070849436,0.341935131794349,1,"Threshold (troughs)",3
25.2,0.00554794867634685,0.338777499838488,1,"Threshold (troughs)",3
25.4,0.00559847177237283,0.335937610995038,1,"Threshold (troughs)",3
25.6,0.0056535305864179,0.333430228752086,1,"Threshold (troughs)",3
25.8,0.00571141013124015,0.331264442911407,1,"Threshold (troughs)",3
26,0.00577042808310313,0.329442627391102,1,"Threshold (troughs)",3
26.2,0.00582903647023106,0.327960126362284,1,"Threshold (troughs)",3
26.4,0.00588589851718487,0.326805586230394,1,"Threshold (troughs)",3
26.6,0.00593992817811567,0.325961790725977,1,"Threshold (troughs)",3
26.8,0.00599028947498761,0.325406826866317,1,"Threshold (troughs)",3
27,0.00603636447669899,0.325115393921072,1,"Threshold (troughs)",3
27.2,0.00607770776124206,0.325060074833034,1,"Threshold (troughs)",3
27.4,0.00611400678227885,0.325212427992649,1,"Threshold (troughs)",3
27.6,0.00614506103654768,0.32554382229311,1,"Threshold (troughs)",3
27.8,0.00617078198905181,0.326026012687641,1,"Threshold (troughs)",3
28,0.0061912057844639,0.326631514604697,1,"Threshold (troughs)",3
28.2,0.00620650592992923,0.327333866314678,1,"Threshold (troughs)",3
28.4,0.00621699444399,0.328107863789418,1,"Threshold (troughs)",3
28.6,0.00622310568877997,0.328929820900265,1,"Threshold (troughs)",3
28.8,0.00622536409347262,0.329777865125458,1,"Threshold (troughs)",3
29,0.00622434232383982,0.330632242069415,1,"Threshold (troughs)",3
29.2,0.00622061858912097,0.331475582286787,1,"Threshold (troughs)",3
29.4,0.00621474074434584,0.33229308412517,1,"Threshold (troughs)",3
29.6,0.0062072018176769,0.333072582181782,1,"Threshold (troughs)",3
29.8,0.00619842807762524,0.333804494149005,1,"Threshold (troughs)",3
30,0.00618877792980295,0.334481660810762,1,"Threshold (troughs)",3
30.2,0.00617854834550362,0.335099108909679,1,"Threshold (troughs)",3
30.4,0.00616798515810296,0.335653772363487,1,"Threshold (troughs)",3
30.6,0.00615729407675162,0.336144204838369,1,"Threshold (troughs)",3
30.8,0.00614665023442823,0.336570308774267,1,"Threshold (troughs)",3
31,0.00613620514863903,0.336933095835108,1,"Threshold (troughs)",3
31.2,0.00612609088761442,0.33723448413326,1,"Threshold (troughs)",3
31.4,0.00611642187965854,0.337477130184011,1,"Threshold (troughs)",3
31.6,0.00610729514708517,0.33766428909886,1,"Threshold (troughs)",3
31.8,0.00609878982114171,0.337799694929991,1,"Threshold (troughs)",3
32,0.00609096667051479,0.337887453715149,1,"Threshold (troughs)",3
32.2,0.00608386813864864,0.337931943790201,1,"Threshold (troughs)",3
32.4,0.00607751911554801,0.337937720481125,1,"Threshold (troughs)",3
32.6,0.006071928431675,0.337909424659616,1,"Threshold (troughs)",3
32.8,0.00606709089390963,0.337851696389734,1,"Threshold (troughs)",3
33,0.0060629896000889,0.337769095807967,1,"Threshold (troughs)",3
33.2,0.00605959826262722,0.337666033490428,1,"Threshold (troughs)",3
33.4,0.00605688332319784,0.337546712050216,1,"Threshold (troughs)",3
33.6,0.00605480572384595,0.337415079835631,1,"Threshold (troughs)",3
33.8,0.00605332229035075,0.337274796632958,1,"Threshold (troughs)",3
34,0.00605238676136724,0.337129210435169,1,"Threshold (troughs)",3
34.2,0.00605195054941369,0.336981343760863,1,"Threshold (troughs)",3
34.4,0.00605196334247868,0.33683388774992,1,"Threshold (troughs)",3
34.6,0.006052373650074,0.336689202301427,1,"Threshold (troughs)",3
34.8,0.0060531293720246,0.336549320779271,1,"Threshold (troughs)",3
35,0.00605417843174112,0.336415958189193,1,"Threshold (troughs)",3
35.2,0.00605546947789008,0.336290522125794,1,"Threshold (troughs)",3
35.4,0.00605695262722239,0.336174126117233,1,"Threshold (troughs)",3
35.6,0.00605858020183119,0.336067605209627,1,"Threshold (troughs)",3
35.8,0.00606030740792097,0.335971533718039,1,"Threshold (troughs)",3
36,0.00606209290891903,0.335886245042393,1,"Threshold (troughs)",3
36.2,0.0060638992599693,0.335811853340941,1,"Threshold (troughs)",3
36.4,0.00606569318906272,0.335748276716006,1,"Threshold (troughs)",3
36.6,0.00606744572795052,0.33569526143882,1,"Threshold (troughs)",3
36.8,0.00606913221021476,0.335652406653863,1,"Threshold (troughs)",3
37,0.00607073216255305,0.335619188974643,1,"Threshold (troughs)",3
37.2,0.00607222911812495,0.335594986413579,1,"Threshold (troughs)",3
37.4,0.00607361037862483,0.335579101167543,1,"Threshold (troughs)",3
37.6,0.00607486674629821,0.33557078088943,1,"Threshold (troughs)",3
37.8,0.00607599224036159,0.335569238194606,1,"Threshold (troughs)",3
38,0.00607698380594589,0.335573668261393,1,"Threshold (troughs)",3
38.2,0.00607784101895007,0.3355832644749,1,"Threshold (troughs)",3
38.4,0.00607856578758152,0.335597232127885,1,"Threshold (troughs)",3
38.6,0.00607916205078244,0.33561480023165,1,"Threshold (troughs)",3
38.8,0.00607963547466128,0.335635231509274,1,"Threshold (troughs)",3
39,0.00607999314972079,0.335657830650155,1,"Threshold (troughs)",3
39.2,0.00608024329336687,0.335681950906084,1,"Threshold (troughs)",3
39.4,0.00608039496333182,0.335706999110834,1,"Threshold (troughs)",3
39.6,0.00608045778795233,0.335732439210836,1,"Threshold (troughs)",3
39.8,0.00608044171867062,0.335757794404748,1,"Threshold (troughs)",3
40,0.00608035680885426,0.335782648003475,1,"Threshold (troughs)",3
40.2,0.00608021302135821,0.335806643136935,1,"Threshold (troughs)",3
40.4,0.0060800200655123,0.335829481446863,1,"Threshold (troughs)",3
40.6,0.00607978726269485,0.335850920913811,1,"Threshold (troughs)",3
40.8,0.00607952343853117,0.33587077296984,1,"Threshold (troughs)",3
41,0.00607923683910895,0.335888899045752,1,"Threshold (troughs)",3
41.2,0.00607893506839732,0.335905206693813,1,"Threshold (troughs)",3
41.4,0.00607862504419134,0.335919645414946,1,"Threshold (troughs)",3
41.6,0.00607831297023828,0.335932202305078,1,"Threshold (troughs)",3
41.8,0.00607800432260261,0.335942897620193,1,"Threshold (troughs)",3
42,0.00607770384868355,0.33595178034498,1,"Threshold (troughs)",3
42.2,0.00607741557754771,0.335958923836691,1,"Threshold (troughs)",3
42.4,0.00607714284036106,0.335964421604139,1,"Threshold (troughs)",3
42.6,0.00607688829971282,0.335968383271771,1,"Threshold (troughs)",3
42.8,0.00607665398656187,0.335970930770129,1,"Threshold (troughs)",3
43,0.00607644134344989,0.335972194786262,1,"Threshold (troughs)",3
43.2,0.00607625127255967,0.3359723115005,1,"Threshold (troughs)",3
43.4,0.00607608418718176,0.335971419629131,1,"Threshold (troughs)",3
43.6,0.00607594006520174,0.335969657785766,1,"Threshold (troughs)",3
43.8,0.00607581850333143,0.335967162167625,1,"Threshold (troughs)",3
44,0.00607571877096502,0.33596406456671,1,"Threshold (troughs)",3
20.2,0.00681445730225156,0.490056883625858,4.8623931077346e-53,"Threshold (peaks)",5
20.4,0.00688130740346671,0.484677258323841,9.77721980673244e-23,"Threshold (peaks)",5
20.6,0.00692471945699178,0.478233236655979,0.00464532764778209,"Threshold (peaks)",5
20.8,0.00691799837063138,0.470893831740947,4.19127991046851e-06,"Threshold (peaks)",5
21,0.00688850481642959,0.463123516860353,1.78988760956201e-19,"Threshold (peaks)",5
21.2,0.00684477042156199,0.45529263267394,2.67845456684933e-39,"Threshold (peaks)",5
21.4,0.00679423796822044,0.447605915788301,3.32170526243973e-62,"Threshold (peaks)",5
21.6,0.0067407541850123,0.440170672405767,1.89230270272127e-86,"Threshold (peaks)",5
21.8,0.00668693099080679,0.43306966405884,7.5642179007944e-111,"Threshold (peaks)",5
22,0.00663441196583297,0.426332718153102,1.17956410539042e-134,"Threshold (peaks)",5
22.2,0.00658395922663412,0.419930739432195,1.58976538055786e-157,"Threshold (peaks)",5
22.4,0.00653577858341301,0.413842601185396,2.29558256267081e-179,"Threshold (peaks)",5
22.6,0.00648991808062653,0.408063361982195,3.73404803265976e-200,"Threshold (peaks)",5
22.8,0.00644660809227812,0.402568489808584,8.70208375758662e-220,"Threshold (peaks)",5
23,0.0064064489056979,0.397324352908387,5.43669745944416e-238,"Threshold (peaks)",5
23.2,0.00637042356243824,0.392312561197136,2.54057201691575e-254,"Threshold (peaks)",5
23.4,0.00633978728335012,0.38752405085228,3.29160663831087e-268,"Threshold (peaks)",5
23.6,0.00631586410588749,0.382948011437019,4.70928364040966e-279,"Threshold (peaks)",5
23.8,0.00629980112715353,0.378575227694216,2.46351416900874e-286,"Threshold (peaks)",5
24,0.00629238821006985,0.374404355198841,1.0746226066236e-289,"Threshold (peaks)",5
24.2,0.00629400206384494,0.370441810314255,5.79190013947212e-289,"Threshold (peaks)",5
24.4,0.0063046290361119,0.366698588256826,3.80243397273406e-284,"Threshold (peaks)",5
24.6,0.00632390301777685,0.363188038374507,2.07500617839298e-275,"Threshold (peaks)",5
24.8,0.00635114495675349,0.359924703402446,4.63316444143771e-263,"Threshold (peaks)",5
25,0.00638541485440557,0.356923150035349,1.58683673471211e-247,"Threshold (peaks)",5
25.2,0.00642557550570576,0.354196510188678,2.54380783654037e-229,"Threshold (peaks)",5
25.4,0.00647035927687152,0.351755046155722,5.08289830174389e-209,"Threshold (peaks)",5
25.6,0.00651843496025075,0.349605049258234,3.15480779808762e-187,"Threshold (peaks)",5
25.8,0.00656847596300721,0.347748191453108,1.52307036715633e-164,"Threshold (peaks)",5
26,0.00661922728022451,0.346181317255694,1.54331598710368e-141,"Threshold (peaks)",5
26.2,0.00666956317144618,0.344896610452724,1.01362147971841e-118,"Threshold (peaks)",5
26.4,0.00671852632031092,0.343882055698928,1.58865005299969e-96,"Threshold (peaks)",5
26.6,0.00676534302668583,0.343122109626843,2.64966770452759e-75,"Threshold (peaks)",5
26.8,0.00680941515977449,0.342598491036265,2.51901474081522e-55,"Threshold (peaks)",5
27,0.00685029547213451,0.342290998892212,8.55869265367707e-37,"Threshold (peaks)",5
27.2,0.00688765636605996,0.342178276179105,7.38278952897756e-20,"Threshold (peaks)",5
27.4,0.0069212482082506,0.342238445165479,0.000124582256941186,"Threshold (peaks)",5
27.6,0.0069257362026488,0.342424569745375,0.0133080415563486,"Threshold (peaks)",5
27.8,0.00692612938985768,0.342736073707344,0.0199261944730565,"Threshold (peaks)",5
28,0.00692637755539831,0.343142412508975,0.0256665462270739,"Threshold (peaks)",5
28.2,0.00692654367096297,0.343611864471632,0.0303782590513812,"Threshold (peaks)",5
28.4,0.00692665633117102,0.344122395810765,0.0340399516672437,"Threshold (peaks)",5
28.6,0.00692673060695285,0.344660358086419,0.0366832928455929,"Threshold (peaks)",5
28.8,0.00692677535712479,0.345216943342391,0.0383700697700393,"Threshold (peaks)",5
29,0.00692679613515471,0.345785389005078,0.0391783502718151,"Threshold (peaks)",5
29.2,0.00692679652019859,0.346359414942143,0.0391934818441972,"Threshold (peaks)",5
29.4,0.00692677885185084,0.346932620511641,0.0385048883083539,"Threshold (peaks)",5
29.6,0.00692674473787837,0.347498461102582,0.0372080792459832,"Threshold (peaks)",5
29.8,0.00692669546812613,0.348050489946286,0.035409017389849,"Threshold (peaks)",5
30,0.00692663234988687,0.34858266151086,0.0332264348062038,"Threshold (peaks)",5
30.2,0.0069265569212395,0.349089596894708,0.0307882909213266,"Threshold (peaks)",5
30.4,0.00692647099743927,0.349566782302463,0.0282217897424971,"Threshold (peaks)",5
30.6,0.00692637654883107,0.350010702187655,0.0256402855508682,"Threshold (peaks)",5
30.8,0.00692627546375614,0.350418910903692,0.0231322106782081,"Threshold (peaks)",5
31,0.00692616928426175,0.35079004048154,0.0207558643337219,"Threshold (peaks)",5
31.2,0.00692605900105606,0.35112374161037,0.0185408793696155,"Threshold (peaks)",5
31.4,0.00692594496119531,0.35142056274568,0.0164945416896757,"Threshold (peaks)",5
31.6,0.00692582689523238,0.351681783238028,0.0146100574602946,"Threshold (peaks)",5
31.8,0.00692570403169546,0.351909224042134,0.0128742472498767,"Threshold (peaks)",5
32,0.00692557524991029,0.352105060746517,0.0112732323669983,"Threshold (peaks)",5
32.2,0.00692543922770591,0.352271658940662,0.0097957490754294,"Threshold (peaks)",5
32.4,0.00692529455864506,0.352411443985921,0.00843442261077118,"Threshold (peaks)",5
32.6,0.00692513983287683,0.352526808970379,0.00718562068091266,"Threshold (peaks)",5
32.8,0.00692497369021223,0.352620058016994,0.00604851017111847,"Threshold (peaks)",5
33,0.00692479486311128,0.352693378041606,0.00502380781140831,"Threshold (peaks)",5
33.2,0.00692460223397314,0.352748830472031,0.00411254990574481,"Threshold (peaks)",5
33.4,0.00692439493923117,0.352788354772025,0.00331506040336806,"Threshold (peaks)",5
33.6,0.0069241725644843,0.352813777128907,0.00263018673823082,"Threshold (peaks)",5
33.8,0.00692393548745328,0.35282681968787,0.00205479868747437,"Threshold (peaks)",5
34,0.00692368542421492,0.352829107740277,0.00158350655021036,"Threshold (peaks)",5
34.2,0.00692342618299535,0.352822173958012,0.00120855954544365,"Threshold (peaks)",5
34.4,0.00692316447674522,0.35280745990618,0.000919943696671044,"Threshold (peaks)",5
34.6,0.00692291038431341,0.352786315584843,0.00070578661288545,"Threshold (peaks)",5
34.8,0.00692267684815204,0.352759997764244,0.000553193460623574,"Threshold (peaks)",5
35,0.00692247780871889,0.352729667711405,0.000449466051735782,"Threshold (peaks)",5
35.2,0.00692232534573158,0.352696388814412,0.000383366052156924,"Threshold (peaks)",5
35.4,0.00692222698085235,0.352661124468741,0.000345971865508772,"Threshold (peaks)",5
35.6,0.00692218429535893,0.35262473623514,0.000330900832452941,"Threshold (peaks)",5
35.8,0.00692219322043686,0.352587982068536,0.000333996780995273,"Threshold (peaks)",5
36,0.00692224554574459,0.35255151479578,0.000352738910043363,"Threshold (peaks)",5
36.2,0.00692233090970587,0.352515881722305,0.000385598068893299,"Threshold (peaks)",5
36.4,0.00692243867240919,0.3524815265682,0.000431483401207766,"Threshold (peaks)",5
36.6,0.00692255931147736,0.352448794561416,0.00048935612062574,"Threshold (peaks)",5
36.8,0.00692268519110383,0.352417940736547,0.000558029069340973,"Threshold (peaks)",5
37,0.00692281074249531,0.352389140753436,0.000636115149987856,"Threshold (peaks)",5
37.2,0.00692293223716329,0.352362503106431,0.00072205837844679,"Threshold (peaks)",5
37.4,0.00692304737775905,0.352338081475322,0.0008141901987154,"Threshold (peaks)",5
37.6,0.00692315487856261,0.352315886129335,0.000910781800153531,"Threshold (peaks)",5
37.8,0.00692325412230334,0.352295893654593,0.00101008676492298,"Threshold (peaks)",5
38,0.00692334491428439,0.352278054706205,0.00111037934389211,"Threshold (peaks)",5
38.2,0.00692342732155416,0.352262299859596,0.00120999490356831,"Threshold (peaks)",5
38.4,0.00692350157456566,0.352248543878099,0.00130737544628344,"Threshold (peaks)",5
38.6,0.00692356800963357,0.35223668881771,0.001401118238787,"Threshold (peaks)",5
38.8,0.00692362703528767,0.352226626387431,0.00149002185513755,"Threshold (peaks)",5
39,0.00692367911095246,0.352218239916639,0.00157312255861449,"Threshold (peaks)",5
39.2,0.00692372473095742,0.352211406184431,0.00164971504884163,"Threshold (peaks)",5
39.4,0.00692376441032358,0.352205997263916,0.00171935448162702,"Threshold (peaks)",5
39.6,0.00692379867108554,0.352201882442085,0.00178184020282808,"Threshold (peaks)",5
39.8,0.00692382802925731,0.352198930202167,0.00183718473197912,"Threshold (peaks)",5
40,0.00692385298315468,0.352197010205038,0.00188557345293804,"Threshold (peaks)",5
40.2,0.00692387400387188,0.352195995180503,0.00192732097696186,"Threshold (peaks)",5
40.4,0.0069238915284857,0.352195762636154,0.00196282942886489,"Threshold (peaks)",5
40.6,0.00692390595619703,0.352196196306263,0.00199255241479544,"Threshold (peaks)",5
40.8,0.00692391764724963,0.352197187289419,0.00201696667101751,"Threshold (peaks)",5
41,0.00692392692417289,0.352198634854449,0.00203655178610019,"Threshold (peaks)",5
41.2,0.00692393407471894,0.352200446923516,0.00205177719085875,"Threshold (peaks)",5
41.4,0.00692393935581022,0.352202540264777,0.00206309491107521,"Threshold (peaks)",5
41.6,0.00692394299786116,0.352204840442261,0.00207093633826149,"Threshold (peaks)",5
41.8,0.00692394520895535,0.352207281577359,0.00207571138151903,"Threshold (peaks)",5
42,0.00692394617851192,0.352209805975621,0.00207780868391869,"Threshold (peaks)",5
42.2,0.00692394608023346,0.352212363666464,0.00207759599597003,"Threshold (peaks)",5
42.4,0.00692394507426941,0.352214911894146,0.00207542020195051,"Threshold (peaks)",5
42.6,0.00692394330864112,0.352217414588193,0.00207160683097042,"Threshold (peaks)",5
42.8,0.00692394092005138,0.352219841831872,0.00206645912500875,"Threshold (peaks)",5
43,0.00692393803424251,0.352222169339507,0.00206025687490882,"Threshold (peaks)",5
43.2,0.00692393476607728,0.352224377947711,0.00205325528452121,"Threshold (peaks)",5
43.4,0.00692393121950286,0.352226453122183,0.00204568410438947,"Threshold (peaks)",5
43.6,0.00692392748752707,0.352228384480099,0.00203774721367323,"Threshold (peaks)",5
43.8,0.00692392365229718,0.352230165327886,0.00202962274685222,"Threshold (peaks)",5
44,0.00692391978533118,0.352231792214759,0.00202146377945876,"Threshold (peaks)",5
20.2,0.00775121135646681,0.490972080366462,0,"Threshold (troughs)",5
20.4,0.00707951432309613,0.485094370608956,1.45195172502758e-68,"Threshold (troughs)",5
20.6,0.00693585663086742,0.478978251732249,0.00191255291497397,"Threshold (troughs)",5
20.8,0.0049449295884684,0.470156225626293,1,"Threshold (troughs)",5
21,0.00462492284005602,0.462144057014261,1,"Threshold (troughs)",5
21.2,0.00459340116392152,0.453390890462599,1,"Threshold (troughs)",5
21.4,0.00458232494263133,0.443805482772417,1,"Threshold (troughs)",5
21.6,0.00456295322325121,0.433756373425021,1,"Threshold (troughs)",5
21.8,0.00453652241651699,0.423670626604721,1,"Threshold (troughs)",5
22,0.00450568666456632,0.413840081404802,1,"Threshold (troughs)",5
22.2,0.004472343584323,0.404406315091908,1,"Threshold (troughs)",5
22.4,0.00443767881783494,0.395479955098564,1,"Threshold (troughs)",5
22.6,0.0044022838140862,0.387088819401018,1,"Threshold (troughs)",5
22.8,0.0043664818559194,0.379205548832142,1,"Threshold (troughs)",5
23,0.00433067166710346,0.371823082590099,1,"Threshold (troughs)",5
23.2,0.00429577664874384,0.36489088662699,1,"Threshold (troughs)",5
23.4,0.00426352539529254,0.358357059757824,1,"Threshold (troughs)",5
23.6,0.00423619577400362,0.352187273019345,1,"Threshold (troughs)",5
23.8,0.00421619205175893,0.346334599907569,1,"Threshold (troughs)",5
24,0.00420572752523985,0.340766194777256,1,"Threshold (troughs)",5
24.2,0.00420649718647466,0.335468845537378,1,"Threshold (troughs)",5
24.4,0.00421943768886468,0.330438568367375,1,"Threshold (troughs)",5
24.6,0.00424475344932379,0.325686004099542,1,"Threshold (troughs)",5
24.8,0.00428205846595421,0.321236360473002,1,"Threshold (troughs)",5
25,0.00433044714774924,0.317122235876898,1,"Threshold (troughs)",5
25.2,0.00438853691470896,0.31337864541413,1,"Threshold (troughs)",5
25.4,0.00445454441787222,0.310039324691252,1,"Threshold (troughs)",5
25.6,0.00452637685764983,0.307132652186944,1,"Threshold (troughs)",5
25.8,0.00460173253051172,0.304678187076358,1,"Threshold (troughs)",5
26,0.00467822566296905,0.302684550563703,1,"Threshold (troughs)",5
26.2,0.00475352644143309,0.301148607653525,1,"Threshold (troughs)",5
26.4,0.00482548641791876,0.300055752528187,1,"Threshold (troughs)",5
26.6,0.00489222711191223,0.299381093711854,1,"Threshold (troughs)",5
26.8,0.00495219076245695,0.299091259246897,1,"Threshold (troughs)",5
27,0.00500416887951529,0.299146477448912,1,"Threshold (troughs)",5
27.2,0.0050473271962593,0.299502613905762,1,"Threshold (troughs)",5
27.4,0.0050812342779351,0.300112962638159,1,"Threshold (troughs)",5
27.6,0.00510588373728358,0.300929744878583,1,"Threshold (troughs)",5
27.8,0.00512168920684751,0.301905391158304,1,"Threshold (troughs)",5
28,0.00512943480929689,0.302993722387123,1,"Threshold (troughs)",5
28.2,0.0051301797643234,0.304151101164821,1,"Threshold (troughs)",5
28.4,0.00512513406656309,0.30533753587102,1,"Threshold (troughs)",5
28.6,0.00511553248312303,0.306517642697366,1,"Threshold (troughs)",5
28.8,0.00510253217526929,0.307661344569035,1,"Threshold (troughs)",5
29,0.00508714819537585,0.308744218022004,1,"Threshold (troughs)",5
29.2,0.0050702278485944,0.309747467679648,1,"Threshold (troughs)",5
29.4,0.00505245525048697,0.310657579571503,1,"Threshold (troughs)",5
29.6,0.0050343735560344,0.311465752523855,1,"Threshold (troughs)",5
29.8,0.00501641330634751,0.312167220874476,1,"Threshold (troughs)",5
30,0.00499891883237047,0.312760566652712,1,"Threshold (troughs)",5
30.2,0.00498216859894824,0.313247087952735,1,"Threshold (troughs)",5
30.4,0.00496638856137943,0.313630255824115,1,"Threshold (troughs)",5
30.6,0.00495175962594692,0.313915263893916,1,"Threshold (troughs)",5
30.8,0.00493842121887681,0.314108657253732,1,"Threshold (troughs)",5
31,0.00492647304350866,0.314218019890651,1,"Threshold (troughs)",5
31.2,0.00491597666197764,0.314251700690416,1,"Threshold (troughs)",5
31.4,0.0049069578695939,0.31421856349802,1,"Threshold (troughs)",5
31.6,0.00489941016969819,0.314127753778793,1,"Threshold (troughs)",5
31.8,0.00489329915527092,0.313988480746054,1,"Threshold (troughs)",5
32,0.00488856732739286,0.313809818058534,1,"Threshold (troughs)",5
32.2,0.00488513882377192,0.313600527927321,1,"Threshold (troughs)",5
32.4,0.00488292363818221,0.313368913018744,1,"Threshold (troughs)",5
32.6,0.00488182110742984,0.313122698639979,1,"Threshold (troughs)",5
32.8,0.00488172265177029,0.312868945228718,1,"Threshold (troughs)",5
33,0.00488251392050316,0.312613988912163,1,"Threshold (troughs)",5
33.2,0.00488407658474666,0.312363406371246,1,"Threshold (troughs)",5
33.4,0.00488629002762738,0.312121999647995,1,"Threshold (troughs)",5
33.6,0.0048890331226536,0.311893796789766,1,"Threshold (troughs)",5
33.8,0.00489218619132384,0.311682065061467,1,"Threshold (troughs)",5
34,0.00489563312275971,0.311489334521445,1,"Threshold (troughs)",5
34.2,0.00489926354919447,0.311317430718094,1,"Threshold (troughs)",5
34.4,0.0049029749197077,0.311167515892846,1,"Threshold (troughs)",5
34.6,0.00490667430668083,0.311040138278627,1,"Threshold (troughs)",5
34.8,0.00491027980963098,0.310935288899762,1,"Threshold (troughs)",5
35,0.00491372147590902,0.31085246484338,1,"Threshold (troughs)",5
35.2,0.00491694172053558,0.310790737458522,1,"Threshold (troughs)",5
35.4,0.00491989528302297,0.310748823511102,1,"Threshold (troughs)",5
35.6,0.00492254879720075,0.310725157093814,1,"Threshold (troughs)",5
35.8,0.00492488006710882,0.310717960104357,1,"Threshold (troughs)",5
36,0.00492687714017608,0.310725309341784,1,"Threshold (troughs)",5
36.2,0.00492853725434312,0.31074519866171,1,"Threshold (troughs)",5
36.4,0.00492986571602988,0.310775595089325,1,"Threshold (troughs)",5
36.6,0.00493087474739954,0.31081448823373,1,"Threshold (troughs)",5
36.8,0.00493158232825227,0.310859932720777,1,"Threshold (troughs)",5
37,0.00493201105124228,0.310910083638841,1,"Threshold (troughs)",5
37.2,0.00493218700774781,0.310963225175228,1,"Threshold (troughs)",5
37.4,0.00493213872313815,0.311017792732205,1,"Threshold (troughs)",5
37.6,0.00493189616171839,0.311072388879831,1,"Threshold (troughs)",5
37.8,0.00493148982133668,0.311125793553923,1,"Threshold (troughs)",5
38,0.00493094993468078,0.311176968958134,1,"Threshold (troughs)",5
38.2,0.00493030578893483,0.311225059684483,1,"Threshold (troughs)",5
38.4,0.00492958516873665,0.311269388622833,1,"Threshold (troughs)",5
38.6,0.00492881392057797,0.311309449277587,1,"Threshold (troughs)",5
38.8,0.0049280156310846,0.311344895139661,1,"Threshold (troughs)",5
39,0.00492721140773167,0.311375526766919,1,"Threshold (troughs)",5
39.2,0.00492641974869012,0.311401277204773,1,"Threshold (troughs)",5
39.4,0.00492565648840637,0.311422196333655,1,"Threshold (troughs)",5
39.6,0.00492493480663889,0.311438434667767,1,"Threshold (troughs)",5
39.8,0.00492426529037135,0.311450227058019,1,"Threshold (troughs)",5
40,0.00492365603973728,0.311457876678833,1,"Threshold (troughs)",5
40.2,0.00492311281045578,0.311461739609217,1,"Threshold (troughs)",5
40.4,0.00492263918614272,0.311462210256562,1,"Threshold (troughs)",5
40.6,0.00492223677427057,0.311459707817907,1,"Threshold (troughs)",5
40.8,0.00492190541966241,0.311454663927119,1,"Threshold (troughs)",5
41,0.00492164342942803,0.311447511595897,1,"Threshold (troughs)",5
41.2,0.00492144780335891,0.311438675519943,1,"Threshold (troughs)",5
41.4,0.00492131446410641,0.311428563787584,1,"Threshold (troughs)",5
41.6,0.00492123848200347,0.3114175609962,1,"Threshold (troughs)",5
41.8,0.00492121429011753,0.311406022751929,1,"Threshold (troughs)",5
42,0.00492123588596112,0.31139427150103,1,"Threshold (troughs)",5
42.2,0.00492129701714509,0.311382593617787,1,"Threshold (troughs)",5
42.4,0.0049213913490604,0.311371237654625,1,"Threshold (troughs)",5
42.6,0.0049215126133679,0.311360413645553,1,"Threshold (troughs)",5
42.8,0.00492165473664716,0.311350293344308,1,"Threshold (troughs)",5
43,0.0049218119490133,0.311341011273094,1,"Threshold (troughs)",5
43.2,0.00492197887288471,0.311332666456263,1,"Threshold (troughs)",5
43.4,0.00492215059240214,0.311325324714739,1,"Threshold (troughs)",5
43.6,0.00492232270428637,0.311319021400973,1,"Threshold (troughs)",5
43.8,0.0049224913511895,0.311313764460002,1,"Threshold (troughs)",5
44,0.00492265323884358,0.311309537709493,1,"Threshold (troughs)",5
20.2,0.00680524960894181,0.490048469010178,3.25816560626862e-57,"Threshold (peaks)",7
20.4,0.00688853533239411,0.48462456243555,1.84781609774852e-19,"Threshold (peaks)",7
20.6,0.00692441112933829,0.478101663564184,0.00337136627564932,"Threshold (peaks)",7
20.8,0.00691863864918442,0.470716058282658,8.17683542275745e-06,"Threshold (peaks)",7
21,0.00688981360655092,0.462925758609676,7.01624138195943e-19,"Threshold (peaks)",7
21.2,0.00684573920893651,0.455093005327527,7.36272718206426e-39,"Threshold (peaks)",7
21.4,0.00679469961402283,0.447415621384124,5.37807206705829e-62,"Threshold (peaks)",7
21.6,0.00674080334570746,0.43999605265145,1.99193567820454e-86,"Threshold (peaks)",7
21.8,0.00668669378387317,0.432913766368101,5.90523747426318e-111,"Threshold (peaks)",7
22,0.00663397191051632,0.426195205263279,7.45148894974207e-135,"Threshold (peaks)",7
22.2,0.00658335258580274,0.419809487126539,8.4399680117233e-158,"Threshold (peaks)",7
22.4,0.00653501577706979,0.413735546613955,1.03540523152154e-179,"Threshold (peaks)",7
22.6,0.00648900949719448,0.407968223777737,1.44649226624776e-200,"Threshold (peaks)",7
22.8,0.00644558295905114,0.402482595529796,2.98488139506857e-220,"Threshold (peaks)",7
23,0.00640536141351781,0.397245383583467,1.74731607595406e-238,"Threshold (peaks)",7
23.2,0.0063693474794804,0.392238776773121,8.26303616942383e-255,"Threshold (peaks)",7
23.4,0.0063388037580099,0.387454035261059,1.17915999882621e-268,"Threshold (peaks)",7
23.6,0.00631504716274139,0.382880641528516,2.0073906650482e-279,"Threshold (peaks)",7
23.8,0.0062992056988126,0.378509814965902,1.32326092303247e-286,"Threshold (peaks)",7
24,0.00629204446142235,0.374340671732399,7.50643292019569e-290,"Threshold (peaks)",7
24.2,0.00629391598530141,0.370379996494969,5.29421270005892e-289,"Threshold (peaks)",7
24.4,0.00630478657969972,0.366639041827368,4.48204998094486e-284,"Threshold (peaks)",7
24.6,0.00632427540211418,0.363131315766817,3.0607115948254e-275,"Threshold (peaks)",7
24.8,0.00635169407169784,0.359871426051462,8.21851363864527e-263,"Threshold (peaks)",7
25,0.00638609826732872,0.356873916180447,3.23836290365276e-247,"Threshold (peaks)",7
25.2,0.00642635072359454,0.354151822183792,5.71337929366193e-229,"Threshold (peaks)",7
25.4,0.00647118713738617,0.351715261571338,1.20609980493164e-208,"Threshold (peaks)",7
25.6,0.00651928217523868,0.3495703580879,7.63867754318507e-187,"Threshold (peaks)",7
25.8,0.00656931677643594,0.347718616867765,3.66322329982057e-164,"Threshold (peaks)",7
26,0.00662004408543143,0.346156734604692,3.62005588744998e-141,"Threshold (peaks)",7
26.2,0.00667034595947748,0.344876778131162,2.29464829908275e-118,"Threshold (peaks)",7
26.4,0.00671927103511402,0.343866651455553,3.45628741978835e-96,"Threshold (peaks)",7
26.6,0.00676604918023108,0.343110766459982,5.53723658331394e-75,"Threshold (peaks)",7
26.8,0.0068100832737471,0.342590827883738,5.05928233184684e-55,"Threshold (peaks)",7
27,0.00685092496242676,0.342286642849852,1.65103925677884e-36,"Threshold (peaks)",7
27.2,0.00688824434327281,0.342176874877206,1.36380552084858e-19,"Threshold (peaks)",7
27.4,0.00692176280177456,0.342239643339218,0.00021314964738733,"Threshold (peaks)",7
27.6,0.00692526076361573,0.342427139859593,0.00814447208372425,"Threshold (peaks)",7
27.8,0.00692564497995809,0.342740366152144,0.0121140077927846,"Threshold (peaks)",7
28,0.0069258875786824,0.343147609884424,0.0155505312443166,"Threshold (peaks)",7
28.2,0.00692604984078399,0.343617353303273,0.018367691491915,"Threshold (peaks)",7
28.4,0.00692615972871401,0.344127838717764,0.0205541125617296,"Threshold (peaks)",7
28.6,0.00692623202926552,0.344665604653005,0.0221296045715185,"Threshold (peaks)",7
28.8,0.00692627544203376,0.345221931287837,0.0231316983359365,"Threshold (peaks)",7
29,0.00692629541207916,0.345790079117455,0.0236074163858548,"Threshold (peaks)",7
29.2,0.00692629543579701,0.346363759210889,0.0236079870200597,"Threshold (peaks)",7
29.4,0.00692627778686136,0.346936553113799,0.0231870672347437,"Threshold (peaks)",7
29.6,0.00692624402008952,0.347501901788249,0.0224020678708924,"Threshold (peaks)",7
29.8,0.00692619538225854,0.34805335206519,0.0213168130847949,"Threshold (peaks)",7
30,0.00692613314398027,0.348584860249111,0.0200028623184971,"Threshold (peaks)",7
30.2,0.00692605880963507,0.349091056049847,0.0185372439477728,"Threshold (peaks)",7
30.4,0.00692597416158504,0.349567439477377,0.0169963335868751,"Threshold (peaks)",7
30.6,0.00692588113786632,0.350010512659087,0.0154479494512173,"Threshold (peaks)",7
30.8,0.00692578159679066,0.350417850167076,0.0139447622463497,"Threshold (peaks)",7
31,0.00692567705574116,0.350788105212002,0.0125212826988298,"Threshold (peaks)",7
31.2,0.00692556848990852,0.351120948826142,0.0111948570695972,"Threshold (peaks)",7
31.4,0.00692545624371574,0.351416947270033,0.00996953349361713,"Threshold (peaks)",7
31.6,0.00692534006105971,0.351677393911139,0.00884104529582323,"Threshold (peaks)",7
31.8,0.00692521920207299,0.351904119349284,0.00780141076873707,"Threshold (peaks)",7
32,0.00692509259785955,0.352099304540458,0.00684230854981717,"Threshold (peaks)",7
32.2,0.00692495900065518,0.352265316785333,0.0059570269182813,"Threshold (peaks)",7
32.4,0.00692481710511874,0.352404580422278,0.00514119585562999,"Threshold (peaks)",7
32.6,0.00692466563579495,0.352519485783127,0.00439267682872667,"Threshold (peaks)",7
32.8,0.00692450341001063,0.352612333413567,0.00371098368340102,"Threshold (peaks)",7
33,0.00692432939407544,0.352685306559207,0.0030965267059079,"Threshold (peaks)",7
33.2,0.00692414277633303,0.352740463398558,0.00254987264394197,"Threshold (peaks)",7
33.4,0.00692394308632147,0.352779740882856,0.0020711271650431,"Threshold (peaks)",7
33.6,0.00692373039590879,0.352804963579562,0.00165948231233004,"Threshold (peaks)",7
33.8,0.00692350564156142,0.352817852938422,0.00131292975568986,"Threshold (peaks)",7
34,0.00692327109312494,0.352820034399971,0.00102811990827012,"Threshold (peaks)",7
34.2,0.00692303093728256,0.352813041417233,0.000800348923846529,"Threshold (peaks)",7
34.4,0.00692279181623691,0.352798316582597,0.000623679988352604,"Threshold (peaks)",7
34.6,0.00692256298559623,0.352777210602138,0.000491235447511484,"Threshold (peaks)",7
34.8,0.00692235566954897,0.352750979958217,0.000395689186872844,"Threshold (peaks)",7
35,0.00692218141537721,0.35272078399422,0.000329907953777874,"Threshold (peaks)",7
35.2,0.00692204981111579,0.352687682024934,0.000287577260295223,"Threshold (peaks)",7
35.4,0.00692196643604775,0.352652630887389,0.000263615392756242,"Threshold (peaks)",7
35.6,0.00692193187346703,0.352616483066192,0.000254277242672212,"Threshold (peaks)",7
35.8,0.00692194204698076,0.352579985392481,0.000256991051239172,"Threshold (peaks)",7
36,0.00692198954235815,0.352543778557438,0.000270048727667218,"Threshold (peaks)",7
36.2,0.00692206532052066,0.352508398099876,0.000292269143367891,"Threshold (peaks)",7
36.4,0.00692216029315688,0.352474277676339,0.000322716477219046,"Threshold (peaks)",7
36.6,0.00692226643796321,0.352441755108138,0.000360512644008816,"Threshold (peaks)",7
36.8,0.00692237735479601,0.352411081104949,0.000404743833174518,"Threshold (peaks)",7
37,0.00692248834692801,0.35238242999031,0.00045443496569296,"Threshold (peaks)",7
37.2,0.00692259620741974,0.35235591140011,0.000508559451002366,"Threshold (peaks)",7
37.4,0.00692269888941821,0.352331581858489,0.000566060464060502,"Threshold (peaks)",7
37.6,0.00692279518070192,0.352309455327092,0.000625872657937394,"Threshold (peaks)",7
37.8,0.00692288443829172,0.352289512171718,0.000686942191777998,"Threshold (peaks)",7
38,0.00692296639518666,0.352271706364364,0.00074824680557322,"Threshold (peaks)",7
38.2,0.00692304102999749,0.352255971036724,0.000808817881936191,"Threshold (peaks)",7
38.4,0.00692310848354041,0.352242222680359,0.000867764801055563,"Threshold (peaks)",7
38.6,0.00692316900689826,0.352230364355869,0.000924299860151502,"Threshold (peaks)",7
38.8,0.0069232229286064,0.352220288259289,0.000977760595284691,"Threshold (peaks)",7
39,0.00692327063230835,0.352211877932269,0.00102762602377144,"Threshold (peaks)",7
39.2,0.00692331253951952,0.352205010320125,0.00107352413540455,"Threshold (peaks)",7
39.4,0.00692334909469582,0.352199557796909,0.00111522952677646,"Threshold (peaks)",7
39.6,0.00692338075156333,0.352195390200789,0.00115265184057883,"Threshold (peaks)",7
39.8,0.00692340796070374,0.352192376863567,0.00118581712620707,"Threshold (peaks)",7
40,0.00692343115885183,0.352190388578735,0.00121484505848944,"Threshold (peaks)",7
40.2,0.00692345076041796,0.352189299433873,0.00123992506349515,"Threshold (peaks)",7
40.4,0.00692346715156537,0.352188988433356,0.00126129393233886,"Threshold (peaks)",7
40.6,0.00692348068688897,0.352189340851952,0.0012792166941307,"Threshold (peaks)",7
40.8,0.00692349168846431,0.352190249283216,0.00129397162091377,"Threshold (peaks)",7
41,0.00692350044682501,0.352191614372966,0.00130583944714316,"Threshold (peaks)",7
41.2,0.00692350722331242,0.352193345252381,0.00131509631773524,"Threshold (peaks)",7
41.4,0.00692351225322162,0.352195359704118,0.00132200966228824,"Threshold (peaks)",7
41.6,0.00692351574922444,0.352197584106549,0.0013268361019423,"Threshold (peaks)",7
41.8,0.00692351790465632,0.352199953205704,0.00132982056884871,"Threshold (peaks)",7
42,0.00692351889638268,0.352202409762965,0.00133119598988579,"Threshold (peaks)",7
42.2,0.00692351888708958,0.352204904120649,0.00133118309474535,"Threshold (peaks)",7
42.4,0.00692351802695629,0.352207393719404,0.00132999010940513,"Threshold (peaks)",7
42.6,0.00692351645475479,0.35220984259248,0.00132781226042339,"Threshold (peaks)",7
42.8,0.00692351429847997,0.352212220853785,0.00132483113062894,"Threshold (peaks)",7
43,0.00692351167564384,0.35221450418999,0.00132121397118095,"Threshold (peaks)",7
43.2,0.00692350869337241,0.352216673362212,0.0013171130950265,"Threshold (peaks)",7
43.4,0.00692350544843063,0.352218713719849,0.00131266546416122,"Threshold (peaks)",7
43.6,0.00692350202727451,0.352220614727749,0.00130799254973754,"Threshold (peaks)",7
43.8,0.00692349850619743,0.352222369507623,0.00130320050207807,"Threshold (peaks)",7
44,0.00692349495160599,0.352223974394974,0.00129838062724589,"Threshold (peaks)",7
20.2,0.00775121135646681,0.490972080366462,0,"Threshold (troughs)",7
20.4,0.00707951432309613,0.485094370608956,1.45195172502758e-68,"Threshold (troughs)",7
20.6,0.00693578520367528,0.478978180302005,0.00206028522458405,"Threshold (troughs)",7
20.8,0.00405019653411626,0.469267088246702,1,"Threshold (troughs)",7
21,0.00375574419894713,0.461130406654446,1,"Threshold (troughs)",7
21.2,0.00374833941694258,0.451882995747544,1,"Threshold (troughs)",7
21.4,0.00374613121264335,0.441439070206093,1,"Threshold (troughs)",7
21.6,0.00373341887911432,0.430293047311341,1,"Threshold (troughs)",7
21.8,0.00371337476996961,0.418986117851318,1,"Threshold (troughs)",7
22,0.00368856768947592,0.407879768617635,1,"Threshold (troughs)",7
22.2,0.00366081556479705,0.397173493141829,1,"Threshold (troughs)",7
22.4,0.00363124453446275,0.387020920921645,1,"Threshold (troughs)",7
22.6,0.00360037451173775,0.37744587542196,1,"Threshold (troughs)",7
22.8,0.00356843057656419,0.368460362038535,1,"Threshold (troughs)",7
23,0.00353576912086817,0.360048916231824,1,"Threshold (troughs)",7
23.2,0.00350350529906288,0.35215374453782,1,"Threshold (troughs)",7
23.4,0.0034737084482372,0.344741385353988,1,"Threshold (troughs)",7
23.6,0.00344908448207384,0.337747484439477,1,"Threshold (troughs)",7
23.8,0.00343253595480508,0.331125595139412,1,"Threshold (troughs)",7
24,0.00342672144689828,0.324838525263822,1,"Threshold (troughs)",7
24.2,0.00343358893414153,0.318859961639681,1,"Threshold (troughs)",7
24.4,0.00345423928928751,0.313190299324188,1,"Threshold (troughs)",7
24.6,0.0034890817978099,0.30784609527344,1,"Threshold (troughs)",7
24.8,0.00353786771177894,0.302861560077538,1,"Threshold (troughs)",7
25,0.00359972505091851,0.298283594475055,1,"Threshold (troughs)",7
25.2,0.00367322455550774,0.294163101105102,1,"Threshold (troughs)",7
25.4,0.00375634795074903,0.290549625371828,1,"Threshold (troughs)",7
25.6,0.00384646466426126,0.287485406742056,1,"Threshold (troughs)",7
25.8,0.0039404118360774,0.285000031289278,1,"Threshold (troughs)",7
26,0.00403465515410575,0.283107005444362,1,"Threshold (troughs)",7
26.2,0.00412550829294123,0.281801941289376,1,"Threshold (troughs)",7
26.4,0.00420939931945932,0.28106228757972,1,"Threshold (troughs)",7
26.6,0.00428315911334403,0.280848574684491,1,"Threshold (troughs)",7
26.8,0.0043442999373197,0.281106853108482,1,"Threshold (troughs)",7
27,0.00439124753635333,0.281771874155744,1,"Threshold (troughs)",7
27.2,0.00442348102967088,0.282770626652527,1,"Threshold (troughs)",7
27.4,0.00444153519298152,0.284025994052809,1,"Threshold (troughs)",7
27.6,0.00444684542573164,0.285460407986213,1,"Threshold (troughs)",7
27.8,0.00444146342647397,0.286999371581715,1,"Threshold (troughs)",7
28,0.0044277163745872,0.288574634267203,1,"Threshold (troughs)",7
28.2,0.00440789657921446,0.290126722587918,1,"Threshold (troughs)",7
28.4,0.00438404481742482,0.291606562439989,1,"Threshold (troughs)",7
28.6,0.0043578465415367,0.292976078914856,1,"Threshold (troughs)",7
28.8,0.00433062162879109,0.294207861513333,1,"Threshold (troughs)",7
29,0.00430337040331916,0.295284142915124,1,"Threshold (troughs)",7
29.2,0.00427684034088681,0.296195403612075,1,"Threshold (troughs)",7
29.4,0.00425158963485087,0.296938883718141,1,"Threshold (troughs)",7
29.6,0.00422803657929813,0.297517195907359,1,"Threshold (troughs)",7
29.8,0.00420649290049231,0.297937135027496,1,"Threshold (troughs)",7
30,0.00418718400572686,0.298208701499165,1,"Threshold (troughs)",7
30.2,0.00417026069247281,0.298344308846436,1,"Threshold (troughs)",7
30.4,0.00415580652700875,0.298358128176481,1,"Threshold (troughs)",7
30.6,0.00414384390259922,0.298265525135027,1,"Threshold (troughs)",7
30.8,0.00413434039775302,0.298082557917085,1,"Threshold (troughs)",7
31,0.00412721587887333,0.297825520380946,1,"Threshold (troughs)",7
31.2,0.00412235003192092,0.297510527109926,1,"Threshold (troughs)",7
31.4,0.0041195897046685,0.297153145002403,1,"Threshold (troughs)",7
31.6,0.0041187555110491,0.296768078402993,1,"Threshold (troughs)",7
31.8,0.00411964743883049,0.296368913107095,1,"Threshold (troughs)",7
32,0.00412204954639888,0.295967920659857,1,"Threshold (troughs)",7
32.2,0.00412573410165915,0.295575920132725,1,"Threshold (troughs)",7
32.4,0.00413046563038942,0.295202191425027,1,"Threshold (troughs)",7
32.6,0.0041360052878736,0.294854432802313,1,"Threshold (troughs)",7
32.8,0.00414211578160285,0.294538755806748,1,"Threshold (troughs)",7
33,0.00414856682102384,0.294259712269736,1,"Threshold (troughs)",7
33.2,0.00415514082859001,0.294020350086833,1,"Threshold (troughs)",7
33.4,0.00416163847877905,0.293822295900113,1,"Threshold (troughs)",7
33.6,0.00416788357514587,0.293665863378336,1,"Threshold (troughs)",7
33.8,0.00417372683309211,0.293550185281276,1,"Threshold (troughs)",7
34,0.00417904828082812,0.293473366188765,1,"Threshold (troughs)",7
34.2,0.0041837581773541,0.293432651140026,1,"Threshold (troughs)",7
34.4,0.00418779652555318,0.293424603987384,1,"Threshold (troughs)",7
34.6,0.00419113139323678,0.293445288430728,1,"Threshold (troughs)",7
34.8,0.00419375632737626,0.293490444663414,1,"Threshold (troughs)",7
35,0.00419568715923065,0.293555655293421,1,"Threshold (troughs)",7
35.2,0.00419695846746366,0.293636495494333,1,"Threshold (troughs)",7
35.4,0.00419761991483769,0.293728663894294,1,"Threshold (troughs)",7
35.6,0.00419773262095463,0.293828092245999,1,"Threshold (troughs)",7
35.8,0.00419736569026889,0.293931033237805,1,"Threshold (troughs)",7
36,0.00419659298421892,0.294034126814309,1,"Threshold (troughs)",7
36.2,0.00419549020573592,0.294134446078543,1,"Threshold (troughs)",7
36.4,0.00419413234816672,0.294229524310258,1,"Threshold (troughs)",7
36.6,0.00419259154422155,0.294317364935193,1,"Threshold (troughs)",7
36.8,0.00419093533195236,0.294396436484083,1,"Threshold (troughs)",7
37,0.00418922533471184,0.294465654723216,1,"Threshold (troughs)",7
37.2,0.00418751633296869,0.294524354228538,1,"Threshold (troughs)",7
37.4,0.00418585569050888,0.294572251703626,1,"Threshold (troughs)",7
37.6,0.00418428308784939,0.294609403296398,1,"Threshold (troughs)",7
37.8,0.00418283051214107,0.294636158045792,1,"Threshold (troughs)",7
38,0.00418152245458205,0.294653109395739,1,"Threshold (troughs)",7
38.2,0.00418037627164251,0.294661046468573,1,"Threshold (troughs)",7
38.4,0.00417940267318268,0.294660906518311,1,"Threshold (troughs)",7
38.6,0.00417860630708818,0.294653729710717,1,"Threshold (troughs)",7
38.8,0.00417798641524357,0.294640617120734,1,"Threshold (troughs)",7
39,0.00417753753913579,0.294622692610027,1,"Threshold (troughs)",7
39.2,0.00417725025534016,0.294601069051114,1,"Threshold (troughs)",7
39.4,0.00417711192216633,0.294576819197116,1,"Threshold (troughs)",7
39.6,0.00417710741948719,0.294550951351636,1,"Threshold (troughs)",7
39.8,0.00417721986477836,0.294524389865751,1,"Threshold (troughs)",7
40,0.00417743128995759,0.294497960374225,1,"Threshold (troughs)",7
40.2,0.00417772326578312,0.294472379579173,1,"Threshold (troughs)",7
40.4,0.00417807746320367,0.294448249297212,1,"Threshold (troughs)",7
40.6,0.00417847614391446,0.294426054407624,1,"Threshold (troughs)",7
40.8,0.00417890257521735,0.294406164276668,1,"Threshold (troughs)",7
41,0.0041793413669281,0.29438883718859,1,"Threshold (troughs)",7
41.2,0.00417977873041892,0.294374227287572,1,"Threshold (troughs)",7
41.4,0.0041802026619082,0.294362393526103,1,"Threshold (troughs)",7
41.6,0.00418060305383459,0.29435331012211,1,"Threshold (troughs)",7
41.8,0.00418097173961631,0.294346878047321,1,"Threshold (troughs)",7
42,0.00418130247832089,0.294342937100082,1,"Threshold (troughs)",7
42.2,0.00418159088675359,0.294341278154825,1,"Threshold (troughs)",7
42.4,0.00418183432719302,0.29434165522545,1,"Threshold (troughs)",7
42.6,0.00418203175942823,0.294343797029279,1,"Threshold (troughs)",7
42.8,0.00418218356586418,0.294347417790299,1,"Threshold (troughs)",7
43,0.00418229135825959,0.294352227073757,1,"Threshold (troughs)",7
43.2,0.00418235777417182,0.2943579384972,1,"Threshold (troughs)",7
43.4,0.00418238627045635,0.294364277214475,1,"Threshold (troughs)",7
43.6,0.00418238092027003,0.294370986117478,1,"Threshold (troughs)",7
43.8,0.00418234621902824,0.294377830744504,1,"Threshold (troughs)",7
44,0.00418228690372983,0.294384602922837,1,"Threshold (troughs)",7
20.2,0.00679375294477612,0.490036352544121,2.00215829808841e-62,"Threshold (peaks)",9
20.4,0.00689066904958549,0.484590220463801,1.71348218444622e-18,"Threshold (peaks)",9
20.6,0.00692418425873838,0.478023120443832,0.00266240180229291,"Threshold (peaks)",9
20.8,0.00691896813025723,0.470609713766251,1.15329026546367e-05,"Threshold (peaks)",9
21,0.00689061056349018,0.46280693728027,1.61200972943861e-18,"Threshold (peaks)",9
21.2,0.00684633744372597,0.454972558945013,1.37473964603994e-38,"Threshold (peaks)",9
21.4,0.00679498987941266,0.447300468547381,7.28123167704837e-62,"Threshold (peaks)",9
21.6,0.00674084193942311,0.439890196897503,2.07381478102624e-86,"Threshold (peaks)",9
21.8,0.00668655657846395,0.432819165105097,5.11730986123671e-111,"Threshold (peaks)",9
22,0.00663370964475689,0.426111715206381,5.6670514005929e-135,"Threshold (peaks)",9
22.2,0.00658298796999011,0.419735865142146,5.76845200037604e-158,"Threshold (peaks)",9
22.4,0.00653455596082726,0.413670565691597,6.40728699476323e-180,"Threshold (peaks)",9
22.6,0.00648846134239461,0.40791050133647,8.16273668064663e-201,"Threshold (peaks)",9
22.8,0.00644496437247961,0.402430507542622,1.56501967570348e-220,"Threshold (peaks)",9
23,0.0064047051355959,0.397197522266772,8.80802595048421e-239,"Threshold (peaks)",9
23.2,0.00636869798094829,0.392194082729363,4.19488332302826e-255,"Threshold (peaks)",9
23.4,0.00633820999690386,0.387411643888165,6.34481442228687e-269,"Threshold (peaks)",9
23.6,0.00631455388022895,0.382839867316127,1.19956933459572e-279,"Threshold (peaks)",9
23.8,0.00629884619225867,0.378470237393311,9.09243099087331e-287,"Threshold (peaks)",9
24,0.00629183712384418,0.37430214976223,6.04570314497616e-290,"Threshold (peaks)",9
24.2,0.00629386460920202,0.370342612376819,5.01778945930417e-289,"Threshold (peaks)",9
24.4,0.00630488280004135,0.366603034189815,4.95557079360642e-284,"Threshold (peaks)",9
24.6,0.00632450186805316,0.363097020048072,3.87686024228371e-275,"Threshold (peaks)",9
24.8,0.00635202770833642,0.359839217718062,1.16421137603287e-262,"Threshold (peaks)",9
25,0.006386513318618,0.356844157151262,4.99424216142705e-247,"Threshold (peaks)",9
25.2,0.00642682135667023,0.354124816607116,9.3375413775738e-229,"Threshold (peaks)",9
25.4,0.00647168952358563,0.35169122600788,2.03758869740539e-208,"Threshold (peaks)",9
25.6,0.00651979605573686,0.349549407531542,1.30605617064821e-186,"Threshold (peaks)",9
25.8,0.00656982648454278,0.34770076508449,6.23613793500631e-164,"Threshold (peaks)",9
26,0.00662053892906282,0.346141905595431,6.06777517405143e-141,"Threshold (peaks)",9
26.2,0.00667081988633422,0.344864824852657,3.76312543689505e-118,"Threshold (peaks)",9
26.4,0.00671972162871935,0.343857377889669,5.53178608129473e-96,"Threshold (peaks)",9
26.6,0.00676647620391238,0.34310394945975,8.64697660558997e-75,"Threshold (peaks)",9
26.8,0.00681048710898262,0.342586235864837,7.71167508817606e-55,"Threshold (peaks)",9
27,0.00685130531729767,0.342284049328401,2.45568966596695e-36,"Threshold (peaks)",9
27.2,0.00688859951907974,0.342176066012202,1.975853664425e-19,"Threshold (peaks)",9
27.4,0.00692205170515399,0.342240381929474,0.000288146181284832,"Threshold (peaks)",9
27.6,0.00692494803635282,0.342428700200711,0.00588964134315165,"Threshold (peaks)",9
27.8,0.0069253272282653,0.342742947259862,0.00872443996502573,"Threshold (peaks)",9
28,0.00692556683709815,0.343150704149411,0.0111757765322955,"Threshold (peaks)",9
28.2,0.00692572709281446,0.34362058505169,0.0131837612618223,"Threshold (peaks)",9
28.4,0.00692583556430404,0.344131005269911,0.0147408990444078,"Threshold (peaks)",9
28.6,0.00692590686279579,0.344668619151584,0.0158616911503902,"Threshold (peaks)",9
28.8,0.00692594959238082,0.345224760791894,0.0165731428694465,"Threshold (peaks)",9
29,0.00692596913619191,0.345792704117786,0.0169089187784759,"Threshold (peaks)",9
29.2,0.00692596894597428,0.346366153912547,0.016905618708215,"Threshold (peaks)",9
29.4,0.00692595126215913,0.346938679948108,0.0166015728257352,"Threshold (peaks)",9
29.6,0.00692591761528826,0.34750371361566,0.0160378404266631,"Threshold (peaks)",9
29.8,0.00692586923504937,0.348054797241649,0.0152601252285684,"Threshold (peaks)",9
30,0.00692580737995023,0.3485858878151,0.0143196875169617,"Threshold (peaks)",9
30.2,0.0069257335446592,0.349091620017756,0.0132716611781458,"Threshold (peaks)",9
30.4,0.00692564950193197,0.349567502146983,0.0121706222870036,"Threshold (peaks)",9
30.6,0.00692555717908014,0.3500100471113,0.0110649226733033,"Threshold (peaks)",9
30.8,0.00692545842280822,0.350416841922278,0.00999200787094899,"Threshold (peaks)",9
31,0.00692535473965861,0.350786552879726,0.00897631729498865,"Threshold (peaks)",9
31.2,0.0069252470973886,0.351118863609897,0.00803004712052318,"Threshold (peaks)",9
31.4,0.00692513583936472,0.351414351391587,0.0071559450478599,"Threshold (peaks)",9
31.6,0.00692502071746136,0.351674318243789,0.0063508796308877,"Threshold (peaks)",9
31.8,0.00692490101085529,0.351900600683787,0.00560911796962043,"Threshold (peaks)",9
32,0.00692477568233643,0.352095382912314,0.00492472017201393,"Threshold (peaks)",9
32.2,0.00692464353012302,0.352261033195357,0.00429291408154139,"Threshold (peaks)",9
32.4,0.00692450331154871,0.352399975138668,0.00371060373466301,"Threshold (peaks)",9
32.6,0.0069243538342262,0.35251459727299,0.003176280752913,"Threshold (peaks)",9
32.8,0.00692419402427574,0.352607197846249,0.00268960499171601,"Threshold (peaks)",9
33,0.00692402298942533,0.352679957763541,0.00225086201051383,"Threshold (peaks)",9
33.2,0.00692384009972067,0.352734933136955,0.00186043410169068,"Threshold (peaks)",9
33.4,0.00692364511276676,0.352774059314694,0.00151836048198652,"Threshold (peaks)",9
33.6,0.00692343837408971,0.352799159809585,0.00122401740574201,"Threshold (peaks)",9
33.8,0.00692322112173727,0.352811955568359,0.000975920119102597,"Threshold (peaks)",9
34,0.00692299590508105,0.352814072011761,0.000771634499101969,"Threshold (peaks)",9
34.2,0.00692276707024009,0.352807042909553,0.000607786817332932,"Threshold (peaks)",9
34.4,0.00692254115355495,0.352792311267781,0.000480173258736877,"Threshold (peaks)",9
34.6,0.00692232689119131,0.352771227972886,0.000383984722590318,"Threshold (peaks)",9
34.8,0.00692213451794944,0.352745049075497,0.000314152757612504,"Threshold (peaks)",9
35,0.00692197424924667,0.352714932517486,0.000265773439097084,"Threshold (peaks)",9
35.2,0.00692185430178925,0.352681934963343,0.000234505261899023,"Threshold (peaks)",9
35.4,0.00692177918712434,0.352647009192567,0.000216825598259285,"Threshold (peaks)",9
35.6,0.00692174894865764,0.352611002255425,0.000210090437314585,"Threshold (peaks)",9
35.8,0.00692175954037584,0.352574654477413,0.000212425442020676,"Threshold (peaks)",9
36,0.00692180404798076,0.352538599566689,0.000222524371880926,"Threshold (peaks)",9
36.2,0.00692187422752874,0.352503366364658,0.000239432363890902,"Threshold (peaks)",9
36.4,0.00692196188879194,0.352469382848185,0.000262367490878954,"Threshold (peaks)",9
36.6,0.00692205984372917,0.352436982701618,0.000290603635467906,"Threshold (peaks)",9
36.8,0.00692216235543613,0.352406414267271,0.000323411661778589,"Threshold (peaks)",9
37,0.0069222651837455,0.3523778511949,0.000360041170519734,"Threshold (peaks)",9
37.2,0.00692236539180605,0.352351403820977,0.000399723388127809,"Threshold (peaks)",9
37.4,0.00692246106329977,0.352327130284004,0.000441681821237489,"Threshold (peaks)",9
37.6,0.00692255102621707,0.352305046587222,0.000485144508172208,"Threshold (peaks)",9
37.8,0.00692263462663969,0.352285135149463,0.000529356497958371,"Threshold (peaks)",9
38,0.00692271156180865,0.352267351718757,0.000573593188019744,"Threshold (peaks)",9
38.2,0.00692278176518401,0.352251630778717,0.000617175193046489,"Threshold (peaks)",9
38.4,0.00692284533080457,0.35223788972523,0.000659484472882306,"Threshold (peaks)",9
38.6,0.00692290246443453,0.352226032141571,0.000699980325644158,"Threshold (peaks)",9
38.8,0.00692295345138302,0.352215950481825,0.000738213128550779,"Threshold (peaks)",9
39,0.00692299863380608,0.3522075284147,0.000773833666593728,"Threshold (peaks)",9
39.2,0.00692303839297511,0.352200643005116,0.000806596511181689,"Threshold (peaks)",9
39.4,0.00692307313410757,0.352195166835076,0.000836356950727443,"Threshold (peaks)",9
39.6,0.00692310327282269,0.352190970098319,0.000863062086801635,"Threshold (peaks)",9
39.8,0.00692312922315387,0.352187922651426,0.000886737584030046,"Threshold (peaks)",9
40,0.00692315138743407,0.352185895970533,0.00090747201849279,"Threshold (peaks)",9
40.2,0.00692317014841363,0.352184764948053,0.000925400780251297,"Threshold (peaks)",9
40.4,0.00692318586381349,0.352184409465651,0.000940691144742681,"Threshold (peaks)",9
40.6,0.00692319886328051,0.352184715694045,0.000953529590614356,"Threshold (peaks)",9
40.8,0.00692320944748401,0.352185577091851,0.000964111866069276,"Threshold (peaks)",9
41,0.0069232178889266,0.352186895099403,0.00097263581100745,"Threshold (peaks)",9
41.2,0.00692322443395813,0.352188579544985,0.000979296593534647,"Threshold (peaks)",9
41.4,0.00692322930547803,0.352190548797142,0.000984283831973794,"Threshold (peaks)",9
41.6,0.00692323270586992,0.352192729706587,0.000987780026083277,"Threshold (peaks)",9
41.8,0.0069232348198109,0.352195057384516,0.000989959775882649,"Threshold (peaks)",9
42,0.00692323581671314,0.352197474862204,0.00099098937930528,"Threshold (peaks)",9
42.2,0.00692323585266861,0.352199932671054,0.000991026534199193,"Threshold (peaks)",9
42.4,0.0069232350718653,0.352202388374596,0.000990219997387289,"Threshold (peaks)",9
42.6,0.00692323360751823,0.352204806075852,0.000988709156471739,"Threshold (peaks)",9
42.8,0.0069232315824077,0.352207155916105,0.000986623541395159,"Threshold (peaks)",9
43,0.00692322910914122,0.352209413575114,0.00098408234151574,"Threshold (peaks)",9
43.2,0.00692322629025893,0.352211559778548,0.000981194005090444,"Threshold (peaks)",9
43.4,0.00692322321828927,0.352213579815762,0.000978055988499247,"Threshold (peaks)",9
43.6,0.00692321997583834,0.352215463069731,0.00097475470080442,"Threshold (peaks)",9
43.8,0.00692321663576831,0.352217202560652,0.000971365662202819,"Threshold (peaks)",9
44,0.00692321326149268,0.352218794504957,0.000967953869448846,"Threshold (peaks)",9
20.2,0.00775121135646681,0.490972080366462,0,"Threshold (troughs)",9
20.4,0.00707951432309613,0.485094370608956,1.45195172502758e-68,"Threshold (troughs)",9
20.6,0.00693570910477063,0.478978104199918,0.00223022798819323,"Threshold (troughs)",9
20.8,0.00338068488436905,0.468601607649698,1,"Threshold (troughs)",9
21,0.00315218947243472,0.460399782446872,1,"Threshold (troughs)",9
21.2,0.00315931894810936,0.450757119503754,1,"Threshold (troughs)",9
21.4,0.00316059968445814,0.439663390178747,1,"Threshold (troughs)",9
21.6,0.00315136824822628,0.427706686367326,1,"Threshold (troughs)",9
21.8,0.00313519549824584,0.415501663439284,1,"Threshold (troughs)",9
22,0.00311438166243572,0.403451066939037,1,"Threshold (troughs)",9
22.2,0.00309061032284959,0.391796121371207,1,"Threshold (troughs)",9
22.4,0.00306489370028511,0.38070967994026,1,"Threshold (troughs)",9
22.6,0.00303765905228176,0.370221504165252,1,"Threshold (troughs)",9
22.8,0.00300904146852854,0.360373536841219,1,"Threshold (troughs)",9
23,0.00297941938271696,0.351131282897992,1,"Threshold (troughs)",9
23.2,0.00295006940459114,0.342465021145989,1,"Threshold (troughs)",9
23.4,0.00292330864403342,0.334323933045541,1,"Threshold (troughs)",9
23.6,0.00290214062724976,0.32664849988579,1,"Threshold (troughs)",9
23.8,0.00288979743005474,0.319390064462741,1,"Threshold (troughs)",9
24,0.00288919431023389,0.312501135350843,1,"Threshold (troughs)",9
24.2,0.00290243132791229,0.305963196943981,1,"Threshold (troughs)",9
24.4,0.00293088165008783,0.299774326432712,1,"Threshold (troughs)",9
24.6,0.00297520243482545,0.293962360748832,1,"Threshold (troughs)",9
24.8,0.00303536974721465,0.288574208186361,1,"Threshold (troughs)",9
25,0.00311074826847874,0.283671787891048,1,"Threshold (troughs)",9
25.2,0.00319990425445378,0.279324707915255,1,"Threshold (troughs)",9
25.4,0.0033004220532752,0.275600126728205,1,"Threshold (troughs)",9
25.6,0.00340880733087868,0.272555522124194,1,"Threshold (troughs)",9
25.8,0.00352048641371055,0.270231220159957,1,"Threshold (troughs)",9
26,0.00363002094235975,0.268644189566026,1,"Threshold (troughs)",9
26.2,0.00373158501704529,0.267784137256668,1,"Threshold (troughs)",9
26.4,0.00381965623597452,0.267612117854251,1,"Threshold (troughs)",9
26.6,0.00388979866197971,0.268061887708938,1,"Threshold (troughs)",9
26.8,0.00393934531671121,0.269043901211085,1,"Threshold (troughs)",9
27,0.00396776790640616,0.270451469683556,1,"Threshold (troughs)",9
27.2,0.00397659613011296,0.27216837747849,1,"Threshold (troughs)",9
27.4,0.00396890653485681,0.274077108087409,1,"Threshold (troughs)",9
27.6,0.00394856636335514,0.276066708072798,1,"Threshold (troughs)",9
27.8,0.00391949310560999,0.278039281061717,1,"Threshold (troughs)",9
28,0.00388513330244656,0.279914307334281,1,"Threshold (troughs)",9
28.2,0.00384822693759982,0.281630460156678,1,"Threshold (troughs)",9
28.4,0.003810801869035,0.28314516689251,1,"Threshold (troughs)",9
28.6,0.00377429274825755,0.284432588423146,1,"Threshold (troughs)",9
28.8,0.00373969281646021,0.285480819943888,1,"Threshold (troughs)",9
29,0.0037076862999201,0.286288983111122,1,"Threshold (troughs)",9
29.2,0.00367874366939532,0.286864621846652,1,"Threshold (troughs)",9
29.4,0.00365318178535623,0.28722156453688,1,"Threshold (troughs)",9
29.6,0.00363119845595679,0.287378243568218,1,"Threshold (troughs)",9
29.8,0.00361289159182974,0.287356378962584,1,"Threshold (troughs)",9
30,0.00359827090130422,0.287179914772878,1,"Threshold (troughs)",9
30.2,0.00358726707861021,0.286874116348098,1,"Threshold (troughs)",9
30.4,0.00357974076931119,0.286464770104421,1,"Threshold (troughs)",9
30.6,0.00357549175084988,0.285977459711022,1,"Threshold (troughs)",9
30.8,0.00357426786520507,0.285436915705061,1,"Threshold (troughs)",9
31,0.00357577313846467,0.284866447249925,1,"Threshold (troughs)",9
31.2,0.00357967491485371,0.284287466612372,1,"Threshold (troughs)",9
31.4,0.00358561037859294,0.283719112543519,1,"Threshold (troughs)",9
31.6,0.00359319325168097,0.283177972140455,1,"Threshold (troughs)",9
31.8,0.00360202156808244,0.282677895237013,1,"Threshold (troughs)",9
32,0.00361168719259812,0.282229892780438,1,"Threshold (troughs)",9
32.2,0.00362178724844167,0.281842111220893,1,"Threshold (troughs)",9
32.4,0.00363193699373653,0.281519877556957,1,"Threshold (troughs)",9
32.6,0.00364178312754839,0.281265812532446,1,"Threshold (troughs)",9
32.8,0.00365101617164462,0.281080010842542,1,"Threshold (troughs)",9
33,0.00365938055593181,0.280960286083978,1,"Threshold (troughs)",9
33.2,0.00366668132893319,0.28090247461456,1,"Threshold (troughs)",9
33.4,0.00367278692566517,0.280900787451628,1,"Threshold (troughs)",9
33.6,0.00367762800671136,0.28094819433905,1,"Threshold (troughs)",9
33.8,0.0036811928865671,0.281036820614136,1,"Threshold (troughs)",9
34,0.00368352039551277,0.281158336458729,1,"Threshold (troughs)",9
34.2,0.00368469113644456,0.28130431971296,1,"Threshold (troughs)",9
34.4,0.00368481803895633,0.281466577148534,1,"Threshold (troughs)",9
34.6,0.00368403694614934,0.281637413992942,1,"Threshold (troughs)",9
34.8,0.0036824977668954,0.281809846548241,1,"Threshold (troughs)",9
35,0.00368035653909501,0.281977757165436,1,"Threshold (troughs)",9
35.2,0.00367776860145612,0.282135994196553,1,"Threshold (troughs)",9
35.4,0.0036748829636207,0.282280421786647,1,"Threshold (troughs)",9
35.6,0.00367183788710372,0.282407925661214,1,"Threshold (troughs)",9
35.8,0.00366875763156416,0.282516381676296,1,"Threshold (troughs)",9
36,0.00366575027597872,0.282604594071758,1,"Threshold (troughs)",9
36.2,0.00366290649095176,0.282672210266703,1,"Threshold (troughs)",9
36.4,0.0036602991179939,0.282719618743501,1,"Threshold (troughs)",9
36.6,0.003657983405277,0.282747836116067,1,"Threshold (troughs)",9
36.8,0.00365599775623161,0.282758388885993,1,"Threshold (troughs)",9
37,0.00365436486411757,0.282753194683251,1,"Threshold (troughs)",9
37.2,0.00365309312756973,0.282734447009826,1,"Threshold (troughs)",9
37.4,0.00365217826415646,0.28270450670899,1,"Threshold (troughs)",9
37.6,0.00365160505735591,0.282665802622692,1,"Threshold (troughs)",9
37.8,0.00365134918505599,0.282620743213532,1,"Threshold (troughs)",9
38,0.00365137908463186,0.28257164033509,1,"Threshold (troughs)",9
38.2,0.00365165781222816,0.282520645834294,1,"Threshold (troughs)",9
38.4,0.00365214485419628,0.282469701247779,1,"Threshold (troughs)",9
38.6,0.0036527978488463,0.282420500491249,1,"Threshold (troughs)",9
38.8,0.00365357417837485,0.282374465119225,1,"Threshold (troughs)",9
39,0.00365443239484034,0.282332731442488,1,"Threshold (troughs)",9
39.2,0.00365533345041611,0.282296148530441,1,"Threshold (troughs)",9
39.4,0.0036562417103336,0.282265285901487,1,"Threshold (troughs)",9
39.6,0.00365712573611923,0.282240449525403,1,"Threshold (troughs)",9
39.8,0.00365795883609241,0.282221704636656,1,"Threshold (troughs)",9
40,0.00365871938893615,0.282208903792358,1,"Threshold (troughs)",9
40.2,0.00365939095399429,0.282201718604074,1,"Threshold (troughs)",9
40.4,0.00365996218850247,0.282199673625254,1,"Threshold (troughs)",9
40.6,0.00366042659707637,0.28220218097834,1,"Threshold (troughs)",9
40.8,0.00366078214238963,0.282208574447809,1,"Threshold (troughs)",9
41,0.00366103074805579,0.282218141937363,1,"Threshold (troughs)",9
41.2,0.00366117772530656,0.282230155380766,1,"Threshold (troughs)",9
41.4,0.00366123115421563,0.282243897397053,1,"Threshold (troughs)",9
41.6,0.00366120124811012,0.282258684183413,1,"Threshold (troughs)",9
41.8,0.00366109972667767,0.282273884335307,1,"Threshold (troughs)",9
42,0.00366093921940818,0.282288933466772,1,"Threshold (troughs)",9
42.2,0.00366073271673114,0.282303344668699,1,"Threshold (troughs)",9
42.4,0.00366049308182901,0.282316714985106,1,"Threshold (troughs)",9
42.6,0.00366023263189003,0.282328728204043,1,"Threshold (troughs)",9
42.8,0.00365996279370239,0.282339154349622,1,"Threshold (troughs)",9
43,0.00365969383510728,0.282347846324931,1,"Threshold (troughs)",9
43.2,0.00365943467097359,0.282354734193638,1,"Threshold (troughs)",9
43.4,0.00365919274003479,0.282359817603462,1,"Threshold (troughs)",9
43.6,0.00365897394711116,0.282363156850202,1,"Threshold (troughs)",9
43.8,0.00365878266388457,0.282364863060186,1,"Threshold (troughs)",9
44,0.00365862178045181,0.282365087934855,1,"Threshold (troughs)",9
20.2,0.00678393780314813,0.490023981815908,7.11644714366172e-67,"Threshold (peaks)",15
20.4,0.00689465325601228,0.48454155532086,1.09630942172112e-16,"Threshold (peaks)",15
20.6,0.00692370627114858,0.477915145550108,0.00161828391790378,"Threshold (peaks)",15
20.8,0.00691917873545296,0.470466554353554,1.43683006115228e-05,"Threshold (peaks)",15
21,0.00689157492095899,0.462648806929186,4.41076574031674e-18,"Threshold (peaks)",15
21.2,0.00684708730004136,0.454813169847266,3.00699516973513e-38,"Threshold (peaks)",15
21.4,0.00679534894260952,0.447148501883661,1.05917896862662e-61,"Threshold (peaks)",15
21.6,0.00674087648874852,0.439750689625439,2.14996448340262e-86,"Threshold (peaks)",15
21.8,0.00668636360396686,0.432694562429564,4.18375029961467e-111,"Threshold (peaks)",15
22,0.00663335351024373,0.42600173920491,3.90769117937813e-135,"Threshold (peaks)",15
22.2,0.00658249686545294,0.419638845550906,3.45493611447532e-158,"Threshold (peaks)",15
22.4,0.00653393883920751,0.413584879875281,3.36458084098867e-180,"Threshold (peaks)",15
22.6,0.00648772793201198,0.407834319810137,3.79645719854779e-201,"Threshold (peaks)",15
22.8,0.00644413955760481,0.402361691183297,6.61650391015354e-221,"Threshold (peaks)",15
23,0.00640383330899818,0.397134226526236,3.54549430602084e-239,"Threshold (peaks)",15
23.2,0.00636783850318126,0.392134921985296,1.71047155825753e-255,"Threshold (peaks)",15
23.4,0.00633742747401854,0.387355488537255,2.80348857194866e-269,"Threshold (peaks)",15
23.6,0.0063139067623664,0.382785826216427,6.10498712312272e-280,"Threshold (peaks)",15
23.8,0.00629837748872781,0.378417770396214,5.57461911445133e-287,"Threshold (peaks)",15
24,0.00629157012464749,0.374251084389717,4.575254179495e-290,"Threshold (peaks)",15
24.2,0.00629380349209979,0.370293068158078,4.70768999382674e-289,"Threshold (peaks)",15
24.4,0.00630501594316296,0.366555333679795,5.69439892668906e-284,"Threshold (peaks)",15
24.6,0.00632480603885796,0.363051609987082,5.32551664976596e-275,"Threshold (peaks)",15
24.8,0.00635247232950111,0.359796594333291,1.85174013130139e-262,"Threshold (peaks)",15
25,0.00638706443218873,0.356804796106761,8.87750950646653e-247,"Threshold (peaks)",15
25.2,0.00642744501162817,0.354089115529573,1.79034749199771e-228,"Threshold (peaks)",15
25.4,0.00647235447994573,0.351659466054623,4.0789029657932e-208,"Threshold (peaks)",15
25.6,0.00652047581355905,0.349521735743861,2.65520621913007e-186,"Threshold (peaks)",15
25.8,0.00657050059724847,0.347677195436377,1.26035580040015e-163,"Threshold (peaks)",15
26,0.00662119347351603,0.34612233448974,1.20153542842424e-140,"Threshold (peaks)",15
26.2,0.0066714469920322,0.344849055968775,7.24131966070895e-118,"Threshold (peaks)",15
26.4,0.00672031813651918,0.343845151254209,1.0310133204058e-95,"Threshold (peaks)",15
26.6,0.00676704174605097,0.343094970073654,1.56036553615437e-74,"Threshold (peaks)",15
26.8,0.00681102206813032,0.34258019807653,1.34786818072445e-54,"Threshold (peaks)",15
27,0.00685180915550512,0.342280654379029,4.15494192804647e-36,"Threshold (peaks)",15
27.2,0.00688906984776992,0.342175031704615,3.22816913356585e-19,"Threshold (peaks)",15
27.4,0.00692234854239379,0.342241309294199,0.000392757686917194,"Threshold (peaks)",15
27.6,0.006924371082815,0.342430631990101,0.00323379633542218,"Threshold (peaks)",15
27.8,0.00692474298894649,0.342746153531463,0.00476028877270894,"Threshold (peaks)",15
28,0.00692497839505979,0.343154422363415,0.00607810511415151,"Threshold (peaks)",15
28.2,0.00692513590410127,0.343624262833568,0.00715642513106134,"Threshold (peaks)",15
28.4,0.00692524247410322,0.344134360426308,0.00799169926090613,"Threshold (peaks)",15
28.6,0.00692531244456335,0.344671549231475,0.00859199629179674,"Threshold (peaks)",15
28.8,0.006925354274327,0.345227246353187,0.00897199767342655,"Threshold (peaks)",15
29,0.0069253732554797,0.345794745339016,0.00914988024281874,"Threshold (peaks)",15
29.2,0.0069253727771328,0.346367739377211,0.00914535476554941,"Threshold (peaks)",15
29.4,0.00692535503605481,0.346939777523242,0.00897906978225095,"Threshold (peaks)",15
29.6,0.00692532153423349,0.347504273368763,0.00867319055653129,"Threshold (peaks)",15
29.8,0.00692527348515967,0.3480547589772,0.00825244005267127,"Threshold (peaks)",15
30,0.00692521213989955,0.348585189019887,0.00774455954406165,"Threshold (peaks)",15
30.2,0.00692513898981033,0.349090202631063,0.00717934572994789,"Threshold (peaks)",15
30.4,0.00692505580394472,0.349565318012846,0.00658621384088087,"Threshold (peaks)",15
30.6,0.00692496450258971,0.350007062280728,0.00599112950643806,"Threshold (peaks)",15
30.8,0.00692486692179732,0.35041303970652,0.00541410974960051,"Threshold (peaks)",15
31,0.00692476455634633,0.350781935316286,0.00486813716062136,"Threshold (peaks)",15
31.2,0.00692465836579663,0.351113451082863,0.00435961523128074,"Threshold (peaks)",15
31.4,0.00692454869445921,0.351408180485272,0.00388990174003146,"Threshold (peaks)",15
31.6,0.00692443530946996,0.351667438280318,0.00345723934996149,"Threshold (peaks)",15
31.8,0.00692431752364782,0.35189306961769,0.00305851409762033,"Threshold (peaks)",15
32,0.00692419435491703,0.35208726326922,0.00269053087226364,"Threshold (peaks)",15
32.2,0.00692406468111545,0.352252388591802,0.00235073878168639,"Threshold (peaks)",15
32.4,0.00692392736760556,0.352390867693214,0.002037492683716,"Threshold (peaks)",15
32.6,0.00692378136413987,0.352505085995634,0.00174999703668883,"Threshold (peaks)",15
32.8,0.00692362578092566,0.352597337923469,0.00148807520010962,"Threshold (peaks)",15
33,0.00692345996125597,0.352669800557556,0.00125187513034862,"Threshold (peaks)",15
33.2,0.00692328357160005,0.352724526683613,0.00104158435500594,"Threshold (peaks)",15
33.4,0.006923096731619,0.352763449115495,0.00085719462828437,"Threshold (peaks)",15
33.6,0.0069229002057208,0.352788389746313,0.000698333163787383,"Threshold (peaks)",15
33.8,0.00692269566986538,0.352801068801565,0.000564162498774931,"Threshold (peaks)",15
34,0.00692248604260234,0.352803111740511,0.000453343774191899,"Threshold (peaks)",15
34.2,0.00692227581587788,0.352796052864685,0.000364057514515567,"Threshold (peaks)",15
34.4,0.00692207123880207,0.352781335799118,0.000294079638667954,"Threshold (peaks)",15
34.6,0.00692188013420526,0.352760311605475,0.000240912717025908,"Threshold (peaks)",15
34.8,0.00692171115192067,0.352734235477169,0.000201965148153965,"Threshold (peaks)",15
35,0.00692157246492777,0.352704262922985,0.00017475153316579,"Threshold (peaks)",15
35.2,0.0069214702390551,0.352671446193126,0.000157068595230798,"Threshold (peaks)",15
35.4,0.00692140742453046,0.352636731481917,0.000147102367695762,"Threshold (peaks)",15
35.6,0.00692138332280906,0.352600957208666,0.000143448450842195,"Threshold (peaks)",15
35.8,0.0069213940271485,0.35256485355904,0.00014505993346504,"Threshold (peaks)",15
36,0.00692143347677181,0.35252904352946,0.000151156722461737,"Threshold (peaks)",15
36.2,0.00692149470348563,0.352494045832188,0.000161130368426282,"Threshold (peaks)",15
36.4,0.00692157090337675,0.352460279985077,0.000174466987485348,"Threshold (peaks)",15
36.6,0.00692165613681216,0.352428073647899,0.000190696535123462,"Threshold (peaks)",15
36.8,0.00692174563772422,0.352397671873168,0.00020936580104939,"Threshold (peaks)",15
37,0.00692183582746393,0.352369247585612,0.000230027662437715,"Threshold (peaks)",15
37.2,0.00692192416215852,0.352342912426997,0.00025223933790651,"Threshold (peaks)",15
37.4,0.00692200892027715,0.352318727145197,0.00027556484504481,"Threshold (peaks)",15
37.6,0.00692208899574553,0.352296710919868,0.000299579330810098,"Threshold (peaks)",15
37.8,0.00692216372601299,0.352276849304285,0.000323874504621922,"Threshold (peaks)",15
38,0.00692223276179863,0.352259100730686,0.000348065032746301,"Threshold (peaks)",15
38.2,0.00692229597406031,0.352243401719757,0.000371795737645238,"Threshold (peaks)",15
38.4,0.00692235338979351,0.352229671039913,0.00039474911978328,"Threshold (peaks)",15
38.6,0.00692240514809729,0.352217813091811,0.000416652372467365,"Threshold (peaks)",15
38.8,0.00692245146940316,0.352207720771488,0.000437282897517726,"Threshold (peaks)",15
39,0.00692249263270197,0.352199278014135,0.00045647143999433,"Threshold (peaks)",15
39.2,0.00692252895745187,0.352192362157449,0.000474102314348473,"Threshold (peaks)",15
39.4,0.00692256078834205,0.3521868462009,0.000490110677682905,"Threshold (peaks)",15
39.6,0.00692258848213695,0.352182600983241,0.000504477275444056,"Threshold (peaks)",15
39.8,0.00692261239644812,0.352179497260043,0.000517221422425274,"Threshold (peaks)",15
40,0.00692263288055356,0.352177407638247,0.000528393127864818,"Threshold (peaks)",15
40.2,0.00692265026841048,0.352176208315463,0.000538065230668664,"Threshold (peaks)",15
40.4,0.0069226648738926,0.352175780575914,0.000546326229058021,"Threshold (peaks)",15
40.6,0.00692267698811609,0.352176012008568,0.000553274237935599,"Threshold (peaks)",15
40.8,0.0069226868785642,0.352176797431845,0.0005590122527994,"Threshold (peaks)",15
41,0.00692269478961516,0.352178039529014,0.000563644688712984,"Threshold (peaks)",15
41.2,0.006922700944035,0.352179649215564,0.000567275019847655,"Threshold (peaks)",15
41.4,0.00692270554501197,0.352181545772382,0.00057000427297334,"Threshold (peaks)",15
41.6,0.00692270877836876,0.352183656785541,0.000571930115693515,"Threshold (peaks)",15
41.8,0.00692271081467359,0.352185917935281,0.000573146309718738,"Threshold (peaks)",15
42,0.00692271181106632,0.352188272674255,0.000573742352100422,"Threshold (peaks)",15
42.2,0.00692271191270536,0.35219067182976,0.000573803187405784,"Threshold (peaks)",15
42.4,0.00692271125381727,0.35219307315794,0.000573408929269365,"Threshold (peaks)",15
42.6,0.00692270995838789,0.352195440870985,0.00057263457386966,"Threshold (peaks)",15
42.8,0.0069227081405699,0.352197745152114,0.000571549717592257,"Threshold (peaks)",15
43,0.00692270590489835,0.352199961668121,0.000570218306527175,"Threshold (peaks)",15
43.2,0.0069227033464063,0.352202071085684,0.000568698448927798,"Threshold (peaks)",15
43.4,0.00692270055072076,0.352204058595354,0.000567042316657521,"Threshold (peaks)",15
43.6,0.00692269759420017,0.352205913446007,0.000565296151350062,"Threshold (peaks)",15
43.8,0.00692269454415244,0.35220762849215,0.000563500379181859,"Threshold (peaks)",15
44,0.00692269145915104,0.352209199756495,0.000561689827109388,"Threshold (peaks)",15
20.2,0.00775121135646681,0.490972080366462,0,"Threshold (troughs)",15
20.4,0.00707951432309613,0.485094370608956,1.45195172502758e-68,"Threshold (troughs)",15
20.6,0.00693544644042378,0.478977841525129,0.00293163869660672,"Threshold (troughs)",15
20.8,0.00218160308432465,0.46740867893878,1,"Threshold (troughs)",15
21,0.00211937060759122,0.459075958646636,1,"Threshold (troughs)",15
21.2,0.00213599790559733,0.448632842905305,1,"Threshold (troughs)",15
21.4,0.00213928050491834,0.436323564402023,1,"Threshold (troughs)",15
21.6,0.00213450622905105,0.422887862192757,1,"Threshold (troughs)",15
21.8,0.00212423541926086,0.409049692073509,1,"Threshold (troughs)",15
22,0.00211017436424825,0.395268281662942,1,"Threshold (troughs)",15
22.2,0.00209363759565727,0.381855703587167,1,"Threshold (troughs)",15
22.4,0.00207533954638501,0.368991165856594,1,"Threshold (troughs)",15
22.6,0.00205550465037684,0.35675039554566,1,"Threshold (troughs)",15
22.8,0.00203416770606003,0.345180658987636,1,"Threshold (troughs)",15
23,0.00201182938610299,0.334271686216447,1,"Threshold (troughs)",15
23.2,0.00199003902922374,0.324003988083255,1,"Threshold (troughs)",15
23.4,0.00197144334931397,0.314333812697064,1,"Threshold (troughs)",15
23.6,0.00195943994108687,0.30520655646406,1,"Threshold (troughs)",15
23.8,0.00195770103956755,0.296573075645932,1,"Threshold (troughs)",15
24,0.00196948989728224,0.288391972489355,1,"Threshold (troughs)",15
24.2,0.00199763598917896,0.280654176085626,1,"Threshold (troughs)",15
24.4,0.00204443251583888,0.273381354932644,1,"Threshold (troughs)",15
24.6,0.00211180800118844,0.266635471584262,1,"Threshold (troughs)",15
24.8,0.00220108466894453,0.260511550450461,1,"Threshold (troughs)",15
25,0.00231243107691005,0.255131952190873,1,"Threshold (troughs)",15
25.2,0.00244388269483924,0.250633782082028,1,"Threshold (troughs)",15
25.4,0.00259011084245978,0.247153326609196,1,"Threshold (troughs)",15
25.6,0.00274156189083582,0.244805241947644,1,"Threshold (troughs)",15
25.8,0.00288474983558405,0.2436581520099,1,"Threshold (troughs)",15
26,0.00300451432488895,0.243709911130769,1,"Threshold (troughs)",15
26.2,0.0030880265156484,0.244870488260694,1,"Threshold (troughs)",15
26.4,0.00312885180059453,0.246960729881072,1,"Threshold (troughs)",15
26.6,0.00312877610107281,0.249731087729221,1,"Threshold (troughs)",15
26.8,0.00309629645053769,0.252896420129339,1,"Threshold (troughs)",15
27,0.00304284893905912,0.256176420548539,1,"Threshold (troughs)",15
27.2,0.00297908018837994,0.259329882113489,1,"Threshold (troughs)",15
27.4,0.00291283263723044,0.262174818190703,1,"Threshold (troughs)",15
27.6,0.00284895403283323,0.26459288526493,1,"Threshold (troughs)",15
27.8,0.00279006476883909,0.26652213613893,1,"Threshold (troughs)",15
28,0.0027374487044866,0.267944357433505,1,"Threshold (troughs)",15
28.2,0.00269169466155788,0.268872168411919,1,"Threshold (troughs)",15
28.4,0.00265305848017121,0.269338587804464,1,"Threshold (troughs)",15
28.6,0.00262163254340429,0.26938966600768,1,"Threshold (troughs)",15
28.8,0.00259740772499187,0.269079657267692,1,"Threshold (troughs)",15
29,0.00258028348399624,0.268467886021969,1,"Threshold (troughs)",15
29.2,0.00257005792455355,0.267616555565382,1,"Threshold (troughs)",15
29.4,0.00256641408167183,0.266588975165708,1,"Threshold (troughs)",15
29.6,0.00256890877514038,0.265447908173944,1,"Threshold (troughs)",15
29.8,0.0025769648459824,0.264253920777072,1,"Threshold (troughs)",15
30,0.00258986611924565,0.263063728955204,1,"Threshold (troughs)",15
30.2,0.00260675609015704,0.261928604106298,1,"Threshold (troughs)",15
30.4,0.00262664427559609,0.260892916789194,1,"Threshold (troughs)",15
30.6,0.00264842628747795,0.259992891125711,1,"Threshold (troughs)",15
30.8,0.00267092331303677,0.259255630638788,1,"Threshold (troughs)",15
31,0.00269294316638569,0.258698473429935,1,"Threshold (troughs)",15
31.2,0.00271335901282495,0.258328740492423,1,"Threshold (troughs)",15
31.4,0.00273119514146153,0.258143944309148,1,"Threshold (troughs)",15
31.6,0.00274570444935482,0.258132510768786,1,"Threshold (troughs)",15
31.8,0.00275642199117229,0.258275025803255,1,"Threshold (troughs)",15
32,0.00276318382059537,0.258545951003231,1,"Threshold (troughs)",15
32.2,0.00276610885918279,0.258915675903186,1,"Threshold (troughs)",15
32.4,0.00276555039743948,0.259352713198376,1,"Threshold (troughs)",15
32.6,0.00276202974141864,0.259825818731814,1,"Threshold (troughs)",15
32.8,0.00275616580317445,0.260305839389703,1,"Threshold (troughs)",15
33,0.0027486116693061,0.260767150934467,1,"Threshold (troughs)",15
33.2,0.00274000441640339,0.261188624131605,1,"Threshold (troughs)",15
33.4,0.00273092984033345,0.261554128963348,1,"Threshold (troughs)",15
33.6,0.00272190062781228,0.261852637665031,1,"Threshold (troughs)",15
33.8,0.00271334506856606,0.262078012660988,1,"Threshold (troughs)",15
34,0.00270560325402296,0.26222856895681,1,"Threshold (troughs)",15
34.2,0.0026989282221051,0.262306490274553,1,"Threshold (troughs)",15
34.4,0.00269349020838296,0.26231716236091,1,"Threshold (troughs)",15
34.6,0.00268938279361897,0.262268471201232,1,"Threshold (troughs)",15
34.8,0.00268663021237732,0.262170101147585,1,"Threshold (troughs)",15
35,0.00268519541364686,0.262032858784572,1,"Threshold (troughs)",15
35.2,0.00268498867560584,0.261868042076835,1,"Threshold (troughs)",15
35.4,0.0026858766999772,0.261686869983121,1,"Threshold (troughs)",15
35.6,0.00268769216051148,0.261499984435303,1,"Threshold (troughs)",15
35.8,0.00269024366120607,0.261317033806301,1,"Threshold (troughs)",15
36,0.00269332598186817,0.261146344411562,1,"Threshold (troughs)",15
36.2,0.0026967303706286,0.260994684019944,1,"Threshold (troughs)",15
36.4,0.0027002545154742,0.260867118655826,1,"Threshold (troughs)",15
36.6,0.00270371172639212,0.260766961048219,1,"Threshold (troughs)",15
36.8,0.00270693881956393,0.26069580588287,1,"Threshold (troughs)",15
37,0.00270980223519517,0.260653643618413,1,"Threshold (troughs)",15
37.2,0.00271220204130664,0.260639041265358,1,"Threshold (troughs)",15
37.4,0.00271407365738164,0.260649375551734,1,"Threshold (troughs)",15
37.6,0.00271538734020792,0.26068110171453,1,"Threshold (troughs)",15
37.8,0.0027161456713134,0.260730040107114,1,"Threshold (troughs)",15
38,0.00271637943873265,0.260791663089786,1,"Threshold (troughs)",15
38.2,0.00271614239622755,0.260861366255158,1,"Threshold (troughs)",15
38.4,0.00271550540669066,0.260934710711447,1,"Threshold (troughs)",15
38.6,0.00271455044250787,0.26100762653976,1,"Threshold (troughs)",15
38.8,0.00271336484126224,0.261076571233444,1,"Threshold (troughs)",15
39,0.00271203611963502,0.261138640522833,1,"Threshold (troughs)",15
39.2,0.00271064754875983,0.261191632180201,1,"Threshold (troughs)",15
39.4,0.00270927460298526,0.261234065995986,1,"Threshold (troughs)",15
39.6,0.00270798231812784,0.261265165039804,1,"Threshold (troughs)",15
39.8,0.00270682353744647,0.261284804579251,1,"Threshold (troughs)",15
40,0.00270583798307127,0.26129343569538,1,"Threshold (troughs)",15
40.2,0.00270505206486733,0.261291990805068,1,"Threshold (troughs)",15
40.4,0.00270447932428337,0.261281778083549,1,"Threshold (troughs)",15
40.6,0.00270412140419673,0.261264371274804,1,"Threshold (troughs)",15
40.8,0.00270396943422122,0.261241500669311,1,"Threshold (troughs)",15
41,0.00270400572230248,0.261214950187946,1,"Threshold (troughs)",15
41.2,0.00270420564648607,0.261186464592764,1,"Threshold (troughs)",15
41.4,0.0027045396451029,0.261157669892878,1,"Threshold (troughs)",15
41.6,0.00270497520945609,0.261130009060368,1,"Threshold (troughs)",15
41.8,0.00270547879089457,0.26110469424492,1,"Threshold (troughs)",15
42,0.00270601754440855,0.261082675801541,1,"Threshold (troughs)",15
42.2,0.00270656084382304,0.261064627646325,1,"Threshold (troughs)",15
42.4,0.00270708151913977,0.261050947753411,1,"Threshold (troughs)",15
42.6,0.00270755678398344,0.26104177202259,1,"Threshold (troughs)",15
42.8,0.00270796883946198,0.261036999299043,1,"Threshold (troughs)",15
43,0.00270830515884161,0.261036325026486,1,"Threshold (troughs)",15
43.2,0.00270855847401188,0.261039280867488,1,"Threshold (troughs)",15
43.4,0.0027087264986654,0.261045277626198,1,"Threshold (troughs)",15
43.6,0.00270881143362574,0.261053648946965,1,"Threshold (troughs)",15
43.8,0.00270881930638552,0.261063693517219,1,"Threshold (troughs)",15
44,0.00270875919961788,0.261074713848558,1,"Threshold (troughs)",15
20.2,0.0067738806642137,0.490012623006952,1.96485220880746e-71,"Threshold (peaks)",20
20.4,0.00689481964071846,0.484518821226524,1.30423505067732e-16,"Threshold (peaks)",20
20.6,0.00692345152931515,0.477867072585516,0.00124091933093116,"Threshold (peaks)",20
20.8,0.0069192300509931,0.470401554927443,1.5158860671407e-05,"Threshold (peaks)",20
21,0.00689203092143548,0.462576097626491,7.09938079352875e-18,"Threshold (peaks)",20
21.2,0.00684745336255249,0.454739244460046,4.40625919850322e-38,"Threshold (peaks)",20
21.4,0.00679553211027851,0.447077632792542,1.28233011197001e-61,"Threshold (peaks)",20
21.6,0.00674090514185709,0.439685421756728,2.21523513829608e-86,"Threshold (peaks)",20
21.8,0.00668628280981111,0.432636166861988,3.84539986312252e-111,"Threshold (peaks)",20
22,0.0066331942284769,0.4259501640533,3.30915643914115e-135,"Threshold (peaks)",20
22.2,0.00658227341755096,0.419593356830213,2.73621595209887e-158,"Threshold (peaks)",20
22.4,0.00653365617935212,0.413544739803405,2.50495742266073e-180,"Threshold (peaks)",20
22.6,0.00648739078650279,0.407798675415593,2.67023428138922e-201,"Threshold (peaks)",20
22.8,0.00644375927155118,0.402329538325614,4.44880823073623e-221,"Threshold (peaks)",20
23,0.0064034301549019,0.397104697132747,2.32769325019883e-239,"Threshold (peaks)",20
23.2,0.00636743982578941,0.392107360419686,1.12822083747486e-255,"Threshold (peaks)",20
23.4,0.00633706330941652,0.387329357778033,1.91699865375694e-269,"Threshold (peaks)",20
23.6,0.00631360454245878,0.382760701250811,4.45335686975755e-280,"Threshold (peaks)",20
23.8,0.00629815763691499,0.378393391089167,4.43155014220542e-287,"Threshold (peaks)",20
24,0.00629144394520538,0.37422736310948,4.01067693632256e-290,"Threshold (peaks)",20
24.2,0.00629377334303399,0.370270054722167,4.56185196613305e-289,"Threshold (peaks)",20
24.4,0.00630507670554846,0.366533174273753,6.06724696438344e-284,"Threshold (peaks)",20
24.6,0.00632494703957565,0.363030510568859,6.1698957272967e-275,"Threshold (peaks)",20
24.8,0.00635267933687055,0.359776785627793,2.29835517700732e-262,"Threshold (peaks)",20
25,0.00638732153267855,0.356786500540424,1.1610090973297e-246,"Threshold (peaks)",20
25.2,0.00642773622647241,0.35407251993292,2.42630813995937e-228,"Threshold (peaks)",20
25.4,0.00647266506395148,0.35164470324668,5.64068827813601e-208,"Threshold (peaks)",20
25.6,0.0065207932355486,0.349508875884592,3.69816822397857e-186,"Threshold (peaks)",20
25.8,0.00657081518020871,0.347666246221856,1.75022800810979e-163,"Threshold (peaks)",20
26,0.00662149863272661,0.346113248230239,1.65221374164019e-140,"Threshold (peaks)",20
26.2,0.00667173902414635,0.344841741166913,9.82192952145224e-118,"Threshold (peaks)",20
26.4,0.00672059559207331,0.343839486263518,1.37732290197675e-95,"Threshold (peaks)",20
26.6,0.00676730452262291,0.343090816620617,2.05278663939108e-74,"Threshold (peaks)",20
26.8,0.0068112704404345,0.34257741282465,1.74676862712799e-54,"Threshold (peaks)",20
27,0.00685204297541855,0.342279097294015,5.30342308824751e-36,"Threshold (peaks)",20
27.2,0.00688928809180197,0.342174570701021,4.05403039449026e-19,"Threshold (peaks)",20
27.4,0.00692242098205628,0.342241693135604,0.000423592661984429,"Threshold (peaks)",20
27.6,0.00692406773337355,0.342431508878043,0.00235822214305749,"Threshold (peaks)",20
27.8,0.00692443628957963,0.342747600561634,0.00346076569796154,"Threshold (peaks)",20
28,0.00692466982350092,0.343156066456668,0.00441183434208248,"Threshold (peaks)",20
28.2,0.00692482614120739,0.343625837893084,0.00518966206523645,"Threshold (peaks)",20
28.4,0.00692493190135739,0.344135734450249,0.00579185288380971,"Threshold (peaks)",20
28.6,0.00692500131096478,0.34467267859128,0.00622432362024757,"Threshold (peaks)",20
28.8,0.00692504275932033,0.345228127769735,0.00649772520057015,"Threshold (peaks)",20
29,0.00692506149625269,0.345795384548769,0.00662520199227307,"Threshold (peaks)",20
29.2,0.00692506088302956,0.346368135735178,0.00662099086728955,"Threshold (peaks)",20
29.4,0.0069250430982436,0.346939919520692,0.00650000928365205,"Threshold (peaks)",20
29.6,0.00692500963350622,0.347504140091237,0.00627828773703774,"Threshold (peaks)",20
29.8,0.00692496169845362,0.348054323845842,0.00597372447816721,"Threshold (peaks)",20
30,0.00692490054502511,0.348584423748636,0.00560640665806041,"Threshold (peaks)",20
30.2,0.0069248276676797,0.349089080625653,0.00519789425189761,"Threshold (peaks)",20
30.4,0.00692474483816605,0.349563817139551,0.00476944189270908,"Threshold (peaks)",20
30.6,0.00692465397716434,0.35000516707685,0.0043397771948699,"Threshold (peaks)",20
30.8,0.00692455691834692,0.350410742969402,0.00392330419242772,"Threshold (peaks)",20
31,0.00692445515250787,0.350779238892536,0.00352933545903492,"Threshold (peaks)",20
31.2,0.00692434963608996,0.351110365725544,0.0031624370229098,"Threshold (peaks)",20
31.4,0.00692424071420946,0.351404724819691,0.00282354600475713,"Threshold (peaks)",20
31.6,0.00692412816160224,0.3516636371063,0.00251136796523095,"Threshold (peaks)",20
31.8,0.00692401130772715,0.351888951887019,0.00222364455285113,"Threshold (peaks)",20
32,0.0069238891978384,0.352082860082886,0.00195806967770961,"Threshold (peaks)",20
32.2,0.00692376074924232,0.352247731485771,0.00171280804077525,"Threshold (peaks)",20
32.4,0.0069236248806573,0.352385987367497,0.0014866796315503,"Threshold (peaks)",20
32.6,0.00692348061150595,0.352500011529633,0.00127911617489608,"Threshold (peaks)",20
32.8,0.00692332714117649,0.352592096435587,0.00108999280404822,"Threshold (peaks)",20
33,0.00692316392526615,0.352664417217516,0.000919414800652961,"Threshold (peaks)",20
33.2,0.00692299076861457,0.352719024968419,0.000767511782772661,"Threshold (peaks)",20
33.4,0.00692280795526841,0.352757851204986,0.000634268411412135,"Threshold (peaks)",20
33.6,0.00692261643272845,0.35278271697031,0.000519403910222431,"Threshold (peaks)",20
33.8,0.00692241805754502,0.352795342067236,0.000422302155806279,"Threshold (peaks)",20
34,0.0069222158833102,0.352797351878608,0.000341988862170019,"Threshold (peaks)",20
34.2,0.00692201442222872,0.352790280835296,0.000277151462753478,"Threshold (peaks)",20
34.4,0.00692181974263683,0.352775572697995,0.000226198867169193,"Threshold (peaks)",20
34.6,0.00692163921510733,0.35275457842369,0.000187358581215238,"Threshold (peaks)",20
34.8,0.00692148076279622,0.352728552598256,0.000158803127682497,"Threshold (peaks)",20
35,0.00692135166068821,0.352698649386187,0.000138785900217539,"Threshold (peaks)",20
35.2,0.00692125719823265,0.352665918793275,0.000125756624560579,"Threshold (peaks)",20
35.4,0.00692119967811597,0.35263130381326,0.000118429528719508,"Threshold (peaks)",20
35.6,0.00692117811810021,0.352595638799222,0.000115794497191322,"Threshold (peaks)",20
35.8,0.00692118871181822,0.352559649271185,0.000117081837166576,"Threshold (peaks)",20
36,0.00692122580231898,0.352523953385338,0.000121702854423321,"Threshold (peaks)",20
36.2,0.00692128299395963,0.35248906534176,0.000129188146472364,"Threshold (peaks)",20
36.4,0.00692135408671297,0.3524554009364,0.000139137731623529,"Threshold (peaks)",20
36.6,0.00692143367395193,0.352423285212161,0.000151187830607042,"Threshold (peaks)",20
36.8,0.00692151739990875,0.352392961817936,0.000164992454735423,"Threshold (peaks)",20
37,0.00692160196594965,0.35236460339129,0.000180215246098758,"Threshold (peaks)",20
37.2,0.00692168499728548,0.352338322154149,0.000196527266937099,"Threshold (peaks)",20
37.4,0.00692176485968706,0.352314179979862,0.000213607883951402,"Threshold (peaks)",20
37.6,0.0069218404804666,0.35229219740204,0.000231147287183151,"Threshold (peaks)",20
37.8,0.00692191119831633,0.352272361300794,0.000248850053730294,"Threshold (peaks)",20
38,0.00692197664796029,0.352254631240656,0.000266439513148763,"Threshold (peaks)",20
38.2,0.00692203667625834,0.352238944602366,0.000283662658953781,"Threshold (peaks)",20
38.4,0.00692209128298784,0.352225220739214,0.000300295171822168,"Threshold (peaks)",20
38.6,0.00692214057924832,0.352213364410668,0.00031614594560061,"Threshold (peaks)",20
38.8,0.00692218475755957,0.352203268722882,0.000331060454854282,"Threshold (peaks)",20
39,0.00692222406929744,0.352194817757181,0.00034492241809027,"Threshold (peaks)",20
39.2,0.0069222588066402,0.352187889009437,0.000357653467549213,"Threshold (peaks)",20
39.4,0.00692228928744416,0.352182355706276,0.000369210858433172,"Threshold (peaks)",20
39.6,0.00692231584234662,0.352178089015524,0.000379583548156651,"Threshold (peaks)",20
39.8,0.00692233880391535,0.352174960132591,0.000388787179343008,"Threshold (peaks)",20
40,0.00692235849788939,0.35217284220333,0.000396858576298817,"Threshold (peaks)",20
40.2,0.0069223752365756,0.352171612037017,0.000403850321082086,"Threshold (peaks)",20
40.4,0.0069223893143671,0.352171151568088,0.000409825846273543,"Threshold (peaks)",20
40.6,0.00692240100521194,0.352171349038579,0.000414855313223046,"Threshold (peaks)",20
40.8,0.00692241056173475,0.352172099890797,0.000419012378337342,"Threshold (peaks)",20
41,0.00692241821563295,0.352173307377705,0.000422371815067266,"Threshold (peaks)",20
41.2,0.00692242417894162,0.35217488291384,0.000425007869520305,"Threshold (peaks)",20
41.4,0.0069224286457826,0.352176746200535,0.000426993183831956,"Threshold (peaks)",20
41.6,0.0069224317942719,0.352178825165065,0.000428398116013009,"Threshold (peaks)",20
41.8,0.00692243378833902,0.352181055754391,0.00042929030603594,"Threshold (peaks)",20
42,0.00692243477929714,0.352183381621545,0.000429734373356295,"Threshold (peaks)",20
42.2,0.00692243490708416,0.352185753737484,0.000429791670580087,"Threshold (peaks)",20
42.4,0.00692243430116096,0.352188129954888,0.000429520054081069,"Threshold (peaks)",20
42.6,0.00692243308110362,0.35219047454395,0.000428973660827427,"Threshold (peaks)",20
42.8,0.0069224313569566,0.352192757714415,0.000428202699352372,"Threshold (peaks)",20
43,0.00692242922942825,0.352194955133555,0.000427253272465252,"Threshold (peaks)",20
43.2,0.006922426790009,0.352197047446447,0.000426167250969052,"Threshold (peaks)",20
43.4,0.00692242412108178,0.352199019802833,0.000424982213988188,"Threshold (peaks)",20
43.6,0.00692242129607663,0.352200861393739,0.000423731464651582,"Threshold (peaks)",20
43.8,0.00692241837970214,0.352202565000608,0.000422444122031302,"Threshold (peaks)",20
44,0.00692241542826714,0.352204126559649,0.000421145283208272,"Threshold (peaks)",20
20.2,0.00775121135646681,0.490972080366462,0,"Threshold (troughs)",20
20.4,0.00707951432309613,0.485094370608956,1.45195172502758e-68,"Threshold (troughs)",20
20.6,0.00693517491238842,0.47897756998718,0.00388846334526955,"Threshold (troughs)",20
20.8,0.00166505807454752,0.466893394847806,1,"Threshold (troughs)",20
21,0.00166274697425102,0.458450519281238,1,"Threshold (troughs)",20
21.2,0.00167730089739849,0.447603522958397,1,"Threshold (troughs)",20
21.4,0.00168053510316205,0.434722916486269,1,"Threshold (troughs)",20
21.6,0.0016772416111277,0.420606785167427,1,"Threshold (troughs)",20
21.8,0.00166935826966068,0.406018758647211,1,"Threshold (troughs)",20
22,0.00165830595760269,0.391437099162468,1,"Threshold (troughs)",20
22.2,0.00164517281896929,0.377201318759973,1,"Threshold (troughs)",20
22.4,0.0016305165630218,0.363485575557136,1,"Threshold (troughs)",20
22.6,0.00161447467223596,0.350394015331523,1,"Threshold (troughs)",20
22.8,0.00159708456074721,0.337961882466676,1,"Threshold (troughs)",20
23,0.00157889987178047,0.326208180575884,1,"Threshold (troughs)",20
23.2,0.00156154312694711,0.31510359226604,1,"Threshold (troughs)",20
23.4,0.0015476597374596,0.304623541961284,1,"Threshold (troughs)",20
23.6,0.00154072425521878,0.294712103987786,1,"Threshold (troughs)",20
23.8,0.00154442969387821,0.285326365304574,1,"Threshold (troughs)",20
24,0.00156233841782876,0.276435174050204,1,"Threshold (troughs)",20
24.2,0.0015978010611812,0.26803945978685,1,"Threshold (troughs)",20
24.4,0.00165407801313896,0.26018487363218,1,"Threshold (troughs)",20
24.6,0.00173434192617623,0.252964469462795,1,"Threshold (troughs)",20
24.8,0.00184116432519481,0.246519043902241,1,"Threshold (troughs)",20
25,0.00197518288732972,0.241030232010671,1,"Threshold (troughs)",20
25.2,0.00213279315692707,0.236705638814982,1,"Threshold (troughs)",20
25.4,0.00230346612701092,0.233753264867434,1,"Threshold (troughs)",20
25.6,0.0024684974674728,0.232339162738601,1,"Threshold (troughs)",20
25.8,0.00260397447783041,0.232531302147997,1,"Threshold (troughs)",20
26,0.00268882026269757,0.234245515058821,1,"Threshold (troughs)",20
26.2,0.00271395354325613,0.237223298721333,1,"Threshold (troughs)",20
26.4,0.00268580378384729,0.241064013398574,1,"Threshold (troughs)",20
26.6,0.00262149233725188,0.24530373764825,1,"Threshold (troughs)",20
26.8,0.0025399676306986,0.249505917979764,1,"Threshold (troughs)",20
27,0.00245550330220016,0.253327885033541,1,"Threshold (troughs)",20
27.2,0.00237614151796185,0.256546825476351,1,"Threshold (troughs)",20
27.4,0.00230532903296917,0.259050773271798,1,"Threshold (troughs)",20
27.6,0.00224409365749625,0.260811729602402,1,"Threshold (troughs)",20
27.8,0.00219250304478739,0.261856809425045,1,"Threshold (troughs)",20
28,0.0021503654298957,0.262245744663226,1,"Threshold (troughs)",20
28.2,0.00211748321340075,0.262056333175689,1,"Threshold (troughs)",20
28.4,0.0020936987021726,0.261376137145797,1,"Threshold (troughs)",20
28.6,0.00207885541723757,0.260298061635053,1,"Threshold (troughs)",20
28.8,0.0020727326045457,0.258917880246753,1,"Threshold (troughs)",20
29,0.00207497904745431,0.25733242187719,1,"Threshold (troughs)",20
29.2,0.00208505498089992,0.255637682854799,1,"Threshold (troughs)",20
29.4,0.00210218191316103,0.253926539041479,1,"Threshold (troughs)",20
29.6,0.00212529974952752,0.252286011756813,1,"Threshold (troughs)",20
29.8,0.00215303762736852,0.250794207809591,1,"Threshold (troughs)",20
30,0.002183714550886,0.249517144477134,1,"Threshold (troughs)",20
30.2,0.00221539158866455,0.248505720367006,1,"Threshold (troughs)",20
30.4,0.00224599287260315,0.247793133843072,1,"Threshold (troughs)",20
30.6,0.00227349486211803,0.247393102182023,1,"Threshold (troughs)",20
30.8,0.00229615598486554,0.247299270828719,1,"Threshold (troughs)",20
31,0.00231273369523324,0.247486157759888,1,"Threshold (troughs)",20
31.2,0.0023226284858526,0.247911800039364,1,"Threshold (troughs)",20
31.4,0.00232591298736103,0.248521964817978,1,"Threshold (troughs)",20
31.6,0.00232324260319961,0.249255439426492,1,"Threshold (troughs)",20
31.8,0.00231568296349251,0.250049656752187,1,"Threshold (troughs)",20
32,0.00230450956137138,0.250845852456199,1,"Threshold (troughs)",20
32.2,0.00229102978500111,0.251593112734427,1,"Threshold (troughs)",20
32.4,0.00227645568685475,0.252250979954109,1,"Threshold (troughs)",20
32.6,0.0022618319036881,0.252790612755009,1,"Threshold (troughs)",20
32.8,0.00224800755532171,0.253194739681596,1,"Threshold (troughs)",20
33,0.00223563590762995,0.253456755770884,1,"Threshold (troughs)",20
33.2,0.0022251877282043,0.253579306059454,1,"Threshold (troughs)",20
33.4,0.00221696911449514,0.253572627179154,1,"Threshold (troughs)",20
33.6,0.00221113914616245,0.253452827041157,1,"Threshold (troughs)",20
33.8,0.00220772586796818,0.25324020495945,1,"Threshold (troughs)",20
34,0.00220664085803867,0.252957662963406,1,"Threshold (troughs)",20
34.2,0.00220769340038199,0.252629232557065,1,"Threshold (troughs)",20
34.4,0.00221060547028029,0.252278732674121,1,"Threshold (troughs)",20
34.6,0.00221502860955777,0.251928575945149,1,"Threshold (troughs)",20
34.8,0.00222056341831018,0.251598745122164,1,"Threshold (troughs)",20
35,0.00222678184356971,0.251305965319237,1,"Threshold (troughs)",20
35.2,0.00223325173121504,0.251063098232547,1,"Threshold (troughs)",20
35.4,0.00223956231933785,0.250878780545109,1,"Threshold (troughs)",20
35.6,0.00224534866407993,0.250757319916075,1,"Threshold (troughs)",20
35.8,0.00225031261585365,0.250698848569773,1,"Threshold (troughs)",20
36,0.0022542380734406,0.250699717613209,1,"Threshold (troughs)",20
36.2,0.00225699887571721,0.250753096871916,1,"Threshold (troughs)",20
36.4,0.00225855871838223,0.250849728129103,1,"Threshold (troughs)",20
36.6,0.00225896364520638,0.250978767336128,1,"Threshold (troughs)",20
36.8,0.00225832866050538,0.251128646185592,1,"Threshold (troughs)",20
37,0.00225682061396382,0.251287886533072,1,"Threshold (troughs)",20
37.2,0.00225463963677968,0.251445811840088,1,"Threshold (troughs)",20
37.4,0.00225200112449419,0.251593115823426,1,"Threshold (troughs)",20
37.6,0.00224911972776944,0.251722266715847,1,"Threshold (troughs)",20
37.8,0.002246196209033,0.251827742913996,1,"Threshold (troughs)",20
38,0.00224340749125141,0.251906110054383,1,"Threshold (troughs)",20
38.2,0.00224089983904643,0.251955959600321,1,"Threshold (troughs)",20
38.4,0.00223878488380168,0.25197773479412,1,"Threshold (troughs)",20
38.6,0.00223713810520984,0.251973472014704,1,"Threshold (troughs)",20
38.8,0.00223599936793474,0.251946485186601,1,"Threshold (troughs)",20
39,0.00223537514139783,0.251901018898847,1,"Threshold (troughs)",20
39.2,0.00223524207122894,0.251841893081892,1,"Threshold (troughs)",20
39.4,0.0022355516032648,0.251774158948211,1,"Threshold (troughs)",20
39.6,0.00223623537687756,0.251702782672811,1,"Threshold (troughs)",20
39.8,0.00223721110414144,0.251632370047703,1,"Threshold (troughs)",20
40,0.0022383886410531,0.251566942077732,1,"Threshold (troughs)",20
40.2,0.00223967594626425,0.251509768164624,1,"Threshold (troughs)",20
40.4,0.00224098462206932,0.251463260152283,1,"Threshold (troughs)",20
40.6,0.00224223475071949,0.251428927134869,1,"Threshold (troughs)",20
40.8,0.00224335878178853,0.25140738767676,1,"Threshold (troughs)",20
41,0.00224430429336123,0.251398433126198,1,"Threshold (troughs)",20
41.2,0.00224503553579977,0.251401133213594,1,"Threshold (troughs)",20
41.4,0.00224553376188338,0.251413973293992,1,"Threshold (troughs)",20
41.6,0.00224579643912762,0.251435011560297,1,"Threshold (troughs)",20
41.8,0.00224583551751944,0.251462044385671,1,"Threshold (troughs)",20
42,0.0022456749801798,0.251492768627078,1,"Threshold (troughs)",20
42.2,0.00224534793146947,0.251524931126166,1,"Threshold (troughs)",20
42.4,0.0022448934773632,0.251556457597328,1,"Threshold (troughs)",20
42.6,0.00224435363091589,0.251585555374179,1,"Threshold (troughs)",20
42.8,0.00224377043796246,0.251610786866359,1,"Threshold (troughs)",20
43,0.00224318347203212,0.251631112854122,1,"Threshold (troughs)",20
43.2,0.00224262779921618,0.251645906758703,1,"Threshold (troughs)",20
43.4,0.00224213246820967,0.251654942667205,1,"Threshold (troughs)",20
43.6,0.00224171954091295,0.251658361110127,1,"Threshold (troughs)",20
43.8,0.00224140364616141,0.251656617381588,1,"Threshold (troughs)",20
44,0.00224119201349106,0.25165041758356,1,"Threshold (troughs)",20
20.2,0.00676694439536248,0.490004013120703,1.4096035022835e-74,"Threshold (peaks)",30
20.4,0.00689560204831572,0.484496885385826,2.9513705608965e-16,"Threshold (peaks)",30
20.6,0.00692308029825755,0.477820836744847,0.000842629144904501,"Threshold (peaks)",30
20.8,0.00691915087418678,0.470340095809333,1.39564827518252e-05,"Threshold (peaks)",30
21,0.00689241168183469,0.462508018674157,1.05638051398922e-17,"Threshold (peaks)",30
21.2,0.00684777863601195,0.454670337458946,6.18753321842207e-38,"Threshold (peaks)",30
21.4,0.00679569496896148,0.447011700341474,1.51993215897323e-61,"Threshold (peaks)",30
21.6,0.00674092697922283,0.439624746343436,2.26630720536009e-86,"Threshold (peaks)",30
21.8,0.00668620417762951,0.43258189055548,3.54239744829399e-111,"Threshold (peaks)",30
22,0.00663304309002175,0.425902216455237,2.82621861289174e-135,"Threshold (peaks)",30
22.2,0.00658206253835146,0.419551049139246,2.19562492822968e-158,"Threshold (peaks)",30
22.4,0.00653339001949128,0.413507386470087,1.89735776850666e-180,"Threshold (peaks)",30
22.6,0.00648707395913865,0.407765483280123,1.91836175134459e-201,"Threshold (peaks)",30
22.8,0.00644340272668766,0.40229957531394,3.06634315532073e-221,"Threshold (peaks)",30
23,0.00640305312264062,0.397077159546968,1.57041998642733e-239,"Threshold (peaks)",30
23.2,0.00636706795420247,0.39208164187165,7.65285585720797e-256,"Threshold (peaks)",30
23.4,0.00633672454369196,0.387304961952606,1.34604078224402e-269,"Threshold (peaks)",30
23.6,0.00631332423022344,0.382737236507077,3.32369423113597e-280,"Threshold (peaks)",30
23.8,0.00629795450972757,0.37837061947934,3.58490343713751e-287,"Threshold (peaks)",30
24,0.00629132824059277,0.374205206891469,3.55441725505407e-290,"Threshold (peaks)",30
24.2,0.0062937470245316,0.370248563328812,4.4382414652174e-289,"Threshold (peaks)",30
24.4,0.00630513485365879,0.366512485868149,6.44689204635919e-284,"Threshold (peaks)",30
24.6,0.00632507963916609,0.363010817924975,7.08574704099542e-275,"Threshold (peaks)",30
24.8,0.00635287312033389,0.359758303639661,2.8135835028886e-262,"Threshold (peaks)",30
25,0.0063875617094509,0.356769435653458,1.49179285950441e-246,"Threshold (peaks)",30
25.2,0.0064280079720701,0.354057044998753,3.22202648740877e-228,"Threshold (peaks)",30
25.4,0.00647295471605189,0.351630940642257,7.63189393601426e-208,"Threshold (peaks)",30
25.6,0.00652108919585189,0.349496889681115,5.03670386945008e-186,"Threshold (peaks)",30
25.8,0.00657110850060434,0.347656042521505,2.37715612317522e-163,"Threshold (peaks)",30
26,0.00662178322822605,0.346104781840715,2.22369020301057e-140,"Threshold (peaks)",30
26.2,0.006672011469946,0.34483492640082,1.30526101946197e-117,"Threshold (peaks)",30
26.4,0.00672085453661889,0.343834209621969,1.80474630806604e-95,"Threshold (peaks)",30
26.6,0.00676754984551921,0.343086949312793,2.65185313459753e-74,"Threshold (peaks)",30
26.8,0.00681150235636067,0.342574821445228,2.22517215346969e-54,"Threshold (peaks)",30
27,0.00685226129932883,0.342277651521317,6.66075107897594e-36,"Threshold (peaks)",30
27.2,0.0068894918281147,0.342174147548514,5.01465805824001e-19,"Threshold (peaks)",30
27.4,0.00692237786572338,0.342241947619834,0.000404959649250864,"Threshold (peaks)",30
27.6,0.00692365475753044,0.342432200499996,0.00153369931114025,"Threshold (peaks)",30
27.8,0.00692401950857338,0.342748765906206,0.0022427173102168,"Threshold (peaks)",30
28,0.0069242509548262,0.343157285386697,0.00285380171967355,"Threshold (peaks)",30
28.2,0.00692440596893196,0.343626817254258,0.00335331672248668,"Threshold (peaks)",30
28.4,0.00692451085804868,0.344136339061074,0.00373983710891142,"Threshold (peaks)",30
28.6,0.00692457967369244,0.344672877167752,0.00401722449200632,"Threshold (peaks)",30
28.8,0.00692462072415734,0.345227936274599,0.00419235487333807,"Threshold (peaks)",30
29,0.00692463921097134,0.345794829013658,0.00427368685946419,"Threshold (peaks)",30
29.2,0.00692463846458346,0.346367233707,0.00427037292413067,"Threshold (peaks)",30
29.4,0.00692462064460479,0.346938674331191,0.00419200823695054,"Threshold (peaks)",30
29.6,0.00692458723326843,0.347502542188192,0.00404891874668324,"Threshold (peaks)",30
29.8,0.00692453943888488,0.34805235494104,0.00385264764929868,"Threshold (peaks)",30
30,0.0069244785178906,0.348582061375014,0.00361615221676703,"Threshold (peaks)",30
30.2,0.00692440597190119,0.349086302189221,0.0033533270802242,"Threshold (peaks)",30
30.4,0.00692432357908781,0.349560603354583,0.00307784691360946,"Threshold (peaks)",30
30.6,0.00692423326332127,0.350001504827357,0.00280173371547102,"Threshold (peaks)",30
30.8,0.00692413685755469,0.350406627475931,0.00253420829868781,"Threshold (peaks)",30
31,0.0069240358494106,0.350774674932964,0.00228120930448542,"Threshold (peaks)",30
31.2,0.00692393119289205,0.351105367724544,0.00204562740141324,"Threshold (peaks)",30
31.4,0.00692382323538437,0.351399315839014,0.00182803173937962,"Threshold (peaks)",30
31.6,0.00692371176236927,0.351657847000991,0.00162757071302718,"Threshold (peaks)",30
31.8,0.00692359612549141,0.351882815032158,0.00144278518272379,"Threshold (peaks)",30
32,0.00692347540579891,0.352076413087446,0.00127219369043475,"Threshold (peaks)",30
32.2,0.00692334857183935,0.352241011222275,0.00111462174401795,"Threshold (peaks)",30
32.4,0.00692321461112254,0.352379029510935,0.000969317066305532,"Threshold (peaks)",30
32.6,0.00692307263219361,0.352492849664893,0.000835919279010434,"Threshold (peaks)",30
32.8,0.00692292194737362,0.35258476168946,0.000714350358480977,"Threshold (peaks)",30
33,0.00692276215259255,0.352656938309809,0.000604676989454003,"Threshold (peaks)",30
33.2,0.00692259322258328,0.35271142855332,0.000506978311552722,"Threshold (peaks)",30
33.4,0.0069224156385202,0.352750162377404,0.000421237677137019,"Threshold (peaks)",30
33.6,0.0069222305602165,0.35277495982899,0.000347266394636521,"Threshold (peaks)",30
33.8,0.0069220400423888,0.35278754024498,0.000284660765977651,"Threshold (peaks)",30
34,0.0069218472680596,0.352789528961971,0.000232790323983586,"Threshold (peaks)",30
34.2,0.00692165672801388,0.352782460600633,0.000190814223641813,"Threshold (peaks)",30
34.4,0.00692147422291856,0.352767779095445,0.000157722979790554,"Threshold (peaks)",30
34.6,0.00692130654025286,0.352746835258909,0.000132402102467029,"Threshold (peaks)",30
34.8,0.00692116071760212,0.352720882901233,0.000113710645467005,"Threshold (peaks)",30
35,0.00692104297313372,0.352691074509191,0.000100561765795213,"Threshold (peaks)",30
35.2,0.00692095759304034,0.352658457330313,9.1988501482272e-05,"Threshold (peaks)",30
35.4,0.00692090616279519,0.352623970477587,8.71810583838135e-05,"Threshold (peaks)",30
35.6,0.00692088741439894,0.352588443437311,8.5491741248884e-05,"Threshold (peaks)",30
35.8,0.0069208976996115,0.352552596214969,8.64143926155942e-05,"Threshold (peaks)",30
36,0.00692093186083701,0.352517041314849,8.95509325006548e-05,"Threshold (peaks)",30
36.2,0.00692098418208694,0.352482287733161,9.45769533966366e-05,"Threshold (peaks)",30
36.4,0.00692104916574981,0.352448747035453,0.000101213802271725,"Threshold (peaks)",30
36.6,0.00692112201832561,0.35241674135279,0.000109209538942013,"Threshold (peaks)",30
36.8,0.00692119885448822,0.352386512842116,0.000118327773335233,"Threshold (peaks)",30
37,0.00692127669825421,0.352358233934751,0.000128342108890296,"Threshold (peaks)",30
37.2,0.00692135337256864,0.352332017629164,0.000139034071158338,"Threshold (peaks)",30
37.4,0.00692142734850392,0.352307927180587,0.000150193079364489,"Threshold (peaks)",30
37.6,0.00692149759694323,0.3522859847463,0.000161617655374616,"Threshold (peaks)",30
37.8,0.0069215634624853,0.352266178783329,0.00017311745879056,"Threshold (peaks)",30
38,0.00692162456477037,0.352248470200482,0.000184515892856722,"Threshold (peaks)",30
38.2,0.00692168072500978,0.352232797406674,0.000195653020987229,"Threshold (peaks)",30
38.4,0.00692173191264273,0.352219080468086,0.00020638846116531,"Threshold (peaks)",30
38.6,0.00692177820667117,0.352207224600766,0.000216603867671608,"Threshold (peaks)",30
38.8,0.00692181976701263,0.352197123201112,0.000226204621053229,"Threshold (peaks)",30
39,0.0069218568124029,0.352188660571627,0.000235120444429228,"Threshold (peaks)",30
39.2,0.0069218896025669,0.352181714446737,0.000243304827052271,"Threshold (peaks)",30
39.4,0.00692191842335322,0.352176158372929,0.000250733321082491,"Threshold (peaks)",30
39.6,0.00692194357421922,0.352171863955284,0.000257400937847619,"Threshold (peaks)",30
39.8,0.00692196535786115,0.352168702952209,0.000263318970742351,"Threshold (peaks)",30
40,0.00692198407195783,0.352166549183294,0.000268511600454565,"Threshold (peaks)",30
40.2,0.00692200000300728,0.352165280210815,0.000273012601740532,"Threshold (peaks)",30
40.4,0.00692201342215716,0.352164778761379,0.000276862390885229,"Threshold (peaks)",30
40.6,0.00692202458282208,0.352164933867004,0.000280105554719725,"Threshold (peaks)",30
40.8,0.00692203371978773,0.352165641720986,0.000282788908390303,"Threshold (peaks)",30
41,0.00692204104944531,0.352166806259785,0.000284960054755897,"Threshold (peaks)",30
41.2,0.0069220467707887,0.352168339495445,0.000286666370359284,"Threshold (peaks)",30
41.4,0.00692205106683424,0.35217016163213,0.000287954320643744,"Threshold (peaks)",30
41.6,0.00692205410618005,0.352172201004954,0.000288869006110341,"Threshold (peaks)",30
41.8,0.00692205604449395,0.352174393879601,0.000289453854377508,"Threshold (peaks)",30
42,0.00692205702579466,0.352176684148393,0.000289750393850087,"Threshold (peaks)",30
42.2,0.00692205718346075,0.352179022953475,0.000289798067309155,"Threshold (peaks)",30
42.4,0.00692205664095882,0.352181368261888,0.000289634064044289,"Threshold (peaks)",30
42.6,0.00692205551232419,0.352183684411454,0.000289293164787987,"Threshold (peaks)",30
42.8,0.00692205390245251,0.352185941641138,0.000288807603965743,"Threshold (peaks)",30
43,0.0069220519072716,0.352188115615489,0.000288206958685249,"Threshold (peaks)",30
43.2,0.00692204961386073,0.352190186949711,0.000287518074487153,"Threshold (peaks)",30
43.4,0.006922047100575,0.352192140740069,0.000286765035565203,"Threshold (peaks)",30
43.6,0.00692204443721661,0.352193966103243,0.000285969183107317,"Threshold (peaks)",30
43.8,0.0069220416852784,0.352195655727813,0.000285149181025766,"Threshold (peaks)",30
44,0.00692203889826878,0.352197205440888,0.000284321124366445,"Threshold (peaks)",30
20.2,0.00775121135646681,0.490972080366462,0,"Threshold (troughs)",30
20.4,0.00707951432309613,0.485094370608956,1.45195172502758e-68,"Threshold (troughs)",30
20.6,0.00693438023571851,0.478976775286172,0.0088681080044819,"Threshold (troughs)",30
20.8,0.00113532204220227,0.466362201081485,1,"Threshold (troughs)",30
21,0.00115979685499154,0.457727853348937,1,"Threshold (troughs)",30
21.2,0.00117033169776874,0.446411867075258,1,"Threshold (troughs)",30
21.4,0.00117309414086052,0.432892538856244,1,"Threshold (troughs)",30
21.6,0.00117112255948138,0.418025281556742,1,"Threshold (troughs)",30
21.8,0.00116574679757676,0.40260981360593,1,"Threshold (troughs)",30
22,0.00115803511404161,0.387141277503202,1,"Threshold (troughs)",30
22.2,0.00114878342827168,0.371983079250788,1,"Threshold (troughs)",30
22.4,0.00113837266336153,0.35730332166319,1,"Threshold (troughs)",30
22.6,0.00112686683242305,0.343230673569618,1,"Threshold (troughs)",30
22.8,0.00111432851130728,0.329794974322423,1,"Threshold (troughs)",30
23,0.00110133623859429,0.31703184275618,1,"Threshold (troughs)",30
23.2,0.0010894427244293,0.304923598812565,1,"Threshold (troughs)",30
23.4,0.00108111877945112,0.293444688998192,1,"Threshold (troughs)",30
23.6,0.00107964756825665,0.282558299839884,1,"Threshold (troughs)",30
23.8,0.0010886270250843,0.272223736538708,1,"Threshold (troughs)",30
24,0.00111192152082872,0.262425337130067,1,"Threshold (troughs)",30
24.2,0.001153732715751,0.253188021386979,1,"Threshold (troughs)",30
24.4,0.00121891956469017,0.244594153459115,1,"Threshold (troughs)",30
24.6,0.00131284374410692,0.236796427387323,1,"Threshold (troughs)",30
24.8,0.00144008438539495,0.230025500163886,1,"Threshold (troughs)",30
25,0.00160093857128154,0.224589374106596,1,"Threshold (troughs)",30
25.2,0.00178531900536807,0.220854875303477,1,"Threshold (troughs)",30
25.4,0.00196709104114132,0.219187020922269,1,"Threshold (troughs)",30
25.6,0.00210726179528167,0.219823282410968,1,"Threshold (troughs)",30
25.8,0.00217213856884384,0.222705759635359,1,"Threshold (troughs)",30
26,0.00215477765897388,0.227381205543004,1,"Threshold (troughs)",30
26.2,0.00207756249335059,0.233084659102398,1,"Threshold (troughs)",30
26.4,0.00197402080209538,0.238973445367451,1,"Threshold (troughs)",30
26.6,0.00186990105740741,0.244353626488957,1,"Threshold (troughs)",30
26.8,0.00177745171709711,0.248786897936927,1,"Threshold (troughs)",30
27,0.00169965375569345,0.252078329755223,1,"Threshold (troughs)",30
27.2,0.00163574801992709,0.254205424324803,1,"Threshold (troughs)",30
27.4,0.00158428240560889,0.255244471788688,1,"Threshold (troughs)",30
27.6,0.00154413665549472,0.255319081377094,1,"Threshold (troughs)",30
27.8,0.00151468108229686,0.254571883331101,1,"Threshold (troughs)",30
28,0.00149567019703026,0.253151896273494,1,"Threshold (troughs)",30
28.2,0.00148706925810206,0.251210297391608,1,"Threshold (troughs)",30
28.4,0.00148887113325123,0.248899744876484,1,"Threshold (troughs)",30
28.6,0.00150092042343285,0.246374376267864,1,"Threshold (troughs)",30
28.8,0.00152274187892613,0.243788825293626,1,"Threshold (troughs)",30
29,0.00155336220861941,0.241295352739058,1,"Threshold (troughs)",30
29.2,0.00159112851659971,0.239038744640284,1,"Threshold (troughs)",30
29.4,0.00163356598120447,0.23714901694691,1,"Threshold (troughs)",30
29.6,0.00167736787091424,0.235732300880126,1,"Threshold (troughs)",30
29.8,0.00171863203585876,0.234860842719318,1,"Threshold (troughs)",30
30,0.00175339986149786,0.234563837451138,1,"Threshold (troughs)",30
30.2,0.00177840580901234,0.234821590261872,1,"Threshold (troughs)",30
30.4,0.00179178103611634,0.235565673643919,1,"Threshold (troughs)",30
30.6,0.00179340760302586,0.236686659597565,1,"Threshold (troughs)",30
30.8,0.00178476718344738,0.238048713671054,1,"Threshold (troughs)",30
31,0.00176838413666563,0.239507903946931,1,"Threshold (troughs)",30
31.2,0.00174713974469848,0.240929882581517,1,"Threshold (troughs)",30
31.4,0.00172372234296716,0.242203253380721,1,"Threshold (troughs)",30
31.6,0.00170033189432704,0.243246886632083,1,"Threshold (troughs)",30
31.8,0.00167861027999706,0.244011515924212,1,"Threshold (troughs)",30
32,0.00165970150781353,0.244477243982762,1,"Threshold (troughs)",30
32.2,0.00164435325287961,0.244648875248277,1,"Threshold (troughs)",30
32.4,0.0016330081322654,0.244550595690715,1,"Threshold (troughs)",30
32.6,0.00162586634284686,0.24422088961487,1,"Threshold (troughs)",30
32.8,0.00162292039571178,0.243708036585834,1,"Threshold (troughs)",30
33,0.00162397042707653,0.243066189961157,1,"Threshold (troughs)",30
33.2,0.00162863034168532,0.24235189226861,1,"Threshold (troughs)",30
33.4,0.00163633455824454,0.241620873092384,1,"Threshold (troughs)",30
33.6,0.00164635397357419,0.240925042338547,1,"Threshold (troughs)",30
33.8,0.00165782805589333,0.240309690623243,1,"Threshold (troughs)",30
34,0.00166981707284168,0.239811008000578,1,"Threshold (troughs)",30
34.2,0.00168137376611478,0.239454109555394,1,"Threshold (troughs)",30
34.4,0.0016916276149232,0.239251792492816,1,"Threshold (troughs)",30
34.6,0.00169986886466974,0.239204228769004,1,"Threshold (troughs)",30
34.8,0.00170561634303492,0.239299713097925,1,"Threshold (troughs)",30
35,0.00170865488915315,0.239516447681501,1,"Threshold (troughs)",30
35.2,0.00170903510106074,0.239825182059082,1,"Threshold (troughs)",30
35.4,0.00170703762908797,0.240192383618926,1,"Threshold (troughs)",30
35.6,0.00170311257530586,0.240583534737167,1,"Threshold (troughs)",30
35.8,0.00169780860504006,0.240966159332935,1,"Threshold (troughs)",30
36,0.00169170536365304,0.241312267933513,1,"Threshold (troughs)",30
36.2,0.00168535827018591,0.241600043876122,1,"Threshold (troughs)",30
36.4,0.00167925928755708,0.241814732288812,1,"Threshold (troughs)",30
36.6,0.0016738129313939,0.241948803968529,1,"Threshold (troughs)",30
36.8,0.00166932445657222,0.242001531831857,1,"Threshold (troughs)",30
37,0.00166599666561963,0.241978139601785,1,"Threshold (troughs)",30
37.2,0.00166393241682706,0.241888673304971,1,"Threshold (troughs)",30
37.4,0.00166314095658045,0.241746721555623,1,"Threshold (troughs)",30
37.6,0.00166354716864355,0.241568083306494,1,"Threshold (troughs)",30
37.8,0.00166500347977673,0.241369459337192,1,"Threshold (troughs)",30
38,0.0016673044195515,0.241167228721401,1,"Threshold (troughs)",30
38.2,0.00167020373603284,0.240976362723198,1,"Threshold (troughs)",30
38.4,0.00167343360671844,0.240809522947799,1,"Threshold (troughs)",30
38.6,0.00167672498200937,0.240676384579393,1,"Threshold (troughs)",30
38.8,0.00167982761090064,0.240583216258431,1,"Threshold (troughs)",30
39,0.00168252798713502,0.240532733996253,1,"Threshold (troughs)",30
39.2,0.00168466344925729,0.240524227624107,1,"Threshold (troughs)",30
39.4,0.00168613102411073,0.240553936479119,1,"Threshold (troughs)",30
39.6,0.0016868902693057,0.240615629507769,1,"Threshold (troughs)",30
39.8,0.00168696019732661,0.240701327399873,1,"Threshold (troughs)",30
40,0.00168641115355099,0.240802093947499,1,"Threshold (troughs)",30
40.2,0.00168535309296372,0.240908822359592,1,"Threshold (troughs)",30
40.4,0.00168392195417357,0.241012949688792,1,"Threshold (troughs)",30
40.6,0.00168226576401947,0.241107047004432,1,"Threshold (troughs)",30
40.8,0.00168053180423917,0.241185251483359,1,"Threshold (troughs)",30
41,0.00167885575496004,0.241243525913987,1,"Threshold (troughs)",30
41.2,0.00167735331219681,0.241279748462696,1,"Threshold (troughs)",30
41.4,0.00167611443423674,0.241293649184013,1,"Threshold (troughs)",30
41.6,0.00167520013477792,0.241286619018031,1,"Threshold (troughs)",30
41.8,0.00167464160181869,0.241261422149505,1,"Threshold (troughs)",30
42,0.00167444135282914,0.241221844361501,1,"Threshold (troughs)",30
42.2,0.00167457610625305,0.241172309313769,1,"Threshold (troughs)",30
42.4,0.00167500103075529,0.241117492312527,1,"Threshold (troughs)",30
42.6,0.00167565501219231,0.24106195767774,1,"Threshold (troughs)",30
42.8,0.00167646655143062,0.241009841579362,1,"Threshold (troughs)",30
43,0.00167735988081922,0.240964597362525,1,"Threshold (troughs)",30
43.2,0.00167826087565174,0.240928815010926,1,"Threshold (troughs)",30
43.4,0.00167910235216469,0.240904120643718,1,"Threshold (troughs)",30
43.6,0.00167982839429415,0.240891156040512,1,"Threshold (troughs)",30
43.8,0.00168039743900401,0.240889632491592,1,"Threshold (troughs)",30
44,0.00168078396740166,0.240898448205233,1,"Threshold (troughs)",30
