"time","catchable_fraction"
0,0.000391996277071787
1,0.000639867482560086
2,0.000641604784545946
3,0.000477105546417562
4,0.000295701141283947
5,0.000231496251505076
6,0.000293904287738367
7,0.000260011335466689
8,0.00026460996467945
9,0.000277341809275802
10,0.000257911870667491
11,0.000289332889136749
12,0.000340564397585106
13,0.000413490638507507
14,0.000503522904528919
15,0.000407895567994488
16,0.000311325020507192
17,0.000277803004227799
18,0.000287638225234431
19,0.000277856752419065
20,0.000295304140303827
21,0.000346651757011461
22,0.00039418721584611
23,0.00044603132331937
24,0.000384017350052341
25,0.000319596434970334
26,0.000289994296575343
27,0.00029411074140957
28,0.000298557099736354
29,0.000328073590069154
30,0.000382484530071999
31,0.000410461793896559
32,0.000391818140905911
33,0.00033379488116285
34,0.000302175118897723
35,0.000299043682355155
36,0.000308493345099413
37,0.000333376775805856
38,0.000377349188606785
39,0.000398329865190074
40,0.000378797762532448
41,0.000333148524519858
42,0.000307642752650932
43,0.000305625325605036
44,0.000317008428172925
45,0.000343885805839171
46,0.000378468666125647
47,0.000388647888091967
48,0.000363994186623353
49,0.000327818570293179
50,0.000310502238300939
51,0.000312342889430793
52,0.000327021919306418
53,0.00035481370459511
54,0.000379461285098912
55,0.000377726339997397
56,0.000349971517399248
57,0.000322769225113587
58,0.000313607666401122
59,0.00031991790145631
60,0.000338174160780468
61,0.00036394076878439
62,0.000377162794503856
63,0.000365081313644542
64,0.000338248834541611
65,0.000320067131366531
66,0.000318070133032209
67,0.000328784369952155
68,0.000349333513015086
69,0.000369142669384562
70,0.000370769320131925
71,0.000352113202207301
72,0.000330005544780401
73,0.000320256370028091
74,0.000324225717147131
75,0.000338699243963967
76,0.000358482585158531
77,0.000369338045056477
78,0.000361143241749877
79,0.000340930999326449
80,0.000325655540360445
81,0.000323171746834025
82,0.000331963389659876
83,0.000348481560606917
84,0.000363658467234819
85,0.000364766434392282
86,0.000350415067751612
87,0.00033305254983748
88,0.000324963638537902
89,0.00032836419996212
90,0.000340638542658816
91,0.000356228606028762
92,0.000363980667614676
93,0.000356894129712459
94,0.000340970035493096
95,0.000328975975289095
96,0.00032732748361036
97,0.000335211304313388
98,0.00034890702332764
99,0.000360248706831196
100,0.000359942552822891
101,0.000347999941959516
102,0.000334401986522137
103,0.000328430663951415
104,0.00033200544905272
105,0.000342741204188931
106,0.000355030826422392
107,0.00035994855166068
108,0.000353151771678053
109,0.000340299818840915
110,0.000331228307130516
111,0.00033075645361894
112,0.000338132567274747
113,0.000349535615127231
114,0.000357698512216895
115,0.000356011177004302
116,0.000345750297537366
117,0.000335169323444749
118,0.000331195151979361
119,0.00033513465245522
120,0.00034457978071233
121,0.000354097653597683
122,0.000356663866869086
123,0.000350038966851606
124,0.000339614624086476
125,0.000333009065659848
126,0.000333657052240834
127,0.000340603914752829
128,0.000349983380073742
129,0.000355519908874958
130,0.0003527706325781
131,0.00034391907640358
132,0.000335811424616238
133,0.000333543380903918
134,0.000337783958138064
135,0.000346006540816622
136,0.000353146346883772
137,0.000353875476501505
138,0.000347537334321228
139,0.000339150083815218
140,0.000334580919830125
141,0.000336140954373036
142,0.000342594761043691
143,0.000350132749548956
144,0.000353538853353547
145,0.000350107738667376
146,0.000342553121344402
147,0.000336495693158043
148,0.000335605461112362
149,0.000339981915407191
150,0.00034699362068691
151,0.000352104974691262
152,0.0003514837312855
153,0.000345594002284311
154,0.000338960417204006
155,0.000336042928932554
156,0.000338261408678854
157,0.000344116543336732
158,0.000349983524667983
159,0.000351713763438535
160,0.00034795237505845
161,0.000341622126230689
162,0.000337262240246262
163,0.000337430753813229
164,0.000341754321694843
165,0.000347572484527859
166,0.000350990191847501
167,0.000349449784968318
168,0.000344143997925337
169,0.000339025261606522
170,0.000337418131225813
171,0.000340043915641738
172,0.000345206108688665
173,0.00034958760867247
174,0.000350052963662823
175,0.000346249131371226
176,0.000341065702222551
177,0.000338096597501039
178,0.000339032261202888
179,0.000343131186512704
180,0.000347804430218945
181,0.00034985068877627
182,0.000347753023264827
183,0.000343117221515511
184,0.000339295242571878
185,0.000338697510582966
186,0.000341505912504497
187,0.000345916869060502
188,0.000349015770786658
189,0.000348576639733962
190,0.000344945069607494
191,0.000340813820821816
192,0.000338963824895999
193,0.000340410746251839
194,0.00034415020307952
195,0.00034776302345584
196,0.000348739726384494
197,0.000346373222619219
198,0.000342442764354874
199,0.000339713001416015
200,0.000339862171306375
201,0.00034266692034157
202,0.000346311502669566
203,0.000348339620818828
204,0.000347300404005177
205,0.000343986407872837
206,0.000340796846255737
207,0.000339825039893425
208,0.000341566986513046
209,0.00034485637295974
210,0.000347522753988999
211,0.000347702390229599
212,0.000345284851131253
213,0.000342052336528637
214,0.000340223298967322
215,0.000340894344811619
216,0.000343552318062189
217,0.000346455494082603
218,0.000347622151947965
219,0.000346229712810077
220,0.000343319110211161
221,0.000340950691913134
222,0.00034064541034317
223,0.000342507143407618
224,0.000345299353122532
225,0.000347151913443399
226,0.000346770825055563
227,0.000344456871982463
228,0.000341882817305834
229,0.00034077780909405
230,0.000341782382468796
231,0.000344193371748316
232,0.000346411906622976
233,0.000346913552842148
234,0.000345359567805563
235,0.000342890691513044
236,0.000341219368440695
237,0.000341397715640085
238,0.000343244166849558
239,0.000345530036321344
240,0.000346708642668984
241,0.000345963780117401
242,0.000343854632852361
243,0.000341877909927464
244,0.000341337134815372
245,0.000342522367971314
246,0.00034462540084124
247,0.000346237677658158
248,0.000346250282803407
249,0.000344676494264778
250,0.000342652015619297
251,0.000341556021253121
252,0.000342063459544151
253,0.000343797035804077
254,0.000345597366614465
255,0.00034623932923502
256,0.000345288296109683
257,0.000343442188149262
258,0.000341989015916629
259,0.000341871275879804
260,0.000343117819165794
261,0.000344885319872219
262,0.000345981431374608
263,0.000345656049662633
264,0.000344161200305827
265,0.000342558645003982
266,0.000341923050544157
267,0.000342632578675391
268,0.00034418898760722
269,0.00034554589709297
270,0.000345778636366983
271,0.00034474223885933
272,0.000343184344915623
273,0.000342175498405802
274,0.000342359190303769
275,0.000343578381115197
276,0.000345009291333678
277,0.000345682589867766
278,0.000345143751762666
279,0.000343791131986518
280,0.000342571662081016
281,0.000342291656582924
282,0.000343102360678415
283,0.000344445466408303
284,0.000345414241135578
285,0.000345350553341265
286,0.000344316943668801
287,0.000343048200521132
288,0.000342404496197721
289,0.000342787821698391
290,0.000343918096349143
291,0.00034503085919906
292,0.000345371467002888
293,0.000344717761886769
294,0.000343542596433312
295,0.000342658022858129
296,0.000342641022682785
297,0.000343475972643707
298,0.000344592222710593
299,0.000345234356179932
300,0.000344969986499102
301,0.000343999593919643
302,0.000343004159323521
303,0.000342650420897038
304,0.000343150835639499
305,0.000344153631848176
306,0.000344979688241005
307,0.000345070020711731
308,0.000344376171913461
309,0.000343392367179608
310,0.000342790541746291
311,0.0003429572808047
312,0.000343760875385995
313,0.000344653783705034
314,0.00034503149680375
315,0.000344644542530342
316,0.000343775178806627
317,0.000343026500434498
318,0.000342894241034449
319,0.000343447240389579
320,0.000344302692144679
321,0.000344880887861699
322,0.000344792980915228
323,0.000344112791591686
324,0.000343318800952268
325,0.000342947604237107
326,0.000343232369196505
327,0.000343967310374374
328,0.000344652370033442
329,0.000344824644139017
330,0.000344376274417356
331,0.00034362800087027
332,0.000343093590269411
333,0.000343122636251326
334,0.000343680022288703
335,0.000344382736386494
336,0.000344754824265985
337,0.000344549132968256
338,0.000343918812390403
339,0.000343302540165553
340,0.000343112690657412
341,0.000343462869499642
342,0.000344106975579348
343,0.000344607244899876
344,0.000344627230532023
345,0.00034416325576709
346,0.000343542767755905
347,0.000343187829147349
348,0.000343327090061391
349,0.000343854888954934
350,0.000344410037732413
351,0.000344617297624791
352,0.000344342601483784
353,0.000343784119885907
354,0.00034332688524462
355,0.000343273780150239
356,0.000343648892763823
357,0.000344191949961809
358,0.000344534432730347
359,0.000344448010131774
360,0.000344000918898502
361,0.000343505329150743
362,0.000343295408757486
363,0.000343502978192454
364,0.000343979179991607
365,0.000344399071283825
366,0.000344479962456008
367,0.000344174036265405
368,0.000343698278264533
369,0.000343377915403868
370,0.000343422692000634
371,0.000343793066080701
372,0.000344233883326365
373,0.000344446724581685
374,0.000344291963793547
375,0.000343883138587475
376,0.000343503126043003
377,0.000343405944124515
378,0.000343648698568817
379,0.000344060975565446
380,0.000344362186675464
381,0.000344350886093509
382,0.000344041646687676
383,0.000343651229347313
384,0.000343444425813962
385,0.00034355441103685
386,0.000343899653774289
387,0.000344243438318655
388,0.000344353885916995
389,0.000344161162339432
390,0.000343803071648402
391,0.000343525415813178
392,0.00034351203196278
393,0.000343764877658084
394,0.000344108409333035
395,0.000344309507914206
396,0.000344235162678112
397,0.000343942062911539
398,0.000343633754585865
399,0.000343517737748039
400,0.000343666434230027
401,0.000343973830397045
402,0.000344229953012107
403,0.000344262991266564
404,0.000344055542016262
405,0.000343753777731256
406,0.000343563329119485
407,0.000343608777120234
408,0.000343853676380935
409,0.000344129174563183
410,0.000344249000880914
411,0.000344135523012978
412,0.000343871023522045
413,0.000343637747558318
414,0.000343591427904386
415,0.000343758166336198
416,0.000344021108474725
417,0.000344201283596666
418,0.000344178824038635
419,0.000343973568801019
420,0.000343728653295801
421,0.000343609806038572
422,0.000343693319771027
423,0.000343918207836473
424,0.000344130200863338
425,0.000344186653732448
426,0.000344052900898432
427,0.000343823901963182
428,0.000343656340229446
429,0.0003436610139513
430,0.000343830383519996
431,0.000344046912877226
432,0.000344163784675586
433,0.000344104294644704
434,0.000343912784410787
435,0.000343721712057974
436,0.000343659450735807
437,0.00034376438780616
438,0.000343962069541827
439,0.000344117472902341
440,0.000344126723907717
441,0.000343986932964111
442,0.000343796090913587
443,0.000343683920676973
444,0.000343723625287861
445,0.000343884775708798
446,0.000344056286131744
447,0.000344122387263716
448,0.000344040843989376
449,0.000343870237565798
450,0.000343727743593055
451,0.000343708336482486
452,0.000343821891416265
453,0.000343988985291302
454,0.000344095960780424
455,0.000344072015192237
456,0.000343936381386115
457,0.000343783266487799
458,0.000343716074172366
459,0.000343777680885223
460,0.000343923571344472
461,0.000344053704708006
462,0.000344080739809493
463,0.000343988811170195
464,0.00034384281050158
465,0.000343742378682048
466,0.00034375378617173
467,0.000343866570249033
468,0.000344002546336651
469,0.000344069632990144
470,0.000344024157819346
471,0.000343899477623802
472,0.000343781554353862
473,0.000343749473919561
474,0.000343822589779423
475,0.000343949242517864
476,0.000344042984748385
477,0.000344041383949187
478,0.000343947753586544
479,0.000343827454106576
480,0.000343762086261823
481,0.000343794147574762
482,0.000343899697903133
483,0.000344006038302872
484,0.000344041526101721
485,0.000343983873033749
486,0.000343874191080785
487,0.000343787618567862
488,0.000343781742593751
489,0.000343858484326897
490,0.000343964284309399
491,0.000344027256212066
492,0.000344005943220271
493,0.000343916714647722
494,0.000343821346337622
495,0.000343784122965298
496,0.000343828577391471
497,0.000343922844004104
498,0.000344002338799645
499,0.000344013849463594
500,0.000343951210537783
501,0.000343858430069109
502,0.000343798691824001
503,0.000343811301159176
504,0.000343885991742539
505,0.00034397105946932
506,0.000344008986275992
507,0.000343975308974226
508,0.000343894439197424
509,0.000343821988467407
510,0.000343806452475148
511,0.000343856843675372
512,0.000343937690729845
513,0.000343993870674726
514,0.000343988107643643
515,0.000343925752714121
516,0.000343850184244723
517,0.000343812563338661
518,0.000343837217310357
519,0.000343906045743633
520,0.000343971698179945
521,0.000343990035497139
522,0.000343949812902504
523,0.000343879540013406
524,0.00034382725277035
525,0.000343827648403256
526,0.00034387915245695
527,0.000343945898361393
528,0.000343982596865401
529,0.000343965227583802
530,0.000343906783580385
531,0.000343847618287711
532,0.000343827537999364
533,0.000343859062293229
534,0.000343919737310674
535,0.000343968042302498
536,0.000343971733223324
537,0.000343929379799083
538,0.000343870620674668
539,0.000343835393820768
540,0.000343846791228152
541,0.000343896001346855
542,0.000343949013104383
543,0.000343970044453059
544,0.000343945681224973
545,0.000343893423278771
546,0.000343849126410577
547,0.000343842377882166
548,0.000343876781829064
549,0.000343928201591679
550,0.000343961623951756
551,0.00034395496170841
552,0.000343913657442543
553,0.000343866361048787
554,0.00034384503390849
555,0.000343863367019499
556,0.000343908060547118
557,0.000343948409890178
558,0.000343957347494666
559,0.000343929597547399
560,0.00034388473076175
561,0.00034385335658187
562,0.000343856234879621
563,0.000343890584381014
564,0.000343932536725764
565,0.000343953669204234
566,0.00034394024112316
567,0.000343902122880887
568,0.000343865571916948
569,0.000343855131340222
570,0.000343877173276402
571,0.00034391607998393
572,0.000343945262937705
573,0.000343945300249628
574,0.000343916860531739
575,0.000343879778420731
576,0.000343859212362288
577,0.000343868581051339
578,0.000343900848048833
579,0.000343933749723652
580,0.000343945119006245
581,0.00034392781003364
582,0.000343894166069993
583,0.000343867225044691
584,0.000343864938702542
585,0.000343888235210681
586,0.000343920820127334
587,0.000343940537357749
588,0.00034393441437182
589,0.000343907191508364
590,0.000343877702910962
591,0.00034386583911781
592,0.000343879141448482
593,0.000343908045913713
594,0.000343932724385977
595,0.000343936660728535
596,0.000343917697893083
597,0.000343889152888595
598,0.000343870464492298
599,0.000343873956588955
600,0.000343896734206915
601,0.000343923003392697
602,0.000343934995850604
603,0.000343924975388523
604,0.000343900215793439
605,0.00034387773651514
606,0.000343872600206504
607,0.000343887832589693
608,0.00034391268862834
609,0.000343930206436605
610,0.000343928765183646
611,0.000343909787659884
612,0.000343886470158446
613,0.000343874604268689
614,0.000343881886885557
615,0.000343902948962325
616,0.000343923282731697
617,0.000343929215454006
618,0.000343917095285702
619,0.000343895514491844
620,0.000343879223191687
621,0.000343879047607396
622,0.000343894708479417
623,0.000343915282393408
624,0.0003439268014807
625,0.000343921725191887
626,0.000343903867842424
627,0.000343885555553675
628,0.00034387911666156
629,0.000343888588493271
630,0.0003439072089149
631,0.000343922224023391
632,0.000343923610239593
633,0.000343910759244918
634,0.000343892662963822
635,0.000343881623074841
636,0.000343884890419613
637,0.000343899915047472
638,0.000343916300112501
639,0.000343922981967873
640,0.000343915692900348
641,0.000343899674127418
642,0.000343885915286227
643,0.000343883614792689
644,0.000343894037349005
645,0.000343909858962601
646,0.000343920299082625
647,0.000343918456761037
648,0.000343905865538636
649,0.000343891257784238
650,0.000343884508712364
651,0.000343889963739359
652,0.000343903653128113
653,0.000343916163404458
654,0.000343919099970856
655,0.000343910714001307
656,0.000343896921325496
657,0.000343887132285413
658,0.000343887832198684
659,0.000343898291790233
660,0.000343911234110922
661,0.000343917886440379
662,0.000343913919878419
663,0.000343902258311541
664,0.000343890934141849
665,0.000343887555802267
666,0.000343894199635443
667,0.000343906149557351
668,0.000343915233212754
669,0.000343915403221967
670,0.000343906757758363
671,0.000343895326719407
672,0.000343888867312885
673,0.00034389160155512
674,0.000343901463675421
675,0.000343911642511711
676,0.000343915277457306
677,0.00034391007729546
678,0.00034389975348696
679,0.000343891375591585
680,0.00034389053066595
681,0.00034389760129594
682,0.000343907635615295
683,0.000343913806929556
684,0.00034391205244232
685,0.000343903742338963
686,0.000343894626077052
687,0.00034389085511998
688,0.000343894834064658
689,0.000343903695207235
690,0.000343911355326294
691,0.000343912685761811
692,0.000343906941738369
693,0.000343898158374997
694,0.000343892317935898
695,0.000343893276201043
696,0.000343900220904232
697,0.000343908331840504
698,0.000343912120201282
699,0.000343909138527867
700,0.000343901555388975
701,0.00034389458363789
702,0.000343892897399198
703,0.000343897500525339
704,0.00034390514108423
705,0.000343910601918851
706,0.000343910258423405
707,0.000343904480178111
708,0.000343897285756601
709,0.000343893548811687
710,0.000343895697612592
711,0.000343902141411658
712,0.000343908438162199
713,0.000343910351865871
714,0.000343906698608568
715,0.000343900070089483
716,0.000343894997335538
717,0.000343894853932808
718,0.000343899614685203
719,0.000343905955405011
720,0.000343909569026331
721,0.000343908087658092
722,0.000343902629860153
723,0.000343896963307793
724,0.000343894904328338
725,0.000343897748836113
726,0.000343903462092114
727,0.000343908128302587
728,0.000343908630761637
729,0.000343904730368555
730,0.000343899157131726
731,0.000343895700412861
732,0.000343896633017427
733,0.000343901219168344
734,0.000343906282643037
735,0.000343908402729769
736,0.000343906222202092
737,0.000343901311169682
738,0.000343897039238878
739,0.000343896263863253
740,0.000343899420245157
741,0.00034390428757471
742,0.00034390754746865
743,0.000343907043423892
744,0.000343903204308377
745,0.000343898693154857
746,0.000343896560443793
747,0.000343898181954975
748,0.000343902374017888
749,0.000343906251977085
750,0.000343907212246073
751,0.000343904677776697
752,0.000343900437540658
753,0.000343897384978756
754,0.000343897543890226
755,0.000343900727978156
756,0.000343904719937177
757,0.000343906812457978
758,0.000343905641935836
759,0.00034390207385203
760,0.000343898566233842
761,0.000343897476617784
762,0.000343899478153959
763,0.000343903147732107
764,0.000343905974282164
765,0.0003439060747527
766,0.000343903446299551
767,0.000343899922729205
768,0.000343897895654313
769,0.000343898691504463
770,0.000343901705020557
771,0.000343904853388735
772,0.000343906013428483
773,0.000343904451417252
774,0.000343901283360226
775,0.000343898678999346
776,0.000343898375982602
777,0.000343900521181764
778,0.000343903610559736
779,0.000343905541140836
780,0.000343905040638749
781,0.000343902503679104
782,0.000343899685830002
783,0.000343898489014905
784,0.000343899678121927
785,0.000343902394032391
786,0.000343904771061856
787,0.000343905216713553
788,0.000343903476815566
789,0.000343900774217378
790,0.000343898949933005
791,0.000343899209189045
792,0.000343901325947575
793,0.000343903829758133
794,0.000343905025311374
795,0.00034390413873743
796,0.000343901816163896
797,0.00034389965443209
798,0.000343899103344259
799,0.000343900493673686
800,0.000343902841810626
801,0.000343904543454516
802,0.00034390446819232
803,0.000343902708808995
804,0.000343900489222995
805,0.00034389931332261
806,0.000343899946143545
807,0.000343901917073272
808,0.000343903866492189
809,0.000343904482175792
810,0.000343903381233338
811,0.000343901345313375
812,0.000343899766299103
813,0.000343899694795438
814,0.000343901141487916
815,0.000343903095212556
816,0.000343904228107187
817,0.000343903796842736
818,0.000343902128743242
819,0.0003439003755481
820,0.000343899718292263
821,0.000343900571855346
822,0.000343902324421381
823,0.000343903774053297
824,0.000343903951779297
825,0.000343902768051835
826,0.000343901051718573
827,0.000343899969928095
828,0.000343900234484699
829,0.000343901633952172
830,0.000343903198332959
831,0.000343903870153317
832,0.000343903218209026
833,0.000343901712605074
834,0.000343900386522413
835,0.000343900127249784
836,0.000343901082665149
837,0.000343902579689897
838,0.000343903597097733
839,0.000343903461157111
840,0.0003439022906283
841,0.000343900897635982
842,0.000343900224298889
843,0.000343900705591205
844,0.000343901988973688
845,0.000343903190716877
846,0.000343903503441135
847,0.000343902737602942
848,0.000343901434092562
849,0.000343900482505893
850,0.000343900514022969
851,0.000343901482962038
852,0.000343902713948067
853,0.000343903371635677
854,0.000343903026721232
855,0.000343901935023426
856,0.000343900848712343
857,0.000343900498077898
858,0.000343901100633131
859,0.000343902227202533
860,0.000343903106395365
861,0.000343903151983746
862,0.000343902352929881
863,0.000343901266877237
864,0.000343900631074543
865,0.000343900861891255
866,0.000343901782433577
867,0.000343902755969929
868,0.000343903125540082
869,0.00034390265654615
870,0.000343901684400287
871,0.000343900874977507
872,0.00034390076849167
873,0.000343901419027836
874,0.000343902369947924
875,0.000343902973548021
876,0.000343902831549758
877,0.000343902057086797
878,0.000343901186172121
879,0.000343900806720446
880,0.000343901161661962
881,0.000343901993848485
882,0.000343902731219087
883,0.000343902879384785
884,0.000343902352448342
885,0.000343901520912047
886,0.000343900951271538
887,0.000343901020038748
888,0.000343901664993726
889,0.00034390243769815
890,0.000343902814619162
891,0.000343902551256175
892,0.000343901839920837
893,0.000343901169726013
894,0.0003439009902334
895,0.000343901409891807
896,0.000343902131339746
897,0.00034390266134441
898,0.000343902647460328
899,0.000343902111798945
900,0.00034390142706929
901,0.000343901057254758
902,0.000343901243166167
903,0.000343901845813352
904,0.000343902449146277
905,0.000343902646740896
906,0.000343902315067827
907,0.000343901689767219
908,0.000343901198361333
909,0.000343901167898823
910,0.000343901607314648
911,0.000343902209136214
912,0.00034390256405926
913,0.000343902438852077
914,0.000343901929043722
915,0.000343901386665693
916,0.000343901177128457
917,0.000343901433000198
918,0.000343901970449854
919,0.000343902420623721
920,0.00034390248234314
921,0.000343902123142627
922,0.000343901594604192
923,0.000343901256164043
924,0.000343901330616244
925,0.000343901757505545
926,0.000343902240679946
927,0.000343902453293137
928,0.000343902258497106
929,0.000343901796929812
930,0.000343901385342909
931,0.000343901299171909
932,0.000343901588190079
933,0.000343902048490161
934,0.000343902365849739
935,0.000343902329856627
936,0.000343901972989936
937,0.000343901542874198
938,0.000343901330421358
939,0.000343901473015171
940,0.00034390186578773
941,0.000343902238063021
942,0.00034390233952273
943,0.000343902108163279
944,0.000343901707456403
945,0.000343901410871959
946,0.000343901415179767
947,0.000343901709898697
948,0.000343902089377243
949,0.000343902295914339
950,0.000343902194438189
951,0.000343901860430454
952,0.000343901524025017
953,0.000343901411388585
954,0.000343901592621718
955,0.000343901938372749
956,0.000343902211718828
957,0.000343902230207279
958,0.00034390198731614
959,0.000343901652577691
960,0.000343901453221717
961,0.000343901519863927
962,0.00034390180095502
963,0.000343902101887954
964,0.000343902219423637
965,0.000343902078668243
966,0.000343901780361569
967,0.00034390152882486
968,0.000343901491951504
969,0.000343901689109954
970,0.000343901981713082
971,0.000343902170307797
972,0.000343902130270097
973,0.000343901893856372
974,0.000343901624692466
975,0.000343901504475855
976,0.000343901610266367
977,0.000343901865168845
978,0.000343902093811903
979,0.000343902142748905
980,0.00034390198318734
981,0.000343901727342399
982,0.000343901549502212
983,0.000343901567236544
984,0.000343901763656354
985,0.000343902002040252
986,0.000343902120744402
987,0.000343902042583278
988,0.000343901824723774
989,0.000343901616956811
990,0.000343901558649844
991,0.000343901685214478
992,0.000343901906798628
993,0.000343902071788486
994,0.000343902070332457
995,0.000343901907252623
996,0.000343901696019166
997,0.00034390157975602
998,0.000343901634207952
999,0.000343901818404004
1000,0.000343902005058822
1001,0.000343902068320254
1002,0.000343901968425689
1003,0.000343901776372783
1004,0.000343901623455774
1005,0.00034390161144962
1006,0.000343901744838221
1007,0.000343901930156888
1008,0.000343902041263015
1009,0.000343902005014586
1010,0.000343901849205636
1011,0.000343901681414705
1012,0.000343901614675487
1013,0.000343901691279948
1014,0.000343901856034642
1015,0.000343901995766354
1016,0.000343902016886304
1017,0.000343901907895122
1018,0.000343901745130782
1019,0.000343901639267127
1020,0.000343901660004227
1021,0.00034390179015872
1022,0.000343901939334287
1023,0.000343902006527811
1024,0.00034390194835555
1025,0.000343901806850868
1026,0.00034390167910666
1027,0.000343901650602085
1028,0.000343901737962266
1029,0.000343901879440732
1030,0.000343901978371289
1031,0.00034390196906504
1032,0.000343901860264129
1033,0.000343901727453853
1034,0.000343901660446644
1035,0.000343901702596349
1036,0.000343901822750823
1037,0.000343901938022187
1038,0.000343901970819618
1039,0.000343901900934894
1040,0.000343901777749969
1041,0.000343901685318009
1042,0.000343901684959743
1043,0.00034390177454992
1044,0.000343901891486277
1045,0.000343901956283365
1046,0.000343901926470759
1047,0.000343901824275683
1048,0.000343901720096382
1049,0.000343901683959919
1050,0.000343901738407361
1051,0.000343901844476848
1052,0.000343901929413923
1053,0.000343901936450141
1054,0.000343901862617254
1055,0.000343901759440036
1056,0.000343901696941515
1057,0.000343901716073084
1058,0.000343901801861968
1059,0.000343901894843235
1060,0.000343901932154828
1061,0.000343901889922298
1062,0.00034390179837952
1063,0.000343901720210834
1064,0.000343901707581196
1065,0.000343901767287595
1066,0.000343901857285448
1067,0.000343901916166355
1068,0.000343901904951692
1069,0.000343901832779056
1070,0.000343901749586334
1071,0.000343901711516937
1072,0.000343901742988243
1073,0.000343901821029745
1074,0.000343901891889968
1075,0.000343901907954264
1076,0.000343901859637787
1077,0.000343901780913339
1078,0.000343901725393296
1079,0.000343901729775402
1080,0.000343901789557756
1081,0.000343901863067507
1082,0.00034390190040544
1083,0.000343901877224588
1084,0.000343901810494672
1085,0.0003439017460805
1086,0.000343901727176896
1087,0.000343901765306038
1088,0.000343901833331924
1089,0.000343901884658685
1090,0.0003439018850586
1091,0.000343901835405395
1092,0.000343901770235041
1093,0.000343901733688717
1094,0.00034390174957553
1095,0.000343901805843624
1096,0.000343901863560003
1097,0.000343901883761877
1098,0.000343901853676964
1099,0.000343901794683375
1100,0.000343901747095195
1101,0.000343901742574289
1102,0.000343901783033695
1103,0.000343901840071755
1104,0.000343901874819791
1105,0.000343901864352161
1106,0.000343901816727232
1107,0.000343901764813179
1108,0.000343901743567971
1109,0.000343901766464133
1110,0.000343901816943672
1111,0.00034390186028884
1112,0.000343901867425402
1113,0.000343901834350979
1114,0.000343901784220411
1115,0.000343901751105308
1116,0.000343901756801177
1117,0.000343901796458134
1118,0.000343901842490783
1119,0.000343901863692802
1120,0.000343901846324706
1121,0.000343901802936123
1122,0.00034390176328308
1123,0.000343901753886714
1124,0.00034390178026463
1125,0.000343901823727292
1126,0.000343901854541959
1127,0.000343901852208786
1128,0.000343901819032077
1129,0.000343901778016609
1130,0.000343901756884763
1131,0.000343901769306652
1132,0.000343901806041789
1133,0.000343901841712974
1134,0.0003439018522749
1135,0.00034390183116288
1136,0.000343901793286569
1137,0.000343901764475872
1138,0.000343901763834141
1139,0.000343901791045948
1140,0.000343901827060284
1141,0.000343901847365061
1142,0.000343901838614675
1143,0.000343901807339994
1144,0.000343901775071451
1145,0.000343901763486584
1146,0.000343901779818825
1147,0.000343901812340152
1148,0.000343901838713152
1149,0.000343901841280008
1150,0.000343901818831655
1151,0.000343901787022502
1152,0.000343901767426991
1153,0.000343901772877738
1154,0.000343901799041997
1155,0.000343901827753599
1156,0.00034390183957315
1157,0.000343901826900409
1158,0.000343901798801696
1159,0.000343901774504612
1160,0.000343901770212587
1161,0.000343901788274326
1162,0.000343901815939277
1163,0.00034390183430413
1164,0.000343901831182793
1165,0.000343901809143995
1166,0.000343901783424858
1167,0.000343901771370007
1168,0.000343901780708583
1169,0.000343901804586212
1170,0.00034390182653124
1171,0.000343901831772364
1172,0.000343901817137583
1173,0.000343901792907466
1174,0.000343901775570707
1175,0.000343901776577665
1176,0.000343901794757188
1177,0.000343901817410802
1178,0.000343901829137557
1179,0.000343901822263451
1180,0.000343901801818186
1181,0.000343901781842398
1182,0.000343901775720621
1183,0.00034390178719024
1184,0.000343901808060416
1185,0.000343901824013291
1186,0.000343901824387604
1187,0.000343901809264403
1188,0.000343901789151978
1189,0.000343901777661545
1190,0.000343901782272479
1191,0.000343901799447855
1192,0.000343901817281756
1193,0.000343901823714163
1194,0.000343901814650348
1195,0.000343901796523219
1196,0.000343901781709032
1197,0.000343901780054809
1198,0.00034390179231321
1199,0.000343901809856619
1200,0.000343901820710457
1201,0.000343901817692515
1202,0.000343901803129924
1203,0.000343901787062507
1204,0.000343901780299562
1205,0.000343901787127187
1206,0.000343901802582207
1207,0.000343901816016389
1208,0.000343901818399918
1209,0.000343901808358655
1210,0.000343901792913194
1211,0.000343901782550838
1212,0.000343901784084213
1213,0.000343901796155902
1214,0.000343901810350037
1215,0.000343901817026848
1216,0.000343901811839294
1217,0.000343901798530025
1218,0.000343901786216598
1219,0.000343901783125577
1220,0.000343901791078164
1221,0.000343901804419975
1222,0.000343901814007397
1223,0.000343901813445284
1224,0.00034390180332385
1225,0.00034390179065208
1226,0.000343901783985446
1227,0.0003439017876311
1228,0.000343901798852433
1229,0.000343901809881489
1230,0.000343901813268318
1231,0.000343901806886632
1232,0.000343901795235555
1233,0.00034390178625132
1234,0.000343901785883293
1235,0.000343901794138618
1236,0.000343901805221505
1237,0.000343901811574171
1238,0.000343901809005495
1239,0.000343901799429737
1240,0.000343901789430291
1241,0.000343901785716233
1242,0.000343901790604468
1243,0.000343901800567115
1244,0.000343901808747296
1245,0.000343901809654129
1246,0.000343901802824619
1247,0.000343901793013298
1248,0.000343901786866179
1249,0.000343901788402518
1250,0.000343901796373813
1251,0.000343901805231711
1252,0.000343901808965988
1253,0.000343901805160263
1254,0.000343901796530909
1255,0.000343901788974634
1256,0.000343901787523221
1257,0.000343901792978418
1258,0.000343901801475003
1259,0.000343901807195011
1260,0.000343901806330233
1261,0.000343901799596158
1262,0.00034390179164079
1263,0.000343901787821455
1264,0.000343901790582444
1265,0.000343901797880794
1266,0.00034390180466991
1267,0.000343901806368449
1268,0.000343901801931991
1269,0.000343901794470106
1270,0.000343901789053057
1271,0.000343901789252269
1272,0.000343901794773331
1273,0.000343901801747864
1274,0.000343901805423383
1275,0.000343901803382855
1276,0.000343901797114589
1277,0.000343901790915976
1278,0.000343901788933476
1279,0.000343901792375981
1280,0.000343901798772527
1281,0.000343901803724353
1282,0.000343901803911742
1283,0.00034390179930182
1284,0.000343901793090966
1285,0.00034390178947553
1286,0.000343901790803696
1287,0.000343901796040111
1288,0.000343901801544677
1289,0.000343901803585279
1290,0.000343901800851494
1291,0.000343901795277707
1292,0.000343901790662685
1293,0.000343901790068027
1294,0.000343901793775774
1295,0.000343901799166022
1296,0.000343901802550324
1297,0.000343901801679713
1298,0.000343901797223194
1299,0.000343901792246797
1300,0.000343901790092172
1301,0.0003439017921212
1302,0.000343901796847527
1303,0.000343901801005866
1304,0.000343901801792478
1305,0.000343901798740722
1306,0.000343901793978392
1307,0.00034390179073293
1308,0.000343901791132878
1309,0.000343901794802155
1310,0.000343901799173874
1311,0.000343901801270826
1312,0.000343901799718916
1313,0.000343901795632958
1314,0.000343901791806119
1315,0.000343901790789584
1316,0.000343901793181629
1317,0.000343901797272379
1318,0.00034390180025043
1319,0.000343901800121457
1320,0.000343901797030458
1321,0.0003439017931123
1322,0.000343901791006824
1323,0.000343901792070142
1324,0.000343901795493202
1325,0.000343901798898718
1326,0.000343901799978986
1327,0.000343901798047129
1328,0.000343901794460023
1329,0.000343901791655626
1330,0.000343901791486178
1331,0.000343901793985949
1332,0.000343901797392267
1333,0.00034390179937527
1334,0.000343901798619513
1335,0.000343901795684577
1336,0.000343901792583037
1337,0.000343901791390882
1338,0.000343901792848963
1339,0.000343901795896818
1340,0.000343901798429999
1341,0.000343901798741533
1342,0.000343901796660982
1343,0.000343901793631875
1344,0.00034390179170115
1345,0.000343901792127067
1346,0.000343901794551591
1347,0.000343901797280535
1348,0.000343901798456039
1349,0.000343901797310766
1350,0.000343901794657832
1351,0.000343901792305289
1352,0.000343901791815293
1353,0.000343901793458836
1354,0.000343901796064688
1355,0.000343901797842543
1356,0.0003439017976028
1357,0.000343901795542517
1358,0.000343901793079178
1359,0.000343901791867219
1360,0.000343901792678935
1361,0.000343901794906178
1362,0.000343901797003075
1363,0.000343901797549044
1364,0.000343901796201723
1365,0.000343901793901212
1366,0.000343901792206332
1367,0.000343901792230641
1368,0.00034390179390386
1369,0.000343901796047892
1370,0.000343901797196463
1371,0.00034390179658883
1372,0.000343901794664595
1373,0.000343901792738776
1374,0.000343901792095654
1375,0.00034390179312526
1376,0.000343901795082609
1377,0.000343901796616548
1378,0.000343901796693702
1379,0.000343901795286161
1380,0.000343901793365881
1381,0.000343901792226365
1382,0.00034390179260442
1383,0.000343901794197825
1384,0.000343901795893916
1385,0.000343901796537976
1386,0.000343901795711333
1387,0.000343901793995225
1388,0.000343901792555429
1389,0.000343901792343583
1390,0.000343901793461983
1391,0.00034390179511534
1392,0.00034390179616774
1393,0.000343901795915285
1394,0.000343901794549313
1395,0.000343901793005919
1396,0.000343901792317958
1397,0.000343901792917657
1398,0.000343901794360308
1399,0.000343901795644809
1400,0.000343901795900823
1401,0.000343901794971298
1402,0.000343901793500855
1403,0.000343901792482551
1404,0.000343901792581164
1405,0.000343901793693802
1406,0.000343901795037754
1407,0.000343901795693698
1408,0.000343901795227654
1409,0.000343901793971265
1410,0.000343901792780046
1411,0.00034390179244497
1412,0.000343901793161762
1413,0.000343901794413617
1414,0.000343901795336264
1415,0.000343901795307983
1416,0.000343901794362115
1417,0.00034390179314873
1418,0.000343901792482218
1419,0.000343901792789259
1420,0.000343901793831113
1421,0.000343901794880394
1422,0.000343901795222424
1423,0.000343901794635848
1424,0.000343901793529632
1425,0.000343901792652567
1426,0.000343901792581136
1427,0.000343901793335754
1428,0.000343901794380522
1429,0.000343901794997332
1430,0.00034390179477354
1431,0.000343901793872237
1432,0.000343901792908535
1433,0.000343901792524675
1434,0.000343901792957175
1435,0.000343901793887514
1436,0.000343901794669929
1437,0.000343901794773917
1438,0.000343901794138428
1439,0.000343901793201572
1440,0.000343901792593683
1441,0.000343901792708485
1442,0.00034390179344388
1443,0.000343901794282671
1444,0.000343901794650676
1445,0.0003439017943045
1446,0.000343901793487297
1447,0.000343901792753345
1448,0.000343901792587504
1449,0.000343901793080624
1450,0.000343901793877955
1451,0.000343901794428683
1452,0.00034390179436135
1453,0.000343901793729468
1454,0.000343901792965204
1455,0.000343901792579377
1456,0.000343901792815796
1457,0.000343901793493674
1458,0.000343901794139572
1459,0.000343901794313105
1460,0.000343901793902479
1461,0.000343901793191762
1462,0.000343901792660118
1463,0.000343901792654629
1464,0.000343901793159932
1465,0.000343901793817351
1466,0.000343901794174581
1467,0.000343901793992341
1468,0.000343901793400224
1469,0.000343901792800544
1470,0.000343901792590989
1471,0.000343901792897114
1472,0.000343901793494447
1473,0.000343901793968038
1474,0.000343901793996307
1475,0.00034390179356519
1476,0.000343901792970143
1477,0.000343901792609807
1478,0.000343901792715255
1479,0.000343901793198542
1480,0.00034390179371964
1481,0.000343901793921356
1482,0.000343901793670124
1483,0.000343901793140461
1484,0.000343901792690056
1485,0.000343901792614623
1486,0.000343901792950414
1487,0.000343901793456101
1488,0.000343901793781926
1489,0.000343901793707676
1490,0.000343901793287744
1491,0.000343901792807864
1492,0.000343901792587214
1493,0.000343901792762824
1494,0.000343901793201776
1495,0.000343901793597194
1496,0.000343901793678978
1497,0.000343901793394668
1498,0.000343901792939467
1499,0.000343901792618883
1500,0.000343901792640452
1501,0.000343901792976466
1502,0.00034390179338832
1503,0.00034390179359219
1504,0.000343901793451133
1505,0.000343901793063666
1506,0.000343901792691778
1507,0.000343901792580643
1508,0.000343901792794056
1509,0.000343901793175894
1510,0.000343901793460511
1511,0.000343901793454158
1512,0.000343901793163622
1513,0.000343901792786791
1514,0.000343901792574859
1515,0.000343901792661988
1516,0.000343901792977867
1517,0.000343901793299989
1518,0.000343901793407068
1519,0.000343901793227924
1520,0.000343901792885744
1521,0.000343901792610473
1522,0.000343901792581474
1523,0.000343901792808074
1524,0.000343901793127389
1525,0.00034390179331813
1526,0.000343901793250921
1527,0.000343901792973133
1528,0.00034390179267273
1529,0.000343901792548356
1530,0.000343901792675413
1531,0.000343901792958301
1532,0.000343901793198901
1533,0.000343901793232385
1534,0.00034390179303732
1535,0.000343901792746623
1536,0.000343901792554366
1537,0.000343901792583697
1538,0.000343901792805689
1539,0.000343901793062489
1540,0.000343901793176678
1541,0.000343901793071132
1542,0.000343901792818491
1543,0.000343901792588642
1544,0.000343901792532042
1545,0.000343901792678936
1546,0.000343901792921918
1547,0.000343901793091557
1548,0.000343901793071902
1549,0.000343901792877227
1550,0.000343901792639258
1551,0.000343901792515686
1552,0.000343901792583417
1553,0.000343901792788781
1554,0.000343901792986815
1555,0.000343901793041025
1556,0.000343901792915035
1557,0.000343901792694637
1558,0.000343901792527099
1559,0.000343901792520562
1560,0.000343901792672229
1561,0.000343901792872927
1562,0.000343901792983161
1563,0.000343901792927712
1564,0.000343901792744706
1565,0.000343901792557202
1566,0.000343901792488322
1567,0.000343901792578398
1568,0.000343901792759831
1569,0.00034390179290522
1570,0.000343901792914508
1571,0.000343901792781691
1572,0.000343901792596549
1573,0.000343901792481921
1574,0.00034390179251023
1575,0.000343901792655982
1576,0.000343901792815281
1577,0.000343901792877663
1578,0.000343901792800573
1579,0.00034390179263637
1580,0.000343901792494777
1581,0.00034390179246767
1582,0.000343901792567664
1583,0.000343901792721563
1584,0.000343901792821683
1585,0.000343901792799168
1586,0.000343901792669369
1587,0.000343901792519486
1588,0.000343901792448129
1589,0.000343901792498697
1590,0.000343901792631505
1591,0.000343901792752509
1592,0.0003439017927779
1593,0.000343901792690266
1594,0.000343901792548694
1595,0.000343901792447147
1596,0.0003439017924504
1597,0.000343901792551142
1598,0.000343901792676657
1599,0.00034390179273934
1600,0.000343901792696005
1601,0.000343901792575876
1602,0.000343901792459164
1603,0.000343901792421846
1604,0.000343901792484652
1605,0.000343901792600446
1606,0.000343901792687591
1607,0.000343901792685726
1608,0.000343901792595871
1609,0.000343901792478246
1610,0.000343901792410314
1611,0.000343901792434235
1612,0.000343901792529351
1613,0.00034390179262761
1614,0.000343901792660512
1615,0.00034390179260521
1616,0.000343901792498788
1617,0.000343901792411842
1618,0.000343901792400167
1619,0.000343901792467564
1620,0.00034390179256455
1621,0.000343901792622941
1622,0.000343901792602195
1623,0.00034390179251602
1624,0.00034390179242184
1625,0.000343901792381082
1626,0.000343901792417753
1627,0.00034390179250318
1628,0.000343901792576598
1629,0.000343901792586799
1630,0.000343901792526384
1631,0.000343901792435659
1632,0.000343901792374369
1633,0.000343901792381007
1634,0.000343901792447444
1635,0.000343901792525513
1636,0.000343901792560405
1637,0.000343901792527707
1638,0.000343901792449095
1639,0.000343901792376629
1640,0.000343901792356985
1641,0.000343901792400173
1642,0.000343901792473688
1643,0.000343901792525423
1644,0.000343901792519198
1645,0.00034390179245873
1646,0.00034390179238416
1647,0.000343901792344155
1648,0.000343901792362956
1649,0.000343901792424657
1650,0.000343901792484875
1651,0.00034390179250132
1652,0.00034390179246219
1653,0.000343901792393383
1654,0.00034390179234015
1655,0.000343901792336178
1656,0.000343901792381195
1657,0.000343901792441981
1658,0.000343901792475526
1659,0.000343901792458199
1660,0.000343901792401194
1661,0.000343901792342139
1662,0.000343901792319144
1663,0.00034390179234514
1664,0.000343901792399784
1665,0.000343901792443961
1666,0.000343901792446559
1667,0.00034390179240521
1668,0.000343901792347188
1669,0.000343901792310338
1670,0.000343901792317349
1671,0.000343901792360852
1672,0.000343901792409113
1673,0.000343901792427978
1674,0.000343901792403904
1675,0.000343901792352595
1676,0.0003439017923077
1677,0.000343901792297752
1678,0.000343901792327082
1679,0.000343901792373497
1680,0.000343901792403851
1681,0.000343901792396622
1682,0.000343901792356111
1683,0.00034390179230892
1684,0.000343901792285511
1685,0.00034390179229961
1686,0.000343901792339385
1687,0.000343901792376016
1688,0.00034390179238351
1689,0.00034390179235612
1690,0.000343901792311724
1691,0.000343901792279215
1692,0.000343901792278801
1693,0.000343901792308608
1694,0.000343901792346478
1695,0.000343901792365375
1696,0.000343901792351696
1697,0.000343901792314095
1698,0.000343901792277128
1699,0.00034390179226433
1700,0.000343901792282418
1701,0.000343901792317162
1702,0.000343901792343484
1703,0.000343901792342585
1704,0.000343901792314452
1705,0.000343901792277406
1706,0.000343901792255328
1707,0.000343901792261457
1708,0.00034390179228974
1709,0.000343901792319363
1710,0.000343901792329134
1711,0.000343901792311732
1712,0.00034390179227831
1713,0.000343901792250545
1714,0.000343901792245778
1715,0.000343901792265473
1716,0.000343901792294594
1717,0.000343901792312141
1718,0.000343901792305418
1719,0.000343901792278376
1720,0.000343901792248551
1721,0.000343901792234934
1722,0.000343901792245155
1723,0.000343901792270628
1724,0.000343901792292714
1725,0.000343901792295516
1726,0.000343901792276506
1727,0.000343901792247901
1728,0.000343901792228089
1729,0.000343901792229099
1730,0.000343901792248663
1731,0.000343901792272091
1732,0.000343901792282456
1733,0.000343901792272037
1734,0.000343901792247295
1735,0.000343901792224181
1736,0.000343901792217166
1737,0.000343901792229546
1738,0.000343901792251493
1739,0.000343901792266982
1740,0.000343901792264736
1741,0.000343901792245685
1742,0.000343901792222057
1743,0.000343901792208864
1744,0.000343901792213748
1745,0.000343901792231995
1746,0.000343901792250031
1747,0.000343901792254749
1748,0.000343901792242335
1749,0.0003439017922206
1750,0.000343901792203446
1751,0.000343901792201358
1752,0.000343901792214436
1753,0.00034390179223258
1754,0.000343901792242526
1755,0.000343901792236862
1756,0.000343901792218859
1757,0.000343901792200024
1758,0.000343901792192143
1759,0.00034390179219936
1760,0.00034390179221556
1761,0.000343901792228732
1762,0.000343901792229206
1763,0.000343901792216097
1764,0.000343901792197685
1765,0.000343901792185622
1766,0.000343901792187015
1767,0.000343901792199746
1768,0.000343901792214124
1769,0.00034390179221959
1770,0.000343901792211845
1771,0.00034390179219559
1772,0.000343901792181142
1773,0.000343901792177359
1774,0.00034390179218571
1775,0.000343901792199473
1776,0.000343901792208444
1777,0.000343901792205906
1778,0.000343901792193047
1779,0.000343901792177983
1780,0.000343901792170116
1781,0.000343901792173787
1782,0.000343901792185468
1783,0.000343901792196336
1784,0.000343901792198327
1785,0.00034390179218956
1786,0.000343901792175436
1787,0.000343901792164841
1788,0.000343901792164069
1789,0.000343901792172662
1790,0.000343901792183872
1791,0.000343901792189358
1792,0.000343901792184841
1793,0.000343901792172879
1794,0.000343901792160985
1795,0.000343901792156445
1796,0.000343901792161428
1797,0.000343901792171643
1798,0.000343901792179389
1799,0.000343901792178817
1800,0.000343901792169821
1801,0.000343901792157973
1802,0.000343901792150629
1803,0.000343901792151946
1804,0.000343901792160153
1805,0.000343901792168889
1806,0.000343901792171596
1807,0.000343901792165938
1808,0.000343901792155267
1809,0.000343901792146233
1810,0.000343901792144223
1811,0.000343901792149777
1812,0.000343901792158334
1813,0.000343901792163421
1814,0.000343901792161071
1815,0.000343901792152413
1816,0.000343901792142802
1817,0.000343901792138108
1818,0.000343901792140752
1819,0.000343901792148165
1820,0.000343901792154633
1821,0.000343901792155217
1822,0.000343901792149071
1823,0.000343901792139892
1824,0.000343901792133336
1825,0.000343901792133161
1826,0.000343901792138745
1827,0.000343901792145605
1828,0.000343901792148515
1829,0.000343901792145038
1830,0.000343901792137095
1831,0.000343901792129571
1832,0.000343901792126954
1833,0.000343901792130326
1834,0.000343901792136713
1835,0.00034390179214119
1836,0.000343901792140239
1837,0.000343901792134086
1838,0.00034390179212645
1839,0.000343901792121967
1840,0.000343901792123042
1841,0.000343901792128278
1842,0.000343901792133526
1843,0.000343901792134722
1844,0.00034390179213064
1845,0.00034390179212363
1846,0.000343901792117966
1847,0.000343901792116912
1848,0.000343901792120552
1849,0.000343901792125819
1850,0.000343901792128623
1851,0.000343901792126634
1852,0.00034390179212081
1853,0.000343901792114669
1854,0.000343901792111857
1855,0.000343901792113699
1856,0.000343901792118355
1857,0.000343901792122143
1858,0.000343901792122054
1859,0.000343901792117766
1860,0.000343901792111791
1861,0.000343901792107722
1862,0.000343901792107781
1863,0.000343901792111365
1864,0.000343901792115513
1865,0.000343901792116963
1866,0.000343901792114347
1867,0.000343901792109071
1868,0.000343901792104299
1869,0.000343901792102783
1870,0.00034390179210502
1871,0.000343901792108968
1872,0.000343901792111494
1873,0.000343901792110493
1874,0.000343901792106293
1875,0.000343901792101363
1876,0.000343901792098614
1877,0.000343901792099414
1878,0.000343901792102716
1879,0.000343901792105818
1880,0.000343901792106219
1881,0.000343901792103298
1882,0.00034390179209869
1883,0.000343901792095126
1884,0.00034390179209457
1885,0.00034390179209692
1886,0.000343901792100122
1887,0.000343901792101598
1888,0.000343901792100002
1889,0.000343901792096086
1890,0.000343901792092147
1891,0.000343901792090452
1892,0.000343901792091693
1893,0.000343901792094582
1894,0.000343901792096751
1895,0.000343901792096377
1896,0.000343901792093394
1897,0.000343901792089499
1898,0.000343901792086962
1899,0.000343901792087085
1900,0.000343901792089352
1901,0.00034390179209182
1902,0.000343901792092458
1903,0.000343901792090519
1904,0.000343901792087008
1905,0.000343901792083975
1906,0.000343901792083087
1907,0.000343901792084542
1908,0.00034390179208695
1909,0.000343901792088319
1910,0.000343901792087408
1911,0.000343901792084541
1912,0.00034390179208135
1913,0.00034390179207965
1914,0.000343901792080214
1915,0.000343901792082269
1916,0.000343901792084063
1917,0.000343901792084062
1918,0.000343901792081983
1919,0.000343901792078945
1920,0.000343901792076693
1921,0.000343901792076398
1922,0.000343901792077888
1923,0.0003439017920798
1924,0.000343901792080518
1925,0.000343901792079274
1926,0.000343901792076635
1927,0.000343901792074104
1928,0.000343901792073067
1929,0.000343901792073881
1930,0.000343901792075645
1931,0.000343901792076846
1932,0.000343901792076389
1933,0.000343901792074315
1934,0.000343901792071767
1935,0.000343901792070171
1936,0.000343901792070285
1937,0.000343901792071696
1938,0.000343901792073133
1939,0.000343901792073337
1940,0.000343901792071917
1941,0.000343901792069577
1942,0.000343901792067634
1943,0.000343901792067102
1944,0.000343901792068024
1945,0.000343901792069465
1946,0.000343901792070167
1947,0.000343901792069399
1948,0.00034390179206744
1949,0.000343901792065366
1950,0.000343901792064303
1951,0.000343901792064674
1952,0.00034390179206593
1953,0.000343901792066934
1954,0.000343901792066757
1955,0.000343901792065282
1956,0.000343901792063275
1957,0.000343901792061836
1958,0.000343901792061669
1959,0.000343901792062593
1960,0.000343901792063712
1961,0.000343901792064009
1962,0.000343901792063057
1963,0.000343901792061276
1964,0.000343901792059637
1965,0.000343901792058995
1966,0.00034390179205951
1967,0.000343901792060567
1968,0.000343901792061198
1969,0.000343901792060748
1970,0.000343901792059307
1971,0.000343901792057631
1972,0.000343901792056619
1973,0.0003439017920567
1974,0.000343901792057559
1975,0.000343901792058369
1976,0.000343901792058354
1977,0.000343901792057317
1978,0.000343901792055751
1979,0.000343901792054497
1980,0.000343901792054171
1981,0.000343901792054741
1982,0.000343901792055584
1983,0.0003439017920559
1984,0.000343901792055277
1985,0.000343901792053932
1986,0.000343901792052577
1987,0.000343901792051905
1988,0.000343901792052139
1989,0.000343901792052886
1990,0.00034390179205342
1991,0.000343901792053177
1992,0.000343901792052132
1993,0.000343901792050798
1994,0.000343901792049872
1995,0.000343901792049769
1996,0.000343901792050326
1997,0.000343901792050956
1998,0.000343901792051032
1999,0.000343901792050312
2000,0.000343901792049104
2001,0.000343901792048038
2002,0.000343901792047626
2003,0.000343901792047939
2004,0.000343901792048551
2005,0.000343901792048853
2006,0.000343901792048456
2007,0.000343901792047455
2008,0.000343901792046348
2009,0.000343901792045696
2010,0.000343901792045737
2011,0.000343901792046244
2012,0.000343901792046681
2013,0.000343901792046567
2014,0.000343901792045815
2015,0.000343901792044761
2016,0.000343901792043942
2017,0.000343901792043727
2018,0.000343901792044066
2019,0.000343901792044542
2020,0.000343901792044654
2021,0.00034390179204416
2022,0.000343901792043235
2023,0.000343901792042339
2024,0.000343901792041904
2025,0.000343901792042039
2026,0.00034390179204247
2027,0.000343901792042731
2028,0.000343901792042486
2029,0.000343901792041744
2030,0.000343901792040851
2031,0.000343901792040249
2032,0.00034390179204017
2033,0.000343901792040493
2034,0.00034390179204083
2035,0.000343901792040793
2036,0.000343901792040254
2037,0.000343901792039435
2038,0.000343901792038731
2039,0.000343901792038458
2040,0.000343901792038635
2041,0.000343901792038978
2042,0.000343901792039094
2043,0.000343901792038763
2044,0.000343901792038063
2045,0.000343901792037325
2046,0.000343901792036898
2047,0.000343901792036908
2048,0.000343901792037192
2049,0.000343901792037406
2050,0.00034390179203726
2051,0.000343901792036717
2052,0.000343901792036007
2053,0.000343901792035465
2054,0.000343901792035311
2055,0.000343901792035499
2056,0.000343901792035748
2057,0.000343901792035755
2058,0.000343901792035375
2059,0.000343901792034739
2060,0.000343901792034143
2061,0.000343901792033851
2062,0.000343901792033914
2063,0.000343901792034145
2064,0.000343901792034253
2065,0.000343901792034033
2066,0.000343901792033511
2067,0.000343901792032909
2068,0.000343901792032506
2069,0.000343901792032436
2070,0.000343901792032612
2071,0.000343901792032775
2072,0.000343901792032691
2073,0.000343901792032292
2074,0.000343901792031733
2075,0.000343901792031265
2076,0.000343901792031075
2077,0.000343901792031163
2078,0.000343901792031336
2079,0.000343901792031352
2080,0.000343901792031087
2081,0.000343901792030601
2082,0.000343901792030106
2083,0.000343901792029817
2084,0.000343901792029805
2085,0.00034390179202995
2086,0.000343901792030036
2087,0.00034390179202989
2088,0.000343901792029497
2089,0.000343901792029014
2090,0.000343901792028653
2091,0.00034390179202854
2092,0.000343901792028628
2093,0.000343901792028745
2094,0.000343901792028699
2095,0.000343901792028411
2096,0.000343901792027972
2097,0.000343901792027569
2098,0.000343901792027364
2099,0.00034390179202738
2100,0.000343901792027495
2101,0.000343901792027517
2102,0.000343901792027335
2103,0.000343901792026963
2104,0.000343901792026555
2105,0.00034390179202628
2106,0.000343901792026215
2107,0.000343901792026293
2108,0.000343901792026359
2109,0.000343901792026264
2110,0.000343901792025976
2111,0.000343901792025589
2112,0.000343901792025268
2113,0.000343901792025127
2114,0.000343901792025158
2115,0.000343901792025236
2116,0.000343901792025209
2117,0.000343901792025003
2118,0.000343901792024658
2119,0.000343901792024321
2120,0.000343901792024116
2121,0.000343901792024086
2122,0.000343901792024151
2123,0.000343901792024171
2124,0.00034390179202404
2125,0.000343901792023758
2126,0.000343901792023424
2127,0.000343901792023174
2128,0.000343901792023081
2129,0.000343901792023114
2130,0.000343901792023157
2131,0.000343901792023094
2132,0.000343901792022877
2133,0.00034390179202257
2134,0.000343901792022289
2135,0.000343901792022141
2136,0.00034390179202213
2137,0.000343901792022178
2138,0.000343901792022163
2139,0.000343901792022015
2140,0.000343901792021746
2141,0.00034390179202146
2142,0.000343901792021263
2143,0.000343901792021204
2144,0.000343901792021235
2145,0.000343901792021252
2146,0.000343901792021161
2147,0.000343901792020943
2148,0.00034390179202067
2149,0.000343901792020443
2150,0.000343901792020338
2151,0.000343901792020341
2152,0.000343901792020368
2153,0.000343901792020321
2154,0.000343901792020157
2155,0.000343901792019908
2156,0.000343901792019672
2157,0.000343901792019525
2158,0.000343901792019492
2159,0.000343901792019514
2160,0.000343901792019502
2161,0.000343901792019386
2162,0.000343901792019176
2163,0.000343901792018939
2164,0.000343901792018762
2165,0.000343901792018691
2166,0.000343901792018699
2167,0.000343901792018703
2168,0.000343901792018631
2169,0.000343901792018463
2170,0.000343901792018241
2171,0.000343901792018046
2172,0.000343901792017939
2173,0.000343901792017921
2174,0.000343901792017932
2175,0.000343901792017893
2176,0.000343901792017766
2177,0.00034390179201757
2178,0.000343901792017368
2179,0.000343901792017229
2180,0.000343901792017181
2181,0.000343901792017187
2182,0.000343901792017176
2183,0.000343901792017091
2184,0.000343901792016926
2185,0.000343901792016723
2186,0.000343901792016564
2187,0.000343901792016481
2188,0.000343901792016474
2189,0.000343901792016473
2190,0.000343901792016425
2191,0.000343901792016293
2192,0.00034390179201611
2193,0.000343901792015938
2194,0.000343901792015828
2195,0.000343901792015795
2196,0.000343901792015798
2197,0.000343901792015774
2198,0.00034390179201568
2199,0.00034390179201552
2200,0.000343901792015345
2201,0.000343901792015213
2202,0.000343901792015153
2203,0.000343901792015146
2204,0.000343901792015139
2205,0.000343901792015075
2206,0.000343901792014948
2207,0.000343901792014778
2208,0.000343901792014635
2209,0.00034390179201455
2210,0.000343901792014527
2211,0.000343901792014524
2212,0.000343901792014485
2213,0.000343901792014386
2214,0.000343901792014236
2215,0.000343901792014086
2216,0.000343901792013983
2217,0.00034390179201394
2218,0.000343901792013929
2219,0.000343901792013911
2220,0.000343901792013838
2221,0.000343901792013715
2222,0.000343901792013567
2223,0.000343901792013447
2224,0.000343901792013381
2225,0.000343901792013364
2226,0.000343901792013352
2227,0.000343901792013306
2228,0.000343901792013203
2229,0.000343901792013068
2230,0.00034390179201294
2231,0.00034390179201286
2232,0.000343901792012826
2233,0.000343901792012817
2234,0.000343901792012785
2235,0.000343901792012707
2236,0.000343901792012588
2237,0.00034390179201246
2238,0.000343901792012364
2239,0.000343901792012315
2240,0.000343901792012301
2241,0.000343901792012278
2242,0.00034390179201222
2243,0.00034390179201212
2244,0.000343901792012
2245,0.000343901792011894
2246,0.000343901792011834
2247,0.000343901792011807
2248,0.000343901792011795
2249,0.000343901792011751
2250,0.000343901792011669
2251,0.000343901792011557
2252,0.000343901792011449
2253,0.000343901792011375
2254,0.00034390179201134
2255,0.000343901792011322
2256,0.000343901792011296
2257,0.000343901792011233
2258,0.000343901792011134
2259,0.000343901792011025
2260,0.000343901792010936
2261,0.00034390179201089
2262,0.00034390179201087
2263,0.000343901792010853
2264,0.00034390179201081
2265,0.000343901792010728
2266,0.000343901792010624
2267,0.000343901792010526
2268,0.000343901792010464
2269,0.000343901792010438
2270,0.000343901792010426
2271,0.000343901792010396
2272,0.000343901792010329
2273,0.000343901792010235
2274,0.000343901792010138
2275,0.000343901792010066
2276,0.000343901792010027
2277,0.000343901792010013
2278,0.000343901792009989
2279,0.000343901792009941
2280,0.000343901792009858
2281,0.000343901792009768
2282,0.000343901792009689
2283,0.000343901792009639
2284,0.000343901792009616
2285,0.0003439017920096
2286,0.000343901792009563
2287,0.000343901792009495
2288,0.000343901792009411
2289,0.000343901792009329
2290,0.000343901792009273
2291,0.00034390179200924
2292,0.000343901792009226
2293,0.000343901792009198
2294,0.000343901792009144
2295,0.000343901792009067
2296,0.000343901792008984
2297,0.000343901792008922
2298,0.000343901792008883
2299,0.000343901792008866
2300,0.000343901792008843
2301,0.000343901792008803
2302,0.000343901792008734
2303,0.000343901792008657
2304,0.000343901792008591
2305,0.000343901792008549
2306,0.000343901792008523
2307,0.000343901792008501
2308,0.000343901792008466
2309,0.000343901792008411
2310,0.000343901792008344
2311,0.000343901792008273
2312,0.000343901792008224
2313,0.000343901792008193
2314,0.000343901792008171
2315,0.000343901792008147
2316,0.000343901792008106
2317,0.000343901792008044
2318,0.000343901792007975
2319,0.000343901792007911
2320,0.000343901792007872
2321,0.000343901792007855
2322,0.000343901792007839
2323,0.000343901792007808
2324,0.000343901792007754
2325,0.000343901792007684
2326,0.000343901792007619
2327,0.000343901792007574
2328,0.000343901792007551
2329,0.000343901792007542
2330,0.000343901792007515
2331,0.00034390179200747
2332,0.000343901792007407
2333,0.000343901792007342
2334,0.000343901792007294
2335,0.000343901792007264
2336,0.000343901792007249
2337,0.00034390179200723
2338,0.000343901792007192
2339,0.000343901792007143
2340,0.000343901792007083
2341,0.000343901792007029
2342,0.000343901792006989
2343,0.000343901792006965
2344,0.000343901792006949
2345,0.000343901792006927
2346,0.000343901792006887
2347,0.000343901792006834
2348,0.000343901792006776
2349,0.000343901792006728
2350,0.0003439017920067
2351,0.000343901792006683
2352,0.000343901792006667
2353,0.000343901792006637
2354,0.000343901792006591
2355,0.000343901792006538
2356,0.000343901792006485
2357,0.000343901792006446
2358,0.000343901792006425
2359,0.00034390179200641
2360,0.000343901792006393
2361,0.000343901792006357
2362,0.000343901792006309
2363,0.000343901792006253
2364,0.00034390179200621
2365,0.000343901792006182
2366,0.000343901792006169
2367,0.000343901792006155
2368,0.000343901792006125
2369,0.000343901792006083
2370,0.00034390179200603
2371,0.000343901792005987
2372,0.000343901792005954
2373,0.000343901792005938
2374,0.000343901792005921
2375,0.000343901792005898
2376,0.000343901792005865
2377,0.000343901792005822
2378,0.000343901792005776
2379,0.000343901792005739
2380,0.000343901792005712
2381,0.000343901792005695
2382,0.00034390179200568
2383,0.000343901792005656
2384,0.000343901792005618
2385,0.000343901792005575
2386,0.000343901792005533
2387,0.000343901792005503
2388,0.00034390179200548
2389,0.000343901792005466
2390,0.000343901792005446
2391,0.00034390179200542
2392,0.000343901792005382
2393,0.000343901792005344
2394,0.000343901792005304
2395,0.000343901792005276
2396,0.00034390179200526
2397,0.000343901792005247
2398,0.000343901792005227
2399,0.000343901792005196
2400,0.000343901792005155
2401,0.000343901792005115
2402,0.000343901792005086
2403,0.000343901792005064
2404,0.000343901792005051
2405,0.000343901792005038
2406,0.000343901792005011
2407,0.000343901792004975
2408,0.000343901792004935
2409,0.000343901792004904
2410,0.000343901792004881
2411,0.000343901792004866
2412,0.000343901792004853
2413,0.000343901792004835
2414,0.000343901792004804
2415,0.000343901792004768
2416,0.000343901792004732
2417,0.000343901792004701
2418,0.000343901792004685
2419,0.000343901792004675
2420,0.000343901792004662
2421,0.000343901792004637
2422,0.000343901792004602
2423,0.000343901792004565
2424,0.000343901792004535
2425,0.000343901792004517
2426,0.000343901792004505
2427,0.000343901792004494
2428,0.000343901792004475
2429,0.000343901792004445
2430,0.000343901792004408
2431,0.000343901792004375
2432,0.000343901792004351
2433,0.000343901792004342
2434,0.000343901792004336
2435,0.000343901792004318
2436,0.000343901792004291
2437,0.000343901792004257
2438,0.000343901792004224
2439,0.000343901792004198
2440,0.000343901792004184
2441,0.000343901792004172
2442,0.000343901792004163
2443,0.000343901792004142
2444,0.000343901792004114
2445,0.000343901792004082
2446,0.000343901792004056
2447,0.000343901792004037
2448,0.000343901792004027
2449,0.000343901792004013
2450,0.000343901792003996
2451,0.000343901792003972
2452,0.000343901792003943
2453,0.000343901792003916
2454,0.000343901792003894
2455,0.000343901792003883
2456,0.000343901792003872
2457,0.000343901792003858
2458,0.000343901792003835
2459,0.000343901792003807
2460,0.000343901792003782
2461,0.000343901792003762
2462,0.000343901792003746
2463,0.000343901792003735
2464,0.000343901792003724
2465,0.000343901792003703
2466,0.000343901792003681
2467,0.000343901792003653
2468,0.000343901792003632
2469,0.000343901792003612
2470,0.000343901792003599
2471,0.000343901792003593
2472,0.000343901792003581
2473,0.000343901792003565
2474,0.000343901792003534
2475,0.000343901792003507
2476,0.000343901792003484
2477,0.000343901792003475
2478,0.000343901792003464
2479,0.000343901792003457
2480,0.000343901792003436
2481,0.000343901792003416
2482,0.00034390179200339
2483,0.000343901792003373
2484,0.000343901792003358
2485,0.000343901792003349
2486,0.000343901792003337
2487,0.000343901792003318
2488,0.0003439017920033
2489,0.000343901792003279
2490,0.000343901792003259
2491,0.00034390179200324
2492,0.00034390179200323
2493,0.00034390179200322
2494,0.000343901792003212
2495,0.000343901792003197
2496,0.000343901792003173
2497,0.000343901792003148
2498,0.000343901792003131
2499,0.000343901792003117
2500,0.000343901792003111
2501,0.000343901792003101
2502,0.000343901792003087
2503,0.000343901792003067
2504,0.000343901792003046
2505,0.000343901792003028
2506,0.000343901792003016
2507,0.000343901792003006
2508,0.000343901792002997
2509,0.000343901792002982
2510,0.000343901792002963
2511,0.000343901792002945
2512,0.000343901792002931
2513,0.000343901792002919
2514,0.000343901792002907
2515,0.000343901792002891
2516,0.000343901792002878
2517,0.000343901792002863
2518,0.000343901792002851
2519,0.000343901792002835
2520,0.000343901792002825
2521,0.000343901792002809
2522,0.000343901792002799
2523,0.000343901792002786
2524,0.000343901792002773
2525,0.000343901792002759
2526,0.000343901792002744
2527,0.000343901792002728
2528,0.000343901792002713
2529,0.000343901792002702
2530,0.000343901792002694
2531,0.000343901792002685
2532,0.000343901792002672
2533,0.000343901792002658
2534,0.000343901792002642
2535,0.000343901792002627
2536,0.000343901792002613
2537,0.000343901792002602
2538,0.000343901792002594
2539,0.000343901792002584
2540,0.000343901792002573
2541,0.000343901792002559
2542,0.000343901792002542
2543,0.000343901792002528
2544,0.000343901792002518
2545,0.000343901792002512
2546,0.000343901792002502
2547,0.00034390179200249
2548,0.000343901792002478
2549,0.000343901792002463
2550,0.000343901792002448
2551,0.000343901792002436
2552,0.000343901792002427
2553,0.000343901792002417
2554,0.00034390179200241
2555,0.0003439017920024
2556,0.000343901792002389
2557,0.000343901792002372
2558,0.000343901792002354
2559,0.000343901792002346
2560,0.000343901792002339
2561,0.000343901792002333
2562,0.000343901792002328
2563,0.000343901792002319
2564,0.000343901792002302
2565,0.000343901792002284
2566,0.000343901792002268
2567,0.00034390179200226
2568,0.000343901792002258
2569,0.000343901792002256
2570,0.000343901792002248
2571,0.00034390179200223
2572,0.000343901792002213
2573,0.000343901792002199
2574,0.000343901792002189
2575,0.000343901792002185
2576,0.000343901792002183
2577,0.000343901792002177
2578,0.000343901792002165
2579,0.000343901792002148
2580,0.000343901792002132
2581,0.00034390179200212
2582,0.000343901792002115
2583,0.000343901792002113
2584,0.000343901792002112
2585,0.000343901792002101
2586,0.000343901792002085
2587,0.000343901792002063
2588,0.000343901792002051
2589,0.00034390179200205
2590,0.000343901792002053
2591,0.00034390179200205
2592,0.000343901792002039
2593,0.00034390179200202
2594,0.000343901792002
2595,0.000343901792001985
2596,0.000343901792001983
2597,0.000343901792001988
2598,0.00034390179200199
2599,0.000343901792001985
2600,0.000343901792001966
2601,0.000343901792001942
2602,0.000343901792001925
2603,0.000343901792001916
2604,0.000343901792001921
2605,0.000343901792001927
2606,0.000343901792001926
2607,0.000343901792001908
2608,0.000343901792001887
2609,0.000343901792001872
2610,0.000343901792001862
2611,0.000343901792001862
2612,0.000343901792001864
2613,0.000343901792001862
2614,0.000343901792001852
2615,0.000343901792001837
2616,0.000343901792001819
2617,0.000343901792001809
2618,0.000343901792001806
2619,0.000343901792001808
2620,0.000343901792001805
2621,0.000343901792001797
2622,0.000343901792001783
2623,0.000343901792001771
2624,0.000343901792001763
2625,0.000343901792001751
2626,0.000343901792001748
2627,0.000343901792001748
2628,0.000343901792001747
2629,0.000343901792001738
2630,0.000343901792001727
2631,0.000343901792001711
2632,0.000343901792001699
2633,0.000343901792001695
2634,0.000343901792001692
2635,0.000343901792001691
2636,0.000343901792001684
2637,0.000343901792001677
2638,0.000343901792001669
2639,0.000343901792001657
2640,0.000343901792001646
2641,0.000343901792001641
2642,0.000343901792001641
2643,0.000343901792001639
2644,0.000343901792001635
2645,0.000343901792001623
2646,0.000343901792001608
2647,0.000343901792001595
2648,0.000343901792001592
2649,0.000343901792001591
2650,0.000343901792001593
2651,0.000343901792001589
2652,0.00034390179200158
2653,0.000343901792001563
2654,0.000343901792001551
2655,0.000343901792001547
2656,0.000343901792001548
2657,0.000343901792001554
2658,0.000343901792001549
2659,0.00034390179200154
2660,0.000343901792001518
2661,0.000343901792001508
2662,0.0003439017920015
2663,0.000343901792001506
2664,0.000343901792001506
2665,0.000343901792001508
2666,0.000343901792001495
2667,0.000343901792001482
2668,0.000343901792001466
2669,0.00034390179200146
2670,0.000343901792001459
2671,0.000343901792001463
2672,0.000343901792001463
2673,0.000343901792001455
2674,0.000343901792001441
2675,0.000343901792001431
2676,0.000343901792001426
2677,0.000343901792001423
2678,0.000343901792001423
2679,0.000343901792001422
2680,0.000343901792001418
2681,0.000343901792001405
2682,0.000343901792001393
2683,0.000343901792001384
2684,0.000343901792001381
2685,0.000343901792001382
2686,0.000343901792001385
2687,0.000343901792001379
2688,0.000343901792001372
2689,0.000343901792001358
2690,0.000343901792001349
2691,0.000343901792001344
2692,0.000343901792001346
2693,0.000343901792001346
2694,0.000343901792001345
2695,0.000343901792001336
2696,0.000343901792001325
2697,0.000343901792001315
2698,0.000343901792001308
2699,0.000343901792001307
2700,0.00034390179200131
2701,0.000343901792001308
2702,0.000343901792001302
2703,0.000343901792001292
2704,0.000343901792001285
2705,0.000343901792001279
2706,0.000343901792001276
2707,0.000343901792001275
2708,0.000343901792001271
2709,0.000343901792001265
2710,0.000343901792001257
2711,0.000343901792001251
2712,0.000343901792001246
2713,0.000343901792001247
2714,0.000343901792001244
2715,0.000343901792001242
2716,0.000343901792001235
2717,0.000343901792001227
2718,0.000343901792001218
2719,0.000343901792001212
2720,0.000343901792001211
2721,0.000343901792001214
2722,0.000343901792001214
2723,0.000343901792001211
2724,0.000343901792001202
2725,0.000343901792001187
2726,0.000343901792001176
2727,0.000343901792001174
2728,0.000343901792001181
2729,0.000343901792001186
2730,0.00034390179200119
2731,0.00034390179200118
2732,0.000343901792001163
2733,0.000343901792001144
2734,0.000343901792001137
2735,0.000343901792001143
2736,0.000343901792001154
2737,0.00034390179200116
2738,0.000343901792001155
2739,0.000343901792001143
2740,0.000343901792001125
2741,0.000343901792001114
2742,0.00034390179200111
2743,0.00034390179200112
2744,0.000343901792001128
2745,0.000343901792001132
2746,0.000343901792001125
2747,0.000343901792001106
2748,0.000343901792001087
2749,0.000343901792001079
2750,0.000343901792001083
2751,0.000343901792001097
2752,0.000343901792001106
2753,0.000343901792001103
2754,0.000343901792001088
2755,0.00034390179200107
2756,0.000343901792001055
2757,0.000343901792001054
2758,0.000343901792001063
2759,0.000343901792001074
2760,0.000343901792001079
2761,0.000343901792001069
2762,0.00034390179200105
2763,0.000343901792001034
2764,0.000343901792001028
2765,0.000343901792001036
2766,0.000343901792001049
2767,0.000343901792001056
2768,0.000343901792001047
2769,0.000343901792001028
2770,0.000343901792001011
2771,0.000343901792001004
2772,0.00034390179200101
2773,0.000343901792001022
2774,0.000343901792001028
2775,0.000343901792001027
2776,0.000343901792001012
2777,0.000343901792000995
2778,0.000343901792000983
2779,0.000343901792000983
2780,0.000343901792000993
2781,0.000343901792001
2782,0.000343901792001003
2783,0.000343901792000994
2784,0.000343901792000981
2785,0.000343901792000967
2786,0.000343901792000964
2787,0.000343901792000966
2788,0.000343901792000976
2789,0.000343901792000977
2790,0.000343901792000974
2791,0.000343901792000964
2792,0.000343901792000951
2793,0.000343901792000944
2794,0.000343901792000942
2795,0.000343901792000947
2796,0.000343901792000954
2797,0.000343901792000954
2798,0.000343901792000946
2799,0.000343901792000937
2800,0.000343901792000928
2801,0.000343901792000925
2802,0.000343901792000925
2803,0.000343901792000929
2804,0.000343901792000931
2805,0.000343901792000927
2806,0.000343901792000921
2807,0.000343901792000912
2808,0.000343901792000909
2809,0.00034390179200091
2810,0.000343901792000907
2811,0.000343901792000909
2812,0.000343901792000907
2813,0.000343901792000906
2814,0.000343901792000897
2815,0.000343901792000892
2816,0.000343901792000886
2817,0.000343901792000888
2818,0.000343901792000891
2819,0.000343901792000891
2820,0.000343901792000888
2821,0.000343901792000881
2822,0.000343901792000874
2823,0.00034390179200087
2824,0.000343901792000871
2825,0.000343901792000873
2826,0.000343901792000872
2827,0.00034390179200087
2828,0.000343901792000863
2829,0.00034390179200086
2830,0.000343901792000858
2831,0.000343901792000857
2832,0.000343901792000853
2833,0.00034390179200085
2834,0.000343901792000847
2835,0.000343901792000846
2836,0.000343901792000847
2837,0.000343901792000846
2838,0.000343901792000845
2839,0.000343901792000839
2840,0.000343901792000836
2841,0.000343901792000831
2842,0.000343901792000829
2843,0.000343901792000828
2844,0.00034390179200083
2845,0.000343901792000826
2846,0.000343901792000823
2847,0.00034390179200082
2848,0.000343901792000817
2849,0.000343901792000815
2850,0.000343901792000813
2851,0.000343901792000811
2852,0.00034390179200081
2853,0.00034390179200081
2854,0.000343901792000809
2855,0.000343901792000807
2856,0.000343901792000803
2857,0.000343901792000798
2858,0.000343901792000793
2859,0.000343901792000792
2860,0.000343901792000793
2861,0.000343901792000796
2862,0.000343901792000797
2863,0.000343901792000793
2864,0.000343901792000785
2865,0.000343901792000777
2866,0.000343901792000774
2867,0.000343901792000776
2868,0.000343901792000783
2869,0.000343901792000784
2870,0.000343901792000781
2871,0.000343901792000773
2872,0.000343901792000769
2873,0.000343901792000764
2874,0.000343901792000765
2875,0.000343901792000765
2876,0.000343901792000764
2877,0.000343901792000763
2878,0.000343901792000761
2879,0.000343901792000759
2880,0.000343901792000756
2881,0.000343901792000754
2882,0.000343901792000752
2883,0.000343901792000749
2884,0.000343901792000749
2885,0.000343901792000749
2886,0.00034390179200075
2887,0.000343901792000745
2888,0.000343901792000741
2889,0.000343901792000739
2890,0.000343901792000739
2891,0.000343901792000737
2892,0.000343901792000738
2893,0.000343901792000735
2894,0.000343901792000732
2895,0.000343901792000729
2896,0.000343901792000728
2897,0.000343901792000727
2898,0.000343901792000727
2899,0.000343901792000729
2900,0.000343901792000725
2901,0.00034390179200072
2902,0.000343901792000715
2903,0.000343901792000714
2904,0.000343901792000718
2905,0.000343901792000721
2906,0.000343901792000721
2907,0.000343901792000717
2908,0.000343901792000707
2909,0.000343901792000701
2910,0.000343901792000697
2911,0.000343901792000702
2912,0.000343901792000711
2913,0.000343901792000715
2914,0.000343901792000709
2915,0.0003439017920007
2916,0.00034390179200069
2917,0.000343901792000684
2918,0.000343901792000689
2919,0.000343901792000697
2920,0.000343901792000705
2921,0.000343901792000703
2922,0.000343901792000693
2923,0.000343901792000679
2924,0.000343901792000672
2925,0.000343901792000676
2926,0.000343901792000688
2927,0.000343901792000698
2928,0.000343901792000697
2929,0.000343901792000687
2930,0.00034390179200067
2931,0.000343901792000658
2932,0.000343901792000665
2933,0.000343901792000677
2934,0.000343901792000688
2935,0.000343901792000689
2936,0.000343901792000678
2937,0.000343901792000662
2938,0.00034390179200065
2939,0.000343901792000654
2940,0.000343901792000665
2941,0.000343901792000678
2942,0.000343901792000681
2943,0.000343901792000674
2944,0.000343901792000658
2945,0.000343901792000647
2946,0.000343901792000642
2947,0.00034390179200065
2948,0.000343901792000662
2949,0.000343901792000668
2950,0.000343901792000665
2951,0.000343901792000655
2952,0.000343901792000644
2953,0.000343901792000638
2954,0.00034390179200064
2955,0.00034390179200065
2956,0.000343901792000654
2957,0.000343901792000655
2958,0.000343901792000648
2959,0.000343901792000642
2960,0.000343901792000634
2961,0.000343901792000635
2962,0.000343901792000638
2963,0.000343901792000643
2964,0.000343901792000642
2965,0.00034390179200064
2966,0.000343901792000635
2967,0.000343901792000631
2968,0.000343901792000628
2969,0.00034390179200063
2970,0.000343901792000631
2971,0.000343901792000631
2972,0.000343901792000633
2973,0.000343901792000629
2974,0.000343901792000626
2975,0.00034390179200062
2976,0.000343901792000621
2977,0.000343901792000621
2978,0.000343901792000625
2979,0.000343901792000628
2980,0.000343901792000626
2981,0.000343901792000621
2982,0.000343901792000617
2983,0.000343901792000614
2984,0.000343901792000611
2985,0.000343901792000612
2986,0.000343901792000615
2987,0.000343901792000618
2988,0.000343901792000617
2989,0.000343901792000613
2990,0.00034390179200061
2991,0.000343901792000607
2992,0.000343901792000607
2993,0.000343901792000606
2994,0.000343901792000609
2995,0.000343901792000608
2996,0.000343901792000607
2997,0.000343901792000604
2998,0.000343901792000601
2999,0.000343901792000599
3000,0.0003439017920006
3001,0.000343901792000602
3002,0.000343901792000601
3003,0.000343901792000598
3004,0.000343901792000596
3005,0.000343901792000595
3006,0.000343901792000594
3007,0.000343901792000592
3008,0.000343901792000592
3009,0.000343901792000594
3010,0.000343901792000597
3011,0.000343901792000594
3012,0.000343901792000591
3013,0.000343901792000587
3014,0.000343901792000584
3015,0.000343901792000585
3016,0.000343901792000585
3017,0.000343901792000589
3018,0.00034390179200059
3019,0.000343901792000587
3020,0.000343901792000582
3021,0.00034390179200058
3022,0.000343901792000576
3023,0.000343901792000579
3024,0.000343901792000582
3025,0.000343901792000587
3026,0.000343901792000581
3027,0.000343901792000579
3028,0.000343901792000573
3029,0.000343901792000571
3030,0.000343901792000572
3031,0.000343901792000576
3032,0.000343901792000579
3033,0.000343901792000578
3034,0.000343901792000574
3035,0.000343901792000567
3036,0.000343901792000565
3037,0.000343901792000567
3038,0.000343901792000571
3039,0.000343901792000572
3040,0.000343901792000574
3041,0.000343901792000569
3042,0.000343901792000564
3043,0.000343901792000559
3044,0.000343901792000562
3045,0.000343901792000565
3046,0.00034390179200057
3047,0.00034390179200057
3048,0.000343901792000564
3049,0.000343901792000555
3050,0.000343901792000552
3051,0.000343901792000554
3052,0.000343901792000562
3053,0.000343901792000565
3054,0.000343901792000566
3055,0.00034390179200056
3056,0.000343901792000553
3057,0.000343901792000548
3058,0.000343901792000548
3059,0.000343901792000555
3060,0.000343901792000561
3061,0.000343901792000561
3062,0.000343901792000556
3063,0.00034390179200055
3064,0.000343901792000545
3065,0.000343901792000543
3066,0.000343901792000548
3067,0.000343901792000555
3068,0.000343901792000557
3069,0.000343901792000552
3070,0.000343901792000548
3071,0.000343901792000541
3072,0.000343901792000539
3073,0.000343901792000541
3074,0.000343901792000547
3075,0.000343901792000551
3076,0.00034390179200055
3077,0.000343901792000546
3078,0.000343901792000539
3079,0.000343901792000537
3080,0.000343901792000536
3081,0.000343901792000541
3082,0.000343901792000543
3083,0.000343901792000544
3084,0.000343901792000541
3085,0.000343901792000537
3086,0.000343901792000535
3087,0.000343901792000535
3088,0.000343901792000537
3089,0.000343901792000538
3090,0.000343901792000538
3091,0.000343901792000537
3092,0.000343901792000534
3093,0.000343901792000531
3094,0.000343901792000531
3095,0.000343901792000531
3096,0.000343901792000533
3097,0.000343901792000535
3098,0.000343901792000535
3099,0.000343901792000532
3100,0.000343901792000528
3101,0.000343901792000525
3102,0.000343901792000525
3103,0.000343901792000528
3104,0.000343901792000532
3105,0.000343901792000533
3106,0.000343901792000531
3107,0.000343901792000526
3108,0.000343901792000521
3109,0.000343901792000521
3110,0.000343901792000522
3111,0.000343901792000529
3112,0.00034390179200053
3113,0.000343901792000529
3114,0.000343901792000523
3115,0.000343901792000519
3116,0.000343901792000515
3117,0.000343901792000517
3118,0.000343901792000522
3119,0.000343901792000526
3120,0.000343901792000526
3121,0.000343901792000522
3122,0.000343901792000518
3123,0.000343901792000513
3124,0.000343901792000512
3125,0.000343901792000515
3126,0.00034390179200052
3127,0.000343901792000524
3128,0.00034390179200052
3129,0.000343901792000518
3130,0.000343901792000513
3131,0.00034390179200051
3132,0.00034390179200051
3133,0.000343901792000514
3134,0.000343901792000515
3135,0.000343901792000516
3136,0.000343901792000516
3137,0.000343901792000513
3138,0.000343901792000509
3139,0.000343901792000506
3140,0.000343901792000508
3141,0.000343901792000511
3142,0.000343901792000514
3143,0.000343901792000513
3144,0.000343901792000512
3145,0.000343901792000508
3146,0.000343901792000506
3147,0.000343901792000505
3148,0.000343901792000505
3149,0.000343901792000508
3150,0.00034390179200051
3151,0.000343901792000509
3152,0.000343901792000508
3153,0.000343901792000506
3154,0.000343901792000504
3155,0.000343901792000503
3156,0.000343901792000503
3157,0.000343901792000504
3158,0.000343901792000504
3159,0.000343901792000504
3160,0.000343901792000504
3161,0.000343901792000503
3162,0.000343901792000503
3163,0.000343901792000502
3164,0.000343901792000501
3165,0.000343901792000502
3166,0.0003439017920005
3167,0.0003439017920005
3168,0.0003439017920005
3169,0.0003439017920005
3170,0.000343901792000499
3171,0.000343901792000499
3172,0.000343901792000497
3173,0.000343901792000497
3174,0.000343901792000499
3175,0.000343901792000499
3176,0.0003439017920005
3177,0.000343901792000497
3178,0.000343901792000497
3179,0.000343901792000495
3180,0.000343901792000494
3181,0.000343901792000495
3182,0.000343901792000494
3183,0.000343901792000496
3184,0.000343901792000496
3185,0.000343901792000495
3186,0.000343901792000494
3187,0.000343901792000494
3188,0.000343901792000493
3189,0.000343901792000492
3190,0.000343901792000491
3191,0.000343901792000491
3192,0.000343901792000492
3193,0.000343901792000492
3194,0.000343901792000492
3195,0.00034390179200049
3196,0.000343901792000491
3197,0.000343901792000491
3198,0.00034390179200049
3199,0.000343901792000489
3200,0.000343901792000489
3201,0.000343901792000489
3202,0.000343901792000488
3203,0.000343901792000488
3204,0.000343901792000488
3205,0.000343901792000488
3206,0.000343901792000487
3207,0.000343901792000487
3208,0.000343901792000486
3209,0.000343901792000486
3210,0.000343901792000486
3211,0.000343901792000487
3212,0.000343901792000489
3213,0.00034390179200049
3214,0.000343901792000484
3215,0.000343901792000481
3216,0.000343901792000478
3217,0.000343901792000479
3218,0.000343901792000486
3219,0.000343901792000489
3220,0.00034390179200049
3221,0.000343901792000487
3222,0.000343901792000481
3223,0.000343901792000475
3224,0.000343901792000475
3225,0.00034390179200048
3226,0.000343901792000486
3227,0.000343901792000492
3228,0.000343901792000489
3229,0.000343901792000481
3230,0.000343901792000471
3231,0.00034390179200047
3232,0.000343901792000473
3233,0.000343901792000484
3234,0.000343901792000492
3235,0.000343901792000491
3236,0.000343901792000482
3237,0.000343901792000471
3238,0.000343901792000465
3239,0.000343901792000468
3240,0.000343901792000479
3241,0.00034390179200049
3242,0.000343901792000492
3243,0.000343901792000485
3244,0.000343901792000472
3245,0.000343901792000463
3246,0.000343901792000464
3247,0.000343901792000472
3248,0.000343901792000485
3249,0.000343901792000492
3250,0.000343901792000488
3251,0.000343901792000473
3252,0.000343901792000463
3253,0.000343901792000458
3254,0.000343901792000465
3255,0.000343901792000479
3256,0.000343901792000491
3257,0.000343901792000491
3258,0.000343901792000478
3259,0.000343901792000465
3260,0.000343901792000456
3261,0.000343901792000461
3262,0.000343901792000472
3263,0.000343901792000488
3264,0.000343901792000491
3265,0.000343901792000483
3266,0.000343901792000467
3267,0.000343901792000456
3268,0.000343901792000455
3269,0.000343901792000464
3270,0.000343901792000479
3271,0.000343901792000489
3272,0.000343901792000487
3273,0.000343901792000471
3274,0.00034390179200046
3275,0.000343901792000453
3276,0.000343901792000459
3277,0.000343901792000471
3278,0.000343901792000483
3279,0.000343901792000487
3280,0.000343901792000476
3281,0.000343901792000463
3282,0.000343901792000453
3283,0.000343901792000454
3284,0.000343901792000463
3285,0.000343901792000478
3286,0.000343901792000485
3287,0.000343901792000481
3288,0.000343901792000465
3289,0.000343901792000455
3290,0.00034390179200045
3291,0.000343901792000459
3292,0.000343901792000473
3293,0.000343901792000482
3294,0.000343901792000482
3295,0.00034390179200047
3296,0.000343901792000457
3297,0.00034390179200045
3298,0.000343901792000455
3299,0.000343901792000465
3300,0.000343901792000478
3301,0.000343901792000481
3302,0.000343901792000472
3303,0.000343901792000459
3304,0.000343901792000451
3305,0.000343901792000451
3306,0.000343901792000461
3307,0.000343901792000473
3308,0.00034390179200048
3309,0.000343901792000473
3310,0.000343901792000462
3311,0.000343901792000452
3312,0.000343901792000449
3313,0.000343901792000457
3314,0.000343901792000469
3315,0.000343901792000479
3316,0.000343901792000477
3317,0.000343901792000466
3318,0.000343901792000452
3319,0.000343901792000446
3320,0.000343901792000451
3321,0.000343901792000463
3322,0.000343901792000475
3323,0.000343901792000479
3324,0.000343901792000467
3325,0.000343901792000456
3326,0.000343901792000445
3327,0.000343901792000447
3328,0.000343901792000456
3329,0.000343901792000471
3330,0.000343901792000478
3331,0.000343901792000474
3332,0.000343901792000461
3333,0.000343901792000448
3334,0.000343901792000442
3335,0.000343901792000452
3336,0.000343901792000464
3337,0.000343901792000475
3338,0.000343901792000476
3339,0.000343901792000464
3340,0.00034390179200045
3341,0.000343901792000443
3342,0.000343901792000445
3343,0.000343901792000458
3344,0.000343901792000471
3345,0.000343901792000477
3346,0.000343901792000468
3347,0.000343901792000455
3348,0.000343901792000443
3349,0.000343901792000441
3350,0.000343901792000451
3351,0.000343901792000465
3352,0.000343901792000476
3353,0.000343901792000472
3354,0.000343901792000461
3355,0.000343901792000444
3356,0.000343901792000437
3357,0.000343901792000445
3358,0.000343901792000459
3359,0.000343901792000472
3360,0.000343901792000475
3361,0.000343901792000464
3362,0.000343901792000446
3363,0.000343901792000437
3364,0.000343901792000439
3365,0.000343901792000453
3366,0.000343901792000467
3367,0.000343901792000476
3368,0.000343901792000467
3369,0.000343901792000453
3370,0.00034390179200044
3371,0.000343901792000436
3372,0.000343901792000448
3373,0.000343901792000462
3374,0.000343901792000474
3375,0.000343901792000469
3376,0.000343901792000458
3377,0.000343901792000442
3378,0.000343901792000434
3379,0.000343901792000441
3380,0.000343901792000455
3381,0.000343901792000468
3382,0.000343901792000472
3383,0.000343901792000461
3384,0.000343901792000446
3385,0.000343901792000437
3386,0.000343901792000436
3387,0.00034390179200045
3388,0.000343901792000462
3389,0.000343901792000471
3390,0.000343901792000465
3391,0.000343901792000453
3392,0.000343901792000438
3393,0.000343901792000435
3394,0.000343901792000445
3395,0.000343901792000457
3396,0.000343901792000469
3397,0.000343901792000467
3398,0.000343901792000457
3399,0.00034390179200044
3400,0.000343901792000434
3401,0.000343901792000439
3402,0.000343901792000453
3403,0.000343901792000465
3404,0.000343901792000468
3405,0.000343901792000457
3406,0.000343901792000442
3407,0.000343901792000435
3408,0.000343901792000437
3409,0.000343901792000452
3410,0.000343901792000462
3411,0.000343901792000466
3412,0.000343901792000458
3413,0.000343901792000446
3414,0.000343901792000435
3415,0.000343901792000436
3416,0.000343901792000448
3417,0.000343901792000459
3418,0.000343901792000465
3419,0.00034390179200046
3420,0.000343901792000448
3421,0.000343901792000437
3422,0.000343901792000435
3423,0.000343901792000443
3424,0.000343901792000454
3425,0.000343901792000461
3426,0.00034390179200046
3427,0.000343901792000452
3428,0.00034390179200044
3429,0.000343901792000436
3430,0.000343901792000441
3431,0.00034390179200045
3432,0.000343901792000455
3433,0.000343901792000456
3434,0.000343901792000452
3435,0.000343901792000446
3436,0.000343901792000439
3437,0.000343901792000439
3438,0.000343901792000447
3439,0.000343901792000453
3440,0.000343901792000457
3441,0.000343901792000455
3442,0.000343901792000448
3443,0.000343901792000439
3444,0.000343901792000437
3445,0.000343901792000441
3446,0.000343901792000451
3447,0.000343901792000457
3448,0.000343901792000457
3449,0.000343901792000449
3450,0.000343901792000439
3451,0.000343901792000435
3452,0.000343901792000441
3453,0.000343901792000449
3454,0.000343901792000453
3455,0.000343901792000456
3456,0.00034390179200045
3457,0.000343901792000443
3458,0.000343901792000436
3459,0.000343901792000439
3460,0.000343901792000447
3461,0.000343901792000453
3462,0.000343901792000456
3463,0.000343901792000452
3464,0.000343901792000443
3465,0.000343901792000435
3466,0.000343901792000436
3467,0.000343901792000442
3468,0.000343901792000451
3469,0.000343901792000458
3470,0.000343901792000455
3471,0.000343901792000448
3472,0.000343901792000437
3473,0.000343901792000434
3474,0.000343901792000437
3475,0.000343901792000447
3476,0.000343901792000452
3477,0.000343901792000455
3478,0.00034390179200045
3479,0.000343901792000442
3480,0.000343901792000433
3481,0.000343901792000436
3482,0.000343901792000441
3483,0.00034390179200045
3484,0.000343901792000453
3485,0.000343901792000452
3486,0.000343901792000446
3487,0.000343901792000437
3488,0.000343901792000435
3489,0.000343901792000437
3490,0.000343901792000445
3491,0.000343901792000452
3492,0.000343901792000454
3493,0.000343901792000449
3494,0.000343901792000439
3495,0.000343901792000432
3496,0.000343901792000433
3497,0.000343901792000441
3498,0.00034390179200045
3499,0.000343901792000455
3500,0.000343901792000452
3501,0.000343901792000445
3502,0.000343901792000434
3503,0.000343901792000432
3504,0.000343901792000437
3505,0.000343901792000447
3506,0.000343901792000454
3507,0.000343901792000454
3508,0.000343901792000446
3509,0.000343901792000435
3510,0.00034390179200043
3511,0.000343901792000432
3512,0.000343901792000444
3513,0.00034390179200045
3514,0.000343901792000455
3515,0.00034390179200045
3516,0.000343901792000439
3517,0.00034390179200043
3518,0.000343901792000431
3519,0.000343901792000439
3520,0.000343901792000448
3521,0.000343901792000454
3522,0.000343901792000451
3523,0.000343901792000443
3524,0.000343901792000434
3525,0.000343901792000429
3526,0.000343901792000433
3527,0.000343901792000444
3528,0.000343901792000453
3529,0.000343901792000452
3530,0.000343901792000448
3531,0.000343901792000436
3532,0.000343901792000429
3533,0.000343901792000431
3534,0.000343901792000439
3535,0.000343901792000448
3536,0.000343901792000454
3537,0.000343901792000452
3538,0.000343901792000441
3539,0.00034390179200043
3540,0.000343901792000427
3541,0.000343901792000432
3542,0.000343901792000444
3543,0.000343901792000454
3544,0.000343901792000455
3545,0.000343901792000447
3546,0.000343901792000435
3547,0.000343901792000427
3548,0.00034390179200043
3549,0.00034390179200044
3550,0.00034390179200045
3551,0.000343901792000453
3552,0.00034390179200045
3553,0.000343901792000439
3554,0.000343901792000429
3555,0.000343901792000427
3556,0.000343901792000434
3557,0.000343901792000444
3558,0.000343901792000453
3559,0.000343901792000452
3560,0.000343901792000444
3561,0.000343901792000432
3562,0.000343901792000427
3563,0.000343901792000429
3564,0.000343901792000441
3565,0.00034390179200045
3566,0.000343901792000453
3567,0.000343901792000448
3568,0.000343901792000437
3569,0.000343901792000427
3570,0.000343901792000428
3571,0.000343901792000436
3572,0.000343901792000446
3573,0.000343901792000453
3574,0.000343901792000451
3575,0.00034390179200044
3576,0.00034390179200043
3577,0.000343901792000425
3578,0.00034390179200043
3579,0.000343901792000443
3580,0.00034390179200045
3581,0.000343901792000452
3582,0.000343901792000447
3583,0.000343901792000434
3584,0.000343901792000426
3585,0.000343901792000427
3586,0.000343901792000438
3587,0.000343901792000447
3588,0.000343901792000452
3589,0.000343901792000449
3590,0.000343901792000438
3591,0.000343901792000426
3592,0.000343901792000424
3593,0.000343901792000432
3594,0.000343901792000444
3595,0.000343901792000451
3596,0.000343901792000451
3597,0.000343901792000444
3598,0.000343901792000432
3599,0.000343901792000425
3600,0.000343901792000428
3601,0.00034390179200044
3602,0.000343901792000449
3603,0.000343901792000451
3604,0.000343901792000448
3605,0.000343901792000436
3606,0.000343901792000426
3607,0.000343901792000425
3608,0.000343901792000433
3609,0.000343901792000444
3610,0.000343901792000452
3611,0.000343901792000449
3612,0.00034390179200044
3613,0.000343901792000429
3614,0.000343901792000424
3615,0.000343901792000429
3616,0.000343901792000442
3617,0.00034390179200045
3618,0.000343901792000452
3619,0.000343901792000444
3620,0.000343901792000433
3621,0.000343901792000423
3622,0.000343901792000425
3623,0.000343901792000438
3624,0.000343901792000448
3625,0.000343901792000452
3626,0.000343901792000447
3627,0.000343901792000436
3628,0.000343901792000425
3629,0.000343901792000424
3630,0.000343901792000432
3631,0.000343901792000444
3632,0.000343901792000451
3633,0.000343901792000449
3634,0.00034390179200044
3635,0.00034390179200043
3636,0.000343901792000423
3637,0.000343901792000427
3638,0.000343901792000439
3639,0.00034390179200045
3640,0.000343901792000451
3641,0.000343901792000444
3642,0.000343901792000431
3643,0.000343901792000424
3644,0.000343901792000424
3645,0.000343901792000435
3646,0.000343901792000445
3647,0.000343901792000451
3648,0.000343901792000448
3649,0.000343901792000437
3650,0.000343901792000427
3651,0.000343901792000422
3652,0.000343901792000428
3653,0.000343901792000441
3654,0.00034390179200045
3655,0.00034390179200045
3656,0.000343901792000441
3657,0.000343901792000431
3658,0.000343901792000422
3659,0.000343901792000425
3660,0.000343901792000437
3661,0.000343901792000447
3662,0.000343901792000451
3663,0.000343901792000446
3664,0.000343901792000435
3665,0.000343901792000424
3666,0.000343901792000421
3667,0.00034390179200043
3668,0.000343901792000441
3669,0.00034390179200045
3670,0.000343901792000448
3671,0.000343901792000439
3672,0.000343901792000427
3673,0.000343901792000422
3674,0.000343901792000427
3675,0.000343901792000439
3676,0.000343901792000448
3677,0.000343901792000449
3678,0.000343901792000443
3679,0.00034390179200043
3680,0.000343901792000423
3681,0.000343901792000423
3682,0.000343901792000434
3683,0.000343901792000445
3684,0.00034390179200045
3685,0.000343901792000445
3686,0.000343901792000433
3687,0.000343901792000423
3688,0.00034390179200042
3689,0.00034390179200043
3690,0.000343901792000442
3691,0.00034390179200045
3692,0.000343901792000448
3693,0.000343901792000439
3694,0.000343901792000428
3695,0.000343901792000422
3696,0.000343901792000425
3697,0.000343901792000438
3698,0.000343901792000446
3699,0.000343901792000449
3700,0.000343901792000443
3701,0.000343901792000432
3702,0.000343901792000424
3703,0.000343901792000424
3704,0.000343901792000432
3705,0.000343901792000443
3706,0.000343901792000448
3707,0.000343901792000446
3708,0.000343901792000437
3709,0.000343901792000426
3710,0.000343901792000421
3711,0.000343901792000426
3712,0.000343901792000439
3713,0.000343901792000448
3714,0.000343901792000448
3715,0.000343901792000442
3716,0.00034390179200043
3717,0.000343901792000421
3718,0.000343901792000423
3719,0.000343901792000432
3720,0.000343901792000445
3721,0.000343901792000449
3722,0.000343901792000446
3723,0.000343901792000433
3724,0.000343901792000423
3725,0.00034390179200042
3726,0.000343901792000428
3727,0.00034390179200044
3728,0.000343901792000447
3729,0.000343901792000446
3730,0.000343901792000437
3731,0.000343901792000426
3732,0.000343901792000421
3733,0.000343901792000424
3734,0.000343901792000437
3735,0.000343901792000446
3736,0.000343901792000448
3737,0.000343901792000443
3738,0.000343901792000431
3739,0.000343901792000421
3740,0.000343901792000421
3741,0.000343901792000432
3742,0.000343901792000443
3743,0.000343901792000449
3744,0.000343901792000447
3745,0.000343901792000434
3746,0.000343901792000425
3747,0.000343901792000419
3748,0.000343901792000427
3749,0.000343901792000439
3750,0.000343901792000448
3751,0.000343901792000447
3752,0.000343901792000439
3753,0.000343901792000428
3754,0.000343901792000419
3755,0.000343901792000423
3756,0.000343901792000435
3757,0.000343901792000445
3758,0.000343901792000448
3759,0.000343901792000443
3760,0.000343901792000434
3761,0.000343901792000423
3762,0.000343901792000419
3763,0.000343901792000426
3764,0.000343901792000439
3765,0.000343901792000448
3766,0.000343901792000447
3767,0.000343901792000439
3768,0.000343901792000428
3769,0.00034390179200042
3770,0.000343901792000423
3771,0.000343901792000433
3772,0.000343901792000444
3773,0.000343901792000448
3774,0.000343901792000444
3775,0.000343901792000433
3776,0.000343901792000423
3777,0.000343901792000419
3778,0.000343901792000428
3779,0.000343901792000439
3780,0.000343901792000447
3781,0.000343901792000447
3782,0.000343901792000438
3783,0.000343901792000429
3784,0.000343901792000421
3785,0.000343901792000423
3786,0.000343901792000432
3787,0.000343901792000445
3788,0.000343901792000447
3789,0.000343901792000444
3790,0.000343901792000433
3791,0.000343901792000424
3792,0.000343901792000419
3793,0.000343901792000427
3794,0.000343901792000439
3795,0.000343901792000447
3796,0.000343901792000446
3797,0.000343901792000439
3798,0.000343901792000427
3799,0.000343901792000419
3800,0.000343901792000422
3801,0.000343901792000434
3802,0.000343901792000444
3803,0.000343901792000448
3804,0.000343901792000443
3805,0.000343901792000431
3806,0.000343901792000422
3807,0.000343901792000419
3808,0.000343901792000428
3809,0.000343901792000442
3810,0.000343901792000448
3811,0.000343901792000446
3812,0.000343901792000436
3813,0.000343901792000425
3814,0.000343901792000418
3815,0.000343901792000424
3816,0.000343901792000436
3817,0.000343901792000445
3818,0.000343901792000447
3819,0.00034390179200044
3820,0.000343901792000428
3821,0.000343901792000419
3822,0.00034390179200042
3823,0.00034390179200043
3824,0.000343901792000441
3825,0.000343901792000448
3826,0.000343901792000446
3827,0.000343901792000435
3828,0.000343901792000424
3829,0.000343901792000418
3830,0.000343901792000426
3831,0.000343901792000437
3832,0.000343901792000445
3833,0.000343901792000445
3834,0.000343901792000438
3835,0.000343901792000427
3836,0.000343901792000421
3837,0.000343901792000422
3838,0.000343901792000432
3839,0.000343901792000443
3840,0.000343901792000446
3841,0.000343901792000443
3842,0.000343901792000432
3843,0.000343901792000423
3844,0.000343901792000418
3845,0.000343901792000425
3846,0.000343901792000438
3847,0.000343901792000446
3848,0.000343901792000445
3849,0.000343901792000438
3850,0.000343901792000427
3851,0.000343901792000422
3852,0.000343901792000423
3853,0.000343901792000434
3854,0.000343901792000442
3855,0.000343901792000445
3856,0.000343901792000442
3857,0.000343901792000431
3858,0.000343901792000423
3859,0.000343901792000419
3860,0.000343901792000427
3861,0.000343901792000437
3862,0.000343901792000444
3863,0.000343901792000444
3864,0.000343901792000437
3865,0.000343901792000427
3866,0.000343901792000421
3867,0.000343901792000423
3868,0.000343901792000432
3869,0.000343901792000443
3870,0.000343901792000445
3871,0.000343901792000441
3872,0.000343901792000432
3873,0.000343901792000423
3874,0.000343901792000418
3875,0.000343901792000426
3876,0.000343901792000437
3877,0.000343901792000446
3878,0.000343901792000445
3879,0.000343901792000438
3880,0.000343901792000426
3881,0.000343901792000418
3882,0.000343901792000422
3883,0.000343901792000432
3884,0.000343901792000443
3885,0.000343901792000446
3886,0.000343901792000442
3887,0.00034390179200043
3888,0.00034390179200042
3889,0.000343901792000418
3890,0.000343901792000427
3891,0.000343901792000439
3892,0.000343901792000447
3893,0.000343901792000445
3894,0.000343901792000436
3895,0.000343901792000425
3896,0.000343901792000419
3897,0.000343901792000423
3898,0.000343901792000434
3899,0.000343901792000444
3900,0.000343901792000447
3901,0.000343901792000441
3902,0.000343901792000429
3903,0.000343901792000419
3904,0.000343901792000418
3905,0.000343901792000428
3906,0.000343901792000439
3907,0.000343901792000447
3908,0.000343901792000444
3909,0.000343901792000435
3910,0.000343901792000425
3911,0.000343901792000419
3912,0.000343901792000422
3913,0.000343901792000434
3914,0.000343901792000442
3915,0.000343901792000446
3916,0.000343901792000441
3917,0.000343901792000429
3918,0.000343901792000421
3919,0.00034390179200042
3920,0.000343901792000429
3921,0.000343901792000441
3922,0.000343901792000445
3923,0.000343901792000442
3924,0.000343901792000432
3925,0.000343901792000424
3926,0.000343901792000419
3927,0.000343901792000426
3928,0.000343901792000436
3929,0.000343901792000443
3930,0.000343901792000443
3931,0.000343901792000437
3932,0.000343901792000426
3933,0.00034390179200042
3934,0.000343901792000422
3935,0.000343901792000432
3936,0.000343901792000441
3937,0.000343901792000444
3938,0.00034390179200044
3939,0.000343901792000432
3940,0.000343901792000424
3941,0.00034390179200042
3942,0.000343901792000426
3943,0.000343901792000437
3944,0.000343901792000444
3945,0.000343901792000444
3946,0.000343901792000436
3947,0.000343901792000426
3948,0.000343901792000419
3949,0.000343901792000421
3950,0.000343901792000433
3951,0.000343901792000443
3952,0.000343901792000445
3953,0.00034390179200044
3954,0.000343901792000431
3955,0.000343901792000421
3956,0.000343901792000418
3957,0.000343901792000427
3958,0.000343901792000439
3959,0.000343901792000444
3960,0.000343901792000443
3961,0.000343901792000435
3962,0.000343901792000426
3963,0.000343901792000419
3964,0.000343901792000424
3965,0.000343901792000433
3966,0.000343901792000443
3967,0.000343901792000444
3968,0.000343901792000439
3969,0.00034390179200043
3970,0.000343901792000422
3971,0.00034390179200042
3972,0.000343901792000429
3973,0.000343901792000437
3974,0.000343901792000443
3975,0.000343901792000441
3976,0.000343901792000433
3977,0.000343901792000425
3978,0.000343901792000419
3979,0.000343901792000424
3980,0.000343901792000433
3981,0.000343901792000442
3982,0.000343901792000443
3983,0.000343901792000439
3984,0.000343901792000428
3985,0.000343901792000421
3986,0.00034390179200042
3987,0.00034390179200043
3988,0.00034390179200044
3989,0.000343901792000443
3990,0.00034390179200044
3991,0.000343901792000431
3992,0.000343901792000424
3993,0.000343901792000418
3994,0.000343901792000427
3995,0.000343901792000437
3996,0.000343901792000444
3997,0.000343901792000443
3998,0.000343901792000435
3999,0.000343901792000425
4000,0.000343901792000419
4001,0.000343901792000423
4002,0.000343901792000432
4003,0.000343901792000442
4004,0.000343901792000444
4005,0.000343901792000441
4006,0.00034390179200043
4007,0.000343901792000421
4008,0.000343901792000419
4009,0.000343901792000427
4010,0.000343901792000437
4011,0.000343901792000443
4012,0.00034390179200044
4013,0.000343901792000432
4014,0.000343901792000424
4015,0.000343901792000419
4016,0.000343901792000425
4017,0.000343901792000434
4018,0.000343901792000443
4019,0.000343901792000441
4020,0.000343901792000437
4021,0.000343901792000428
4022,0.000343901792000421
4023,0.000343901792000421
4024,0.00034390179200043
4025,0.000343901792000442
4026,0.000343901792000444
4027,0.00034390179200044
4028,0.000343901792000431
4029,0.000343901792000421
4030,0.000343901792000419
4031,0.000343901792000427
4032,0.000343901792000438
4033,0.000343901792000444
4034,0.000343901792000444
4035,0.000343901792000435
4036,0.000343901792000425
4037,0.000343901792000417
4038,0.000343901792000422
4039,0.000343901792000433
4040,0.000343901792000443
4041,0.000343901792000445
4042,0.00034390179200044
4043,0.000343901792000428
4044,0.000343901792000419
4045,0.000343901792000419
4046,0.000343901792000428
4047,0.000343901792000438
4048,0.000343901792000445
4049,0.000343901792000442
4050,0.000343901792000433
4051,0.000343901792000424
4052,0.000343901792000417
4053,0.000343901792000423
4054,0.000343901792000433
4055,0.000343901792000444
4056,0.000343901792000444
4057,0.000343901792000438
4058,0.000343901792000426
4059,0.000343901792000418
4060,0.000343901792000419
4061,0.000343901792000428
4062,0.00034390179200044
4063,0.000343901792000445
4064,0.000343901792000442
4065,0.000343901792000431
4066,0.000343901792000421
4067,0.000343901792000416
4068,0.000343901792000425
4069,0.000343901792000436
4070,0.000343901792000444
4071,0.000343901792000444
4072,0.000343901792000437
4073,0.000343901792000426
4074,0.000343901792000418
4075,0.000343901792000421
4076,0.000343901792000432
4077,0.000343901792000442
4078,0.000343901792000445
4079,0.000343901792000441
4080,0.000343901792000429
4081,0.000343901792000419
4082,0.000343901792000418
4083,0.000343901792000427
4084,0.000343901792000438
4085,0.000343901792000445
4086,0.000343901792000443
4087,0.000343901792000433
4088,0.000343901792000423
4089,0.000343901792000417
4090,0.000343901792000424
4091,0.000343901792000434
4092,0.000343901792000444
4093,0.000343901792000444
4094,0.000343901792000438
4095,0.000343901792000427
4096,0.000343901792000417
4097,0.000343901792000419
4098,0.000343901792000429
4099,0.00034390179200044
4100,0.000343901792000444
4101,0.000343901792000441
4102,0.000343901792000429
4103,0.000343901792000422
4104,0.000343901792000417
4105,0.000343901792000425
4106,0.000343901792000435
4107,0.000343901792000443
4108,0.000343901792000443
4109,0.000343901792000437
4110,0.000343901792000426
4111,0.000343901792000418
4112,0.000343901792000421
4113,0.00034390179200043
4114,0.000343901792000442
4115,0.000343901792000444
4116,0.000343901792000441
4117,0.000343901792000429
4118,0.00034390179200042
4119,0.000343901792000418
4120,0.000343901792000425
4121,0.000343901792000437
4122,0.000343901792000444
4123,0.000343901792000443
4124,0.000343901792000435
4125,0.000343901792000426
4126,0.000343901792000418
4127,0.000343901792000421
4128,0.000343901792000431
4129,0.000343901792000442
4130,0.000343901792000444
4131,0.00034390179200044
4132,0.000343901792000428
4133,0.000343901792000418
4134,0.000343901792000418
4135,0.000343901792000427
4136,0.00034390179200044
4137,0.000343901792000445
4138,0.000343901792000444
4139,0.000343901792000433
4140,0.000343901792000424
4141,0.000343901792000417
4142,0.000343901792000423
4143,0.000343901792000433
4144,0.000343901792000443
4145,0.000343901792000443
4146,0.000343901792000438
4147,0.000343901792000426
4148,0.00034390179200042
4149,0.000343901792000418
4150,0.000343901792000429
4151,0.000343901792000441
4152,0.000343901792000445
4153,0.000343901792000443
4154,0.000343901792000432
4155,0.000343901792000422
4156,0.000343901792000416
4157,0.000343901792000424
4158,0.000343901792000436
4159,0.000343901792000445
4160,0.000343901792000444
4161,0.000343901792000437
4162,0.000343901792000425
4163,0.000343901792000417
4164,0.000343901792000421
4165,0.000343901792000431
4166,0.000343901792000441
4167,0.000343901792000444
4168,0.000343901792000439
4169,0.000343901792000429
4170,0.000343901792000421
4171,0.000343901792000418
4172,0.000343901792000427
4173,0.000343901792000437
4174,0.000343901792000444
4175,0.000343901792000443
4176,0.000343901792000433
4177,0.000343901792000424
4178,0.000343901792000416
4179,0.000343901792000423
4180,0.000343901792000432
4181,0.000343901792000442
4182,0.000343901792000443
4183,0.000343901792000437
4184,0.000343901792000428
4185,0.000343901792000419
4186,0.000343901792000419
4187,0.000343901792000428
4188,0.000343901792000439
4189,0.000343901792000444
4190,0.00034390179200044
4191,0.000343901792000431
4192,0.000343901792000422
4193,0.000343901792000417
4194,0.000343901792000424
4195,0.000343901792000435
4196,0.000343901792000442
4197,0.000343901792000442
4198,0.000343901792000436
4199,0.000343901792000426
4200,0.00034390179200042
4201,0.000343901792000421
4202,0.000343901792000431
4203,0.000343901792000441
4204,0.000343901792000444
4205,0.000343901792000439
4206,0.000343901792000431
4207,0.000343901792000422
4208,0.000343901792000418
4209,0.000343901792000424
4210,0.000343901792000436
4211,0.000343901792000445
4212,0.000343901792000443
4213,0.000343901792000435
4214,0.000343901792000425
4215,0.000343901792000419
4216,0.000343901792000423
4217,0.000343901792000432
4218,0.000343901792000443
4219,0.000343901792000444
4220,0.000343901792000439
4221,0.000343901792000429
4222,0.00034390179200042
4223,0.000343901792000419
4224,0.000343901792000427
4225,0.000343901792000438
4226,0.000343901792000444
4227,0.000343901792000443
4228,0.000343901792000434
4229,0.000343901792000423
4230,0.000343901792000417
4231,0.000343901792000422
4232,0.000343901792000434
4233,0.000343901792000443
4234,0.000343901792000444
4235,0.000343901792000438
4236,0.000343901792000427
4237,0.000343901792000419
4238,0.000343901792000419
4239,0.00034390179200043
4240,0.000343901792000441
4241,0.000343901792000444
4242,0.00034390179200044
4243,0.000343901792000429
4244,0.00034390179200042
4245,0.000343901792000416
4246,0.000343901792000427
4247,0.000343901792000438
4248,0.000343901792000444
4249,0.000343901792000443
4250,0.000343901792000433
4251,0.000343901792000424
4252,0.000343901792000417
4253,0.000343901792000423
4254,0.000343901792000432
4255,0.000343901792000443
4256,0.000343901792000444
4257,0.000343901792000437
4258,0.000343901792000427
4259,0.000343901792000419
4260,0.00034390179200042
4261,0.000343901792000429
4262,0.000343901792000439
4263,0.000343901792000443
4264,0.00034390179200044
4265,0.000343901792000431
4266,0.000343901792000422
4267,0.000343901792000418
4268,0.000343901792000425
4269,0.000343901792000435
4270,0.000343901792000444
4271,0.000343901792000443
4272,0.000343901792000436
4273,0.000343901792000426
4274,0.000343901792000419
4275,0.00034390179200042
4276,0.00034390179200043
4277,0.000343901792000441
4278,0.000343901792000444
4279,0.000343901792000442
4280,0.00034390179200043
4281,0.000343901792000421
4282,0.000343901792000417
4283,0.000343901792000425
4284,0.000343901792000436
4285,0.000343901792000443
4286,0.000343901792000442
4287,0.000343901792000435
4288,0.000343901792000426
4289,0.000343901792000419
4290,0.00034390179200042
4291,0.00034390179200043
4292,0.000343901792000441
4293,0.000343901792000443
4294,0.00034390179200044
4295,0.000343901792000429
4296,0.00034390179200042
4297,0.000343901792000417
4298,0.000343901792000425
4299,0.000343901792000435
4300,0.000343901792000443
4301,0.000343901792000442
4302,0.000343901792000434
4303,0.000343901792000426
4304,0.000343901792000419
4305,0.000343901792000421
4306,0.00034390179200043
4307,0.000343901792000441
4308,0.000343901792000444
4309,0.000343901792000439
4310,0.000343901792000428
4311,0.000343901792000419
4312,0.000343901792000418
4313,0.000343901792000426
4314,0.000343901792000437
4315,0.000343901792000442
4316,0.00034390179200044
4317,0.00034390179200043
4318,0.000343901792000422
4319,0.000343901792000418
4320,0.000343901792000424
4321,0.000343901792000434
4322,0.000343901792000444
4323,0.000343901792000443
4324,0.000343901792000436
4325,0.000343901792000425
4326,0.000343901792000419
4327,0.00034390179200042
4328,0.00034390179200043
4329,0.000343901792000442
4330,0.000343901792000445
4331,0.00034390179200044
4332,0.00034390179200043
4333,0.00034390179200042
4334,0.000343901792000417
4335,0.000343901792000424
4336,0.000343901792000436
4337,0.000343901792000444
4338,0.000343901792000444
4339,0.000343901792000436
4340,0.000343901792000425
4341,0.000343901792000416
4342,0.00034390179200042
4343,0.00034390179200043
4344,0.000343901792000442
4345,0.000343901792000446
4346,0.000343901792000442
4347,0.000343901792000429
4348,0.000343901792000418
4349,0.000343901792000416
4350,0.000343901792000424
4351,0.000343901792000437
4352,0.000343901792000444
4353,0.000343901792000444
4354,0.000343901792000435
4355,0.000343901792000425
4356,0.000343901792000417
4357,0.000343901792000421
4358,0.000343901792000431
4359,0.000343901792000442
4360,0.000343901792000444
4361,0.000343901792000438
4362,0.000343901792000429
4363,0.00034390179200042
4364,0.000343901792000418
4365,0.000343901792000425
4366,0.000343901792000436
4367,0.000343901792000444
4368,0.000343901792000443
4369,0.000343901792000435
4370,0.000343901792000426
4371,0.00034390179200042
4372,0.000343901792000422
4373,0.000343901792000431
4374,0.000343901792000441
4375,0.000343901792000444
4376,0.00034390179200044
4377,0.00034390179200043
4378,0.000343901792000421
4379,0.000343901792000417
4380,0.000343901792000426
4381,0.000343901792000437
4382,0.000343901792000445
4383,0.000343901792000443
4384,0.000343901792000435
4385,0.000343901792000424
4386,0.000343901792000417
4387,0.000343901792000422
4388,0.000343901792000432
4389,0.000343901792000441
4390,0.000343901792000444
4391,0.000343901792000437
4392,0.000343901792000429
4393,0.000343901792000421
4394,0.000343901792000419
4395,0.000343901792000427
4396,0.000343901792000438
4397,0.000343901792000444
4398,0.000343901792000442
4399,0.000343901792000433
4400,0.000343901792000425
4401,0.000343901792000419
4402,0.000343901792000423
4403,0.000343901792000433
4404,0.000343901792000443
4405,0.000343901792000444
4406,0.000343901792000439
4407,0.000343901792000427
4408,0.000343901792000418
4409,0.000343901792000419
4410,0.000343901792000428
4411,0.00034390179200044
4412,0.000343901792000444
4413,0.000343901792000443
4414,0.000343901792000434
4415,0.000343901792000423
4416,0.000343901792000418
4417,0.000343901792000424
4418,0.000343901792000433
4419,0.000343901792000443
4420,0.000343901792000443
4421,0.000343901792000438
4422,0.000343901792000428
4423,0.000343901792000421
4424,0.000343901792000419
4425,0.000343901792000427
4426,0.000343901792000438
4427,0.000343901792000445
4428,0.000343901792000444
4429,0.000343901792000434
4430,0.000343901792000423
4431,0.000343901792000416
4432,0.000343901792000424
4433,0.000343901792000435
4434,0.000343901792000445
4435,0.000343901792000443
4436,0.000343901792000437
4437,0.000343901792000426
4438,0.000343901792000418
4439,0.000343901792000419
4440,0.00034390179200043
4441,0.000343901792000443
4442,0.000343901792000446
4443,0.000343901792000442
4444,0.000343901792000428
4445,0.000343901792000419
4446,0.000343901792000416
4447,0.000343901792000426
4448,0.000343901792000438
4449,0.000343901792000446
4450,0.000343901792000444
4451,0.000343901792000436
4452,0.000343901792000425
4453,0.000343901792000417
4454,0.000343901792000421
4455,0.000343901792000432
4456,0.000343901792000443
4457,0.000343901792000443
4458,0.000343901792000439
4459,0.000343901792000429
4460,0.00034390179200042
4461,0.000343901792000418
4462,0.000343901792000426
4463,0.000343901792000437
4464,0.000343901792000443
4465,0.000343901792000443
4466,0.000343901792000435
4467,0.000343901792000426
4468,0.000343901792000418
4469,0.000343901792000422
4470,0.000343901792000429
4471,0.000343901792000441
4472,0.000343901792000443
4473,0.00034390179200044
4474,0.00034390179200043
4475,0.00034390179200042
4476,0.000343901792000416
4477,0.000343901792000425
4478,0.000343901792000436
4479,0.000343901792000442
4480,0.000343901792000443
4481,0.000343901792000435
4482,0.000343901792000426
4483,0.000343901792000419
4484,0.000343901792000422
4485,0.000343901792000432
4486,0.000343901792000442
4487,0.000343901792000443
4488,0.000343901792000438
4489,0.000343901792000429
4490,0.00034390179200042
4491,0.000343901792000417
4492,0.000343901792000426
4493,0.000343901792000439
4494,0.000343901792000445
4495,0.000343901792000443
4496,0.000343901792000433
4497,0.000343901792000424
4498,0.000343901792000418
4499,0.000343901792000423
4500,0.000343901792000433
4501,0.000343901792000443
4502,0.000343901792000443
4503,0.000343901792000437
4504,0.000343901792000427
4505,0.000343901792000419
4506,0.00034390179200042
4507,0.00034390179200043
4508,0.000343901792000441
4509,0.000343901792000444
4510,0.00034390179200044
4511,0.00034390179200043
4512,0.000343901792000421
4513,0.000343901792000418
4514,0.000343901792000426
4515,0.000343901792000435
4516,0.000343901792000442
4517,0.000343901792000442
4518,0.000343901792000435
4519,0.000343901792000426
4520,0.000343901792000419
4521,0.000343901792000422
4522,0.00034390179200043
4523,0.000343901792000441
4524,0.000343901792000443
4525,0.000343901792000439
4526,0.00034390179200043
4527,0.00034390179200042
4528,0.000343901792000418
4529,0.000343901792000426
4530,0.000343901792000437
4531,0.000343901792000443
4532,0.000343901792000442
4533,0.000343901792000433
4534,0.000343901792000424
4535,0.000343901792000417
4536,0.000343901792000422
4537,0.000343901792000432
4538,0.000343901792000442
4539,0.000343901792000443
4540,0.000343901792000439
4541,0.00034390179200043
4542,0.00034390179200042
4543,0.000343901792000419
4544,0.000343901792000426
4545,0.000343901792000437
4546,0.000343901792000442
4547,0.000343901792000442
4548,0.000343901792000433
4549,0.000343901792000423
4550,0.000343901792000418
4551,0.000343901792000422
4552,0.000343901792000433
4553,0.000343901792000441
4554,0.000343901792000443
4555,0.000343901792000438
4556,0.000343901792000429
4557,0.00034390179200042
4558,0.000343901792000419
4559,0.000343901792000427
4560,0.000343901792000437
4561,0.000343901792000443
4562,0.000343901792000441
4563,0.000343901792000433
4564,0.000343901792000422
4565,0.000343901792000417
4566,0.000343901792000424
4567,0.000343901792000434
4568,0.000343901792000445
4569,0.000343901792000444
4570,0.000343901792000437
4571,0.000343901792000426
4572,0.000343901792000418
4573,0.000343901792000419
4574,0.000343901792000428
4575,0.000343901792000439
4576,0.000343901792000444
4577,0.000343901792000441
4578,0.000343901792000432
4579,0.000343901792000422
4580,0.000343901792000417
4581,0.000343901792000424
4582,0.000343901792000434
4583,0.000343901792000443
4584,0.000343901792000443
4585,0.000343901792000437
4586,0.000343901792000426
4587,0.000343901792000419
4588,0.000343901792000421
4589,0.00034390179200043
4590,0.00034390179200044
4591,0.000343901792000443
4592,0.000343901792000439
4593,0.000343901792000429
4594,0.00034390179200042
4595,0.000343901792000417
4596,0.000343901792000427
4597,0.000343901792000439
4598,0.000343901792000444
4599,0.000343901792000442
4600,0.000343901792000433
4601,0.000343901792000422
4602,0.000343901792000416
4603,0.000343901792000423
4604,0.000343901792000435
4605,0.000343901792000443
4606,0.000343901792000443
4607,0.000343901792000436
4608,0.000343901792000426
4609,0.000343901792000419
4610,0.000343901792000419
4611,0.00034390179200043
4612,0.000343901792000442
4613,0.000343901792000444
4614,0.000343901792000439
4615,0.00034390179200043
4616,0.000343901792000421
4617,0.000343901792000417
4618,0.000343901792000426
4619,0.000343901792000435
4620,0.000343901792000443
4621,0.000343901792000443
4622,0.000343901792000435
4623,0.000343901792000424
4624,0.000343901792000419
4625,0.000343901792000422
4626,0.000343901792000433
4627,0.000343901792000443
4628,0.000343901792000443
4629,0.000343901792000439
4630,0.000343901792000428
4631,0.000343901792000421
4632,0.000343901792000419
4633,0.000343901792000429
4634,0.00034390179200044
4635,0.000343901792000444
4636,0.00034390179200044
4637,0.00034390179200043
4638,0.000343901792000421
4639,0.000343901792000417
4640,0.000343901792000425
4641,0.000343901792000436
4642,0.000343901792000443
4643,0.000343901792000442
4644,0.000343901792000435
4645,0.000343901792000426
4646,0.00034390179200042
4647,0.000343901792000422
4648,0.000343901792000432
4649,0.000343901792000442
4650,0.000343901792000443
4651,0.000343901792000438
4652,0.000343901792000429
4653,0.000343901792000421
4654,0.000343901792000419
4655,0.000343901792000427
4656,0.000343901792000438
4657,0.000343901792000443
4658,0.000343901792000441
4659,0.000343901792000435
4660,0.000343901792000424
4661,0.000343901792000419
4662,0.000343901792000422
4663,0.000343901792000433
4664,0.000343901792000442
4665,0.000343901792000443
4666,0.000343901792000438
4667,0.000343901792000428
4668,0.00034390179200042
4669,0.00034390179200042
4670,0.000343901792000429
4671,0.000343901792000437
4672,0.000343901792000442
4673,0.00034390179200044
4674,0.00034390179200043
4675,0.00034390179200042
4676,0.000343901792000418
4677,0.000343901792000425
4678,0.000343901792000437
4679,0.000343901792000443
4680,0.000343901792000442
4681,0.000343901792000434
4682,0.000343901792000423
4683,0.000343901792000418
4684,0.000343901792000422
4685,0.000343901792000432
4686,0.000343901792000442
4687,0.000343901792000443
4688,0.000343901792000439
4689,0.000343901792000429
4690,0.00034390179200042
4691,0.000343901792000419
4692,0.000343901792000427
4693,0.000343901792000438
4694,0.000343901792000444
4695,0.000343901792000442
4696,0.000343901792000432
4697,0.000343901792000422
4698,0.000343901792000417
4699,0.000343901792000423
4700,0.000343901792000436
4701,0.000343901792000444
4702,0.000343901792000443
4703,0.000343901792000436
4704,0.000343901792000426
4705,0.000343901792000419
4706,0.00034390179200042
4707,0.00034390179200043
4708,0.000343901792000441
4709,0.000343901792000444
4710,0.00034390179200044
4711,0.000343901792000431
4712,0.000343901792000423
4713,0.000343901792000419
4714,0.000343901792000426
4715,0.000343901792000436
4716,0.000343901792000443
4717,0.000343901792000441
4718,0.000343901792000435
4719,0.000343901792000424
4720,0.000343901792000419
4721,0.000343901792000422
4722,0.000343901792000432
4723,0.000343901792000444
4724,0.000343901792000443
4725,0.000343901792000438
4726,0.000343901792000427
4727,0.000343901792000419
4728,0.00034390179200042
4729,0.000343901792000428
4730,0.00034390179200044
4731,0.000343901792000443
4732,0.000343901792000441
4733,0.000343901792000432
4734,0.000343901792000422
4735,0.000343901792000417
4736,0.000343901792000424
4737,0.000343901792000435
4738,0.000343901792000444
4739,0.000343901792000442
4740,0.000343901792000436
4741,0.000343901792000425
4742,0.000343901792000419
4743,0.000343901792000422
4744,0.000343901792000431
4745,0.000343901792000442
4746,0.000343901792000443
4747,0.000343901792000438
4748,0.000343901792000427
4749,0.00034390179200042
4750,0.000343901792000419
4751,0.000343901792000429
4752,0.000343901792000439
4753,0.000343901792000443
4754,0.00034390179200044
4755,0.00034390179200043
4756,0.000343901792000422
4757,0.000343901792000418
4758,0.000343901792000426
4759,0.000343901792000436
4760,0.000343901792000443
4761,0.000343901792000442
4762,0.000343901792000435
4763,0.000343901792000423
4764,0.000343901792000419
4765,0.000343901792000421
4766,0.000343901792000432
4767,0.000343901792000443
4768,0.000343901792000444
4769,0.000343901792000439
4770,0.000343901792000427
4771,0.000343901792000419
4772,0.000343901792000418
4773,0.000343901792000428
4774,0.000343901792000439
4775,0.000343901792000444
4776,0.000343901792000441
4777,0.000343901792000431
4778,0.000343901792000422
4779,0.000343901792000417
4780,0.000343901792000424
4781,0.000343901792000435
4782,0.000343901792000444
4783,0.000343901792000443
4784,0.000343901792000436
4785,0.000343901792000424
4786,0.000343901792000418
4787,0.00034390179200042
4788,0.000343901792000431
4789,0.000343901792000441
4790,0.000343901792000443
4791,0.000343901792000439
4792,0.00034390179200043
4793,0.000343901792000422
4794,0.000343901792000419
4795,0.000343901792000427
4796,0.000343901792000436
4797,0.000343901792000443
4798,0.000343901792000439
4799,0.000343901792000432
4800,0.000343901792000423
